issue_id	venue	paper_title	review_rating	review_confidence	review_excerpt	aligned_response_excerpt	revision_summary	gold_label	evidence_span	notes
bDWXhzZT40__r02	ICLR.cc/2024/Conference	Learning model uncertainty as variance-minimizing instance weights	6: marginally above the acceptance threshold	3: You are fairly confident in your assessment. It is possible that you did not understand some parts of the submission or that you are unfamiliar with some pieces of related work. Math/other details were not carefully checked.	"[weaknesses] In terms of weaknesses: * The paper seems quite rough, there are many undefined terms and functions ($R^2$, $g(x)$, $G$), missing citations (MMCE), lack of error bars in Table 4 - 7, etc. * With a paper being set up the way it has, I would expect some proof, especially with the synthetic setup in Section 4 * Moreover, I'm not entirely convinced on why this method works, my understanding is that you are simply training the network to produce low variance in its predictions, which is manifested by the network essential learning dirac distributions over the parameters in dropout. It would be nice to see some investigation into this, or at least an explanation. * Only performed on ResNet, there are many models available now which can be trained just as easily with similar compute.

[questions] * What is the definition of $g(x)$? And how does this relate to $\theta$. I couldn't find this information when it was introduced, which made this paper very hard to grasp what was happening. * How do $w_i$ and $\Theta$ relate? * What is the theory in Scenario 1? * What are the associated issues with this approach? I understand the objective of minimising uncertainty, but minimising the metric which provides the uncertainty is not the same thing. I'm concerned that all this is doing is simply collapsing the dropout distribution to all become the same parameters, i.e. it makes no difference on the prediction which parameters are selected. Whilst I think there is some contribution in this paper, I just don't think in it's current form it's ready for publication. I would suggest that the authors improve: * The quality of the paper to make it easier to understand what the method is, i.e. define $g(x)$ properly * A proof would strengthen the paper significantly. If you can prove why minimising the variance provides improved uncertainty you're onto a winner. * Add more architectures, using only ResNet-50 is not enough. * I would also suggest removing the empirical evaluation on the top set up. If you have a toy set up like this, it should turn into a proof.

[summary] The paper proposes a method which learns a weighting function for the cross entropy loss, enabling re-weighting of the terms depending on how difficult (in an uncertainty sense) they are to classify. The method is learnt through a bi-level optimisation process, which is not dissimilar from a 'meta' training objective. The authors demonstrate their results on several datasets using ResNet-50 architectures."	"* *The paper seems quite rough, there are many undefined terms and functions (R2,g(x),G ), missing citations (MMCE), lack of error bars in Table 4 - 7, etc.* We've addressed a number of the writing issues suggested by you and other reviewers. We thank the reviewer for the suggestions and questions; we hope and believe the key contributions of our paper are now clearer, and that the writing does not detract from assessing the value / potential of our contributions. We have removed the notation G. R2 score is a popular metric used in statistics. We have provided the updated tables 4-7 with std values in appendix section K. This is done due to limited space in the main paper. Also, please refer to Sec 5.1 regarding citations for MMCE and other baselines. * *Moreover, I'm not entirely convinced on why this method works, my understanding is that you are simply training the network to produce low variance in its predictions, which is manifested by the network essential learning dirac distributions over the parameters in dropout. It would be nice to see some investigation into this, or at least an explanation.* We apologize if the intuitions were not made clear. Here is a brief note, which we have incorporated into the paper as well; please let us know if this explanation addresses your concerns. The meta-regularizer has the following interesting properties by design: a) the objective is to minimize predictor model's variance on a *validation set unseen by the predictor model*, b) the mechanism for minimizing this variance is indirect, through reweighting the predictor model's training instances, c) the reweighting is accomplished by a meta-network. Thus, the meta-regularizer doesn't necessarily aim to produce a ""more certain predictor"" that may or may not be of good quality; instead, it forces the meta-network to upweight training instances that are most useful (informative) in reducing uncertainty. Conceptually, one can see that the ideal meta-network will need to weight training instances according to their input-dependent noise, or covariate shift, among other factors (see [1,2] for theoretical motivation of this claim). We ran experiments adding the variance minimization to the predictor's training loss; this produced neither a better predictor nor a better meta-network, showing that simply having a ""certain"" predictor isn't intrinsically valuable. AUARC results on selective classification below (the new variant denoted with var_min_train): | DR (in-Dist) | DR (OOD) | CIFAR-100 | Im-100 | Im-1k | | -------------------------------- | -------------- | ------------- | -------------- | -------------- | Revar | 94.12 土 0.1 | 89.94 土 0.1 | 93.20 土 0.1 | 94.95土0.1 | 88.20土0.2 | Revar (var_min_train) | 93.03 土 0.2 | 88.11 土 0.1 | 91.85 土 0.2 | 93.05土0.1 | 86.65土0.1 | We also ran experiments without this meta-learning framework, directly adding variance minimization alongside ERM in the paper (Sec. 5.1 under New baselines, Tables 2,3). This also leads to suboptimal performance. * *Only performed on ResNet, there are many models available now which can be trained just as easily with similar compute.* We've shown that fine-tuning a large-scale transformer model (PLEX) also shows similar gains on top of PLEX (Appendix Section C). This suggests that our ideas are valuable even for large-scale data and models. Please also refer to appendix E.1 where we experiment with ViT-Small architectures for both U-Scorer and Classifier and similarly RN-101. Also in appendix E.2 we evaluated WRN-28-10 architectures. The consistent gains suggest value across a range of architectures and sizes. If needed, we would be happy to provide more experimental results with various architectures in the paper. * *What is the theory in Scenario 1?* Apologies for the broken reference. Scenario 1 is inspired from a recent paper [1] which assumes a similar data model and establishes the optimality of importance weights that are inversely dependent to the noise. We have fixed this citation in the draft. * *What are the associated issues with this approach? I understand the objective of minimising uncertainty, but minimising the metric which provides the uncertainty is not the same thing.* As described above, the uncertainty-minimizing regularizer is a tool to help the meta-network to focus on relevant training instances, and thereby capture notions of instance-based uncertainty. Table 1 clearly shows that the regularization is what allows our method to accurately capture input-dependent noise, across a range of scenarios. [1] Near Optimal heteroscedastic regression with symbiotic learning. COLT 2023

* *What is the definition of g(x)? And how does this relate to \theta. I couldn't find this information when it was introduced, which made this paper very hard to grasp what was happening.* * How do $w_i$ and $\Theta$ relate?* We sketch the proposal briefly below; apologies for the lack of clarity in our original draft. 1. We introduced the basic goal in Sec3.1 – we want to learn two functions $f_\theta(x)$ (classifier) and $g_\Theta(x)$ (an uncertainty measure associated with f that maps an input to a number [0 1]). Their parameters are ($\theta$, $\Theta$) respectively. We can define g(x) functionally, i.e., in terms of how we want the output to behave. One example is that it maximizes accuracy of a given f(x) for a given budget (eq.1) , i.e., that it correlates strongly with the likelihood that the classifier is correct. 2. **We leverage previous work in learned reweighting of training data (eq.2) which learns free parameters $w_i$ for each training instance $x_i$. We believe that these weights $w_i$ are fairly good stand-ins for instance hardness, since upweighting hard samples is known to be beneficial.** But we want to be able to score new, unseen test instances, so instead of w_i we learn a neural network $g_\Theta(x_i)$ (Section 3.3). In other words, we replace $w_i$ in Eq. 2 with $g(x_i)$ (Eq. 3). 3. Finally, although we have now enabled test-time applications with point #2, the standard bilevel objective of Eq.3 is insufficient, so we add a variance-minimization regularizer (section 3.3). Please see “Intuition” in the updated draft for why we chose to do this, and Section 4 / Table 1/ Ours vs IBR for empirical evidence across scenarios that our contribution #3 improves significantly over our contribution #2 above. We believe perhaps point #2 above, **especially the text in bold**, was insufficiently explained, perhaps leading to confusion. Hopefully this helps clarify, and we have also made changes in the text to reflect this. - *I would suggest that the authors improve:* - *The quality of the paper [...]* - *A proof would strengthen the paper significantly. [...]* - *Add more architectures, using only ResNet-50 is not enough.* - *I would also suggest removing the empirical evaluation on the top set up. If you have a toy set up like this, it should turn into a proof.* 1. We have provided a conceptual sketch of the design, and why we expect minimization of variance to work. We have rewritten various sections incorporating other feedback from you and other reviewers w.r.t. the presentation. As noted above, we have already shown results on large-scale pretrained transformer models (PLEX, Appendix section C) and analyzed other architectures including ViT-S, RN-101 and WRN-28-10. 2. Removal of empirical evaluation (Section 4): We respectfully disagree with this suggestion for the following reasons: a) the synthetic setup allows us to exactly control the type and degree of noise introduced, b) using these controls, we are able to clearly dissociate (table 1) what can be achieved using loss-based, input-based (our own baseline), and meta-variance-reduction-based (our full method) reweighting. It establishes not only ordering between these methods with clear large gaps (table 1), but also the ability of our method to handle gradations of contribution input noise source (figure 1). c) we have also attempted to connect the real-world experiments to each of these scenarios, showing that our gains in synthetic settings generalize. 3. Proofs: As mentioned above, our approach smoothly interpolates between two sources of noise, when their contributions are varied. [1,2] provide theoretical justifications for the target weightings in Table 1, and do so by explicitly estimating the uncertainty measure (importance sampling ratio in the latter and label noise variance in the former) for calculating weights. Our meta-network does this implicitly without any estimation, and can moreover also interpolate. Theoretical justification of these empirical findings will therefore need to integrate a number of scenarios & corner cases requiring very different ideas spanning almost a decade of work, alongwith the challenges of analyzing the bi-level training dynamics; it is hence out of scope for this paper although an active area of work for us. [1] Near Optimal heteroscedastic regression with symbiotic learning. COLT 2023 [2] Direct importance estimation with model selection and its application to covariate shift adaptation. NeurIPS 2007.

Thank you for your thorough review, constructive feedback, and positive comments! A few brief answers follow, and we have incorporated the suggestions into an updated draft. * *contribution and distinctions to previous works …in the thread of Section 3* Apologies, we will make this more clear. The 2 key innovations are instance-conditioning (previous work learned either free parameters or functions of instance loss) and the novel meta-regularizer of variance minimization. Instance conditioning allows us to score unseen test instances (without access to labels), and thereby enables new use-cases such as selective classification that the previous methods cannot do. Variance minimization allows us to capture a variety of input-dependent uncertainty measures (Table 1) that loss-conditioning (MWN) and instance conditioning (IBR, our own contribution) alone cannot. * *Many grammatical and orthographic issues* Thank you; we are incorporating the suggested changes along with a round of proofreading. * *Section 4 is very hard to read, some design choices also appear arbitrary. what is the role of Xc,Xe,Wc,We, and , and why are the dimensionalities chosen as described in the paper?* We apologize for the lack of clarity. The variables are introduced as a general setup for introducing specific sources of input-dependent noise as described in the scenarios 1-5. These scenarios are often studied in isolation; we wanted to evaluate methods across these scenarios as a way of dissociating the contributions of each method for each scenario. We have updated the writing to make the above and other aspects clear. (Briefly, the [Xc,Xe] partitioning exists to enable scenarios 3, 4 where some of the features of the underlying generative model are not available to the learner. In these scenarios, although the label is still generated as a function of the entire input, the learners are only provided Xc as input. The contributions of Xe to the label, being inaccessible to the learner, essentially function as input-dependent noise through the conditional dependence Xe|Xc.) The design choices (dimensionality etc) do not materially affect the findings; we verified this by running experiments on additional configurations for synthetic data with randomly chosen dimensions (in the range 50-200), and all of them showed similar findings. We can share the results if needed. * *Sometimes unclear / inconsistent notation. Section 4, Scenario 1: „?“ Broken reference. Details about the U-score model architecture appear in the appendix only* Thank you; we have incorporated the suggested changes along with a round of proofreading. Also we have added a line at the end of section 3 that our meta-network is also implemented as standard neural network architecture like the classifier. * *As far as I can see, there is no code served along with the paper, which does not support the reproducibility of this work.* We will be releasing code along with the final version of the paper if accepted. * *it is hard to get an impression about the learning dynamics [...]* This is a very interesting point; we examined the training dynamics but did not see any overt evidence of, e.g., faster convergence for our approach compared to ERM. We are performing additional analyses to be shared soon. * *Could the U-SCORE and predictor weights be shared? How would this affect the training?* We considered an architecture where the meta-network was k fully-connected layers (for some values of k) on top of the primary classifier’s final layer representation. The meta-objective only updated the k layers, and not the shared encoder (otherwise, training was not stable). Looking at AUARC in selective classification, the shared architecture performs worse than a separate meta-network. | | DR (ID) | DR (OOD) | CIFAR-100 | ImageNet-100 | ImageNet-1K | | ------ | ------ | ------ | ------ | ------ | ------ | | Ours | 94.12 $\pm$ 0.1 | & 89.94 $\pm$ 0.1 | & 93.20 $\pm$ 0.1 | & 94.95 $\pm$ 0.1 | & 88.20 $\pm$ 0.2 | Ours (Shared, K=4) | 93.05 $\pm$ 0.1 | 88.07 $\pm$ 0.1 | 92.03 $\pm$ 0.1 | 93.67 $\pm$ 0.1 | 86.85 $\pm$ 0.1 | Ours (Shared, K=6) | 93.12 $\pm$ 0.1 | 88.13 $\pm$ 0.1 | 92.16 $\pm$ 0.1 | 93.32 $\pm$ 0.1 | 86.75 $\pm$ 0.1 | Ours (Shared, K=8) | 92.98 $\pm$ 0.1 | 88.02 $\pm$ 0.1 | 91.98 $\pm$ 0.1 | 93.10 $\pm$ 0.1 | 86.68 $\pm$ 0.1 | A possible explanation is that the classifier needs to find discriminative features, whereas the meta-network needs to identify features, potentially across classes, that flag instance hardness; hence they may need different representations. We also tried other configurations where an earlier-layer representation from the primary model was input to the meta-network, but no improvements were observed. We have added this in the updated draft (appendix section I)"	"Thank you for your thorough review, constructive feedback, and positive comments! We have addressed the raised questions and comments below. Since the reviewer assesses our work as having significant and original contributions with comprehensive evaluation, and has not expressed any major concerns with the work, may we request them to re-visit their rating for the work? We are of course happy to address any additional concerns or questions they may have. * *Section 4 … I found it unclear how the ""theoretical ideal for the instance dependent weights"" listed in table 1 were determined.* Since we control the amount and type of input-dependent noise we have introduced, we posit that the ideal weight should be proportional to the inverse of the introduced input-dependent noise [1] and directly proportional to the uncertainty due to covariate shift, i.e., $h:=(x-\mu)^2$ [2]. Apologies for the broken citation in the paper. In two-factor settings such as scenarios 2,4, we suspected that the weight would be a linear combination of the two contributing factors. Certainly, when either uncertainty from shift or label noise is increased while the other remains the same, we should expect the “ideal” weighing scheme to follow the larger noise source. So linear interpolation is a natural simple hypothesis. Surprisingly, even this fairly rudimentary model is an excellent fit for the weights identified by our model; what's more, the different scenarios help dissociate the 3 methods -- loss-dependent reweighting (MWN), instance-based reweighting (our own novel baseline), and our full approach with variance-minimizing meta-regularization. For scenario 3, it is somewhat similar to scenario 1 as the missing features can be interpreted as labelled noise since their contribution cannot be modeled. Please refer to the updated draft for more details on deriving the targets for the scenarios 2 and 3. For scenario 5, since it is the shift in spurious features which do not play any role in deciding the output (given $W_e=0$), the weighting for all the instances should be uniform. * *Occasional minor notational things: Equation 3,6 [etc]. some minor rewriting could be useful here. Missing reference to a theory in section 4, scenario 1.* Thank you! These changes have been incorporated in the updated draft. Also, for eq. 3, we have added defined $\theta^*$, $\Theta^*$ and also it should be $g_\Theta$ only in eq. 3 as against $g_\theta^*$ since $\Theta$ is optimized in the outer loop in the exact bi-level formulation. * *In distribution shift settings where we assume access to a validation set from the test distribution, is it not better sometimes to just fine-tune on the validation set (or a portion of it)?* We clarify that any experiments we’ve shown for our method on domain shift data have used only ***unlabeled data*** from the test distribution, and not any labeled data whatsoever. Our approach can incorporate unlabeled data via the variance-minimization meta-loss (which is label-free). Fine-tuning, say, an ERM model in domain-adaptation settings is conventionally done using small amounts of ***labeled data*** from the test domain. Nevertheless, we did experiment with adding the same variance minimization loss as “fine-tuning” for an ERM model including unlabelled examples from the test domain in the validation set. The model is tuned with cross entropy loss for labelled examples and our unsupervised variance minimization objective for the unlabelled examples. We did this for two setups: first where train, val and test all belong to different domains (Chameleon, iWildcam) and second where train, val are from same domain but test from a different domain (DR country shift OOD). This method, labeled MCD(val-tuned) below, was not competitive. Please refer to appendix section J in the updated draft for more details. | | Camelyon | iWildCam | DR (OOD) | | --- | ----------- | ----------- | ------------ | | Revar | 76.32 | 77.98 | 89.94 | | Revar-PV | 78.12 | 79.86 | 91.23 | | MCD (val-tuned) | 75.25 | 76.34 | 88.06 | We would be happy to provide any further analysis. [1] Near Optimal heteroscedastic regression with symbiotic learning. COLT 2023 [2] Direct importance estimation with model selection and its application to covariate shift adaptation. NeurIPS 2007.

Thank you for your thorough review, constructive feedback, and positive comments! A few brief answers follow, and we have incorporated the suggestions into an updated draft. * *contribution and distinctions to previous works …in the thread of Section 3* Apologies, we will make this more clear. The 2 key innovations are instance-conditioning (previous work learned either free parameters or functions of instance loss) and the novel meta-regularizer of variance minimization. Instance conditioning allows us to score unseen test instances (without access to labels), and thereby enables new use-cases such as selective classification that the previous methods cannot do. Variance minimization allows us to capture a variety of input-dependent uncertainty measures (Table 1) that loss-conditioning (MWN) and instance conditioning (IBR, our own contribution) alone cannot. * *Many grammatical and orthographic issues* Thank you; we are incorporating the suggested changes along with a round of proofreading. * *Section 4 is very hard to read, some design choices also appear arbitrary. what is the role of Xc,Xe,Wc,We, and , and why are the dimensionalities chosen as described in the paper?* We apologize for the lack of clarity. The variables are introduced as a general setup for introducing specific sources of input-dependent noise as described in the scenarios 1-5. These scenarios are often studied in isolation; we wanted to evaluate methods across these scenarios as a way of dissociating the contributions of each method for each scenario. We have updated the writing to make the above and other aspects clear. (Briefly, the [Xc,Xe] partitioning exists to enable scenarios 3, 4 where some of the features of the underlying generative model are not available to the learner. In these scenarios, although the label is still generated as a function of the entire input, the learners are only provided Xc as input. The contributions of Xe to the label, being inaccessible to the learner, essentially function as input-dependent noise through the conditional dependence Xe|Xc.) The design choices (dimensionality etc) do not materially affect the findings; we verified this by running experiments on additional configurations for synthetic data with randomly chosen dimensions (in the range 50-200), and all of them showed similar findings. We can share the results if needed. * *Sometimes unclear / inconsistent notation. Section 4, Scenario 1: „?“ Broken reference. Details about the U-score model architecture appear in the appendix only* Thank you; we have incorporated the suggested changes along with a round of proofreading. Also we have added a line at the end of section 3 that our meta-network is also implemented as standard neural network architecture like the classifier. * *As far as I can see, there is no code served along with the paper, which does not support the reproducibility of this work.* We will be releasing code along with the final version of the paper if accepted. * *it is hard to get an impression about the learning dynamics [...]* This is a very interesting point; we examined the training dynamics but did not see any overt evidence of, e.g., faster convergence for our approach compared to ERM. We are performing additional analyses to be shared soon. * *Could the U-SCORE and predictor weights be shared? How would this affect the training?* We considered an architecture where the meta-network was k fully-connected layers (for some values of k) on top of the primary classifier’s final layer representation. The meta-objective only updated the k layers, and not the shared encoder (otherwise, training was not stable). Looking at AUARC in selective classification, the shared architecture performs worse than a separate meta-network. | | DR (ID) | DR (OOD) | CIFAR-100 | ImageNet-100 | ImageNet-1K | | ------ | ------ | ------ | ------ | ------ | ------ | | Ours | 94.12 $\pm$ 0.1 | & 89.94 $\pm$ 0.1 | & 93.20 $\pm$ 0.1 | & 94.95 $\pm$ 0.1 | & 88.20 $\pm$ 0.2 | Ours (Shared, K=4) | 93.05 $\pm$ 0.1 | 88.07 $\pm$ 0.1 | 92.03 $\pm$ 0.1 | 93.67 $\pm$ 0.1 | 86.85 $\pm$ 0.1 | Ours (Shared, K=6) | 93.12 $\pm$ 0.1 | 88.13 $\pm$ 0.1 | 92.16 $\pm$ 0.1 | 93.32 $\pm$ 0.1 | 86.75 $\pm$ 0.1 | Ours (Shared, K=8) | 92.98 $\pm$ 0.1 | 88.02 $\pm$ 0.1 | 91.98 $\pm$ 0.1 | 93.10 $\pm$ 0.1 | 86.68 $\pm$ 0.1 | A possible explanation is that the classifier needs to find discriminative features, whereas the meta-network needs to identify features, potentially across classes, that flag instance hardness; hence they may need different representations. We also tried other configurations where an earlier-layer representation from the primary model was input to the meta-network, but no improvements were observed. We have added this in the updated draft (appendix section I)

* *What is the definition of g(x)? And how does this relate to \theta. I couldn't find this information when it was introduced, which made this paper very hard to grasp what was happening.* * How do $w_i$ and $\Theta$ relate?* We sketch the proposal briefly below; apologies for the lack of clarity in our original draft. 1. We introduced the basic goal in Sec3.1 – we want to learn two functions $f_\theta(x)$ (classifier) and $g_\Theta(x)$ (an uncertainty measure associated with f that maps an input to a number [0 1]). Their parameters are ($\theta$, $\Theta$) respectively. We can define g(x) functionally, i.e., in terms of how we want the output to behave. One example is that it maximizes accuracy of a given f(x) for a given budget (eq.1) , i.e., that it correlates strongly with the likelihood that the classifier is correct. 2. **We leverage previous work in learned reweighting of training data (eq.2) which learns free parameters $w_i$ for each training instance $x_i$. We believe that these weights $w_i$ are fairly good stand-ins for instance hardness, since upweighting hard samples is known to be beneficial.** But we want to be able to score new, unseen test instances, so instead of w_i we learn a neural network $g_\Theta(x_i)$ (Section 3.3). In other words, we replace $w_i$ in Eq. 2 with $g(x_i)$ (Eq. 3). 3. Finally, although we have now enabled test-time applications with point #2, the standard bilevel objective of Eq.3 is insufficient, so we add a variance-minimization regularizer (section 3.3). Please see “Intuition” in the updated draft for why we chose to do this, and Section 4 / Table 1/ Ours vs IBR for empirical evidence across scenarios that our contribution #3 improves significantly over our contribution #2 above. We believe perhaps point #2 above, **especially the text in bold**, was insufficiently explained, perhaps leading to confusion. Hopefully this helps clarify, and we have also made changes in the text to reflect this. - *I would suggest that the authors improve:* - *The quality of the paper [...]* - *A proof would strengthen the paper significantly. [...]* - *Add more architectures, using only ResNet-50 is not enough.* - *I would also suggest removing the empirical evaluation on the top set up. If you have a toy set up like this, it should turn into a proof.* 1. We have provided a conceptual sketch of the design, and why we expect minimization of variance to work. We have rewritten various sections incorporating other feedback from you and other reviewers w.r.t. the presentation. As noted above, we have already shown results on large-scale pretrained transformer models (PLEX, Appendix section C) and analyzed other architectures including ViT-S, RN-101 and WRN-28-10. 2. Removal of empirical evaluation (Section 4): We respectfully disagree with this suggestion for the following reasons: a) the synthetic setup allows us to exactly control the type and degree of noise introduced, b) using these controls, we are able to clearly dissociate (table 1) what can be achieved using loss-based, input-based (our own baseline), and meta-variance-reduction-based (our full method) reweighting. It establishes not only ordering between these methods with clear large gaps (table 1), but also the ability of our method to handle gradations of contribution input noise source (figure 1). c) we have also attempted to connect the real-world experiments to each of these scenarios, showing that our gains in synthetic settings generalize. 3. Proofs: As mentioned above, our approach smoothly interpolates between two sources of noise, when their contributions are varied. [1,2] provide theoretical justifications for the target weightings in Table 1, and do so by explicitly estimating the uncertainty measure (importance sampling ratio in the latter and label noise variance in the former) for calculating weights. Our meta-network does this implicitly without any estimation, and can moreover also interpolate. Theoretical justification of these empirical findings will therefore need to integrate a number of scenarios & corner cases requiring very different ideas spanning almost a decade of work, alongwith the challenges of analyzing the bi-level training dynamics; it is hence out of scope for this paper although an active area of work for us. [1] Near Optimal heteroscedastic regression with symbiotic learning. COLT 2023 [2] Direct importance estimation with model selection and its application to covariate shift adaptation. NeurIPS 2007."			
eepoE7iLpL__r03	ICLR.cc/2024/Conference	Enhancing Neural Subset Selection: Integrating Background Information into Set Representations	6: marginally above the acceptance threshold	4: You are confident in your assessment, but not absolutely certain. It is unlikely, but not impossible, that you did not understand some parts of the submission or that you are unfamiliar with some pieces of related work.	"[weaknesses] 1. Equation 4 describes the neural network construction. However, I am unclear about the objective function to optimize the neural network. Also, after optimization, how do you use this neural network to select a subset? 2. In equation 4, how do you divide a superset into several subsets? There are an exponential number of combinations. 3. What is the number of learnable parameters for each baseline method and the proposed method?

[questions] None

[summary] This paper proposes a neural subset selection method based on deep sets. This model is inspired by a theoretical perspective to include information from supersets to achieve better performance. Experiments on common benchmarks show SOTA performance compared to several recent baselines."	"We greatly appreciate the time and effort you have invested. In response to your concerns, we have provided detailed clarifications and additional experimental results. For your convenience, these results are presented in tabular format. We will incorporate these results, along with details and plots into the appendix of the revised version. ### ***Comments 1: Lack of ablation studies*** ***ANSWER***: Thank you for highlighting the absence of ablation studies in our work. Indeed, our method, INSET, **does not introduce any new hyperparameters** to the EquiVSet [1] framework. We use the **exact same** hyperparameters as EquiVSet in all of our experiments, ensuring a **fair comparison**. Meanwhile, INSET can significantly outperform baseline models across various datasets and tasks, demonstrating its **substantial efficacy**. To further verify the robustness of INSET, we have now conducted ablation studies focusing on the Monte-Carlo (MC) sample numbers for each input pair $\{(V_i, S_i^*)\}$. In the context of neural subset selection tasks, our primary aim is to train the model $\theta$ to predict the optimal subset $S^*$ from a given ground set $V$. During training, we sample m subsets from $V$ to optimize our model parameters $θ$, thereby maximizing the conditional probability distribution $p_\theta (S^* | V)$ among of all pairs of $(S,V)$ for for a given V. In our main experiments, we adhere to EquiVSet's protocol by setting the sample number $m$ to 5 across all the tasks. Even with varying the value of $m$, the results **consistently** demonstrate that INSET **significantly outperforms** EquiVSet. Please note that the performance of EquiVSet is reported by **selecting the best results** achieved after tuning the value of $m$. | | EquiVSet | m=1 | m=2 |m=5 | m=7 |m=8 | m=10 |--|--|--|--|--|--|--|--| | Toys | 0.704$\pm$0.004 | 0.752$\pm$0.006 | 0.753$\pm$0.005 | 0.769$\pm$0.005 | 0.768$\pm$0.003 | 0.767$\pm$0.003| **0.771$\pm$0.004** | Gear| 0.745$\pm$0.013 | 0.788$\pm$0.015| 0.775$\pm$0.020| 0.808$\pm$0.012 | 0.813$\pm$0.010 | 0.821$\pm$0.015 | **0.846$\pm$0.011** | Bath| 0.820$\pm$0.005 | 0.821$\pm$0.010| 0.851$\pm$0.008| 0.862$\pm$0.005| 0.874$\pm$0.006 | 0.861$\pm$0.005 | **0.874$\pm$0.003** | Health| 72.0$\pm$0.010 | 0.749$\pm$0.015| 0.763$\pm$0.012| 0.812$\pm$0.005 | **0.824$\pm$0.008** | 0.808$\pm$0.005 | 0.811$\pm$0.005 ### ***Comments 2: The proposed method is not evaluated on a wide distribution of datasets.*** ***ANSWER***: It is important to clarify that our experiments encompass three tasks: product recommendation, set anomaly detection, and compound selection, which involve the processing of tabular data, images, and 3D Cartesian coordinates. Specifically, we conduct extensive experiments on **these tasks using six datasets**. Notably, for the product recommendation task, the datasets consist of 12 categories, effectively representing **12 sub-datasets**. Moreover, we have also conducted synthetic experiments in Appendix F.1 to assess INSET's capability to learn complex set functions. Additionally, to provide further evidence of INSET's effectiveness, we have performed set anomaly detection tasks using the CIFAR-10 dataset. We are also incorporating additional filters for compound selection tasks for a wider distribution of datasets. For more information, please refer to Appendix F.3 and F.5 in the revised submission."" | | Random | PGM | DeepSet | Set-Transformer | EquiVSet | INSET | :-: | :-: | :-: | :-: | :-: | :-: | :-: | | CIFAR-10 | 0.193 | 0.450$\pm$0.020 | 0.316$\pm$0.008 | 0.654$\pm$0.023 | 0.603$\pm$0.012 | **0.742$\pm$0.020** | PDBBind | 0.073 | 0.350$\pm$0.009 | 0.323$\pm$ 0.004 | 0.355$\pm$0.010 | 0.357$\pm$0.005 | **0.371$\pm$0.010** | BindingDB | 0.027 | 0.176$\pm$0.006 | 0.165$\pm$0.005 | 0.183$\pm$0.004 | 0.188$\pm$0.006 | **0.198$\pm$0.005** The latest results provide further evidence of INSET's superior performance compared to the baselines. Furthermore, it is worth mentioning that our experimental setup includes a **significantly larger number** of experiments compared to DeepSet (Sec. 4.3) [2] and PGM (Sec. 5.3) [3]. [1] Ou Z, Xu T, Su Q, et al. ""Learning Set Functions Under the Optimal Subset Oracle via Equivariant Variational Inference.""NeurIPS, 2022. [2] Zaheer M, Kottur S, Ravanbakhsh S, et al. ""Deep Sets."" NeurIPS, 2017. [3] Tschiatschek S, Sahin A, Krause A. ""Differentiable submodular maximization."" IJCAI, 2018.

### ***Comments 2: In equation 4, how do you divide a superset into several subsets?*** ***ANSWER:*** Theorem 3.5 and Eq.4 are general frameworks to establish the relationship between $Y$ and $(S,V)$. This approach **does not necessitate** dividing a superset into multiple subsets; instead, it requires processing only once for a specific pair of $(S,V).$ In the context of neural subset selection with the optimal supervision (OS) oracle, addressing the variational approximation employs Monte-Carlo (MC) sampling. For a given $V_i,$ we only generate $m$ subsets during training, consistently setting this number to $5$ across various tasks. Consequently, this **eliminates the need for an exponential number of combinations**. It is important to highlight that one of the foremost advantages of Neural Subset Selection in the context of OS Oracle is its ability to **significantly reduce the computational burden** associated with processing an exponential number of $(S,V).$ ### ***Comments 3: What is the number of learnable parameters for baselines and the proposed method?*** ***ANSWER:*** In regard to the parameters, we have already done ablation studies in **Table 3** and provided a discussion in **Section 4.4** of our paper. To further demonstrate that the improvements achieved by our method are **not merely due to additional parameters**, we present an additional table here using the CeleA dataset. This table compares EquiVSet (v1) and EquiVSet (v2) — variants of EquiVSet where we have incorporated a Conv(32, 3, 2) layer and a Conv(64, 4, 2) layer into the EquiVSet backbone, respectively. Detailed descriptions of these backbones are available in Appendix E.2. Notably, despite having the largest number of parameters, EquiVSet (v2) is outperformed by INSET, indicating that **our method's efficacy is not solely parameter-dependent**. | | DeepSet | Set-Transformer | EquiVSet | EquiVSet-v1 | EquiVSet-v2 | INSET |--|--|--|--|--|--|--| | Parameter | 651181 | 1288686 | 1782680 | 2045080 | **3421592** | 2162181 |MJC| 0.440$\pm$0.006| 0.527$\pm$0.008 | 0.549$\pm$0.005 | 0.554$\pm$0.007 | 0.560$\pm$0.005 | **0.580$\pm$0.012** Thank you in advance for dedicating your time and attention to our response. We are confident that the clarifications and additional information provided here comprehensively address your concerns. With this in mind, we respectfully and earnestly request that you re-evaluate our work, considering the explanations we have offered.

We express our sincere gratitude to the Area Chairs and Reviewers for their dedicated time and valuable feedback. Below is a concise summary of the review and our responses for ease of reference. ***Reviewer Acknowledgments***: Our method, INSET, has been recognized for its **strong empirical performance** and **rigorous theoretical support**. Key highlights include: - **Clear Motivation with Theoretical Support:** Our model is inspired by a **theoretical result** [miuk], and have theoretically demonstrated the significance to include information from supersets to achieve better performance [PoVi, vcJR]. - **Strong Empirical Performance:** INSET achieves **state-of-the-art** performance [miuk], supported by empirical evidence [PoVi]. - **Quality of Writing:** The manuscript is praised for its clarity and simplicity, making it **accessible for newcomers** to the field [vcJR, miuk]. The presentation **effectively conveys high-level concepts** [PoVi]. ***Addressing Weaknesses***: The reviewers raised concerns regarding ablation studies [vcJR, miuk], dataset distribution [vcJR], and mathematical notations in the optimal subset oracle [PoVi, miuk]. Our responses include: - *Ablation Studies*: We clarified in this [dialog](https://openreview.net/forum?id=eepoE7iLpL&noteId=29tZ7OiyiO) that INSET introduces **no new hyperparameters**. Additional experiments demonstrate that even with variations in existing hyperparameters, INSET **consistently outperforms** baselines by **a large margin**. This response was **[acknowledged positively](https://openreview.net/forum?id=eepoE7iLpL&noteId=sIlnAhy7I9) by Reviewer miuk**. - *Mathematical Notations:* Following suggestions from Reviewers PoVi and miuk, we corrected minor typos and enriched the appendix with additional mathematical background. These revisions received **[positive feedback](https://openreview.net/forum?id=eepoE7iLpL&noteId=sIlnAhy7I9) from Reviewer miuk**. - *Dataset Distribution:* We clarified in the [dialog](https://openreview.net/forum?id=eepoE7iLpL&noteId=29tZ7OiyiO) that our approach **encompasses three tasks across six datasets in different modalities** in the main body of our work. The appendix have also included **five additional datasets**. We have utilized a **much wider variety of datasets** than those adopted by our baseline comparisons. ***Revision Overview***: - To enhance clarity, we have made refinements to the description of $Y$ in the Introduction, as well as the definitions of $V$ and $S$ in Sections 3.1 and 3.2. - The mathematical description of the optimization objective and inference process has been detailed in Appendix D.2. - Appendix F.2 has been updated with additional empirical studies on computation costs. Further, ablation studies have been included in Appendix F.4, and results from a broader range of datasets are now presented in Appendix F.5."" We are thankful for the constructive feedback received, and we believe that the concerns raised by the reviewers have been thoroughly addressed in our responses and revisions."	"We express our sincere gratitude to the Area Chairs and Reviewers for their dedicated time and valuable feedback. Below is a concise summary of the review and our responses for ease of reference. ***Reviewer Acknowledgments***: Our method, INSET, has been recognized for its **strong empirical performance** and **rigorous theoretical support**. Key highlights include: - **Clear Motivation with Theoretical Support:** Our model is inspired by a **theoretical result** [miuk], and have theoretically demonstrated the significance to include information from supersets to achieve better performance [PoVi, vcJR]. - **Strong Empirical Performance:** INSET achieves **state-of-the-art** performance [miuk], supported by empirical evidence [PoVi]. - **Quality of Writing:** The manuscript is praised for its clarity and simplicity, making it **accessible for newcomers** to the field [vcJR, miuk]. The presentation **effectively conveys high-level concepts** [PoVi]. ***Addressing Weaknesses***: The reviewers raised concerns regarding ablation studies [vcJR, miuk], dataset distribution [vcJR], and mathematical notations in the optimal subset oracle [PoVi, miuk]. Our responses include: - *Ablation Studies*: We clarified in this [dialog](https://openreview.net/forum?id=eepoE7iLpL&noteId=29tZ7OiyiO) that INSET introduces **no new hyperparameters**. Additional experiments demonstrate that even with variations in existing hyperparameters, INSET **consistently outperforms** baselines by **a large margin**. This response was **[acknowledged positively](https://openreview.net/forum?id=eepoE7iLpL&noteId=sIlnAhy7I9) by Reviewer miuk**. - *Mathematical Notations:* Following suggestions from Reviewers PoVi and miuk, we corrected minor typos and enriched the appendix with additional mathematical background. These revisions received **[positive feedback](https://openreview.net/forum?id=eepoE7iLpL&noteId=sIlnAhy7I9) from Reviewer miuk**. - *Dataset Distribution:* We clarified in the [dialog](https://openreview.net/forum?id=eepoE7iLpL&noteId=29tZ7OiyiO) that our approach **encompasses three tasks across six datasets in different modalities** in the main body of our work. The appendix have also included **five additional datasets**. We have utilized a **much wider variety of datasets** than those adopted by our baseline comparisons. ***Revision Overview***: - To enhance clarity, we have made refinements to the description of $Y$ in the Introduction, as well as the definitions of $V$ and $S$ in Sections 3.1 and 3.2. - The mathematical description of the optimization objective and inference process has been detailed in Appendix D.2. - Appendix F.2 has been updated with additional empirical studies on computation costs. Further, ablation studies have been included in Appendix F.4, and results from a broader range of datasets are now presented in Appendix F.5."" We are thankful for the constructive feedback received, and we believe that the concerns raised by the reviewers have been thoroughly addressed in our responses and revisions.

### ***Comments 2: In equation 4, how do you divide a superset into several subsets?*** ***ANSWER:*** Theorem 3.5 and Eq.4 are general frameworks to establish the relationship between $Y$ and $(S,V)$. This approach **does not necessitate** dividing a superset into multiple subsets; instead, it requires processing only once for a specific pair of $(S,V).$ In the context of neural subset selection with the optimal supervision (OS) oracle, addressing the variational approximation employs Monte-Carlo (MC) sampling. For a given $V_i,$ we only generate $m$ subsets during training, consistently setting this number to $5$ across various tasks. Consequently, this **eliminates the need for an exponential number of combinations**. It is important to highlight that one of the foremost advantages of Neural Subset Selection in the context of OS Oracle is its ability to **significantly reduce the computational burden** associated with processing an exponential number of $(S,V).$ ### ***Comments 3: What is the number of learnable parameters for baselines and the proposed method?*** ***ANSWER:*** In regard to the parameters, we have already done ablation studies in **Table 3** and provided a discussion in **Section 4.4** of our paper. To further demonstrate that the improvements achieved by our method are **not merely due to additional parameters**, we present an additional table here using the CeleA dataset. This table compares EquiVSet (v1) and EquiVSet (v2) — variants of EquiVSet where we have incorporated a Conv(32, 3, 2) layer and a Conv(64, 4, 2) layer into the EquiVSet backbone, respectively. Detailed descriptions of these backbones are available in Appendix E.2. Notably, despite having the largest number of parameters, EquiVSet (v2) is outperformed by INSET, indicating that **our method's efficacy is not solely parameter-dependent**. | | DeepSet | Set-Transformer | EquiVSet | EquiVSet-v1 | EquiVSet-v2 | INSET |--|--|--|--|--|--|--| | Parameter | 651181 | 1288686 | 1782680 | 2045080 | **3421592** | 2162181 |MJC| 0.440$\pm$0.006| 0.527$\pm$0.008 | 0.549$\pm$0.005 | 0.554$\pm$0.007 | 0.560$\pm$0.005 | **0.580$\pm$0.012** Thank you in advance for dedicating your time and attention to our response. We are confident that the clarifications and additional information provided here comprehensively address your concerns. With this in mind, we respectfully and earnestly request that you re-evaluate our work, considering the explanations we have offered.

We greatly appreciate the time and effort you have invested. In response to your concerns, we have provided detailed clarifications and additional experimental results. For your convenience, these results are presented in tabular format. We will incorporate these results, along with details and plots into the appendix of the revised version. ### ***Comments 1: Lack of ablation studies*** ***ANSWER***: Thank you for highlighting the absence of ablation studies in our work. Indeed, our method, INSET, **does not introduce any new hyperparameters** to the EquiVSet [1] framework. We use the **exact same** hyperparameters as EquiVSet in all of our experiments, ensuring a **fair comparison**. Meanwhile, INSET can significantly outperform baseline models across various datasets and tasks, demonstrating its **substantial efficacy**. To further verify the robustness of INSET, we have now conducted ablation studies focusing on the Monte-Carlo (MC) sample numbers for each input pair $\{(V_i, S_i^*)\}$. In the context of neural subset selection tasks, our primary aim is to train the model $\theta$ to predict the optimal subset $S^*$ from a given ground set $V$. During training, we sample m subsets from $V$ to optimize our model parameters $θ$, thereby maximizing the conditional probability distribution $p_\theta (S^* | V)$ among of all pairs of $(S,V)$ for for a given V. In our main experiments, we adhere to EquiVSet's protocol by setting the sample number $m$ to 5 across all the tasks. Even with varying the value of $m$, the results **consistently** demonstrate that INSET **significantly outperforms** EquiVSet. Please note that the performance of EquiVSet is reported by **selecting the best results** achieved after tuning the value of $m$. | | EquiVSet | m=1 | m=2 |m=5 | m=7 |m=8 | m=10 |--|--|--|--|--|--|--|--| | Toys | 0.704$\pm$0.004 | 0.752$\pm$0.006 | 0.753$\pm$0.005 | 0.769$\pm$0.005 | 0.768$\pm$0.003 | 0.767$\pm$0.003| **0.771$\pm$0.004** | Gear| 0.745$\pm$0.013 | 0.788$\pm$0.015| 0.775$\pm$0.020| 0.808$\pm$0.012 | 0.813$\pm$0.010 | 0.821$\pm$0.015 | **0.846$\pm$0.011** | Bath| 0.820$\pm$0.005 | 0.821$\pm$0.010| 0.851$\pm$0.008| 0.862$\pm$0.005| 0.874$\pm$0.006 | 0.861$\pm$0.005 | **0.874$\pm$0.003** | Health| 72.0$\pm$0.010 | 0.749$\pm$0.015| 0.763$\pm$0.012| 0.812$\pm$0.005 | **0.824$\pm$0.008** | 0.808$\pm$0.005 | 0.811$\pm$0.005 ### ***Comments 2: The proposed method is not evaluated on a wide distribution of datasets.*** ***ANSWER***: It is important to clarify that our experiments encompass three tasks: product recommendation, set anomaly detection, and compound selection, which involve the processing of tabular data, images, and 3D Cartesian coordinates. Specifically, we conduct extensive experiments on **these tasks using six datasets**. Notably, for the product recommendation task, the datasets consist of 12 categories, effectively representing **12 sub-datasets**. Moreover, we have also conducted synthetic experiments in Appendix F.1 to assess INSET's capability to learn complex set functions. Additionally, to provide further evidence of INSET's effectiveness, we have performed set anomaly detection tasks using the CIFAR-10 dataset. We are also incorporating additional filters for compound selection tasks for a wider distribution of datasets. For more information, please refer to Appendix F.3 and F.5 in the revised submission."" | | Random | PGM | DeepSet | Set-Transformer | EquiVSet | INSET | :-: | :-: | :-: | :-: | :-: | :-: | :-: | | CIFAR-10 | 0.193 | 0.450$\pm$0.020 | 0.316$\pm$0.008 | 0.654$\pm$0.023 | 0.603$\pm$0.012 | **0.742$\pm$0.020** | PDBBind | 0.073 | 0.350$\pm$0.009 | 0.323$\pm$ 0.004 | 0.355$\pm$0.010 | 0.357$\pm$0.005 | **0.371$\pm$0.010** | BindingDB | 0.027 | 0.176$\pm$0.006 | 0.165$\pm$0.005 | 0.183$\pm$0.004 | 0.188$\pm$0.006 | **0.198$\pm$0.005** The latest results provide further evidence of INSET's superior performance compared to the baselines. Furthermore, it is worth mentioning that our experimental setup includes a **significantly larger number** of experiments compared to DeepSet (Sec. 4.3) [2] and PGM (Sec. 5.3) [3]. [1] Ou Z, Xu T, Su Q, et al. ""Learning Set Functions Under the Optimal Subset Oracle via Equivariant Variational Inference.""NeurIPS, 2022. [2] Zaheer M, Kottur S, Ravanbakhsh S, et al. ""Deep Sets."" NeurIPS, 2017. [3] Tschiatschek S, Sahin A, Krause A. ""Differentiable submodular maximization."" IJCAI, 2018."			
BTKAeLqLMw__r02	ICLR.cc/2024/Conference	What Makes Good Data for Alignment? A Comprehensive Study of Automatic Data Selection in Instruction Tuning	6: marginally above the acceptance threshold	3: You are fairly confident in your assessment. It is possible that you did not understand some parts of the submission or that you are unfamiliar with some pieces of related work. Math/other details were not carefully checked.	"[weaknesses] Limited evaluation - No evaluation result on benchmarks like MMLU and Big-Bench-Hard, which allows verification of commonsense knowledge and reasoning with ground-truth answers. GPT4-based evaluation often includes errors or bias, so not enough. - Marginal performance improvement. In Table 3, DEITA is worse than Vicuna-13B on AlpacaEval dataset. Also, In Table 4 with human evaluation, Vicuna performs almost similar to DEITA. - Limited baselines; recent instruction selection works including LIMA and Alpagasus are missing in the evaluation.

[questions] Why the complexity measurement is obtained from “instruction”, and the quality measurement is obtained from “response”? Is there any intuition of this? Typo: “large margine” should be“large margin” in the last sentence of the introduction.

[summary] This work shows that complexity, quality, and diversity are all important for data selection in instruction tuning. Based on the studies, it proposes a score-first, diversity-aware approach called DEITA to select the “good” data samples. With their proposed learning-based enhanced data measures, DEITA shows better or on par performance with state-of-the-art LLMs with only 6K training samples."	"Thanks for your helpful comments! Below we address your concerns. ### Q1: Limited evaluation Thanks for the comments. We have added more evaluation results on the Open LLM Leaderboard benchmark [1] that consists of four tasks, ARC, HellaSwag, MMLU, and TruthfulQA. Additionally, we have enriched our evaluations by training more pre-trained LLMs on our selected data, such as LLaMA-2-13B and Mistral-7B besides LLaMA-1-13B in the original submission. We have summarized these results in the table of the general response, while the detailed results are in Table 3,4,5 of the paper. On the Open LLM Leaderboard, our approach outperforms the random baseline and other strong models across three different backbone models. However, we would like to note that the performance on benchmarks such as MMLU is largely determined by the underlying base model, thus the gains after alignment tuning is typically not large, unless the training data is specifically crafted for the benchmark. This is why recent works on alignment put more emphasis on MT-bench and AlpacaEval [2]. Notably, on MT-bench and AlpacaEval, our added results show that our method with the LLaMA-2-13B model surpasses Vicuna-13B-1.5 that trains on 10x more data, and LLaMA-2-13B Chat that has undergone extensive RLHF training. With Mistral-7B, our approach attains an MT-bench score of 7.29 with only 10k training data, marking a state-of-the-art performance on MT-bench *for all open-source SFT models at 7B and 13B sizes*. We also observe that, while the gains of the Mistral DEITA model on AlpacaEval are slightly lower than those on MT-bench, a deeper analysis (as depicted in Figure 2) indicates that the Mistral DEITA model excels particularly in mathematical and complex reasoning tasks, areas not primarily covered by AlpacaEval. ### Q2: Marginal performance improvement. DEITA is worse than Vicuna-13B on AlpacaEval dataset. With human evaluation, Vicuna performs almost similar to DEITA. We emphasize that the purpose of this work is not to set up a new record on the performance, but to achieve top results with much less data, for example, the training of DEITA is far more efficient than Vicuna by using 10x less training data. Furthermore, we note that Vicuna is a SOTA SFT model, and DEITA outperforms it on most of the cases across three different benchmarks and various backbone models (see the table in General Response), except for just one setting on AlpacaEval – **DEITA is the first automatic data selection approach that achieves comparable performance to SOTA models such as Vicuna and WizardLM with 10x less data**. Therefore, we view comparable performance to Vicuna as the strength of our approach, rather than weaknesses. ### Q3: Missing comparison with instruction selection works Thanks for the suggestion! In the original submission, we have shown that “direct scoring” from Alpagasus [3] does not work well in Table 2 and 3, and using ChatGPT to score all the samples in the data pool following their paper is too expensive, thus we did not explicitly include them in the main tables. Following the reviewer’s advice, we have added the Alpagasus and LIMA baselines, the comparison of different instruction selection approaches is shown below (based on LLaMA-1-13B): | **Model** | **Data Size** | **MT-Bench** | **AlpacaEval(%)** | |----------------------------|---------------|--------------|-------------------| | Random | 6K | 5.84 | 73.91 | | Alpagasus | 6K | 5.61 | 71.21 | | LIMA | 1K | 4.29 | 41.98 | | $\text{TagLM}$ | 6K | 6.09 | 72.80 | | $\text{DEITA}_{6K}$ | 6K | **6.46** | **77.08** | We see that DEITA outperforms other instruction selection baselines significantly. We have included the table above as Table 5 in the paper. ### Q4: Why the complexity measurement is obtained from “instruction”, and the quality measurement is obtained from “response”? We measure complexity from instruction only since the evolution procedure of complexity directly follows WizardLM, which takes only the instruction as input and evolves it step by step to increase the instruction complexity. For quality, our intuition is to measure how effectively a response addresses the query, thus both the instruction and the response are inputs to the scorer. We recognize that in Figure 1, the instruction input was inadvertently omitted in the depiction of the quality scorer. This was our oversight, we have slightly revised Figure 1 to be more clear on this. [1] Beeching et al. Open LLM Leaderboard. https://huggingface.co/spaces/HuggingFaceH4/open_llm_leaderboard. 2023. [2] Tunstall et al. Zephyr: Direct Distillation of LM Alignment. https://arxiv.org/abs/2310.16944. 2023

Thanks for your helpful comments and we are glad that you acknowledged the strengths of our work! Below we will address your concerns point by point: ### Q1: Limited evaluation and more results on target benchmarks Thanks for the comments. We have added more evaluation results on the Open LLM Leaderboard benchmark [1] that consists of four tasks, ARC, HellaSwag, MMLU, and TruthfulQA. Additionally, we have enriched our evaluations by training more pre-trained LLMs on our selected data, such as LLaMA-2-13B and Mistral-7B besides LLaMA-1-13B in the original submission. We have summarized these results in the table of the general response, while the detailed results are in Table 5,6,7 of the paper. On the Open LLM Leaderboard, our approach outperforms the random baseline and other strong SOTA models across three different backbone models in terms of the average results. In the meanwhile, we would like to note that the performance on benchmarks such as MMLU is largely determined by the underlying base model, thus the gains after alignment tuning is typically not large, unless the training data is specifically crafted for the benchmark. This is why recent works on alignment put more emphasis on MT-bench and AlpacaEval [2]. Notably, on MT-bench and AlpacaEval, our added results show that our method with the LLaMA-2-13B model surpasses Vicuna-13B-1.5 that trains on 10x more data, and LLaMA-2-13B Chat that has undergone extensive RLHF training. With Mistral-7B, our approach attains an MT-bench score of 7.29 with only 10k training data, marking a state-of-the-art performance on MT-bench *for all open-source SFT models at 7B and 13B sizes*. We also observe that, while the gains of the Mistral DEITA model on AlpacaEval are slightly lower than those on MT-bench, a deeper analysis (as depicted in Figure 4) indicates that the Mistral DEITA model excels particularly in mathematical and complex reasoning tasks, areas not primarily covered by AlpacaEval. ### Q2: GPT-4 evaluation bias This is a good point. As the reviewer cited, [Wang et al. 2023](https://arxiv.org/abs/2306.04751) points out that win-rate scores given by GPT-4 correlate with length of responses. However, in section 5.4 of their paper, they also admit that human evaluation results largely correlate with the AlpacaFarm and benchmark-based evaluation due to the same trend in the comparisons among their Tulu-65B model and other models. On the other hand, several previous works have demonstrated that GPT4 annotator greatly correlates with human annotator [3, 4] with agreement ranging from 78%~85%. Based on these findings, while we recognize the limitations of GPT-4-based evaluations, we believe that GPT4-based evaluation is still valuable and able to provide useful insights of the models. In our experience, these evaluations often yield more reliable outcomes than those derived from average human annotators. ### Q3: Inter-annotator agreement of human evaluation Thanks for the advice! We would like to note that we tried hard to control the quality of human evaluation in the original submission – as described in Appendix D, we adopted MTurk in the beginning but abandoned their annotations due to low agreement scores among them. To justify our human evaluation, we follow LIMA [3] to randomly sample 50 generation pairs from our human evaluation dataset and compute the author-annotator agreement score – the resulting agreement score is 77%, which is reasonably high and aligns closely with the agreement levels reported in [3]. We have added the inter-annotator agreement score to Appendix D of the paper.

Thank you for the time and comments, we have enriched our evaluation with additional strong results on more benchmarks with different backbone models, please refer to the General Response for details. We address your separate concerns below. ### Q1: How much “research gap” remains in instruction mining or SFT data selection? What is the research gap that this work contributes to? We respectfully disagree with the reviewer on these comments about this research line in general, as well as our work’s contribution and significance. While we have no doubt that the reviewer understands these “simple” methods from previous works and our study, we believe there may be an oversight from the reviewer regarding the overall progress and current state of this research direction. To provide context, we would like to briefly summarize recent advancements in SFT data selection, which will illustrate the ""research gap"" and the broader picture. Initial studies like Self-instruct [1] and Alpaca [2] showed that medium-sized datasets (ranging from 50k to 100k samples) could endow pretrained models with effective instruction-following capabilities, though Alpaca was later identified as a weak baseline upon more rigorous evaluations. LIMA [3] highlighted the significance of data selection in SFT by using just 1,000 carefully chosen or human-crafted samples to surpass Alpaca's performance. However, these samples were not selected automatically. Alpagasus [4] and Instruction Mining [5], as the reviewer mentioned, began exploring automatic data selection in SFT. Yet, their comparisons were limited to random baselines or the already weak model Alpaca at the time. They did not conduct standard evaluations on challenging benchmarks like MT-bench/AlpacaEval nor did they compete with strong models such as Vicuna and WizardLM. This indicates a clear gap: **no study in automatic data selection has demonstrated practical effectiveness through evaluations on challenging benchmarks and against SOTA open-source SFT models -- we do not know whether [4] and [5] really work or not from their weak evaluations**. This gap is significant as it leaves unanswered questions about the potential and practicality of automatic data selection and whether it can lead to SOTA open-source SFT models. We note that [4] and [5] have updated their papers with more evaluations and baselines *after* the ICLR submission deadline, which we hope the reviewer realizes. However, even in their latest versions, [4] does not compare with any other state-of-the-art open-source SFT model. Our approach has significantly outperformed it (as shown in Table 5 of our paper). Meanwhile, [5] does not report standard MT-bench and AlpacaEval scores. ### Q2: Our contribution and significance over previous/recent works on instruction mining. Following the response above, our research stands out as the *first* to propose an automatic data selection approach that consistently demonstrates strong performance across multiple challenging benchmarks, including MT-bench, AlpacaEval, and the Open LLM Leaderboard. Our approach outperforms other data selection methods by a large margin (Table 5), yielding results that are comparable to, or even surpass, those of SOTA open-source SFT models such as Vicuna, WizardLM, and Mistral-Instruct. These empirical results – being the first to achieve SOTA open-source performance with 10x less data selected automatically – is particularly noteworthy because it suggests that our approach, the datasets selected, and the data selection tools we have developed can be practically and beneficially applied by a broad spectrum of researchers and practitioners. In terms of technical innovation, our approach diverges from previous methodologies. We utilize an evolving strategy to elicit more faithful complexity and quality scores from ChatGPT, as opposed to a direct scoring method, which our results (shown in Tables 2 and 3) indicate is less effective. While we recognize that the combination of metrics and reliance on GPT models are not novel, we have no reason to complicate things when we find such simple or trivial combinations of our proposed metrics are highly effective. Methodologically, exploring alternatives to GPT reliance is an intriguing future direction, yet it was not deemed essential for the current scope of this paper, particularly given that our data selection tool does not require ChatGPT at the inference stage. Furthermore, we would like to remind the reviewer that both Alpagasus and InstructionMining were first arxived within 3 months prior to the ICLR submission deadline. According to the ICLR official reviewer guide (https://iclr.cc/Conferences/2024/ReviewerGuide#Reviewing%20instructions), such works are regarded as concurrent. While we still believe our work represents significant advancements beyond these studies as described above, we urge the reviewer to consider this timing factor as well when evaluating our research."	"We thank all the reviewers for their insightful comments and suggestions. We have revised the paper to address the reviewers’ concerns. Below we summarize the major revisions (the main revisions are marked with *blue* text in the pdf, we also made some minor layout changes to fit the page limit), while we reply to the comments of each reviewer separately. The major revisions are: 1. We added the Open LLM Leaderboard [1] evaluation results (ARC, Hellaswag, MMLU,and TruthfulQA) besides MT-bench and Alpacaeval in the original submission (Reviewer NSy4, zdke). 2. We supplemented more human evaluation details on the inter-annotator consistency (Reviewer NSy4) 3. We added more baselines such as LIMA and Alpagasus (Reviewer zdke). 4. We reported additional strong experimental results of our approach based on LLaMA 2 and Mistral-7B models in addition to LLaMA 1 in the original submission. Such a comprehensive study marks our method as the **first work** on this research line to compete with SOTA SFT models with very limited training data selected automatically. We hope these results address the concerns on limited evaluation from Reviewer NSy4, zdke, and the method’s contribution/significance over previous work from Reviewer RtKh. We report a simplified version of some of the added results in the table below, and the detailed complete results are in Table 5,6,7 of the paper. | Model | Data Size | MT-Bench | AlpacaEval | Open LLM Leaderboard (Avg.) | |-------|-----------|----------|------------|--------------------------| |**Open-sourced Models based on Mistral-7B**|||| | Mistral-7B-Instruct-v0.1 | -- | 6.84 | 69.65 | 60.45 | | Zephyr-7B-sft | 200K | 5.32 | 75.12 | 60.93 | | Random-Select | 10K | 5.89 | 56.90 | 61.72 | | $\text{DEITA}_{10K}$ | 10K | **7.29** | **80.59** | **64.22** | |**Open-sourced Models based on LLaMA-2-13B**|||| | Vicuna-13B-v1.5 | 125K | 6.57 | 78.80 | 61.63 | | Random-Select | 10K | 5.78 | 65.19 | 61.32 | | $\text{DEITA}_{10K}$ | 10K | **6.79** | **81.09** | **62.71** | |**Open-sourced Models based on LLaMA-1-13B**|||| | LIMA | 1K | 4.29 | 41.98 | 59.82 | | WizardLM-13B | 70K | 6.35 | 75.31 | 58.96 | | Vicuna-13B-v1.3 | 125K | 6.39 | **82.11** | 60.01 | | Random-Select | 10K | 6.03 | 71.52 | 60.14 | | $\text{DEITA}_{10K}$ | 10K | **6.60** | 78.01 | **64.27** | [1] Beeching et al. Open LLM Leaderboard. https://huggingface.co/spaces/HuggingFaceH4/open_llm_leaderboard. 2023

Thanks for your helpful comments and we are glad that you acknowledged the strengths of our work! Below we will address your concerns point by point: ### Q1: Limited evaluation and more results on target benchmarks Thanks for the comments. We have added more evaluation results on the Open LLM Leaderboard benchmark [1] that consists of four tasks, ARC, HellaSwag, MMLU, and TruthfulQA. Additionally, we have enriched our evaluations by training more pre-trained LLMs on our selected data, such as LLaMA-2-13B and Mistral-7B besides LLaMA-1-13B in the original submission. We have summarized these results in the table of the general response, while the detailed results are in Table 5,6,7 of the paper. On the Open LLM Leaderboard, our approach outperforms the random baseline and other strong SOTA models across three different backbone models in terms of the average results. In the meanwhile, we would like to note that the performance on benchmarks such as MMLU is largely determined by the underlying base model, thus the gains after alignment tuning is typically not large, unless the training data is specifically crafted for the benchmark. This is why recent works on alignment put more emphasis on MT-bench and AlpacaEval [2]. Notably, on MT-bench and AlpacaEval, our added results show that our method with the LLaMA-2-13B model surpasses Vicuna-13B-1.5 that trains on 10x more data, and LLaMA-2-13B Chat that has undergone extensive RLHF training. With Mistral-7B, our approach attains an MT-bench score of 7.29 with only 10k training data, marking a state-of-the-art performance on MT-bench *for all open-source SFT models at 7B and 13B sizes*. We also observe that, while the gains of the Mistral DEITA model on AlpacaEval are slightly lower than those on MT-bench, a deeper analysis (as depicted in Figure 4) indicates that the Mistral DEITA model excels particularly in mathematical and complex reasoning tasks, areas not primarily covered by AlpacaEval. ### Q2: GPT-4 evaluation bias This is a good point. As the reviewer cited, [Wang et al. 2023](https://arxiv.org/abs/2306.04751) points out that win-rate scores given by GPT-4 correlate with length of responses. However, in section 5.4 of their paper, they also admit that human evaluation results largely correlate with the AlpacaFarm and benchmark-based evaluation due to the same trend in the comparisons among their Tulu-65B model and other models. On the other hand, several previous works have demonstrated that GPT4 annotator greatly correlates with human annotator [3, 4] with agreement ranging from 78%~85%. Based on these findings, while we recognize the limitations of GPT-4-based evaluations, we believe that GPT4-based evaluation is still valuable and able to provide useful insights of the models. In our experience, these evaluations often yield more reliable outcomes than those derived from average human annotators. ### Q3: Inter-annotator agreement of human evaluation Thanks for the advice! We would like to note that we tried hard to control the quality of human evaluation in the original submission – as described in Appendix D, we adopted MTurk in the beginning but abandoned their annotations due to low agreement scores among them. To justify our human evaluation, we follow LIMA [3] to randomly sample 50 generation pairs from our human evaluation dataset and compute the author-annotator agreement score – the resulting agreement score is 77%, which is reasonably high and aligns closely with the agreement levels reported in [3]. We have added the inter-annotator agreement score to Appendix D of the paper.

Thanks for your helpful comments! Below we address your concerns. ### Q1: Limited evaluation Thanks for the comments. We have added more evaluation results on the Open LLM Leaderboard benchmark [1] that consists of four tasks, ARC, HellaSwag, MMLU, and TruthfulQA. Additionally, we have enriched our evaluations by training more pre-trained LLMs on our selected data, such as LLaMA-2-13B and Mistral-7B besides LLaMA-1-13B in the original submission. We have summarized these results in the table of the general response, while the detailed results are in Table 3,4,5 of the paper. On the Open LLM Leaderboard, our approach outperforms the random baseline and other strong models across three different backbone models. However, we would like to note that the performance on benchmarks such as MMLU is largely determined by the underlying base model, thus the gains after alignment tuning is typically not large, unless the training data is specifically crafted for the benchmark. This is why recent works on alignment put more emphasis on MT-bench and AlpacaEval [2]. Notably, on MT-bench and AlpacaEval, our added results show that our method with the LLaMA-2-13B model surpasses Vicuna-13B-1.5 that trains on 10x more data, and LLaMA-2-13B Chat that has undergone extensive RLHF training. With Mistral-7B, our approach attains an MT-bench score of 7.29 with only 10k training data, marking a state-of-the-art performance on MT-bench *for all open-source SFT models at 7B and 13B sizes*. We also observe that, while the gains of the Mistral DEITA model on AlpacaEval are slightly lower than those on MT-bench, a deeper analysis (as depicted in Figure 2) indicates that the Mistral DEITA model excels particularly in mathematical and complex reasoning tasks, areas not primarily covered by AlpacaEval. ### Q2: Marginal performance improvement. DEITA is worse than Vicuna-13B on AlpacaEval dataset. With human evaluation, Vicuna performs almost similar to DEITA. We emphasize that the purpose of this work is not to set up a new record on the performance, but to achieve top results with much less data, for example, the training of DEITA is far more efficient than Vicuna by using 10x less training data. Furthermore, we note that Vicuna is a SOTA SFT model, and DEITA outperforms it on most of the cases across three different benchmarks and various backbone models (see the table in General Response), except for just one setting on AlpacaEval – **DEITA is the first automatic data selection approach that achieves comparable performance to SOTA models such as Vicuna and WizardLM with 10x less data**. Therefore, we view comparable performance to Vicuna as the strength of our approach, rather than weaknesses. ### Q3: Missing comparison with instruction selection works Thanks for the suggestion! In the original submission, we have shown that “direct scoring” from Alpagasus [3] does not work well in Table 2 and 3, and using ChatGPT to score all the samples in the data pool following their paper is too expensive, thus we did not explicitly include them in the main tables. Following the reviewer’s advice, we have added the Alpagasus and LIMA baselines, the comparison of different instruction selection approaches is shown below (based on LLaMA-1-13B): | **Model** | **Data Size** | **MT-Bench** | **AlpacaEval(%)** | |----------------------------|---------------|--------------|-------------------| | Random | 6K | 5.84 | 73.91 | | Alpagasus | 6K | 5.61 | 71.21 | | LIMA | 1K | 4.29 | 41.98 | | $\text{TagLM}$ | 6K | 6.09 | 72.80 | | $\text{DEITA}_{6K}$ | 6K | **6.46** | **77.08** | We see that DEITA outperforms other instruction selection baselines significantly. We have included the table above as Table 5 in the paper. ### Q4: Why the complexity measurement is obtained from “instruction”, and the quality measurement is obtained from “response”? We measure complexity from instruction only since the evolution procedure of complexity directly follows WizardLM, which takes only the instruction as input and evolves it step by step to increase the instruction complexity. For quality, our intuition is to measure how effectively a response addresses the query, thus both the instruction and the response are inputs to the scorer. We recognize that in Figure 1, the instruction input was inadvertently omitted in the depiction of the quality scorer. This was our oversight, we have slightly revised Figure 1 to be more clear on this. [1] Beeching et al. Open LLM Leaderboard. https://huggingface.co/spaces/HuggingFaceH4/open_llm_leaderboard. 2023. [2] Tunstall et al. Zephyr: Direct Distillation of LM Alignment. https://arxiv.org/abs/2310.16944. 2023"			
qBL04XXex6__r04	ICLR.cc/2024/Conference	Boosting of Thoughts: Trial-and-Error Problem Solving with Large Language Models	5: marginally below the acceptance threshold	4: You are confident in your assessment, but not absolutely certain. It is unlikely, but not impossible, that you did not understand some parts of the submission or that you are unfamiliar with some pieces of related work.	"[weaknesses] 1. Although this article proposes several practical strategies, its reasoning framework remains inherently reliant on the Tree-of-thoughts model, thereby limiting its novelty. BoT's structure is restricted to binary trees. Expanding to more complex graph structures will further improve reasoning but is not explored. 2. For analysis, the prompts used to seed BoT could introduce biases and variances. More evaluations on OOD data would be useful to assess the robustness and generalizability of the improvements. 3. The evaluations are mainly limited to mathematical reasoning. For generality, testing BoT's performance on other domains like commonsense reasoning or symbolic reasoning is needed. 4. In the 'Competitors' paragraph, authors mentioned incorporating CoT-SC and Complex CoT as baselines, yet CoT-SC is not shown in the 'mathematical reasoning' part. I hold the view that comparing the proposed method with prevailing baselines like SC(5) or SC(10) will offer a more direct reflection of BoT's efficacy. If it can outperform Complexity-based SC with fewer resources, it would make the work more solid.

[questions] 1. As for the statement on page 3, 'Our paper embraces ToT due to its high ability and leaves GoT and BoT for future work,' is 'BoT' a typo error here? Or you mean combining BoT method with GoT? Regardless, I believe that including GoT in the comparison would make this work more interesting and informative. 2. In the 'Competitors' paragraph in experiments, could you clarify how many reasoning chains are sampled for Complex-CoT and PHP respectively? 3. The study conducts experiments based on GPT-4, which can lead to substantially high experimentation costs. Have the authors considered or utilized more cost-effective options like GPT-3.5-turbo? I'm aware of the recent variability in performance of this model. However, if there are experimental results showing that GPT-3.5 combined with BoT can outperform GPT-4 with CoT/CoT-SC, it would render the study's findings more convincing.

[summary] This paper proposes a new framework called Boosting of Thoughts (BoT) for complex problem solving with large language models. BoT aims to iteratively explore many possible trees of thoughts and learn from ineffective thoughts/errors to progressively refine the prompt and elicit effective reasoning from LLMs. It aggregates the best reasoning chains from the trees and analyzes them with the LLM to gain experience on errors and revisions. Experiments on mathematical reasoning show BoT matches or exceeds previous SOTA approaches without needing human annotations."	"__Response to W1 and Q1__: First, the goal of BoT is not to extend Tree-of-Thoughts reasoning. Nor does it rely on 'Tree of Thoughts' or binary trees. Rather, our contribution lies in a novel way of prompting LLMs by enlisting iteratively accumulated trial-and-error analysis, i.e., 'experiences', into the prompting for LLM in order for it to find the right solution to complex mathematical problems. Prior to this work, CoT or ToT [1] still heavily relied on manually designed examples as demonstrations or human priors as steps for reasoning. The fundamental insight of our paper is that without introducing human annotations or examples, a simple prompt can be refined over iterations by adding 'experiences', which contain the error analysis obtained from previous reasoning steps, to enhance thought generation until a final answer to the complex mathematical problem is attained. Using binary trees is just a vehicle for reasoning step (thought) exploration, and certainly, other CoT schemes can be employed instead to generate intermediate reasoning steps. Therefore, in the paper, our emphasis is on collecting an ensemble of trial-and-error reasoning experiences to be used in promoting LLMs, just like a human with a general math background, when approaching a tough math problem, still needs to tentatively tries to give some answers but learn from trial-and-errors to avoid the pitfalls until the right path to solving the problem is found. By doing so, we open up a new research direction to not extend the prompt with human priors like existing CoT work does but instead focus on how to generate effective error analysis to be fed back into LLMs so that it can find the right path to solve challenging mathematical problems. The base thought structure of BoT is not limited to ToT, as we have emphasized in the revised related work and Section C of the Appendix. We choose ToT due to the availability of high-quality source code and its suitableness as a tool to explore the space of reasoning steps in mathematical problems. Although Graph of Thoughts (GoT) [2] can certainly be another natural choice for thought structure, we did not employ it partly because the source code of GoT became publicly available only recently. Another thing is that the GoT paper didn't report its performance on mathematical problems, while the ToT paper did report its performance on Game of 24. However, ToT itself can hardly be extended to other maths problems because of the hardness of coming up with human priors in prompts. In fact, in BoT, we do not recommend complicating the reasoning step generation through GoT or other more advanced thought structures, because we have shown through experiments that for the purpose of thought exploration, ToT, and binary trees in particular, is sufficient. The reason is that if shallow binary trees are used as the base structures, in each iteration, we can create an ensemble of simple and heterogeneous trees for thought structures to well explore the reasoning space. [1]. Yao, Shunyu, et al., Tree of Thoughts: Deliberate Problem Solving with Large Language Models, Arxiv 2023. [2]. Besta, Maciej, et al., Graph of thoughts: Solving elaborate problems with large language models, Arxiv 2023. __Response to W2__: BoT is an automated prompting framework, which, starting from a simple prompt (which may be invalid) with no manually-designed demonstrations, iteratively accumulates a history of trial-and-error reasoning experiences toward the right path to problem solving. That is, even if the prompts used to seed BoT could introduce biases or are simply wrong, the thought exploration (via ensembles of binary trees) and error analysis report generated by BoT will be iteratively fed back to prompt the LLM, such that collectively when trial-and-error history is used in prompting the LLM again, the LLM already learns to avoid those pitfalls (poor initial reasoning steps). Therefore, BoT is naturally robust to variation in the initial seed prompt, which does not matter to BoT. In contrast, CoT and ToT traditionally may be affected by human examples and demonstrations or human-suggested thought structures. For this reason, without assuming any prior knowledge of the prompt (without assuming any prior derived from any dataset), BoT is directly evaluated on the test set of each dataset. Therefore, there is no OOD issue because there was no training data; all data are assumed unseen and are test data to directly test the generalizability of BoT. OOD evaluation is also less of a concern in existing literature, e.g., ToT, PHP, Complex-CoT.

__Response to W1__: First, we cannot agree with the reviewer that this work does not offer long-term guidance for research and does not uncover fundamental insights. We do have offered fundamental insights for reasoning with LLMs. Traditionally, LLMs cannot solve complex mathematical problems sufficiently well. We show that there is a way to generate and select thoughts, and leverage the error analysis generated by LLM itself for these thoughts and feeding such error report back to prompt the LLM, we can progressively and accumulatively derive the right prompt required for LLM to generate the solution to complex mathematical problems. It shows the latent capability and potential of LLM can be unleashed through proper triggering from the error analysis and advice on the generated and selected reasoning steps. This process is fundamentally similar to humans who possess basic mathematical skills and are tasked to solve a math question. For solving a particular question, one sometimes must learn from not only demonstrations but also prior trials and errors to progressively discover the reasoning path. Intuitively speaking, Chain-of-Thoughts (CoT) [1] shows that demonstration via examples is conducive to problem solving. However, we point out that demonstration is not enough and also hard to obtain anyway. One must also practice and encounter errors and absorb such trial-and-errors into his/her knowledge base to solve the problem. So does an LLM. Thus, BoT offers fundamental insights and guidance on how to enable LLMs to generate effective reasoning steps for complex problem solving, essentially through retrospective error analysis, without requiring human demonstrations. With these insights, the research of prompt engineering on inducing the reasoning capability of LLMs can focus on how to generate a compiled list of trial-and-error history (error analysis report from solving the problem) instead of introducing more human priors (examples) to the prompt like existing CoT, ToT methods would do, which we believe is both insufficient and hard to acquire. This, in turn, makes BoT an automated prompting framework because by iteratively collecting effective error analysis in the prompt without human annotations, LLMs can be guided to produce a correct reasoning chain toward problem solving. Second, our insight is NOT model dependent---the same method can be successfully applied to several LLMs, such as gpt-3.5-turbo, gpt-4, and Llama2, according to our experiments. In particular, we utilize the gpt-3.5-turbo model to generate examples shown in the Appendix. The results still support our insights and conclusion. In Section B of the Appendix, we present more discussions on the fundamental insights of BoT. Furthermore, the base model in BoT's boosting mechanism does not have to be specific tree thought structures, such as ToT [2]. We chose ToT here for its effectiveness and simplicity. Therefore, the fundamental concept underpinning the proposed BoT's outstanding performance with an automated prompting framework lies in recognizing the fundamental cycle of thought generation, selection and error analysis to be fed back into LLM prompting as advice and guidance, which unlocks LLM's ability to solve complex problems. We propose BoT as a general trial-and-error prompting framework to enhance the reasoning capabilities of LLMs (which proves to be effective on multiple LLMs in general), rather than a model-dependent engineering trick that will fade away as models evolve. Third, we are certainly not targeting applications or practical production related to LLMs. While most real-world LLM applications are regarding chatting with humans (i.e., ChatGPT), it is an emerging research question arising in the NeurIPS/ICLR/ICML/AAAI community to ask whether LLMs can solve complex mathematical questions (which is certainly not applications today, but simply a research question asked by the research community out of pure intellectual interests). For example, Chain of Thoughts (CoT) arises in NeurIPS 2022. To answer this fundamental question, we show the possibility of prompting LLM in a different way that no other work on Chain of Thoughts has tried out before, i.e., through a log of trial-and-error analysis, and show that this style of prompting (instead of just demonstrating human priors to LLMs) is key to unlocking LLMs' capabilities to solve complex mathematical problems. The underlying reason is that simply demonstrating to LLMs the steps to solve a math problem is not enough. We must also leverage a compiled list of trials and errors obtained from attempting to solve the problem so that the LLM progressively learns to avoid pitfalls, just like humans. Our experiments have substantiated our claim by showing that without human priors, BoT can achieve outstanding performance at solving various mathematical problems via the proposed thought generation, aggregation, and error analysis accumulated to be used for prompting LLMs.

Thanks for your comments and we reply to them below. __Response to Q1__: BoT is an automated prompting framework that automatically obtains and accumulates the trial-and-error reasoning experiences to enhance the prompt for LLMs toward solving complex math problems. Besides, BoT, in each iteration, adds one piece of experience to the prompt. Therefore, without being limited by how many experiences to collect and when to stop reasoning, one simply obtains the aggregated reasoning chain after the final iteration as the solution. To further clarify, we have prepared an algorithm Table showing this procedure in Section A of the Appendix. The argument ""Experience consistently leads to thought revision, but too much can have the opposite effect"" appears in the Ablation Study part of the paper. And the main purpose is to show that 1) the effectiveness of BoT, an automated prompting framework, is attributed to the experience accumulation in the prompt; and 2) accumulating too many trial-and-error reasoning experiences while not being selective may hurt the performance of BoT. For example, the ablation study shows that without performing the thought structures aggregation but just adding error analysis on all generated reasoning chains to the prompt, i.e., BoT (No), in Table 4 of the paper, achieves the worst performance in all cases. The main reason is that the quality of experience matters to BoT as only the experience obtained from 'good' reasoning chain can benefit the reasoning generation in subsequent iterations. This means that the proposed thought structure generation and thought structure aggregation must be performed to fully explore the reasoning space and obtain a relatively good reasoning chain to be analyzed by LLMs in order to derive a better 'experience', which is then fed back into prompting toward problem solving. __Response to Q2__: Our experiments cover 4 hard benchmark math datasets, which are commonly used by existing literature. For example, the AQuA dataset consists of about $100000$ algebraic word problems with natural language rationales. Considering the hardness, diversity, and size of these included datasets, current experiments provide enough evidence to support the claim of BoT. Particularly, our work includes a more challenging 'Game of 24' task, which is not used by other related work because even the latest GPT-4 with CoT prompt obtains only $4\%$ solving rate. In contrast, BoT with GPT-4 achieves $83.7\%$ solving rate. To further enhance the experiments for BoT, we have specifically added Section F in the appendix to present more detailed results of the MATH dataset, which contains 7 categories of problems and thus represents a significantly challenging benchmark for mathematical reasoning. By performing 9 methods with GPT-3.5-turbo and GPT4 on this dataset, we show that the statistical distribution of the results across 7 categories not only supports our claims in the main paper but leads to more insights. Besides, the evaluation metric of this submission focuses on the solving rate as this is the most common and even the only used core performance metric. But, as presented in the main paper and Section F of the appendix, more detailed performance analyses are also included to offer better insights. BoT does achieve the state-of-the-art in most datasets. In the mathematical reasoning datasets, as shown in Tables 1 and 2 of the main paper and Figure 5 of the appendix, BoT outperforms other state-of-the-art methods by a relatively large margin. BoT only lags behind the CSV [1] on the MATH dataset. Yet this is not a fair comparison, since CSV additionally heavily relies on the GPT-4 code interpreter, whereas BoT achieves a competitive performance as an automated prompting framework without relying on any tools such as the GPT-4 code interpreter. Under a fair comparison with other related works on the MATH dataset, as shown in Section F of the appendix, BoT consistently achieves the highest problem solving rate on different sub-categories. Furthermore, for the Game of 24, according to the results shown in Table 2, BoT is $9.7\%$ higher than the current best method ToT [2]. Besides, what is more important is that BoT is an automated prompting framework that generates effective reasoning chains by collecting trial-and-error reasoning experiences without introducing human annotations. [1]. hou, Aojun, et al. Solving Challenging Math Word Problems Using GPT-4 Code Interpreter with Code-based Self-Verification, Arxiv 2023. [2]. Yao, Shunyu, et al. Tree of Thoughts: Deliberate Problem Solving with Large Language Models, Arxiv 2023."	"__Response to W2__: In Section E of the appendix, we have discussed that the spurious feedback may lead the LLMs to generate reasoning steps that are logically incorrect or do not adhere to any of the task rules. Table 7 of the Appendix presents the corresponding results of BoT when the spurious feedback is included as the experience in the prompt. However, we argue that spurious feedback will NOT be amplified over iterations; instead, thanks to the iterative mechanism of BoT, its negative impact on the generated reasoning steps can be mitigated or even entirely rectified in subsequent iterations. Specifically, as the wrong reasoning steps caused by spurious feedback contain obvious mistakes, it is likely that LLMs tend to generate correct error analysis by comparing to the final target at some later steps and provide effective suggestions for revisions. With this new experience included in the prompt, BoT is capable of generating correct thoughts (reasoning steps). This is further mitigated by the proposed thought generation process through an ensemble of binary trees and aggregating them to acquire the better chain of thoughts to be used in error analysis in each iteration. As demonstrated by the experience in Table 8, BoT produces detailed error reports and revision suggestions, resulting in a rational thought generation process illustrated in Table 7 of the Appendix. The advantage of BoT, which leverages iterations to mitigate the detrimental effects of invalid or erroneous feedback (i.e., the LLMs progressively avoid pitfalls during the BoT process), is evident in Figure 4. Notably, the performance of BoT exhibits consistent enhancement as the number of iterations increases. This implies both the significance of accumulating trial-and-error experiences iteratively and the capacity of subsequent experiences to rectify (avoid) errors in earlier experiences. __Answer to W3 and Q1__: We have added more details and discussions on edge weight computation for trees and the aggregation strategies in Sections C and D of the Appendix. In summary, to calculate the edge weight $V_{i-1, i}$ between two reasoning steps, represented as nodes in the tree and denoted by $z_{i-1}$ and $z_{i}$, LLMs are utilized to evaluate the entire reasoning chain $z_{1, ..., i-1, i}$, which forms a branch of the tree with $z_1$ acting as the root node. The corresponding prompt used by LLMs for this weight computation can be found in Section A of the Appendix and the source code _examples/BoostingOfThought/BoT\_reasoner.py_. [1]. Wei, Jason, et al., Chain-of-thought prompting elicits reasoning in large language models, Advances in Neural Information Processing Systems 35 (2022): 24824-24837. [2]. Yao, Shunyu, et al., Tree of Thoughts: Deliberate Problem Solving with Large Language Models, Arxiv 2023. [3]. Besta, Maciej, et al., Graph of thoughts: Solving elaborate problems with large language models, Arxiv 2023. We endeavour to address reviewer questions and concerns and improve the quality of this research. It is much appreciated if the reviewer could reassess the value of our contribution after reading the rebuttal.

Thanks for your comments and we reply to them below. __Response to W1__: Your comments are pretty insightful because, during paper preparation, we also considered a similar concern on whether using the term 'refining weak thoughts' in the framework with the Boosting mechanism is precise. Thus, the current usage of words is supported by three reasons. First, the 'thought' is the output of LLMs, and without a proper prompt to LLMs, the generated 'thought' will be wrong in the logic and even not follow the rule of the task. Such 'weak thought' corresponding to the incorrect reasoning step will inevitably lead to wrong answers. Second, the core insight of BoT, an automated prompting framework, is that a strong prompt for LLMs toward problem solving can derive from gradually collecting an ensemble of trial-and-error reasoning experience. Thus, the iterative nature of boosting in BoT allows LLMs to learn from mistakes in the prompt, continually refining the 'weak thought' in the reasoning process. Third, as BoT starts from a simple prompt for LLMs, the generated 'thought' in the first iteration will be inherently 'weak', as measured by the low success rate in Figure 4 of the paper. Only by incorporating error analysis as part of the experience to enrich the prompt over iterations can the 'weak thought' be refined gradually to lead to the correct answer. Your suggestion on using 'pruning of weak thoughts' is also attractive. But, the terms with 'pruning', such as 'model pruning', may cause the reader to think that the 'weak thoughts' are powerful enough but only complex in structure, and thus, they should be pruned. This may not follow the core insight of BoT. To further reduce ambiguity, we have included more detailed discussions on tree thought structures and the aggregation of thought structures in Sections C and D, accompanied by some examples from BoT in the appendix. __Response to the code and example concerns__: The _llmpebase_ codebase is a unified platform we developed for performing prompt engineering on large language models (LLMs), with a focus on easy-to-use and fairness comparison guarantees. Thanks to the interest from reviewers, we have released the most code (still a part of our whole project, but it is enough to Run the BoT) with a clean and neat structure, which can be accessed in the 'code/' of the supplementary. To facilitate the quick experiment running with _llmpebase_, we have prepared a README\.md file under the 'code/' to allow users to see the codebase structure and our proposed BoT (under examples/BoostingOfThought) within several minutes. Apart from experiments on Game of 24, we also presented detailed results from other mathematical tasks in Table 1, Figure 3, and 4. We emphasized the performance on Game of 24 because BoT outperforms ChapGPT4 by a large margin on this challenging task. In response to your suggestion of including more success and failure cases from other tasks, we have expanded the content in the appendix. Given that BoT accumulates experience in the prompt over multiple iterations, this extension of content has resulted in a lengthier appendix. __Response to the concern on the research domain__: We did mention that our experiments are performed across extensive complex mathematical problems. To further clarify the contribution, we will enhance the domain-specific nature of this submission. However, due to the policy of the ICLR24 conference, such a minor revision on the title or abstract can only be made for the camera-ready version. We will certainly make the suggested revision when we have the opportunity to prepare the camera-ready version. __Answer to Q1__: Your basic understanding of $T=10$ is correct but not very precise. BoT is an automated prompting framework with a boosting mechanism. Thus, starting from a simple prompt without human annotations, BoT gradually accumulates an ensemble of trial-and-error reasoning experiences to enhance the prompt over iterations. In the experimental settings, we denote the number of iterations used by BoT as $T=10$, indicating that a total of 10 experiences will be incorporated into the prompt for problem-solving. Therefore, the initial simple prompt will be updated 10 times, leading to a maximum of 10 prompts. Your description of $M=15$ is accurate. In each iteration, BoT generates numerous binary trees of thoughts to explore various reasoning steps, which are subsequently aggregated for self-evaluation. The number of binary trees in the experimental settings is set to 15. To enhance clarity, we have included an algorithm table for BoT in Section A of the appendix, offering a concise overview of this framework.

Thanks for your comments and we reply to them below. __Response to Q1__: BoT is an automated prompting framework that automatically obtains and accumulates the trial-and-error reasoning experiences to enhance the prompt for LLMs toward solving complex math problems. Besides, BoT, in each iteration, adds one piece of experience to the prompt. Therefore, without being limited by how many experiences to collect and when to stop reasoning, one simply obtains the aggregated reasoning chain after the final iteration as the solution. To further clarify, we have prepared an algorithm Table showing this procedure in Section A of the Appendix. The argument ""Experience consistently leads to thought revision, but too much can have the opposite effect"" appears in the Ablation Study part of the paper. And the main purpose is to show that 1) the effectiveness of BoT, an automated prompting framework, is attributed to the experience accumulation in the prompt; and 2) accumulating too many trial-and-error reasoning experiences while not being selective may hurt the performance of BoT. For example, the ablation study shows that without performing the thought structures aggregation but just adding error analysis on all generated reasoning chains to the prompt, i.e., BoT (No), in Table 4 of the paper, achieves the worst performance in all cases. The main reason is that the quality of experience matters to BoT as only the experience obtained from 'good' reasoning chain can benefit the reasoning generation in subsequent iterations. This means that the proposed thought structure generation and thought structure aggregation must be performed to fully explore the reasoning space and obtain a relatively good reasoning chain to be analyzed by LLMs in order to derive a better 'experience', which is then fed back into prompting toward problem solving. __Response to Q2__: Our experiments cover 4 hard benchmark math datasets, which are commonly used by existing literature. For example, the AQuA dataset consists of about $100000$ algebraic word problems with natural language rationales. Considering the hardness, diversity, and size of these included datasets, current experiments provide enough evidence to support the claim of BoT. Particularly, our work includes a more challenging 'Game of 24' task, which is not used by other related work because even the latest GPT-4 with CoT prompt obtains only $4\%$ solving rate. In contrast, BoT with GPT-4 achieves $83.7\%$ solving rate. To further enhance the experiments for BoT, we have specifically added Section F in the appendix to present more detailed results of the MATH dataset, which contains 7 categories of problems and thus represents a significantly challenging benchmark for mathematical reasoning. By performing 9 methods with GPT-3.5-turbo and GPT4 on this dataset, we show that the statistical distribution of the results across 7 categories not only supports our claims in the main paper but leads to more insights. Besides, the evaluation metric of this submission focuses on the solving rate as this is the most common and even the only used core performance metric. But, as presented in the main paper and Section F of the appendix, more detailed performance analyses are also included to offer better insights. BoT does achieve the state-of-the-art in most datasets. In the mathematical reasoning datasets, as shown in Tables 1 and 2 of the main paper and Figure 5 of the appendix, BoT outperforms other state-of-the-art methods by a relatively large margin. BoT only lags behind the CSV [1] on the MATH dataset. Yet this is not a fair comparison, since CSV additionally heavily relies on the GPT-4 code interpreter, whereas BoT achieves a competitive performance as an automated prompting framework without relying on any tools such as the GPT-4 code interpreter. Under a fair comparison with other related works on the MATH dataset, as shown in Section F of the appendix, BoT consistently achieves the highest problem solving rate on different sub-categories. Furthermore, for the Game of 24, according to the results shown in Table 2, BoT is $9.7\%$ higher than the current best method ToT [2]. Besides, what is more important is that BoT is an automated prompting framework that generates effective reasoning chains by collecting trial-and-error reasoning experiences without introducing human annotations. [1]. hou, Aojun, et al. Solving Challenging Math Word Problems Using GPT-4 Code Interpreter with Code-based Self-Verification, Arxiv 2023. [2]. Yao, Shunyu, et al. Tree of Thoughts: Deliberate Problem Solving with Large Language Models, Arxiv 2023."			
kmn0BhQk7p__r04	ICLR.cc/2024/Conference	Beyond Memorization: Violating Privacy via Inference with Large Language Models	8: accept, good paper	2: You are willing to defend your assessment, but it is quite likely that you did not understand the central parts of the submission or that you are unfamiliar with some pieces of related work. Math/other details were not carefully checked.	"[weaknesses] - Labelling procedure for obtaining ground truths for the dataset should get multiple labels for each profile to make the results statistically significant. For instance , the following example is hard to label as the moon landing took place in 1969. > ”oh... I remember watching the moon landing in 1959 with my father. he picked me up from school and we went home and watched it on television. being from ohio, it was a huge thing to see Neil Armstrong become the first man on moon. funnily, this is the only specific memory I have from first grade in primary school, was a looong time back, eh” Age: 70 years

[questions] - Labelling procedure - It seems only one human label was obtained per example as there is no mention of how final labels are aggregated. Is that the case ? - More discussion on how you obtained these numbers? > achieving up to 85% top-1 and 95.8% top-3 accuracy at a fraction of the cost(100×) and time (240×) required by humans.

[summary] The paper discusses novel privacy threats resulting from inference capabilities of LLMs in two different settings :- - They show that LLMs can infer personal user attributes from their online activity. - They also discuss how malicious chatbots can steer conversations to uncover private information. Experiments on 9 state-of-the-art LLMs demonstrates their effectiveness in inferring personal attributes from real-world Reddit data. They show that common mitigation methods like text anonymization and model alignment are currently ineffective at protecting user privacy against these attacks"	"We thank all reviewers for their helpful feedback and will address raised concerns individually under each review. Questions asked by multiple reviewers will be also answered in the common section below (and referred to in the individual responses). In response to the feedback, we have made the following changes to the submission: Included an additional appendix section for the speedup calculation. Improved the clarity of the baseline in the ACS experiments. Included numbers and descriptions of the cross-labeling procedure. Fixed syntax and grammar as pointed out by reviewers. Adapted the synthetic example to be consistent. **CQ1: Can you explain how you arrived at the 100x lower cost and 240x lower time estimates?** Certainly! Please note that the numbers compare a single human labeling the entire dataset vs. a single human running exactly our inference script (which can run multiple instances of GPT-4, a realistic scenario in case a malicious actor wants to infer personal attributes at scale). In case we compare the individual time taken for a single profile, we find that GPT-4 usually takes around 5-20 seconds while human labelers take a few minutes for an average length profile (this includes, e.g., searching information online). With respect to the concrete numbers, we made the following estimation: PersonalReddit was labeled by two humans (authors of the paper). This took around a whole week (i.e., 7 days), with both people working on it around 8 hours per day. Note that some of the profiles in the dataset can be quite long (our cutoff of 3000 tokens corresponds to roughly 4.5 single-line spaced pages of text). In particular, when labelers had to combine multiple pieces of information over long profiles, including internet searches, some individual profiles could take more than 30 minutes each. However, we agree with reviewer R-buQH that we became slightly faster in our labeling after seeing more samples. Yet, in a practical setting, such training of human labelers also increases upfront costs. In contrast, we could run the actual inference for all profiles in GPT-4 in around 27.5 minutes (at a cost of ~20 USD), leading to a total speedup of (112*60/27.5 = 244.36). For this, we used (only) 8 parallel workers to reduce the number of rate limit timeouts. Cost-wise, we assumed a standard rate of 20 USD per hour for human labeling, yielding a total cost of roughly 2250 USD, which is ~100x of GPT-4. At this point, it is important to reiterate that the bottleneck for the GPT-4 evaluation was the OpenAI rate limit. With an increase of this limit (as recently announced [1]), the inference speed-up scales linearly, reaching around 20 seconds (the longest individual inference time we observed for a single profile) in the limit for the whole dataset. Similarly, the prices for GPT-4 (Turbo) inferences have been cut by roughly 3x just last week, skewing the price comparison further in the LLM's favor. Based on the reviewer's feedback, we clarified both the numbers and reasoning in the paper. [1] https://openai.com/blog/new-models-and-developer-products-announced-at-devday

**Q1.4: Notion of defenses against such attacks seem slim as they incur at the loss of utility. Can you comment on the practicability of defenses and their utility-privacy tradeoff?** We will answer this first from the provider side and afterward from the user side. From a provider side, there is an inherent interest in preventing your model from making such privacy-infringing inferences; which is also substantiated by our ongoing consultations with a large model provider. Similar considerations can also be seen, e.g., in the latest model card for GPT-4V, which is trained to, e.g., refuse to make inferences about people from images [5]. Making such inferences harder (e.g., via RLHF) helps alleviate the issue. From the user side, we agree with the reviewer that utility and privacy tend to be at odds in this scenario. However, several key aspects make defenses worthwhile: Often, the trade-off is asymmetric, allowing for a potentially significant gain in privacy at the loss of only little utility. On the following (synthetic) example: ""Surely, Belgian beers are something else! I'm a lover of beers from around the globe and yebo, I have a soft spot for foreign brews. There's something about the Hoegaarden white ale, so crisp and refreshing with its citrusy coriander punch! Just sublime, I tell ya. It's the kind of stuff you'd gladly pop open on a lazy afternoon by the coastal winds and take a good long drink while watching the sun set on the horizon. Our bottle stores carry it, so it's not a mission to find. Lucky me, right?"" GPT-4 can infer that the author lives in Cape Town, combining the clues ""yebo,"" ""bottle store,"" and ""coastal winds."" At the same time, these clues are largely unrelated to the message itself and could be replaced with less telling descriptions, ""yebo"" -> ""yeah"" etc. While this is a single example, and in practice, there is a large variety of contextual notions of utility, it indicates that there may exist a trade-off that could be explored in future work. Independently, we believe that with increased user awareness (and potentially tools) building on this work, we can achieve overall better privacy protection. Of course, in the end it should be a voluntary choice of the users to employ such techniques; however, we believe that it is important that they (i) have the necessary tools, and (ii) are sufficiently equipped to make informed decisions in this regard. Notably, as we have demonstrated, users who have even taken the extra precautions to anonymize with current anonymizers are currently insufficiently protected from such inferences. **Q1.5: How did the numbers 100x lower cost and 240x lower time investment come to be?** We refer to our answer of CQ1 in the common section above. Further, we want to highlight again the extreme scalability (and its expectation to increase further) inherent to technical products such as LLMs that cannot easily be replicated with humans. Since submission, the cost for GPT-4 inferences has been lowered by roughly 3x, and inferences tend to be faster with the Turbo model. Independently, if we did not have rate-limit restrictions, we could have run all profiles in GPT-4 in parallel, resulting in a potential runtime of just 20 seconds (a malicious actor could also create multiple API accounts or run a local model). We also note that both labelers are familiar with traditional search engines to the point where additional training would most likely amount to only marginal benefits. **C1.6: The work is irreproducible.** We firmly believe that not releasing the annotated profiles is the best way to provide aggregated insights while respecting the users' privacy and minimizing ethical concerns as noted by other reviewers. At the same time, we are also aware of the shortcomings of this approach and have hence opted for providing an comparably sized manually-reviewed set of synthetic examples that can also be used as a qualitative reference for our observations. [1] H. Berghel, ""Equifax and the Latest Round of Identity Theft Roulette,"" in Computer, vol. 50, no. 12, pp. 72-76, December 2017, doi: 10.1109/MC.2017.4451227. [2] Gwebu, Kholekile, and Clayton W. Barrows. ""Data breaches in hospitality: is the industry different?."" Journal of Hospitality and Tourism Technology 11.3 (2020): 511-527. [3] https://www.michigan.gov/ag/news/press-releases/2023/10/06/ag-nessel-notifies-michigan-residents-of-mclaren-ransomware-attack [4] https://www.bloomberg.com/news/articles/2023-07-07/character-ai-chatbots-are-tech-s-weirdest-1-billion-hit [5] https://openai.com/research/gpt-4v-system-card

We thank the reviewer for their feedback and will respond to the raised questions below. **Q1.1: What are potential follow-up works in this area?** After this initial study, we see several promising directions for future research. From the adversarial perspective, how such attacks could be made stronger (e.g., via RAG, fine-tuning, etc.) or translated to new modalities (especially with the rise of multi-modal models) such as images. At the same time, our discussions with model providers have shown us that this issue is taken seriously in the industry, fueling the need for better defenses (both from the provider and user side). This is a challenging topic as such inferences commonly cannot be as easily quantified as, e.g., the generation of toxic comments. Nevertheless, we got feedback that specific alignments against such inferences are planned for newer generations of these models. Additionally, improving user-side defenses, such as anonymization, or developing other mitigation methods is also a promising and worthwhile research direction to pursue. Overall, the ground for all these directions is the awareness that such inferences are possible, and we believe our paper makes a valuable contribution in this regard. **Q1.2: How could a potential cross-referencing attack work in practice?** We agree with the reviewer that such attacks require additional effort. At the same time, it needs to be said that especially with open access to US voter records, there are many instances where having access to city, age, and ethnicity is sufficient to uniquely identify an individual in such freely available databases (e.g., voterrecords.com) and only a limited amount of additional effort is required. Further, LLM inferences could be applied in cases where partial knowledge of these attributes is available (e.g., IP, mail addresses shared with a bot provider or even records that are part of large breaches [1,2,3]), and these could be linked with attributes (e.g., mental health status) extracted from conversations/posts. **Q1.3: Aren’t coercion attacks reasonably easy to thwart with prompt injections that reveal the system-prompt?** First, we agree with the reviewer that a vigilant security-aware user could (at the current state of LLMs) likely extract the system prompt. At the same time, we have to be aware that a large majority of chatbot users do not possess the knowledge nor the skills necessary to regularly check whether the chatbot they are currently interacting with contains an adversarial system prompt (especially when the bot is instructed not to reveal it). This danger increases with the proliferation of chatbots (character.ai alone has over 16 [4] million chatbots) and the ever-increasing number of people (100 Mio monthly users of OpenAI) using them in various aspects of life."	"We thank the reviewer for their feedback and will respond to the raised questions below. **Q4.1: The labeling procedure should include multiple labels for each profile.** We agree with the reviewer that multiple labels for each profile are an optimal solution. At the same time, labeling the profiles is very expensive (as highlighted in the paper). Since then we have cross-labeled $\sim$25% of the dataset. From this, we found that labelers agree on >90% (222 of 246 attributes) of the labels that both reviewers reported a certainty of at least 3 (i.e., the setting used in the paper). Out of the non-aligned 24 examples, we found only 7 ($\sim$3%) with strong disagreement (e.g., no relation vs. in relation), while the rest were all either less precise (""Boston"" vs. ""Massachusetts"") or very close within a neighboring category (e.g., ""divorced"" vs. ""no relation""). Empirically, we found that such adjacent cases are commonly accounted for in LLMs' top-2 and top-3 accuracies. We added these results to the paper to improve the clarity on the issue. On the 222 labels where both reviewers agreed, GPT-4 has a Top-{1,2,3} accuracy of 92.7%, 98.1%, and 99.09%, respectively. We also thank the reviewer for spotting an issue in the synthetically created sample. We introduced this error while writing some synthetic examples by hand, and it has been carried forward. We have corrected this in the updated version of the submission. **Q4.2: How did we get the cost and time estimates of 100x and 240x respectively.** We refer to our answer of CQ1 in the common section. In particular, we compare the estimated time it would take a single human labeler to go through PersonalReddit (as measured by the time it took us) and compare it with the realized runtime of our inference script using GPT-4. From this, we also derive the cost savings by assuming an hourly labeling wage of 20 USD. Since our study, OpenAI both increased rate limitations by 2x and decreased cost on newer versions of GPT-4 by roughly 3x, which in practice would favor LLMs even more.

We thank the reviewer for their feedback and will respond to the raised questions below. **Q2.1: Can you explain your choice of metrics / experiment design better? Why did you use accuracy for age?** Certainly, and we also improved the respective section in the paper. In particular, we did not use MSE for our age prediction experiments as we required a metric that (1) allowed both concrete ages and age ranges (and combinations) as inputs and (2) could be aggregated with our other metrics. A common choice in prior works, including privacy [1] and age estimation [2,3], is to evaluate accuracy based on a thresholding criterion. This was also done in, e.g., past PAN competitions [4], where age prediction accuracy was computed on discrete target ranges. We agree with the reviewer that these choices need to be made more explicit in the paper, which we have accounted for in our updated version uploaded alongside this rebuttal answer. **Q2.2: Did you have ethical considerations before publishing the work?** Yes, hence our decision not to publish any annotated profiles (and only release synthetic examples). We also proactively contacted all major LLM providers in the study to inform them of potential risks (and offering active conversations) before making any draft of our manuscript public. Concerning the dataset itself, we want to note that we only used public comments that are already available in a pre-existing dataset on HuggingFace (in particular, we did not scrape them). The used dataset [5] and (contained) Reddit comments have been extensively used in prior research [6,7,8,9,10]. Given these precautions and our decision not to disclose our annotations, we determined that an IRB review was not necessary. Overall, we share the reviewer's intuition on the ethical and privacy concerns of our findings, which we believe to have addressed to the maximum extent within our means. We also believe that one of the most important contributions we as privacy researchers can make is revealing such vulnerabilities, which ultimately allows for patching them, prohibiting malicious actors from silently exploiting vulnerabilities. **Q2.3: Which steps were taken to ensure the quality of the synthetic examples?** We refer to our answer of CQ2 in the common section. In particular, all synthetic examples were manually inspected by the same human labelers as the PersonalReddit dataset to ensure that hardness levels across attributes are aligned with what has been observed there. This also included re-adjusting hardness scores or completely removing individual samples. [1] Mark Vero, Mislav Balunović, Dimitar I. Dimitrov, Martin Vechev: “TabLeak: Tabular Data Leakage in Federated Learning”, 2022; arXiv:2210.01785. [2] Morgan-Lopez AA, Kim AE, Chew RF, Ruddle P (2017) Predicting age groups of Twitter users based on language and metadata features. PLOS ONE 12(8): e0183537. https://doi.org/10.1371/journal.pone.0183537 [3] Levi, Gil, and Tal Hassner. ""Age and gender classification using convolutional neural networks."" Proceedings of the IEEE conference on computer vision and pattern recognition workshops. 2015. [4] Rosso, Paolo, et al. ""Overview of PAN’16: new challenges for authorship analysis: cross-genre profiling, clustering, diarization, and obfuscation."" Experimental IR Meets Multilinguality, Multimodality, and Interaction: 7th International Conference of the CLEF Association, CLEF 2016, Évora, Portugal, September 5-8, 2016, Proceedings 7. Springer International Publishing, 2016. [5] Baumgartner, Jason, et al. ""The pushshift reddit dataset."" Proceedings of the international AAAI conference on web and social media. Vol. 14. 2020. [6] Medvedev, Alexey N., Renaud Lambiotte, and Jean-Charles Delvenne. ""The anatomy of Reddit: An overview of academic research."" Dynamics On and Of Complex Networks III: Machine Learning and Statistical Physics Approaches 10 (2019): 183-204. [7] Finlay, S. Craig. ""Age and gender in Reddit commenting and success."" (2014). [8] Hada, Rishav, et al. ""Ruddit: Norms of offensiveness for English Reddit comments."" arXiv preprint arXiv:2106.05664 (2021). [9] Turcan, Elsbeth, and Kathleen McKeown. ""Dreaddit: A reddit dataset for stress analysis in social media."" arXiv preprint arXiv:1911.00133 (2019). [10] Proferes, Nicholas, et al. ""Studying reddit: A systematic overview of disciplines, approaches, methods, and ethics."" Social Media+ Society 7.2 (2021): 20563051211019004.

We thank all reviewers for their helpful feedback and will address raised concerns individually under each review. Questions asked by multiple reviewers will be also answered in the common section below (and referred to in the individual responses). In response to the feedback, we have made the following changes to the submission: Included an additional appendix section for the speedup calculation. Improved the clarity of the baseline in the ACS experiments. Included numbers and descriptions of the cross-labeling procedure. Fixed syntax and grammar as pointed out by reviewers. Adapted the synthetic example to be consistent. **CQ1: Can you explain how you arrived at the 100x lower cost and 240x lower time estimates?** Certainly! Please note that the numbers compare a single human labeling the entire dataset vs. a single human running exactly our inference script (which can run multiple instances of GPT-4, a realistic scenario in case a malicious actor wants to infer personal attributes at scale). In case we compare the individual time taken for a single profile, we find that GPT-4 usually takes around 5-20 seconds while human labelers take a few minutes for an average length profile (this includes, e.g., searching information online). With respect to the concrete numbers, we made the following estimation: PersonalReddit was labeled by two humans (authors of the paper). This took around a whole week (i.e., 7 days), with both people working on it around 8 hours per day. Note that some of the profiles in the dataset can be quite long (our cutoff of 3000 tokens corresponds to roughly 4.5 single-line spaced pages of text). In particular, when labelers had to combine multiple pieces of information over long profiles, including internet searches, some individual profiles could take more than 30 minutes each. However, we agree with reviewer R-buQH that we became slightly faster in our labeling after seeing more samples. Yet, in a practical setting, such training of human labelers also increases upfront costs. In contrast, we could run the actual inference for all profiles in GPT-4 in around 27.5 minutes (at a cost of ~20 USD), leading to a total speedup of (112*60/27.5 = 244.36). For this, we used (only) 8 parallel workers to reduce the number of rate limit timeouts. Cost-wise, we assumed a standard rate of 20 USD per hour for human labeling, yielding a total cost of roughly 2250 USD, which is ~100x of GPT-4. At this point, it is important to reiterate that the bottleneck for the GPT-4 evaluation was the OpenAI rate limit. With an increase of this limit (as recently announced [1]), the inference speed-up scales linearly, reaching around 20 seconds (the longest individual inference time we observed for a single profile) in the limit for the whole dataset. Similarly, the prices for GPT-4 (Turbo) inferences have been cut by roughly 3x just last week, skewing the price comparison further in the LLM's favor. Based on the reviewer's feedback, we clarified both the numbers and reasoning in the paper. [1] https://openai.com/blog/new-models-and-developer-products-announced-at-devday"			
i8PjQT3Uig__r03	ICLR.cc/2024/Conference	Locality Sensitive Sparse Encoding for Learning World Models Online	6: marginally above the acceptance threshold	4: You are confident in your assessment, but not absolutely certain. It is unlikely, but not impossible, that you did not understand some parts of the submission or that you are unfamiliar with some pieces of related work.	"[weaknesses] This paper has two main weaknesses. Firstly, there is no comparison to state-of-the-art MBRL strategies that use world models, e.g. Dreamer/TD-MPC. As such, there is no experiment highlighting the main issue that the paper is trying to address: that NN-based world models suffer from catastrophic interference due to non-stationary data. Second, all of the RL experiments are in simple RL environments. From the current results, it is impossible to know how practically useful this world model is. There is no discussion about its limitations nor is there a comparison to other model-based RL algorithms that use world models. Sure the proposed method works on some simple RL environments but can it scale to difficult environments like humanoid and can it handle image-based observations? It is OK if the method cannot do this but it should be addressed in the text. Moreover, it should be made clear what benefit it does have over other world model methods (like Dreamer). For example, I'd like to see a state-of-the-art world model method (like Dreamer) performing poorly/failing because it cannot handle non-stationary data. I also have questions regarding the training of the NNs in the experiments. Did the full-replay experiment involve resetting the neural network's weights? If so, what initialization was used? When was the NN training stopped? Was the data split into train/validation sets and used to stop training when the validation loss stopped improving? The paper needs more details to explain exactly how this was implemented. In my experience, these steps are important to ensure the NNs don't overfit on early data sets. I am also unsure why the full-replay strategy (which is model-based), does not appear to have better sample efficiency than the model-free experiment. Am I missing something here? Perhaps this is an interesting point for discussion. Do the high-dimensional features sacrifice sample efficiency in favour of formulating a linear model which can handle the non-stationary data? I'm not sure if this is correct. My main point here is that the paper has not answered all of my questions about the method. The experiments tell the first part of a nice story. Table 1 compares to other encoding methods and Fig. 3 clearly shows how the method handles covariate shift better than NNs. Fig. 4 also acts as a nice ablation for comparing the method to other CL strategies within the same set-up. However, the experiments section lacks a comparison to other MBRL strategies which use world models. In particular, there is no experiment highlighting the main issue the paper is trying to address. That is, there is no MBRL experiment failing due to the non-stationarity of the training data. Minor comments and corrections: - The abstract is very long. I would recommend shortening it. - Sections shouldn't lead straight into subsections (Section 4/4.1, 5/5.1, B/B.1, C/C.1). There should be text explaining what the reader can expect to read in the section. - In the first paragraph of Section 2.2, the reward function is defined as $R(\mathbf{s}, \mathbf{a}, \mathbf{s}')$ but then in the optimal policy equation you use $R(\mathbf{s}, \mathbf{a})$. - Fourth line of Section 2.2 the initial state distribution is $\rho$ but earlier it is $\rho_0$. - Third paragraph of Section 2.2 - ""We firstly formulate"" should be ""We first formulate"". - Section 2.1 - ""When the input is a convex set $\mathcal{S}$, the prediction a vector $\mathbf{w}_{t} \in \mathcal{S}$"". This sentence doesn't read properly. - $\rho$ is used to denote the initial state distribution and to denote the dimension of the grids in Section 3.2. - What is the value of $\delta$ in Fig. 1? - What are $\pi_0$, $\pi_t$ and $\pi_{t'}$? - The first sentence of the abstract says model-based RL has better sample efficiency. Better than what? It's model-free counterparts? - It is unusual to end the paper with a section titled ""Summary"". I recommend changing this to ""Conclusion"".

[questions] - What are the limitations of the proposed method? Can it handle image observations? Can it scale to difficult environments like Humanoid? - Why haven't you compared to any other world model algorithms? E.g. Dreamer, TD-MPC. - How was the NN full-replay experiment implemented? Did the full-replay experiment involve resetting the neural network's weights? If so, what initialization was used? When was the NN training stopped? Was the data split into train/validation sets and used to stop training when the validation loss stopped improving?

[summary] This paper presents a world model for model-based reinforcement learning (RL) which can be learned online and does not require full retraining on all previous data. The authors highlight that training world models is subject to issues arising in continual learning. That is, each sequential data set can be interpreted as coming from a new task and thus the world model needs to be retrained after each agent-environment interaction. This is because the data collected via agent-environment interaction is non-stationary. They propose a world model based on a linear regression model which uses high-dimensional nonlinear features. Importantly, the linear model can be updated given new data whilst retaining good predictive performance on old data. They compare their feature encoding method to other feature encoding techniques in an image denoising task on MNIST. They then evaluate their method's ability to handle training data covariate shift in an artificial online learning experiment. Finally, they evaluate their method's ability to combat non-stationary data in model-based RL."	"Thank you very much for appreciating the originality of our paper, as well as your detailed feedback and suggestions. We have updated the paper with text changes highlighted in yellow, and elaborate on each of the questions below. **1. There is no experiment highlighting the main issue that the paper is trying to address: NN-based world models suffer from catastrophic interference due to non-stationary data.** Experiments in Section 5 are designed to compare our method with different variants of NN-based world models while keeping the value/policy learning the same. Except for the “Model-free” setting, all other baselines train NN-based world models. From Figure 4, we can observe that NN-based world models trained online (referred to as “Online” in the legend) show inferior performance. This is an indication that they suffer from catastrophic interference due to non-stationary data. As a result, the online learned NN world model could only generate synthetic transitions of poor quality, deteriorating the agent performance. Applying continual learning techniques (such as “SI” and “Coreset”) alleviates the forgetting issue to some extent. And learning world models with our method outperforms other baselines for most environments. **2. Why aren't SoTA MBRL algorithms (e.g., Dreamer/TD-MPC) included for comparison?** First, we hope that we can get aligned to the point that NN-based MBRL suffers from catastrophic forgetting, including the SoTA algorithms. The arguments are following, 1. Catastrophic forgetting is a universal phenomenon for neural networks. 2. Existing end-to-end NN-based MBRL methods, such as Dreamer, TD-MPC, and MuZero, etc. rely heavily on techniques to make data more stationary, for example, maintaining a large replay buffer, updating the target network once in a while, or simultaneously running multiple environments. When these components are removed, they would fail to work. 3. However, when they fail we don't know how much is due to the forgetting in policy/value/model because all components are entangled and trained end-to-end in these methods. If we're aligned on the point that NN-based MBRL suffers from catastrophic forgetting due to non-stationary data, then what we're studying is that we focus on making the world model fully online, which relies on *none* of the above techniques. With this scope, we only compare our world models and NN-based world models using the Dyna architecture, because it decouples policy/value learning from model learning, making an apple-to-apple comparison on model learning possible. **3. Can your method work for more difficult tasks like Humanoid or handle image-based observations?** Currently, we have not validated it for more challenging tasks like you mentioned. In Humanoid, the dimension of the state is very high, posing a curse of dimensionality to our method. For image-based observations, finding a compact representation with a non-trainable encoder is non-trivial, and our attempts so far do not yield positive results. We have added a Limitation section on page 9 to address them in the paper.

**4. Does the benefit come from policy learning or model learning?** Thanks for this insightful question. We agree that sparse representation helps continual policy learning [3,4,5], as it could potentially reduce the catastrophic interference in NNs. However, in this work, we utilize the high-dimensional sparse representation **only during model learning** for Losse-FTL, while keeping policy/value learning the same for apple-to-apple comparison. Therefore, we believe the benefit indeed comes from model learning; better model learning ensures a better quality of synthetic transitions to be used for policy/value learning. **5. Why does the proposed algorithm sometimes even outperform the Full-replay baseline?** We agree that theoretically, Full-replay should be as good as ours in eliminating forgetting. We hypothesize that the reason for our method outperforming Full-replay in some tasks is due to the criterion we adopt for “convergence” – at which point we stop the NN training, while ours is solved incrementally in closed form. Apart from the convergence criterion, there is more brittleness in NN training in this case. For example, not resetting the weights may make NNs overfit early data; but when to reset is hard to know because there are no explicit task boundaries; even if we know when, resetting and training from scratch is even more time-consuming and impractical for lifelong agents. We have updated the paper on page 8 about “Full-replay” to clarify the experimental settings. **6. Other issues.** Thanks for pointing out the issue of Algorithm 1 and the need for better notations. We have updated them directly in the text. To be more specific on Dyna architecture, we remove the original Algorithm 1 and use a diagram of Dyna in Figure 2 to give a more intuitive illustration in Section 2.2. It also took us some time to consider the term “world model” in this context. We agree that it can refer to tasks that are more challenging, as envisioned in [6]. We hope to retain it for several reasons. (1) Simply using “model” is common in RL contexts, but we feel it might be confusing since “model” is frequently referred to with different contexts, e.g. linear model. In the title, especially, without some hints about RL, people may not recognize “model” refers to the world model. (2) Other terms like “dynamics model” only describe the dynamics part but not the reward part. We also thought of the “environment model”, however, it is not very commonly seen in literature. In the paper, we also tried to put the term “world model” in the context of MBRL, to avoid misunderstanding. Please let us know if there are more suitable terms. --- Thank you again for your detailed feedback and suggestions, and we hope our responses and new experiments were able to address any remaining concerns. Please do let us know if you have any further questions as well as what would be expected for score improvement. ### References [1] Huang, G. B., Chen, L., & Siew, C. K. (2006). Universal approximation using incremental constructive feedforward networks with random hidden nodes. IEEE Trans. Neural Networks.\ [2] Knoll, B., & de Freitas, N. (2012). A machine learning perspective on predictive coding with PAQ8. In 2012 Data Compression Conference.\ [3] Pan, Y., Banman, K., & White, M. (2021). Fuzzy tiling activations: A simple approach to learning sparse representations online. In ICLR.\ [4] Liu, V., Kumaraswamy, R., Le, L., & White, M. (2019). The utility of sparse representations for control in reinforcement learning. In AAAI.\ [5] Lan, Q., & Mahmood, A. R. (2023). Elephant Neural Networks: Born to Be a Continual Learner. In ICML Workshop on High-dimensional Learning Dynamics.\ [6] LeCun, Y. (2022). A path towards autonomous machine intelligence version 0.9. 2, 2022-06-27. Open Review, 62.

**4. NN training details for the Full-replay experiment.** The Full-replay experiments did not involve resetting the NN’s weights. We have tried resetting the weights but empirically found this required much more compute budget since it trained from scratch every time, which is impractical for a lifelong RL agent. Besides, it raises another design choice about when to reset, which may be not trivial since there are no explicit task boundaries. Instead, we “finetune” a single model continuously, with the train/holdout split (with a ratio of 8:2) to determine when to stop the training and avoid overfitting. We agree that training without resetting weights is likely to overfit early data sets, but empirically this seems okay. We closely follow the codes of MBPO (https://github.com/jannerm/mbpo), which also store all previous experiences and do periodic training without weights resetting, for our implementation. We have updated the paper and provided more details about NN training in Section 5.1 on page 8. **5. Why isn’t the Full-replay MBRL better than the model-free baseline?** The expectation that Full-replay MBRL should outperform the Model-free baseline is based on an assumption: an accurate world model is learned such that it can synthesize transitions on which planning updates accelerate value/policy learning. However, achieving so is non-trivial. As you have mentioned, successful training requires stopping training properly. Though we have employed a train/holdout split to determine when to stop, our parameters may not be optimally set. Apart from this, there is more brittleness in NN training in this case. For example, as you mentioned, not resetting the weights may make NNs overfit early data; but when to reset is hard to know because there are no explicit task boundaries; even if we know when, resetting and training from scratch is even more time-consuming and impractical for lifelong agents. In our experiments, we choose not to reset the weights for efficiency consideration, and this might be a source of training difficulty that leads to inferior Full-replay results, especially for Acrobot environment. **6. Other minor corrections.** Thank you very much for the detailed feedback! We have updated the paper to address all the mentioned issues. --- Thank you again for providing insightful comments which helped us to improve our paper, and we hope our responses and updates in the text were able to address any remaining concerns. Please do let us know if you have any further questions as well as what would be expected for score improvement."	"Thank you very much for recognizing that the problem we attempt to tackle (learning models online) is important in RL, as well as your constructive feedback and suggestions. We have updated the paper with text changes highlighted in yellow, and elaborate on each of the questions below. Note that the points below do not match those in the original questions due to reorganization, but they cover all questions. **1. Why is the particular sparse representation chosen?** We adopt linear models to have guaranteed online learning performance without forgetting. However, linear models cannot fit complex functions. Adding a nonlinear random feature turns linear models into universal approximators [1], but this usually requires a very wide layer to have good capacity. We make our high-dimensional representation sparse to achieve efficient incremental update. In addition, we also compare our sparse representation with other encoding methods and we show favorable results (Table 1). The idea of our sparse update is inspired by the model mixer in [2]. We have updated the paper on page 6 with a “concluding remark” to make this point clearer. **2. Why is FTA not included in the experiments?** Fuzzy Tiling Activation (FTA) [3] proposes an effective way to reduce catastrophic forgetting of neural networks in online continual learning problems, by learning sparse activations inside the NNs. In Section 4.2, we only borrow their nonstationary online learning setting (the Piecewise Random Walk) and show our method is more capable than NNs of learning temporally correlated data. However, we did not include experiments to compare FTA and our method in either SL or RL settings, for the reasons below. In SL, from Figure 3.c of [3], we can see FTA slightly suffers from nonstationarity if the data is highly correlated. The reason could be that FTA only mitigates the catastrophic forgetting issue in NNs, but it does not fully solve the problem. Therefore, we explore a more assured pathway in this work, by which a Follow-the-Leader solution can be obtained online efficiently, aiming to **eliminate** catastrophic forgetting. As Figure 3 in our paper suggests, Losse-FTL can attain very low error for all levels of correlation, showing its non-forgetting property. In RL, we have attempted to integrate the official FTA codes into NN-based world models, but we found it hard to make it work well (perhaps due to hyper-parameter tuning, such as the tiling dimension $k$ and the sparsity factor $\eta$, or where the FTA layer should be applied). Nevertheless, we compared our method with other representative continual learning techniques, including Synaptic Intelligence and Coreset, to show its effectiveness. **3. Do you update both your model and representation every environment time step?** Our high-dimensional sparse representation is not learnable with a prefixed random projection matrix. Thus we only update the model (the linear weights) but not the representation. For all RL experiments, we keep the update interval as $25$ time steps for discrete control tasks and $250$ for continuous control tasks to accelerate the experiments. However, we note that our updates are much more efficient compared to NN-based ones with replay (referring to Figure 5) because the latter needs to train until convergence over accumulated experiences.

**4. Does the benefit come from policy learning or model learning?** Thanks for this insightful question. We agree that sparse representation helps continual policy learning [3,4,5], as it could potentially reduce the catastrophic interference in NNs. However, in this work, we utilize the high-dimensional sparse representation **only during model learning** for Losse-FTL, while keeping policy/value learning the same for apple-to-apple comparison. Therefore, we believe the benefit indeed comes from model learning; better model learning ensures a better quality of synthetic transitions to be used for policy/value learning. **5. Why does the proposed algorithm sometimes even outperform the Full-replay baseline?** We agree that theoretically, Full-replay should be as good as ours in eliminating forgetting. We hypothesize that the reason for our method outperforming Full-replay in some tasks is due to the criterion we adopt for “convergence” – at which point we stop the NN training, while ours is solved incrementally in closed form. Apart from the convergence criterion, there is more brittleness in NN training in this case. For example, not resetting the weights may make NNs overfit early data; but when to reset is hard to know because there are no explicit task boundaries; even if we know when, resetting and training from scratch is even more time-consuming and impractical for lifelong agents. We have updated the paper on page 8 about “Full-replay” to clarify the experimental settings. **6. Other issues.** Thanks for pointing out the issue of Algorithm 1 and the need for better notations. We have updated them directly in the text. To be more specific on Dyna architecture, we remove the original Algorithm 1 and use a diagram of Dyna in Figure 2 to give a more intuitive illustration in Section 2.2. It also took us some time to consider the term “world model” in this context. We agree that it can refer to tasks that are more challenging, as envisioned in [6]. We hope to retain it for several reasons. (1) Simply using “model” is common in RL contexts, but we feel it might be confusing since “model” is frequently referred to with different contexts, e.g. linear model. In the title, especially, without some hints about RL, people may not recognize “model” refers to the world model. (2) Other terms like “dynamics model” only describe the dynamics part but not the reward part. We also thought of the “environment model”, however, it is not very commonly seen in literature. In the paper, we also tried to put the term “world model” in the context of MBRL, to avoid misunderstanding. Please let us know if there are more suitable terms. --- Thank you again for your detailed feedback and suggestions, and we hope our responses and new experiments were able to address any remaining concerns. Please do let us know if you have any further questions as well as what would be expected for score improvement. ### References [1] Huang, G. B., Chen, L., & Siew, C. K. (2006). Universal approximation using incremental constructive feedforward networks with random hidden nodes. IEEE Trans. Neural Networks.\ [2] Knoll, B., & de Freitas, N. (2012). A machine learning perspective on predictive coding with PAQ8. In 2012 Data Compression Conference.\ [3] Pan, Y., Banman, K., & White, M. (2021). Fuzzy tiling activations: A simple approach to learning sparse representations online. In ICLR.\ [4] Liu, V., Kumaraswamy, R., Le, L., & White, M. (2019). The utility of sparse representations for control in reinforcement learning. In AAAI.\ [5] Lan, Q., & Mahmood, A. R. (2023). Elephant Neural Networks: Born to Be a Continual Learner. In ICML Workshop on High-dimensional Learning Dynamics.\ [6] LeCun, Y. (2022). A path towards autonomous machine intelligence version 0.9. 2, 2022-06-27. Open Review, 62.

Thank you very much for highlighting our comprehensive experimental results, as well as your valuable feedback on the paper presentation. We have updated the paper with text changes highlighted in yellow, and elaborate on each of the questions below. **1. Significant discussion on catastrophic forgetting in the introduction but little discussion in the main text and left in the appendix.** Thanks for this suggestion to improve our paper presentation. We have updated the paper such that catastrophic forgetting is emphasized more in the main text, especially at the end of Section 3 on page 6. Due to the space constraints, however, we still use Appendix A for more detailed discussions. **2. Other issues regarding the notations.** We have updated accordingly in the paper. --- Thank you again for your feedback to help us refine the paper quality, and we hope our responses and updates in the text were able to address any remaining concerns."			
BTKAeLqLMw__r03	ICLR.cc/2024/Conference	What Makes Good Data for Alignment? A Comprehensive Study of Automatic Data Selection in Instruction Tuning	5: marginally below the acceptance threshold	2: You are willing to defend your assessment, but it is quite likely that you did not understand the central parts of the submission or that you are unfamiliar with some pieces of related work. Math/other details were not carefully checked.	"[weaknesses] This paper is ""ok"" but not particularly enticing. The topic is trendy but the approach is not technically challenging or particularly innovative. I have recently read a number of papers on this topic of instruction mining with LLaMA/Alpaca–to name a few - a. ALPAGASUS : TRAINING A BETTER ALPACA WITH FEWER DATA - b. Instruction Mining: High-Quality Instruction Data Selection for Large Language Models - c. InstructionGPT-4: A 200-Instruction Paradigm for Fine-Tuning MiniGPT-4 The technical body of these papers are uncomfortably similar. Combining a number of existing metrics (often in trivial ways) such as quality, diversity, etc. as a new evaluation metric and conducting the evaluations largely with the help of GPTs. And the end goals are also the same–to achieve comparable or better performance with fewer samples. I'm not sure how much ""research gap"" remains there and how individual works may continue to contribute to that–at least, this concern is still not resolved by this paper. In terms of quality, the construction of this paper is simple. It does not have many ablation studies or insightful discussions of design choices/novel findings. No additional results or further discussions are provided in the Appendix. It is an ""okay"" paper without much particular. Given its position in this apparently overly populated track, I would not be very interested in seeing it at the conference and vote against publishing it. - Reproducibility: Code, data, model checkpoints, or data selection tools are not provided during the reviewing phase. - Format: Appendix is not cut from the main paper. The PDF provided for the main paper is this 20-page document.

[questions] If the authors wish to further develop this work toward publication at a future venue, I suggest the authors to 1. spend significant effort in discussing the current research landscape and identify a valid (important and essential) research gap that this work will make a substantial and unique contribution to. This is my main concern for this line of work. 2. improve the quality of the paper. If its extent of innovation is capped by the many other papers out there, this work needs to have a high quality to be a valid contribution. This includes conducting more experiments and ablation studies and discussing design choices and novel findings. 3. improve the technical approach. The current methods documented in this paper do not seem particularly novel compared to existing works and its technical contributions seem capped by the heavy reliance on GPTs. If the authors could design original technical approaches (new metrics, new evaluation methods, novel ways for combining different metrics), the paper could be made much more attractive. - Appendix should not be submitted under the main paper.

[summary] This paper investigates the trendy problem of selecting high-quality instructions for fine-tuning pre-trained language models (PLMs). The paper aims to provide an automated pipeline for this selection problem. Following recent works, sample quality is evaluated on three dimensions: complexity, quality, and diversity where this evaluation is conducted by other LMs such as GPT-4. The paper validates the proposed approach with LLaMA-1 and shows that when selecting samples from a larger pool of lower-quality data, the proposed method, DEITA (Data-Efficient Instruction Tuning for Alignment), is able to match the performance of current open-source alignment models with a small fraction of fine-tuning data."	"Thank you for the time and comments, we have enriched our evaluation with additional strong results on more benchmarks with different backbone models, please refer to the General Response for details. We address your separate concerns below. ### Q1: How much “research gap” remains in instruction mining or SFT data selection? What is the research gap that this work contributes to? We respectfully disagree with the reviewer on these comments about this research line in general, as well as our work’s contribution and significance. While we have no doubt that the reviewer understands these “simple” methods from previous works and our study, we believe there may be an oversight from the reviewer regarding the overall progress and current state of this research direction. To provide context, we would like to briefly summarize recent advancements in SFT data selection, which will illustrate the ""research gap"" and the broader picture. Initial studies like Self-instruct [1] and Alpaca [2] showed that medium-sized datasets (ranging from 50k to 100k samples) could endow pretrained models with effective instruction-following capabilities, though Alpaca was later identified as a weak baseline upon more rigorous evaluations. LIMA [3] highlighted the significance of data selection in SFT by using just 1,000 carefully chosen or human-crafted samples to surpass Alpaca's performance. However, these samples were not selected automatically. Alpagasus [4] and Instruction Mining [5], as the reviewer mentioned, began exploring automatic data selection in SFT. Yet, their comparisons were limited to random baselines or the already weak model Alpaca at the time. They did not conduct standard evaluations on challenging benchmarks like MT-bench/AlpacaEval nor did they compete with strong models such as Vicuna and WizardLM. This indicates a clear gap: **no study in automatic data selection has demonstrated practical effectiveness through evaluations on challenging benchmarks and against SOTA open-source SFT models -- we do not know whether [4] and [5] really work or not from their weak evaluations**. This gap is significant as it leaves unanswered questions about the potential and practicality of automatic data selection and whether it can lead to SOTA open-source SFT models. We note that [4] and [5] have updated their papers with more evaluations and baselines *after* the ICLR submission deadline, which we hope the reviewer realizes. However, even in their latest versions, [4] does not compare with any other state-of-the-art open-source SFT model. Our approach has significantly outperformed it (as shown in Table 5 of our paper). Meanwhile, [5] does not report standard MT-bench and AlpacaEval scores. ### Q2: Our contribution and significance over previous/recent works on instruction mining. Following the response above, our research stands out as the *first* to propose an automatic data selection approach that consistently demonstrates strong performance across multiple challenging benchmarks, including MT-bench, AlpacaEval, and the Open LLM Leaderboard. Our approach outperforms other data selection methods by a large margin (Table 5), yielding results that are comparable to, or even surpass, those of SOTA open-source SFT models such as Vicuna, WizardLM, and Mistral-Instruct. These empirical results – being the first to achieve SOTA open-source performance with 10x less data selected automatically – is particularly noteworthy because it suggests that our approach, the datasets selected, and the data selection tools we have developed can be practically and beneficially applied by a broad spectrum of researchers and practitioners. In terms of technical innovation, our approach diverges from previous methodologies. We utilize an evolving strategy to elicit more faithful complexity and quality scores from ChatGPT, as opposed to a direct scoring method, which our results (shown in Tables 2 and 3) indicate is less effective. While we recognize that the combination of metrics and reliance on GPT models are not novel, we have no reason to complicate things when we find such simple or trivial combinations of our proposed metrics are highly effective. Methodologically, exploring alternatives to GPT reliance is an intriguing future direction, yet it was not deemed essential for the current scope of this paper, particularly given that our data selection tool does not require ChatGPT at the inference stage. Furthermore, we would like to remind the reviewer that both Alpagasus and InstructionMining were first arxived within 3 months prior to the ICLR submission deadline. According to the ICLR official reviewer guide (https://iclr.cc/Conferences/2024/ReviewerGuide#Reviewing%20instructions), such works are regarded as concurrent. While we still believe our work represents significant advancements beyond these studies as described above, we urge the reviewer to consider this timing factor as well when evaluating our research.

### Q4: Are these scores comparable across evolved sets from different seed examples? This is a good point. To answer this question, we conduct human evaluation on randomly selected 50 sample pairs from the ChatGPT complexity score pool – any example pair is not from the same evolved set. The authors then score each pair of examples from five categories: “A is significantly more complex than B”, “A is slightly more complex than B”, “neither is more complex”, etc. Then we compute the agreement score between the authors and ChatGPT – first, we transform the ChatGPT scores to pairwise judgment. We count it as “significantly better/worse” when the difference between ChatGPT scores is larger than 2, “slightly better/worse” for difference of 1, and tie in the case of 0. If ChatGPT has a high agreement score with the authors, that means the ChatGPT scores are comparable across evolved sets. In the “significantly better/worse” sample pairs, the ChatGPT scores are highly consistent with the authors, producing 83% agreement rate, which means the ChatGPT scores are comparable across evolved sets when the scores are not very close. In the “slightly better/worse” or tie categories, the authors also assign “slightly better/worse” or tie labels to 96% of such samples, suggesting high coarse-grained consistency. However, the fine-grained agreement on the three labels (slightly better/worse, tie) is only 43% – we find that it is hard even for humans to be consistent on comparing the slightly different complexity of instructions, especially when the two instructions are not relevant. We tried to repeat the above experiments for quality scores as well, but we found that it is really difficult for humans to compare the quality of two responses that correspond to two very different query instructions. ### Q5: Is it possible for the diversity criterion to end up selecting outliers in the datasets? How can this issue be fixed? We agree with the reviewer that the diversity criterion may select outliers in the dataset. . However, we think the outliers may not be always bad – being diverse and infrequent, the outliers may actually increase the diversity of the selected SFT dataset. Although outliers in a dataset are often considered as low-quality samples, our score-first data selection approach should have filtered out the low-quality samples in the first step. ### Q6: Can you use a different (smaller?) model for computing distances than the one you instruction-tune? We have performed ablation analysis on the embedding model in Appendix C of the original submission. Figure 4 shows that a smaller model, E5-Large-v2 (a SOTA sentence embedding model), is more sensitive to the threshold $\tau$, and its performance exhibits a significant decline compared to LLaMA.. ### Q7: DEITA-6K loses more to the random selection baseline than to the Vicuna model according to the human evaluation We agree that this is a bit surprising, and we think this may be attributed to the simplicity of the LIMA test set, which fails to effectively distinguish between models that generally perform well. It is worth noting that the random baseline is not weak, as it is derived from a SOTA data pool. This situation highlights a broader challenge in human evaluation: for complex queries like those in MT-bench, human evaluation becomes difficult and costly, even for expert annotators, due to the complex examples which often include extensive mathematical and coding content. Conversely, with simpler queries like the LIMA test, human evaluators struggle to differentiate between strong models that excel in simple scenarios. To provide more clarity, we have included a detailed breakdown of the MT-bench results (based on GPT-4 evaluations) in Figure 4 of our paper. This breakdown clearly shows that the random baseline based on Mistral-7B lag significantly in areas such as coding, mathematics, and reasoning, aspects that are less prominent in the LIMA test and challenging for human evaluators to assess. [1] Beeching et al. Open LLM Leaderboard. https://huggingface.co/spaces/HuggingFaceH4/open_llm_leaderboard. 2023. [2] Tunstall et al. Zephyr: Direct Distillation of LM Alignment. https://arxiv.org/abs/2310.16944. 2023. [3] Zhou et al. LIMA: Less Is More for Alignment. https://arxiv.org/abs/2305.11206. 2023. [4] Zheng et al. Judging LLM-as-a-Judge with MT-Bench and Chatbot Arena. https://arxiv.org/abs/2306.05685. 2023.

Thanks for your helpful comments! Below we address your concerns. ### Q1: Limited evaluation Thanks for the comments. We have added more evaluation results on the Open LLM Leaderboard benchmark [1] that consists of four tasks, ARC, HellaSwag, MMLU, and TruthfulQA. Additionally, we have enriched our evaluations by training more pre-trained LLMs on our selected data, such as LLaMA-2-13B and Mistral-7B besides LLaMA-1-13B in the original submission. We have summarized these results in the table of the general response, while the detailed results are in Table 3,4,5 of the paper. On the Open LLM Leaderboard, our approach outperforms the random baseline and other strong models across three different backbone models. However, we would like to note that the performance on benchmarks such as MMLU is largely determined by the underlying base model, thus the gains after alignment tuning is typically not large, unless the training data is specifically crafted for the benchmark. This is why recent works on alignment put more emphasis on MT-bench and AlpacaEval [2]. Notably, on MT-bench and AlpacaEval, our added results show that our method with the LLaMA-2-13B model surpasses Vicuna-13B-1.5 that trains on 10x more data, and LLaMA-2-13B Chat that has undergone extensive RLHF training. With Mistral-7B, our approach attains an MT-bench score of 7.29 with only 10k training data, marking a state-of-the-art performance on MT-bench *for all open-source SFT models at 7B and 13B sizes*. We also observe that, while the gains of the Mistral DEITA model on AlpacaEval are slightly lower than those on MT-bench, a deeper analysis (as depicted in Figure 2) indicates that the Mistral DEITA model excels particularly in mathematical and complex reasoning tasks, areas not primarily covered by AlpacaEval. ### Q2: Marginal performance improvement. DEITA is worse than Vicuna-13B on AlpacaEval dataset. With human evaluation, Vicuna performs almost similar to DEITA. We emphasize that the purpose of this work is not to set up a new record on the performance, but to achieve top results with much less data, for example, the training of DEITA is far more efficient than Vicuna by using 10x less training data. Furthermore, we note that Vicuna is a SOTA SFT model, and DEITA outperforms it on most of the cases across three different benchmarks and various backbone models (see the table in General Response), except for just one setting on AlpacaEval – **DEITA is the first automatic data selection approach that achieves comparable performance to SOTA models such as Vicuna and WizardLM with 10x less data**. Therefore, we view comparable performance to Vicuna as the strength of our approach, rather than weaknesses. ### Q3: Missing comparison with instruction selection works Thanks for the suggestion! In the original submission, we have shown that “direct scoring” from Alpagasus [3] does not work well in Table 2 and 3, and using ChatGPT to score all the samples in the data pool following their paper is too expensive, thus we did not explicitly include them in the main tables. Following the reviewer’s advice, we have added the Alpagasus and LIMA baselines, the comparison of different instruction selection approaches is shown below (based on LLaMA-1-13B): | **Model** | **Data Size** | **MT-Bench** | **AlpacaEval(%)** | |----------------------------|---------------|--------------|-------------------| | Random | 6K | 5.84 | 73.91 | | Alpagasus | 6K | 5.61 | 71.21 | | LIMA | 1K | 4.29 | 41.98 | | $\text{TagLM}$ | 6K | 6.09 | 72.80 | | $\text{DEITA}_{6K}$ | 6K | **6.46** | **77.08** | We see that DEITA outperforms other instruction selection baselines significantly. We have included the table above as Table 5 in the paper. ### Q4: Why the complexity measurement is obtained from “instruction”, and the quality measurement is obtained from “response”? We measure complexity from instruction only since the evolution procedure of complexity directly follows WizardLM, which takes only the instruction as input and evolves it step by step to increase the instruction complexity. For quality, our intuition is to measure how effectively a response addresses the query, thus both the instruction and the response are inputs to the scorer. We recognize that in Figure 1, the instruction input was inadvertently omitted in the depiction of the quality scorer. This was our oversight, we have slightly revised Figure 1 to be more clear on this. [1] Beeching et al. Open LLM Leaderboard. https://huggingface.co/spaces/HuggingFaceH4/open_llm_leaderboard. 2023. [2] Tunstall et al. Zephyr: Direct Distillation of LM Alignment. https://arxiv.org/abs/2310.16944. 2023"	"We thank all the reviewers for their insightful comments and suggestions. We have revised the paper to address the reviewers’ concerns. Below we summarize the major revisions (the main revisions are marked with *blue* text in the pdf, we also made some minor layout changes to fit the page limit), while we reply to the comments of each reviewer separately. The major revisions are: 1. We added the Open LLM Leaderboard [1] evaluation results (ARC, Hellaswag, MMLU,and TruthfulQA) besides MT-bench and Alpacaeval in the original submission (Reviewer NSy4, zdke). 2. We supplemented more human evaluation details on the inter-annotator consistency (Reviewer NSy4) 3. We added more baselines such as LIMA and Alpagasus (Reviewer zdke). 4. We reported additional strong experimental results of our approach based on LLaMA 2 and Mistral-7B models in addition to LLaMA 1 in the original submission. Such a comprehensive study marks our method as the **first work** on this research line to compete with SOTA SFT models with very limited training data selected automatically. We hope these results address the concerns on limited evaluation from Reviewer NSy4, zdke, and the method’s contribution/significance over previous work from Reviewer RtKh. We report a simplified version of some of the added results in the table below, and the detailed complete results are in Table 5,6,7 of the paper. | Model | Data Size | MT-Bench | AlpacaEval | Open LLM Leaderboard (Avg.) | |-------|-----------|----------|------------|--------------------------| |**Open-sourced Models based on Mistral-7B**|||| | Mistral-7B-Instruct-v0.1 | -- | 6.84 | 69.65 | 60.45 | | Zephyr-7B-sft | 200K | 5.32 | 75.12 | 60.93 | | Random-Select | 10K | 5.89 | 56.90 | 61.72 | | $\text{DEITA}_{10K}$ | 10K | **7.29** | **80.59** | **64.22** | |**Open-sourced Models based on LLaMA-2-13B**|||| | Vicuna-13B-v1.5 | 125K | 6.57 | 78.80 | 61.63 | | Random-Select | 10K | 5.78 | 65.19 | 61.32 | | $\text{DEITA}_{10K}$ | 10K | **6.79** | **81.09** | **62.71** | |**Open-sourced Models based on LLaMA-1-13B**|||| | LIMA | 1K | 4.29 | 41.98 | 59.82 | | WizardLM-13B | 70K | 6.35 | 75.31 | 58.96 | | Vicuna-13B-v1.3 | 125K | 6.39 | **82.11** | 60.01 | | Random-Select | 10K | 6.03 | 71.52 | 60.14 | | $\text{DEITA}_{10K}$ | 10K | **6.60** | 78.01 | **64.27** | [1] Beeching et al. Open LLM Leaderboard. https://huggingface.co/spaces/HuggingFaceH4/open_llm_leaderboard. 2023

Thanks for your helpful comments and we are glad that you acknowledged the strengths of our work! Below we will address your concerns point by point: ### Q1: Limited evaluation and more results on target benchmarks Thanks for the comments. We have added more evaluation results on the Open LLM Leaderboard benchmark [1] that consists of four tasks, ARC, HellaSwag, MMLU, and TruthfulQA. Additionally, we have enriched our evaluations by training more pre-trained LLMs on our selected data, such as LLaMA-2-13B and Mistral-7B besides LLaMA-1-13B in the original submission. We have summarized these results in the table of the general response, while the detailed results are in Table 5,6,7 of the paper. On the Open LLM Leaderboard, our approach outperforms the random baseline and other strong SOTA models across three different backbone models in terms of the average results. In the meanwhile, we would like to note that the performance on benchmarks such as MMLU is largely determined by the underlying base model, thus the gains after alignment tuning is typically not large, unless the training data is specifically crafted for the benchmark. This is why recent works on alignment put more emphasis on MT-bench and AlpacaEval [2]. Notably, on MT-bench and AlpacaEval, our added results show that our method with the LLaMA-2-13B model surpasses Vicuna-13B-1.5 that trains on 10x more data, and LLaMA-2-13B Chat that has undergone extensive RLHF training. With Mistral-7B, our approach attains an MT-bench score of 7.29 with only 10k training data, marking a state-of-the-art performance on MT-bench *for all open-source SFT models at 7B and 13B sizes*. We also observe that, while the gains of the Mistral DEITA model on AlpacaEval are slightly lower than those on MT-bench, a deeper analysis (as depicted in Figure 4) indicates that the Mistral DEITA model excels particularly in mathematical and complex reasoning tasks, areas not primarily covered by AlpacaEval. ### Q2: GPT-4 evaluation bias This is a good point. As the reviewer cited, [Wang et al. 2023](https://arxiv.org/abs/2306.04751) points out that win-rate scores given by GPT-4 correlate with length of responses. However, in section 5.4 of their paper, they also admit that human evaluation results largely correlate with the AlpacaFarm and benchmark-based evaluation due to the same trend in the comparisons among their Tulu-65B model and other models. On the other hand, several previous works have demonstrated that GPT4 annotator greatly correlates with human annotator [3, 4] with agreement ranging from 78%~85%. Based on these findings, while we recognize the limitations of GPT-4-based evaluations, we believe that GPT4-based evaluation is still valuable and able to provide useful insights of the models. In our experience, these evaluations often yield more reliable outcomes than those derived from average human annotators. ### Q3: Inter-annotator agreement of human evaluation Thanks for the advice! We would like to note that we tried hard to control the quality of human evaluation in the original submission – as described in Appendix D, we adopted MTurk in the beginning but abandoned their annotations due to low agreement scores among them. To justify our human evaluation, we follow LIMA [3] to randomly sample 50 generation pairs from our human evaluation dataset and compute the author-annotator agreement score – the resulting agreement score is 77%, which is reasonably high and aligns closely with the agreement levels reported in [3]. We have added the inter-annotator agreement score to Appendix D of the paper.

Thanks for your helpful comments! Below we address your concerns. ### Q1: Limited evaluation Thanks for the comments. We have added more evaluation results on the Open LLM Leaderboard benchmark [1] that consists of four tasks, ARC, HellaSwag, MMLU, and TruthfulQA. Additionally, we have enriched our evaluations by training more pre-trained LLMs on our selected data, such as LLaMA-2-13B and Mistral-7B besides LLaMA-1-13B in the original submission. We have summarized these results in the table of the general response, while the detailed results are in Table 3,4,5 of the paper. On the Open LLM Leaderboard, our approach outperforms the random baseline and other strong models across three different backbone models. However, we would like to note that the performance on benchmarks such as MMLU is largely determined by the underlying base model, thus the gains after alignment tuning is typically not large, unless the training data is specifically crafted for the benchmark. This is why recent works on alignment put more emphasis on MT-bench and AlpacaEval [2]. Notably, on MT-bench and AlpacaEval, our added results show that our method with the LLaMA-2-13B model surpasses Vicuna-13B-1.5 that trains on 10x more data, and LLaMA-2-13B Chat that has undergone extensive RLHF training. With Mistral-7B, our approach attains an MT-bench score of 7.29 with only 10k training data, marking a state-of-the-art performance on MT-bench *for all open-source SFT models at 7B and 13B sizes*. We also observe that, while the gains of the Mistral DEITA model on AlpacaEval are slightly lower than those on MT-bench, a deeper analysis (as depicted in Figure 2) indicates that the Mistral DEITA model excels particularly in mathematical and complex reasoning tasks, areas not primarily covered by AlpacaEval. ### Q2: Marginal performance improvement. DEITA is worse than Vicuna-13B on AlpacaEval dataset. With human evaluation, Vicuna performs almost similar to DEITA. We emphasize that the purpose of this work is not to set up a new record on the performance, but to achieve top results with much less data, for example, the training of DEITA is far more efficient than Vicuna by using 10x less training data. Furthermore, we note that Vicuna is a SOTA SFT model, and DEITA outperforms it on most of the cases across three different benchmarks and various backbone models (see the table in General Response), except for just one setting on AlpacaEval – **DEITA is the first automatic data selection approach that achieves comparable performance to SOTA models such as Vicuna and WizardLM with 10x less data**. Therefore, we view comparable performance to Vicuna as the strength of our approach, rather than weaknesses. ### Q3: Missing comparison with instruction selection works Thanks for the suggestion! In the original submission, we have shown that “direct scoring” from Alpagasus [3] does not work well in Table 2 and 3, and using ChatGPT to score all the samples in the data pool following their paper is too expensive, thus we did not explicitly include them in the main tables. Following the reviewer’s advice, we have added the Alpagasus and LIMA baselines, the comparison of different instruction selection approaches is shown below (based on LLaMA-1-13B): | **Model** | **Data Size** | **MT-Bench** | **AlpacaEval(%)** | |----------------------------|---------------|--------------|-------------------| | Random | 6K | 5.84 | 73.91 | | Alpagasus | 6K | 5.61 | 71.21 | | LIMA | 1K | 4.29 | 41.98 | | $\text{TagLM}$ | 6K | 6.09 | 72.80 | | $\text{DEITA}_{6K}$ | 6K | **6.46** | **77.08** | We see that DEITA outperforms other instruction selection baselines significantly. We have included the table above as Table 5 in the paper. ### Q4: Why the complexity measurement is obtained from “instruction”, and the quality measurement is obtained from “response”? We measure complexity from instruction only since the evolution procedure of complexity directly follows WizardLM, which takes only the instruction as input and evolves it step by step to increase the instruction complexity. For quality, our intuition is to measure how effectively a response addresses the query, thus both the instruction and the response are inputs to the scorer. We recognize that in Figure 1, the instruction input was inadvertently omitted in the depiction of the quality scorer. This was our oversight, we have slightly revised Figure 1 to be more clear on this. [1] Beeching et al. Open LLM Leaderboard. https://huggingface.co/spaces/HuggingFaceH4/open_llm_leaderboard. 2023. [2] Tunstall et al. Zephyr: Direct Distillation of LM Alignment. https://arxiv.org/abs/2310.16944. 2023"			
AJBkfwXh3u__r03	ICLR.cc/2024/Conference	Causality-Inspired Spatial-Temporal Explanations for Dynamic Graph Neural Networks	5: marginally below the acceptance threshold	2: You are willing to defend your assessment, but it is quite likely that you did not understand the central parts of the submission or that you are unfamiliar with some pieces of related work. Math/other details were not carefully checked.	"[weaknesses] The presentation can be improved. It is hard for me to follow the paper well. For example, in the Introduction section, it is hard to straightforwardly understand the spatial interpretability and temporal interpretability. Illustrations can help readers understand better. Besides, it is not easy for me to understand the challenges for implementing the SCM (third paragraph in the Intro). Correspondingly, I didn’t see how the proposed approach addresses the challenges in the fourth paragraph. The significance of the proposed approach is not clear. It is hard to judge the performance improvement achieved by DyGNNExplainer since other baselines are all for static graphs.

[questions] In Table 2, for Node classification task, OrphicX performs better than DyGNNExplainer on DTree-Grid dataset but is not bolded? Can you compare your model on static graphs to state-of-the-art explainers? How sensitive the model is to the hyper parameters in Equation 15? What’s the computational complexity of solving Equation 15?

[summary] This paper proposed a causality-inspired generative model to explain DyGNN predictions by identifying the trivial, static, and dynamic causal relationships. To experimentally evaluate the proposed approach, synthetic dynamic datasets are generated and provided. Evaluations on both synthetic datasets and real-world datasets demonstrate superior performance."	"We appreciate your overall positive assessment of our contributions and are grateful for your suggestion. We have already updated the new revision based on your suggestions. ------ **Q1: Problems in introduction section** **W2:** Thanks for your valuable questions and suggestions. **Spatial interpretability and temporal interpretability:** The investigation of spatial interpretability critically relies on the extraction of subgraphs that can represent the characteristics of the complete graph in spatial dimension and elucidate outcomes in subsequent tasks. In essence, these subgraphs serve as substitutes for the original graphs, enabling the attainment of analogous results in downstream tasks. Temporal interpretability relies on the importance of representative sub-graphs over the time slots. In essence, it's essential to elucidate the significance of each time step concerning its impact on the outcomes of subsequent tasks. We add this in Section 1. **Challenges for implementing the SCM:** The first challenge lies in the approach to disentangling the complex causal relationships as no explicit information is available for the identification of trivial, dynamic, and static relationships. The dynamic graph encapsulates intricate spatial-temporal relationships and dependencies, posing a challenge in directly conducting interventions on the confounder. This makes decoupling the trivial, dynamic, and static relationships very difficult. The second challenge is the way to construct the SCM to fit the task of discovering spatial-temporal interpretability due to the lack of existing models for dynamic graphs. As pioneers in the realm of dynamic graph interpretability, we encounter the challenge of lacking a causal model that can offer interpretive insights into intricate spatial-temporal relationships. **How the proposed approach addresses the challenges:** We propose two constraints to disentangle the trivial relationship, the static relationship, and the dynamic relationship, respectively. First, to disentangle the trivial relationship and the causal relationship, we propose that the causal relationship determines the downstream task results. Thus, we propose a contrastive learning module to ensure the semantic similarity between the causal relationship and the original graph while enlarging the semantic distance between the causal relationship and the trivial relationship. Second, to disentangle the static relationship and the dynamic relationship, we propose that dynamic relationships evolve over time steps but static relationships are independent across each time step. Consequently, we leverage the pre-trained target DyGNN model to guarantee the essential temporal correlation between neighboring subgraphs for the dynamic relationships and identify the rest independent causal information to the static relationships. Thank you again for your questions. It is also our goal to clean up our motivations and solutions. We aspire that through our explanations, you gain a more clear understanding of our work. ------ **Q2: Static datasets** **W2:** Since our method is the first study on dynamic graph interpretability, there are no directly available datasets suitable for the task of dynamic graph interpretability. So we dynamically transformed some commonly used static graph interpretability datasets. We add this in Section 3.1 in the revision. ------ **Q3: Baselines** **W3:** Since our method is the first study on dynamic graph interpretability, we can only utilize the baselines from static graph interpretability tasks. To achieve a relatively fair comparison, we add the time factor into baselines so as to make them suitable for dynamic graph interpretability. Dynamic graphs are much more complex than static graphs due to their spatial-temporal correlations. It is meaningless if we compare our method with baselines on static graphs. ------ **Q4: Typo in Table 2** **W4:** We are sorry that one of the data in Table 2 was filled in incorrectly. The best performance in DTree-Grid is obtained by DyGNNExplainer. We have corrected the typo in Table 2 in the revision. ------

We appreciate your overall positive assessment of our contributions and are grateful for your suggestion. We have already updated the new revision based on your suggestions. ------ **Q1: Derivation process and complexity descriptions** **A1:** In Equation 1, we merge the estimation of $P(\mathcal{Y}|do(\mathcal{C}))$ with that of $P(\mathcal{Y}|do(\mathcal{D}))$. The detailed derivation process of backdoor adjustment can be shown as: $$ P(\mathcal{Y}|do(\mathcal{D})) = \sum P(\mathcal{Y}|do(\mathcal{D}), \mathcal{S})P(\mathcal{S}|do(\mathcal{D})) \\ = \sum P(\mathcal{Y}|do(\mathcal{C}))P(\mathcal{S})\\ = \sum P(\mathcal{S})\sum P(\mathcal{Y}|do(\mathcal{C}),\mathcal{T})P(\mathcal{T}|do(\mathcal{C})\\ = \sum P(\mathcal{S})\sum P(\mathcal{Y}|\mathcal{G})P(\mathcal{T}). $$ VGAE-based encoder is the most time consuming component in our method. In the dynamic VGAE-based encoder, we generate the causal soft mask matrix $\mathbf{M}^{\mathcal{C}}$ and the dynamic soft mask matric $\mathbf{M}^{\mathcal{D}}$ with $O(d*|V|^2)$ complexity for T unique time steps, where d is the embedding size. The contrastive learning part also costs lots of time and has time complexity O(|V|*d*$T^2$). Then, the total time complexity is O($|V|^2$*d*T + |V|*d*$T^2$). Note that $T << |V|$, then we can ignore the time of contrastive learning and obtain the total time complexity as O(|V|^2*d*T). We add this in Appendix A.4 in the new version. ------ **Q2: Loss function hyperparameters** **A2:** Thank you for your valuable suggestions. In graph interpretation tasks, they usually have many constraints and require different types of loss functions to satisfy these constraints, e.g., OrphicX has 4 loss functions for the static graph interpretation. We supplement the parameter search range and optimal parameter selection of the four constraints of the loss function to help improve the reliability and reproducibility of the results. In the final optimization objects, the loss function weight parameters $\lambda_1$, $\lambda_2$, $\lambda_3$, and $\lambda_4$ are set from [0.2, 0.4, 0.6, 0.8, 1]. And the best performance is obtained where $\lambda_1=1$, $\lambda_2=0.4$, $\lambda_3=0.2$, and $\lambda_4=0.2$. We add this in Appendix A.2. Once again, I extend my gratitude for your invaluable suggestions. It remains our primary objective to deliver trustworthy interpretive results. ------ **Q3: Shortage of benchmarks and ablation study** **A3:** Thank you for your valuable questions. Although there have been some works on static graph interpretability, to the best of our knowledge, we are the first to study dynamic graph interpretability. Therefore, we have no existing dynamic graph interpretability benchmarks for comparison, and can only compare with currently competitive static interpretability methods. On the other hand, you recommend some benchmarks for graph representation and graph generalization. But it is hard to compare our method with them since the task in our model is totally different from theirs. Graph representation and graph generalization models are the target models we want to explain. For interpretable methods, the target model is model-agnostic. The interpretability task is to provide good explanations for these models. We make this more clear in Section 3.1. Given the novelty of our study on dynamic graph interpretability, there is a dearth of readily available synthetic datasets suitable for this purpose. Consequently, we've undertaken dynamic transformations of commonly used synthetic static graph interpretability datasets such as BA-Shapes. We also use two real-world dynamic graph datasets, Elliptic for node classification and MemeTracker for graph classification. The Ogbn-Arxiv dataset is a real-world data set but a static graph dataset. If we dynamically transform it, it will lose its real meaning. We make this more clear in Section 3.1. For ablation study, we provide a DyGNNExplainer version without VGAE ('w/o. VGAE'). In this version, we replace the encoder with a simple GCN layer. DyGNNExplainer outperforms the `w/o. VGAE' version. This is primarily due to the superior capabilities of VGAE in harnessing spatial graph information to generate soft masks. We provide this ablation study in Section 3.2. ------ **Q4: Related work** **A4:** Thank you for your valuable suggestions. Although our interpretability task is totally different from the graph generalization task, their method is the model we want to explain and is helpful in our work. Additionally, the spatial-temporal method and the causal method are directly related to our tasks. We add these related works in Section 4 and Appendix 4.3. ------ Thank you again for your constructive reviews. Hope that our response can address your concerns. We will feel grateful if you could boost our paper.

We appreciate your overall positive assessment of our contributions and are grateful for your suggestion. We have already updated the new revision based on your suggestions. ------ **Q1: Generative model** **W1:** Thanks for your question. Our dynamic graph interpretability task lies in providing spatial-temporal explanations (dynamic subgraph set) for dynamic graph structures. Consequently, our ultimate objective is to define a generative model, not a representational model. We make this more clear in Section 2.1. ------ **Q2: Logical derivation of Equation 1** **W2:** In Equation 1, we merge the estimation of $P(\mathcal{Y}|do(\mathcal{C}))$ with that of $P(\mathcal{Y}|do(\mathcal{D}))$. The detailed derivation process of backdoor adjustment can be shown as: \begin{equation} \begin{aligned} P(\mathcal{Y}|do(\mathcal{D})) &= \sum P(\mathcal{Y}|do(\mathcal{D}), \mathcal{S})P(\mathcal{S}|do(\mathcal{D})) \\ &= \sum P(\mathcal{Y}|do(\mathcal{C}))P(\mathcal{S})\\ &= \sum P(\mathcal{S})\sum P(\mathcal{Y}|do(\mathcal{C}),\mathcal{T})P(\mathcal{T}|do(\mathcal{C})\\ &= \sum P(\mathcal{S})\sum P(\mathcal{Y}|\mathcal{G})P(\mathcal{T}). \end{aligned}. \end{equation} We add this in Appendix A.4 in the revision. ------ **Q3: Interpretability issue of DyGNNs** **W3:** Sorry for our unclear expression, all our experiments are conducted on dynamic datasets. In essence, our case study is conducted on DBA-Shapes to provide a more vivid demonstration of DyGNNExplainer's interpretability. We visually represent both the original graph and the top six weighted edges of the generated causal subgraph across all time steps using DyGNNExplainer. Regarding temporal interpretability, the scrutiny of variable $t_p$ reveals that DyGNNExplainer adeptly pinpoints the most critical time steps that significantly influence the target node label within the original graph. In terms of spatial interpretability, DyGNNExplainer proficiently discerns the presence of the 'house' motif within the original graph's concluding time step, offering a compelling explanation for the target node label. ------ **Q4: Static datasets** **W4:** Since our method is the first study on dynamic graph interpretability, there are no directly available datasets suitable for the task of dynamic graph interpretability. So we dynamically transformed some commonly used static graph interpretability datasets. We add this in Section 3.1 in the revision. ------ **Q5: Missing important literature** **W5:** You recommend some benchmarks for graph representation and graph generalization. But it is hard to compare our method with them since the task in our model is totally different from theirs. Graph representation and graph generalization models are the target models we want to explain. For interpretable methods, the target model is model-agnostic. The interpretability task is to provide good explanations for these models. We make this more clear in Section 3.1. Additionally, our methods of decoupling dynamic and static relationships are also different from CaST. To disentangle the static relationship and the dynamic relationship, we propose the constraint that dynamic relationships evolve over time steps but static relationships are independent across each time step. Consequently, we leverage the pre-trained target DyGNN model to guarantee the essential temporal correlation between neighboring subgraphs for the dynamic relationships and identify the rest independent causal information to the static relationships. ------ **Q6: Implementation of Equation 7** **W6:** We utilize contrastive learning to ensure the semantic similarity between the causal embedding $\mathbf{e}^{\mathcal{C}}_t$ and the original embedding $\mathbf{e}_t$ while enlarging the semantic distance between the causal embedding $\mathbf{e}^{\mathcal{C}}_t$ and the trivial embedding $\mathbf{e}^{\mathcal{T}}_t$. $s(\cdot,\cdot)$ measures the similarity, we utilize the dot product here. We add the implementation in Section 2.5 in the revision. ------ **Q7: Implementation of Equation 14** **W7:** $\left\|\mathbf{A}^{\mathcal{C}}_t\right\|_1$ and $\left\|\mathbf{A}^{\mathcal{D}}_t\right\|_1$ are $l_1$ norm of the causal graph set and the dynamic causal graph set, respectively. We sum up all elements here. The $\left\|\mathbf{A}^{\mathcal{S}}_t\right\|_1$ in Equation 14 should be replaced by $\left\|\mathbf{A}^{\mathcal{D}}_t\right\|_1$ , we have corrected it in revision. ------ **Q8: Typo in Table 2 and Equation 15** **W8:** We are sorry that one of the data in Table 2 was filled in incorrectly. The best performance in DTree-Grid is obtained by DyGNNExplainer. We have corrected the typo in Table 2 in the revision. And we have corrected $\Theta$ with $\Psi$ in the last line of Section 2. ------ Thank you again for your constructive reviews. Hope that our response can address your concerns. We feel grateful for your appreciation."	"We appreciate your overall positive assessment of our contributions and are grateful for your suggestion. We have already updated the new revision based on your suggestions. ------ **Q1: Generative model** **W1:** Thanks for your question. Our dynamic graph interpretability task lies in providing spatial-temporal explanations (dynamic subgraph set) for dynamic graph structures. Consequently, our ultimate objective is to define a generative model, not a representational model. We make this more clear in Section 2.1. ------ **Q2: Logical derivation of Equation 1** **W2:** In Equation 1, we merge the estimation of $P(\mathcal{Y}|do(\mathcal{C}))$ with that of $P(\mathcal{Y}|do(\mathcal{D}))$. The detailed derivation process of backdoor adjustment can be shown as: \begin{equation} \begin{aligned} P(\mathcal{Y}|do(\mathcal{D})) &= \sum P(\mathcal{Y}|do(\mathcal{D}), \mathcal{S})P(\mathcal{S}|do(\mathcal{D})) \\ &= \sum P(\mathcal{Y}|do(\mathcal{C}))P(\mathcal{S})\\ &= \sum P(\mathcal{S})\sum P(\mathcal{Y}|do(\mathcal{C}),\mathcal{T})P(\mathcal{T}|do(\mathcal{C})\\ &= \sum P(\mathcal{S})\sum P(\mathcal{Y}|\mathcal{G})P(\mathcal{T}). \end{aligned}. \end{equation} We add this in Appendix A.4 in the revision. ------ **Q3: Interpretability issue of DyGNNs** **W3:** Sorry for our unclear expression, all our experiments are conducted on dynamic datasets. In essence, our case study is conducted on DBA-Shapes to provide a more vivid demonstration of DyGNNExplainer's interpretability. We visually represent both the original graph and the top six weighted edges of the generated causal subgraph across all time steps using DyGNNExplainer. Regarding temporal interpretability, the scrutiny of variable $t_p$ reveals that DyGNNExplainer adeptly pinpoints the most critical time steps that significantly influence the target node label within the original graph. In terms of spatial interpretability, DyGNNExplainer proficiently discerns the presence of the 'house' motif within the original graph's concluding time step, offering a compelling explanation for the target node label. ------ **Q4: Static datasets** **W4:** Since our method is the first study on dynamic graph interpretability, there are no directly available datasets suitable for the task of dynamic graph interpretability. So we dynamically transformed some commonly used static graph interpretability datasets. We add this in Section 3.1 in the revision. ------ **Q5: Missing important literature** **W5:** You recommend some benchmarks for graph representation and graph generalization. But it is hard to compare our method with them since the task in our model is totally different from theirs. Graph representation and graph generalization models are the target models we want to explain. For interpretable methods, the target model is model-agnostic. The interpretability task is to provide good explanations for these models. We make this more clear in Section 3.1. Additionally, our methods of decoupling dynamic and static relationships are also different from CaST. To disentangle the static relationship and the dynamic relationship, we propose the constraint that dynamic relationships evolve over time steps but static relationships are independent across each time step. Consequently, we leverage the pre-trained target DyGNN model to guarantee the essential temporal correlation between neighboring subgraphs for the dynamic relationships and identify the rest independent causal information to the static relationships. ------ **Q6: Implementation of Equation 7** **W6:** We utilize contrastive learning to ensure the semantic similarity between the causal embedding $\mathbf{e}^{\mathcal{C}}_t$ and the original embedding $\mathbf{e}_t$ while enlarging the semantic distance between the causal embedding $\mathbf{e}^{\mathcal{C}}_t$ and the trivial embedding $\mathbf{e}^{\mathcal{T}}_t$. $s(\cdot,\cdot)$ measures the similarity, we utilize the dot product here. We add the implementation in Section 2.5 in the revision. ------ **Q7: Implementation of Equation 14** **W7:** $\left\|\mathbf{A}^{\mathcal{C}}_t\right\|_1$ and $\left\|\mathbf{A}^{\mathcal{D}}_t\right\|_1$ are $l_1$ norm of the causal graph set and the dynamic causal graph set, respectively. We sum up all elements here. The $\left\|\mathbf{A}^{\mathcal{S}}_t\right\|_1$ in Equation 14 should be replaced by $\left\|\mathbf{A}^{\mathcal{D}}_t\right\|_1$ , we have corrected it in revision. ------ **Q8: Typo in Table 2 and Equation 15** **W8:** We are sorry that one of the data in Table 2 was filled in incorrectly. The best performance in DTree-Grid is obtained by DyGNNExplainer. We have corrected the typo in Table 2 in the revision. And we have corrected $\Theta$ with $\Psi$ in the last line of Section 2. ------ Thank you again for your constructive reviews. Hope that our response can address your concerns. We feel grateful for your appreciation.

We thank all reviewers for their insightful comments and suggestions. We are particularly encouraged by the reviewers’ feedback. We have made a heavy revision to our paper according to the reviewer's constructive suggestions. Below we summarize some key modifications in this revision: - Derivation process of backdoor adjustment in Equation 1in Appendix A.4 (Reviewer #1, Reviewer #4) - Complexity descriptions of dynamic VGAE in Appendix A.4 (Reviewer #1) - Loss function hyperparameters in Appendix A.2 (Reviewer #1, Reviewer #3) - Dataset and baseline selection in Section 3.1 (Reviewer #1, Reviewer #3, Reviewer #4) - More related works in Section 4 and Appendix 4.3 (Reviewer #1) - Clearer explanation and presentation - Ablation study in Section 3.2 (Reviewer #1) - Text in Figure 1 (Reviewer #2) - Motivations and solutions in Section 1 (Reviewer #3, Reviewer #4) - Graph interpretability task in Section 2.1 (Reviewer #4) - Implementation of Equation 7 (Reviewer #4) Moreover, we have carefully checked our paper typos and reorganized the presentation. If there still remains any consideration, please kindly let us know. We are very happy to make a further revision in light of your great suggestions. We will address comments by each of the reviewers individually.

**Q5: Hyperparameters and computational complexity in Equation 15** **W5:** Thanks for your suggestions. We supplement the parameter search range and optimal parameter selection of the four constraints of the loss function to help improve the reliability and reproducibility of the results. In the final optimization objects, the loss function weight parameters $\lambda_1$, $\lambda_2$, $\lambda_3$, and $\lambda_4$ are set from [0.2, 0.4, 0.6, 0.8, 1]. And the best performance is obtained where $\lambda_1=1$, $\lambda_2=0.4$, $\lambda_3=0.2$, and $\lambda_4=0.2$. We add this in Appendix A.2. VGAE-based encoder is the most time consuming component in our method. In the dynamic VGAE-based encoder, we generate the causal soft mask matrix $\mathbf{M}^{\mathcal{C}}$ and the dynamic soft mask matric $\mathbf{M}^{\mathcal{D}}$ with $O(d*|V|^2)$ complexity for T unique time steps, where d is the embedding size. The contrastive learning part also costs lots of time and has time complexity O($|V|$*$d$*$T^2$). Then, the total time complexity is O($|V|^2$*$d$*$T$ + $|V|$*$d$*$T^2$). Note that $T << |V|$, then we can ignore the time of contrastive learning and obtain the total time complexity as O($|V|^2$*$d$*$T$). ------ **Q6: Codebase link** **W6:** So sorry we attached the wrong code link. The wrong code link is unrelated to this paper and does not include any information about authors. We have updated the correct anonymous code link in the new version. ------ Thank you again for your constructive reviews. Hope that our response can address your concerns. We will feel grateful if you could boost our paper."			
7vVWiCrFnd__r02	ICLR.cc/2024/Conference	Rethinking and Extending the Probabilistic Inference Capacity of GNNs	6: marginally above the acceptance threshold	2: You are willing to defend your assessment, but it is quite likely that you did not understand the central parts of the submission or that you are unfamiliar with some pieces of related work. Math/other details were not carefully checked.	"[weaknesses] - Do you have any ideas for the graph classification tasks? Generally, the papers about the expressiveness power of GNNs use graph classification tasks to demonstrate the effectiveness of their methods. - Could you apply your methods on large-scale graphs?

[questions] Please refer to the weaknesses.

[summary] The paper proposes a new approach to evaluate the expressive power of graph neural networks from a probabilistic perspective instead of Weisfeiler-Lehman (WL) tests, which are generally used for evaluating the expressiveness of GNNs. By introducing the central inference problems of probabilistic graphical models (PGMs), the authors analyze GNNs. In addition, the authors design two methods (phantom nodes and phantom edges) for the expressive power."	"We thank the reviewer for the constructive comments! We have revised the manuscript to address the concerns. ## Weakness 1 `Do you have any ideas for the graph classification tasks? Generally, the papers about the expressiveness power of GNNs use graph classification tasks to demonstrate the effectiveness of their methods.` The inference of MRFs naturally results in node and edge marginals, which corresponds to node classification and link prediction tasks. To discuss graph-level expressive power from a probabilistic perspective, we need to first extend the MRFs to model the distribution of the whole graph. This can be done by adding an invented node that's connected to the rest of the nodes in the graph. For example, given a graph $G$, we manually add a node $v_0$ to the graph and connect it to the rest of the nodes. Suppose the graph classification task is modeled by $p(z_{v_0}~|~X)$, and GNNs compute the graph representation by aggregating all node representations. Then the results in Section 4.2.1 still holds for connected graphs. The proof is as follows. Recall that the two 1-WL variants with aggregation $c^{t+1}_u=hash(c^t_u,\{c^t_v ~ | ~ v\in N(u)\})$ and $c^{t+1}_u=hash(c^t_u,\{c^t_v ~ | ~ v\in N(u)\},\{c^t_v ~ | ~ v\notin N(u)\})$ share the same expressiveness for connected graphs. Thus by adding a node $v_0$ connecting to all nodes in $G$ does not influence the expressiveness of MPNNs (messages over $v_0$ can be seen as the aggregation of all nodes). Therefore, the representation of $v_0$ shares the same discriminative power with the aggregation of all nodes in $G$. Therefore, we have: a GNN variant can capture $k$-order MRFs in node level $\Rightarrow$ a GNN variant can capture MPNNs with $k$-order phantom nodes in node level $\Rightarrow$ a GNN variant can capture MPNNs with $k$-order phantom nodes in graph level by aggregating all nodes $\Rightarrow$ a GNN variant can capture $k$-order MRFs in graph level when the graph is connected. ## Weakness 2 `Could you apply your methods on large-scale graphs?` By restricting the maximum order of cliques to be $k$ a fixed value, our methods can apply on large-scale graphs. We are trying our best to perform additional experiments on real-world datasets and the LDPC dataset, and will update the manuscript once we finished the experiments. We have conducted experiments on DBLP dataset, and the results are as follows. | GCN | GCN+PN | GraphSage | GraphSage+PN | |:--------| :---------:|:---------:|:---------:| | 76.60 | 84.43 | 73.81 | 83.67 | | GAT | SPN-GAT | GAT+PN | GCNII | SPN-GCNII | GCNII+PN | |:---------:|:---------:|:---------:|:---------:|:---------:|:---------:| | 79.16 | 84.84 | 86.34 | 81.79 | 83.57 | 85.08 |

We thank the reviewer for the constructive comments! We have revised the manuscript to address the concerns. ## Questions 1 `For link prediction tasks, how is the experiments done?` The experimental setup follows [1]. For all datasets, at training time the message passing links are equal to the supervision links, while at test and validation time, disjoint sets of links are held out for supervision that are never seen at training time. We randomly generate 70-10-20 percent train-val-test splits. `Why don't choose metric of link prediction to be HITS@10 like in the BUDDY paper.` To make the experiments more challenging we choose H@10 as our metrics. If we set the metrics to be H@100 we can see that the results are much close: | | Cora | Citeseer | |:--------| :---------:|--------:| | GCN | 0.853 | 0.892 | | GCN+PE | 0.883 | 0.907 | | GCNII | 0.868 | 0.911 | | GCNII + PE | 0.872 | 0.932 | | ELPH | 0.877 | 0.934 | | BUDDY | 0.880 | 0.929 | `Also, why not include other baselines in the BUDDY paper, especially the GNN ones? Also, maybe lack of other experiments on large link prediction datsets` We are sorry we did not test all baselines and did not conduct experiments on other datasets. Since this work mainly focus on theoretically analyse the probabilistic inference capacity of GNNs, our prior target is to ensure the theoretical results in this paper sound and clear. Nevertheless, we will keep trying our best to enhance the experiment sections in this manuscript. ## Questions 2 `For node classification task, why not choose traditional homogeneous datasets and heterogeneous datasets like previous works.` For node classification task we follow the setting in [2]. The PPI datasets in [2] have 121 distinct labels thus suit node property prediction tasks well, and have been shown to benefit well from PGMs. Therefore, we choose them for node classification tasks. `How will phantom nodes have impact when meeting graphs with different heterophily?` The phantom nodes play as ensemble for cliques, enabling MPNNs to directly model closely connected nodes as an ensemble. The influence is especially significant when the input graphs are made up of several closely connected clusters. `Also, why For GCNII it hardly work better than SPN?` We hypothesis three reasoning why our method hardly works better than SPN for GCNII. 1. SPN uses a node GNN to model node potentials and an edge GNN to model edge potentials. This framework might better aligns with the natural behavior of molecules. 2. We tried our best but we couldn't reproduce the results of baseline GNNs in [2]. Therefore although our methods can consistently improve the performance of GNNs, for some tasks it might not be better than SPN. 3. Better expressive power might not always lead to better empirical performance[3]. Our framework focuses on theoretically improving the expressiveness of GNNs, rather than designing an empirically effective GNN architecture. We only apply the most simple and intuitive design. ## Questions 3 `What's the complexity of GNNs with phantom nodes or phantom edges, for node classification and link prediction, respectively?` We have added discussions of complexity in Appendix C. Please refer to the paragraphs ""Algorithm complexities"" in Appendix C (colored blue) for detailed discussion. ## Weakness We are trying our best to perform additional experiments on real-world datasets and the LDPC dataset, and will update the manuscript once we finished the experiments. We did not include all GNN variants in the analysis because our methods focus on node classification and link prediction methods and aim to improve the expressiveness of MPNNs. Thus we mainly considers comparisons with MPNNs and other methods in the PGM-GNN literature. For hyperparameters, for node classification tasks we select the same hyperparameters in [1],[2] for fair comparision. When applying our phantom nodes / edges methods we keep the hyperparameters (learning rate, hidden dimension, etc.) unchanged. For link prediction tasks the hyperparameters are selected by performing search on validation data. Similarly, once we have chosen the hyperparameters of baseline MPNNs, we use the same hyperparameters for our PE-enhanced methods. We have conducted additional experiments on DBLP datasets in [2]. The results are as follows. | GCN | GCN+PN | GraphSage | GraphSage+PN | |:--------| :---------:|:---------:|:---------:| | 76.60 | 84.43 | 73.81 | 83.67 | | GAT | SPN-GAT | GAT+PN | GCNII | SPN-GCNII | GCNII+PN | |:---------:|:---------:|:---------:|:---------:|:---------:|:---------:| | 79.16 | 84.84 | 86.34 | 81.79 | 83.57 | 85.08 | [1] Chamberlain et al. Graph Neural Networks for Link Prediction with Subgraph Sketching. ICLR 2023. [2] Qu et al. NEURAL STRUCTURED PREDICTION FOR INDUCTIVE NODE CLASSIFICATION. ICLR 2022. [3] Morris et al. Weisfeiler and Leman Go Neural: Higher-order Graph Neural Networks. AAAI 2019.

We thank the reviewer for the constructive comments! We have revised the manuscript to address the concerns. We are sorry for the late response. ## Question 1 `In 3.1, while lemma 1 is straight-forward, I do not fully understand why the authors mention “in graph machine learning fields each instance corresponds to different graphs with possibly different structures”, as the paper does not address the case of graph classification? And what does “instance” present?` Our description follows the setting in [1] (Section 3), where each instance refers to a graph. The aim of this sentence is to point out the different assumptions in PGMs and graph machine learning. Traditionally, each individual instance in a graphical model shares the same conditional independence structure, that is, if $G_1$ and $G_2$ are two instances, $G_1$ and $G_2$ must share the same structure. However, in graph machine learning fields things are different. For example, the graphs for training and test often have different structures. In this case we say each instance has distinct structure. Therefore, we propose lemma1 to address the difference between traditional PGMs and the assumptions in graph machine learning. ## Question 2 `What is the complexity of the proposed method, and are there any ways to scale it to large graphs?` We have added discussion of the complexity in Appendix C. To summarize, in worst cases where the graphs are dense (suppose $N$ nodes and $O(N^2)$ edges), $k$-order PE takes $O(N^k)$ space and $O(kN^k)$ time ($k$-GNNs take $O(kN^{k+1}) time). For sparse graphs the major complexity comes from finding cliques. It's hard to theoretically estimate the complexity of finding cliques in sparse graphs, but many works (eg. [2]) have shown that there are empirically efficient algorithms for finding k-cliques, e.g. [2] can find cliques with order less than 10 in graphs with 68K nodes in seconds. ## Weakness 1 `Defining the discriminative power of potential function by WL test appears to be a somewhat contrived setup, whereby the problem still boils down to graph isomorphism. I am not sure how practically relevant this setting is, and whether it is truly “fundamentally different” with works on WL tests. A more comprehensive discussion about the connection may mitigate the issue.` The key point of our theory is to discuss whether various GNN models can capture the variational inference of PGMs, including: 1. Whether GNNs can simulate local extrema of Bethe approximation. 2. What distribution can GNNs capture. To answer the problem 2 we propose concept of permutation-invariant PGMs, which is described by a permutation-invariant function $\mathcal{A}$ introduced in section 3.1. Therefore, it's **necessary** to restrict the expressive power of $\mathcal{A}$: for example if $\mathcal{A}$ output different potential functions for all pairs of non-isomorphic graphs, no GNNs can capture it. Since it's necessary to restrict the expressive power of $\mathcal{A}$, we choose two metrics: the order of $\mathcal{A}$ and the most common k-WL tests for restricting the expressive power. However, the WL tests play different roles in our and previous works. Previous works focus on the relation between GNNs and WL tests, while in our work WL tests in fact only serve as a restriction of the space of the joint distribution. Thus we believe our perspective is fundamentally different with previous works. In fact, many works such as [1] simply assumed PGMs as $p(X,Z)=\frac{1}{Z}\prod_{i}\Phi(x_i,z_i)\prod_{(i,j)\in\mathcal{E}}\Psi(z_i,z_j)$ where the potential functions are exactly the same for different nodes and edges, thus they are special situations of our assumptions. In other words, if it's valuable to discuss whether GNNs can capture local extrema of the above PGMs, so is our work. ## Weakness 2 `Following the above point, the analysis does not take into account node features, whereas in many PGMs node and clique potentials are functions on node features. This further stresses the point that the setup might deviate from practice.` In our initial settings we believe regarding node features as observed random variables would provide a clear theoretical framework. Still, our results still hold when node and clique potentials are functions on node features. Recall that in Section 3.1 we introduce the permutation-invariant function $\mathcal{A}$ that describes PGMs, where $\mathcal{A}$ is a function on cliques and adjacency matrices $\mathcal{A}(C,\mathbf{A})$. If we let $\mathcal{A}$ further be a function on node features, i.e. $\mathcal{A}(C,G)$ where $G=(\mathbf{A},\mathbf{X})$ and $\mathbf{X}$ is the node feature matrix, the results still hold because GNN layers are also functions on $G$. Therefore, our results also hold when node and clique potentials are functions on node features."	"We thank the reviewer for the constructive comments! We have revised the manuscript to address the concerns. ## Weakness 1 `The first paragraph is problematic. “implicitly assume that node representations learnt by GNNs are independent conditioned on node features and edges, thereby ignoring the joint dependency among nodes...” does not represent the related works accurately. These works do not ignore dependency among the nodes, which is captured via multiple rounds of message passing similar to loopy belief propagation. I find the first paragraph could be phrased in a different way to make the distinctions accurate.` Thanks for pointing them out. We have rewrited the sentence to make the presentation more accurate. ## Weakness 2 `The introduction of phantom nodes and edges is not a novel development and closely resembles the other methods like CIN. However, the problem of inefficiency remains in such methods i.e. the computational complexity of finding maximal cliques which can be used for phantom nodes to guarantee the inferential capacity.` The introduction of phantom nodes does share spirits with CIN, that is to capture cliques in the graphs. We agree that finding cliques might be computational complex and this problem of inefficiency remains in our methods. But our method is more efficient than CIN: even if we only preserve the clique complex in CIN, CIN(CWL) needs to pass messages: - from nodes to nodes - between higher-order cliques and lower-order cliques (lower adjacent and higher adjacent) - between cliques of the same order (co-boundary cells) - between cliques and nodes (boundary cells) Our method, although share the same spirits, in fact point out the necessary component to capture higher-order dependencies and show that by adding messages between cliques and nodes in the cliques we can already extend MPNNs to capture higher-order PGMs without re-designing the WL scheme. We believe that the phantom edges are not similar to other methods like CIN. We focus on the link prediction scenarios, while CIN focuses on graph classification. ## Weakness 3 `Certain related works are missing in the paper. Recent works on Factor Graph Neural Networks (FGNN) [1] are highly related works in establishing connections between PGMs and GNNs. A small discussion on the relevance would be pertinent.` We are sorry that we did not discuss recent works that combine PGMs and GNNs. We have added a paragraph in Appendix A (colored blue) to discuss these related works in the revised manuscript. ## Weakness 4 `The experimental section could be more elaborate to study the effectiveness of GNNs in learning higher-order distributions. For example, comparison with Zhen et al. (2023) on inference of higher-order LDPC codes.` We are trying our best to perform additional experiments on more real-world datasets and the LDPC dataset, and will update the manuscript once we finished the experiments.

We thank the reviewer for the constructive comments! We have revised the manuscript to address the concerns. We are sorry for the late response. ## Question 1 `In 3.1, while lemma 1 is straight-forward, I do not fully understand why the authors mention “in graph machine learning fields each instance corresponds to different graphs with possibly different structures”, as the paper does not address the case of graph classification? And what does “instance” present?` Our description follows the setting in [1] (Section 3), where each instance refers to a graph. The aim of this sentence is to point out the different assumptions in PGMs and graph machine learning. Traditionally, each individual instance in a graphical model shares the same conditional independence structure, that is, if $G_1$ and $G_2$ are two instances, $G_1$ and $G_2$ must share the same structure. However, in graph machine learning fields things are different. For example, the graphs for training and test often have different structures. In this case we say each instance has distinct structure. Therefore, we propose lemma1 to address the difference between traditional PGMs and the assumptions in graph machine learning. ## Question 2 `What is the complexity of the proposed method, and are there any ways to scale it to large graphs?` We have added discussion of the complexity in Appendix C. To summarize, in worst cases where the graphs are dense (suppose $N$ nodes and $O(N^2)$ edges), $k$-order PE takes $O(N^k)$ space and $O(kN^k)$ time ($k$-GNNs take $O(kN^{k+1}) time). For sparse graphs the major complexity comes from finding cliques. It's hard to theoretically estimate the complexity of finding cliques in sparse graphs, but many works (eg. [2]) have shown that there are empirically efficient algorithms for finding k-cliques, e.g. [2] can find cliques with order less than 10 in graphs with 68K nodes in seconds. ## Weakness 1 `Defining the discriminative power of potential function by WL test appears to be a somewhat contrived setup, whereby the problem still boils down to graph isomorphism. I am not sure how practically relevant this setting is, and whether it is truly “fundamentally different” with works on WL tests. A more comprehensive discussion about the connection may mitigate the issue.` The key point of our theory is to discuss whether various GNN models can capture the variational inference of PGMs, including: 1. Whether GNNs can simulate local extrema of Bethe approximation. 2. What distribution can GNNs capture. To answer the problem 2 we propose concept of permutation-invariant PGMs, which is described by a permutation-invariant function $\mathcal{A}$ introduced in section 3.1. Therefore, it's **necessary** to restrict the expressive power of $\mathcal{A}$: for example if $\mathcal{A}$ output different potential functions for all pairs of non-isomorphic graphs, no GNNs can capture it. Since it's necessary to restrict the expressive power of $\mathcal{A}$, we choose two metrics: the order of $\mathcal{A}$ and the most common k-WL tests for restricting the expressive power. However, the WL tests play different roles in our and previous works. Previous works focus on the relation between GNNs and WL tests, while in our work WL tests in fact only serve as a restriction of the space of the joint distribution. Thus we believe our perspective is fundamentally different with previous works. In fact, many works such as [1] simply assumed PGMs as $p(X,Z)=\frac{1}{Z}\prod_{i}\Phi(x_i,z_i)\prod_{(i,j)\in\mathcal{E}}\Psi(z_i,z_j)$ where the potential functions are exactly the same for different nodes and edges, thus they are special situations of our assumptions. In other words, if it's valuable to discuss whether GNNs can capture local extrema of the above PGMs, so is our work. ## Weakness 2 `Following the above point, the analysis does not take into account node features, whereas in many PGMs node and clique potentials are functions on node features. This further stresses the point that the setup might deviate from practice.` In our initial settings we believe regarding node features as observed random variables would provide a clear theoretical framework. Still, our results still hold when node and clique potentials are functions on node features. Recall that in Section 3.1 we introduce the permutation-invariant function $\mathcal{A}$ that describes PGMs, where $\mathcal{A}$ is a function on cliques and adjacency matrices $\mathcal{A}(C,\mathbf{A})$. If we let $\mathcal{A}$ further be a function on node features, i.e. $\mathcal{A}(C,G)$ where $G=(\mathbf{A},\mathbf{X})$ and $\mathbf{X}$ is the node feature matrix, the results still hold because GNN layers are also functions on $G$. Therefore, our results also hold when node and clique potentials are functions on node features.

We thank the reviewer for the constructive comments! We have revised the manuscript to address the concerns. ## Questions 1 `For link prediction tasks, how is the experiments done?` The experimental setup follows [1]. For all datasets, at training time the message passing links are equal to the supervision links, while at test and validation time, disjoint sets of links are held out for supervision that are never seen at training time. We randomly generate 70-10-20 percent train-val-test splits. `Why don't choose metric of link prediction to be HITS@10 like in the BUDDY paper.` To make the experiments more challenging we choose H@10 as our metrics. If we set the metrics to be H@100 we can see that the results are much close: | | Cora | Citeseer | |:--------| :---------:|--------:| | GCN | 0.853 | 0.892 | | GCN+PE | 0.883 | 0.907 | | GCNII | 0.868 | 0.911 | | GCNII + PE | 0.872 | 0.932 | | ELPH | 0.877 | 0.934 | | BUDDY | 0.880 | 0.929 | `Also, why not include other baselines in the BUDDY paper, especially the GNN ones? Also, maybe lack of other experiments on large link prediction datsets` We are sorry we did not test all baselines and did not conduct experiments on other datasets. Since this work mainly focus on theoretically analyse the probabilistic inference capacity of GNNs, our prior target is to ensure the theoretical results in this paper sound and clear. Nevertheless, we will keep trying our best to enhance the experiment sections in this manuscript. ## Questions 2 `For node classification task, why not choose traditional homogeneous datasets and heterogeneous datasets like previous works.` For node classification task we follow the setting in [2]. The PPI datasets in [2] have 121 distinct labels thus suit node property prediction tasks well, and have been shown to benefit well from PGMs. Therefore, we choose them for node classification tasks. `How will phantom nodes have impact when meeting graphs with different heterophily?` The phantom nodes play as ensemble for cliques, enabling MPNNs to directly model closely connected nodes as an ensemble. The influence is especially significant when the input graphs are made up of several closely connected clusters. `Also, why For GCNII it hardly work better than SPN?` We hypothesis three reasoning why our method hardly works better than SPN for GCNII. 1. SPN uses a node GNN to model node potentials and an edge GNN to model edge potentials. This framework might better aligns with the natural behavior of molecules. 2. We tried our best but we couldn't reproduce the results of baseline GNNs in [2]. Therefore although our methods can consistently improve the performance of GNNs, for some tasks it might not be better than SPN. 3. Better expressive power might not always lead to better empirical performance[3]. Our framework focuses on theoretically improving the expressiveness of GNNs, rather than designing an empirically effective GNN architecture. We only apply the most simple and intuitive design. ## Questions 3 `What's the complexity of GNNs with phantom nodes or phantom edges, for node classification and link prediction, respectively?` We have added discussions of complexity in Appendix C. Please refer to the paragraphs ""Algorithm complexities"" in Appendix C (colored blue) for detailed discussion. ## Weakness We are trying our best to perform additional experiments on real-world datasets and the LDPC dataset, and will update the manuscript once we finished the experiments. We did not include all GNN variants in the analysis because our methods focus on node classification and link prediction methods and aim to improve the expressiveness of MPNNs. Thus we mainly considers comparisons with MPNNs and other methods in the PGM-GNN literature. For hyperparameters, for node classification tasks we select the same hyperparameters in [1],[2] for fair comparision. When applying our phantom nodes / edges methods we keep the hyperparameters (learning rate, hidden dimension, etc.) unchanged. For link prediction tasks the hyperparameters are selected by performing search on validation data. Similarly, once we have chosen the hyperparameters of baseline MPNNs, we use the same hyperparameters for our PE-enhanced methods. We have conducted additional experiments on DBLP datasets in [2]. The results are as follows. | GCN | GCN+PN | GraphSage | GraphSage+PN | |:--------| :---------:|:---------:|:---------:| | 76.60 | 84.43 | 73.81 | 83.67 | | GAT | SPN-GAT | GAT+PN | GCNII | SPN-GCNII | GCNII+PN | |:---------:|:---------:|:---------:|:---------:|:---------:|:---------:| | 79.16 | 84.84 | 86.34 | 81.79 | 83.57 | 85.08 | [1] Chamberlain et al. Graph Neural Networks for Link Prediction with Subgraph Sketching. ICLR 2023. [2] Qu et al. NEURAL STRUCTURED PREDICTION FOR INDUCTIVE NODE CLASSIFICATION. ICLR 2022. [3] Morris et al. Weisfeiler and Leman Go Neural: Higher-order Graph Neural Networks. AAAI 2019."			
i8PjQT3Uig__r02	ICLR.cc/2024/Conference	Locality Sensitive Sparse Encoding for Learning World Models Online	8: accept, good paper	3: You are fairly confident in your assessment. It is possible that you did not understand some parts of the submission or that you are unfamiliar with some pieces of related work. Math/other details were not carefully checked.	"[weaknesses] Significant discussion around catastrophic forgetting was mentioned in the introduction but little discussion is presented in the main text and left in the appendix. “Example 3.1” could be a regular paragraph. Formatting this as an Example does not improve readability and is, in fact, the only Example in the entire paper.

[questions] In figure (1): d(s_(t+1), f(st, at)) and \delta were not defined in the caption or anywhere obvious in the main text. In eq (3), does || . ||^2_F denote the Frobenius matrix norm? It is only stated so after eq (5). It helps to have the notation introduced earlier here. Especially since “F” is the dimension of the feature space

[summary] The paper presents a method for the online learning of a world model for model-based reinforcement learning (MBRL). To obtain efficient updates to the world model, the world model is expressed as a linear combination of a set of spare features. This efficiency allows online learning at a constant computational cost."	"**4. Does the benefit come from policy learning or model learning?** Thanks for this insightful question. We agree that sparse representation helps continual policy learning [3,4,5], as it could potentially reduce the catastrophic interference in NNs. However, in this work, we utilize the high-dimensional sparse representation **only during model learning** for Losse-FTL, while keeping policy/value learning the same for apple-to-apple comparison. Therefore, we believe the benefit indeed comes from model learning; better model learning ensures a better quality of synthetic transitions to be used for policy/value learning. **5. Why does the proposed algorithm sometimes even outperform the Full-replay baseline?** We agree that theoretically, Full-replay should be as good as ours in eliminating forgetting. We hypothesize that the reason for our method outperforming Full-replay in some tasks is due to the criterion we adopt for “convergence” – at which point we stop the NN training, while ours is solved incrementally in closed form. Apart from the convergence criterion, there is more brittleness in NN training in this case. For example, not resetting the weights may make NNs overfit early data; but when to reset is hard to know because there are no explicit task boundaries; even if we know when, resetting and training from scratch is even more time-consuming and impractical for lifelong agents. We have updated the paper on page 8 about “Full-replay” to clarify the experimental settings. **6. Other issues.** Thanks for pointing out the issue of Algorithm 1 and the need for better notations. We have updated them directly in the text. To be more specific on Dyna architecture, we remove the original Algorithm 1 and use a diagram of Dyna in Figure 2 to give a more intuitive illustration in Section 2.2. It also took us some time to consider the term “world model” in this context. We agree that it can refer to tasks that are more challenging, as envisioned in [6]. We hope to retain it for several reasons. (1) Simply using “model” is common in RL contexts, but we feel it might be confusing since “model” is frequently referred to with different contexts, e.g. linear model. In the title, especially, without some hints about RL, people may not recognize “model” refers to the world model. (2) Other terms like “dynamics model” only describe the dynamics part but not the reward part. We also thought of the “environment model”, however, it is not very commonly seen in literature. In the paper, we also tried to put the term “world model” in the context of MBRL, to avoid misunderstanding. Please let us know if there are more suitable terms. --- Thank you again for your detailed feedback and suggestions, and we hope our responses and new experiments were able to address any remaining concerns. Please do let us know if you have any further questions as well as what would be expected for score improvement. ### References [1] Huang, G. B., Chen, L., & Siew, C. K. (2006). Universal approximation using incremental constructive feedforward networks with random hidden nodes. IEEE Trans. Neural Networks.\ [2] Knoll, B., & de Freitas, N. (2012). A machine learning perspective on predictive coding with PAQ8. In 2012 Data Compression Conference.\ [3] Pan, Y., Banman, K., & White, M. (2021). Fuzzy tiling activations: A simple approach to learning sparse representations online. In ICLR.\ [4] Liu, V., Kumaraswamy, R., Le, L., & White, M. (2019). The utility of sparse representations for control in reinforcement learning. In AAAI.\ [5] Lan, Q., & Mahmood, A. R. (2023). Elephant Neural Networks: Born to Be a Continual Learner. In ICML Workshop on High-dimensional Learning Dynamics.\ [6] LeCun, Y. (2022). A path towards autonomous machine intelligence version 0.9. 2, 2022-06-27. Open Review, 62.

Thank you very much for recognizing that the problem we attempt to tackle (learning models online) is important in RL, as well as your constructive feedback and suggestions. We have updated the paper with text changes highlighted in yellow, and elaborate on each of the questions below. Note that the points below do not match those in the original questions due to reorganization, but they cover all questions. **1. Why is the particular sparse representation chosen?** We adopt linear models to have guaranteed online learning performance without forgetting. However, linear models cannot fit complex functions. Adding a nonlinear random feature turns linear models into universal approximators [1], but this usually requires a very wide layer to have good capacity. We make our high-dimensional representation sparse to achieve efficient incremental update. In addition, we also compare our sparse representation with other encoding methods and we show favorable results (Table 1). The idea of our sparse update is inspired by the model mixer in [2]. We have updated the paper on page 6 with a “concluding remark” to make this point clearer. **2. Why is FTA not included in the experiments?** Fuzzy Tiling Activation (FTA) [3] proposes an effective way to reduce catastrophic forgetting of neural networks in online continual learning problems, by learning sparse activations inside the NNs. In Section 4.2, we only borrow their nonstationary online learning setting (the Piecewise Random Walk) and show our method is more capable than NNs of learning temporally correlated data. However, we did not include experiments to compare FTA and our method in either SL or RL settings, for the reasons below. In SL, from Figure 3.c of [3], we can see FTA slightly suffers from nonstationarity if the data is highly correlated. The reason could be that FTA only mitigates the catastrophic forgetting issue in NNs, but it does not fully solve the problem. Therefore, we explore a more assured pathway in this work, by which a Follow-the-Leader solution can be obtained online efficiently, aiming to **eliminate** catastrophic forgetting. As Figure 3 in our paper suggests, Losse-FTL can attain very low error for all levels of correlation, showing its non-forgetting property. In RL, we have attempted to integrate the official FTA codes into NN-based world models, but we found it hard to make it work well (perhaps due to hyper-parameter tuning, such as the tiling dimension $k$ and the sparsity factor $\eta$, or where the FTA layer should be applied). Nevertheless, we compared our method with other representative continual learning techniques, including Synaptic Intelligence and Coreset, to show its effectiveness. **3. Do you update both your model and representation every environment time step?** Our high-dimensional sparse representation is not learnable with a prefixed random projection matrix. Thus we only update the model (the linear weights) but not the representation. For all RL experiments, we keep the update interval as $25$ time steps for discrete control tasks and $250$ for continuous control tasks to accelerate the experiments. However, we note that our updates are much more efficient compared to NN-based ones with replay (referring to Figure 5) because the latter needs to train until convergence over accumulated experiences.

Thank you very much for appreciating the originality of our paper, as well as your detailed feedback and suggestions. We have updated the paper with text changes highlighted in yellow, and elaborate on each of the questions below. **1. There is no experiment highlighting the main issue that the paper is trying to address: NN-based world models suffer from catastrophic interference due to non-stationary data.** Experiments in Section 5 are designed to compare our method with different variants of NN-based world models while keeping the value/policy learning the same. Except for the “Model-free” setting, all other baselines train NN-based world models. From Figure 4, we can observe that NN-based world models trained online (referred to as “Online” in the legend) show inferior performance. This is an indication that they suffer from catastrophic interference due to non-stationary data. As a result, the online learned NN world model could only generate synthetic transitions of poor quality, deteriorating the agent performance. Applying continual learning techniques (such as “SI” and “Coreset”) alleviates the forgetting issue to some extent. And learning world models with our method outperforms other baselines for most environments. **2. Why aren't SoTA MBRL algorithms (e.g., Dreamer/TD-MPC) included for comparison?** First, we hope that we can get aligned to the point that NN-based MBRL suffers from catastrophic forgetting, including the SoTA algorithms. The arguments are following, 1. Catastrophic forgetting is a universal phenomenon for neural networks. 2. Existing end-to-end NN-based MBRL methods, such as Dreamer, TD-MPC, and MuZero, etc. rely heavily on techniques to make data more stationary, for example, maintaining a large replay buffer, updating the target network once in a while, or simultaneously running multiple environments. When these components are removed, they would fail to work. 3. However, when they fail we don't know how much is due to the forgetting in policy/value/model because all components are entangled and trained end-to-end in these methods. If we're aligned on the point that NN-based MBRL suffers from catastrophic forgetting due to non-stationary data, then what we're studying is that we focus on making the world model fully online, which relies on *none* of the above techniques. With this scope, we only compare our world models and NN-based world models using the Dyna architecture, because it decouples policy/value learning from model learning, making an apple-to-apple comparison on model learning possible. **3. Can your method work for more difficult tasks like Humanoid or handle image-based observations?** Currently, we have not validated it for more challenging tasks like you mentioned. In Humanoid, the dimension of the state is very high, posing a curse of dimensionality to our method. For image-based observations, finding a compact representation with a non-trainable encoder is non-trivial, and our attempts so far do not yield positive results. We have added a Limitation section on page 9 to address them in the paper."	"Thank you very much for recognizing that the problem we attempt to tackle (learning models online) is important in RL, as well as your constructive feedback and suggestions. We have updated the paper with text changes highlighted in yellow, and elaborate on each of the questions below. Note that the points below do not match those in the original questions due to reorganization, but they cover all questions. **1. Why is the particular sparse representation chosen?** We adopt linear models to have guaranteed online learning performance without forgetting. However, linear models cannot fit complex functions. Adding a nonlinear random feature turns linear models into universal approximators [1], but this usually requires a very wide layer to have good capacity. We make our high-dimensional representation sparse to achieve efficient incremental update. In addition, we also compare our sparse representation with other encoding methods and we show favorable results (Table 1). The idea of our sparse update is inspired by the model mixer in [2]. We have updated the paper on page 6 with a “concluding remark” to make this point clearer. **2. Why is FTA not included in the experiments?** Fuzzy Tiling Activation (FTA) [3] proposes an effective way to reduce catastrophic forgetting of neural networks in online continual learning problems, by learning sparse activations inside the NNs. In Section 4.2, we only borrow their nonstationary online learning setting (the Piecewise Random Walk) and show our method is more capable than NNs of learning temporally correlated data. However, we did not include experiments to compare FTA and our method in either SL or RL settings, for the reasons below. In SL, from Figure 3.c of [3], we can see FTA slightly suffers from nonstationarity if the data is highly correlated. The reason could be that FTA only mitigates the catastrophic forgetting issue in NNs, but it does not fully solve the problem. Therefore, we explore a more assured pathway in this work, by which a Follow-the-Leader solution can be obtained online efficiently, aiming to **eliminate** catastrophic forgetting. As Figure 3 in our paper suggests, Losse-FTL can attain very low error for all levels of correlation, showing its non-forgetting property. In RL, we have attempted to integrate the official FTA codes into NN-based world models, but we found it hard to make it work well (perhaps due to hyper-parameter tuning, such as the tiling dimension $k$ and the sparsity factor $\eta$, or where the FTA layer should be applied). Nevertheless, we compared our method with other representative continual learning techniques, including Synaptic Intelligence and Coreset, to show its effectiveness. **3. Do you update both your model and representation every environment time step?** Our high-dimensional sparse representation is not learnable with a prefixed random projection matrix. Thus we only update the model (the linear weights) but not the representation. For all RL experiments, we keep the update interval as $25$ time steps for discrete control tasks and $250$ for continuous control tasks to accelerate the experiments. However, we note that our updates are much more efficient compared to NN-based ones with replay (referring to Figure 5) because the latter needs to train until convergence over accumulated experiences.

**4. Does the benefit come from policy learning or model learning?** Thanks for this insightful question. We agree that sparse representation helps continual policy learning [3,4,5], as it could potentially reduce the catastrophic interference in NNs. However, in this work, we utilize the high-dimensional sparse representation **only during model learning** for Losse-FTL, while keeping policy/value learning the same for apple-to-apple comparison. Therefore, we believe the benefit indeed comes from model learning; better model learning ensures a better quality of synthetic transitions to be used for policy/value learning. **5. Why does the proposed algorithm sometimes even outperform the Full-replay baseline?** We agree that theoretically, Full-replay should be as good as ours in eliminating forgetting. We hypothesize that the reason for our method outperforming Full-replay in some tasks is due to the criterion we adopt for “convergence” – at which point we stop the NN training, while ours is solved incrementally in closed form. Apart from the convergence criterion, there is more brittleness in NN training in this case. For example, not resetting the weights may make NNs overfit early data; but when to reset is hard to know because there are no explicit task boundaries; even if we know when, resetting and training from scratch is even more time-consuming and impractical for lifelong agents. We have updated the paper on page 8 about “Full-replay” to clarify the experimental settings. **6. Other issues.** Thanks for pointing out the issue of Algorithm 1 and the need for better notations. We have updated them directly in the text. To be more specific on Dyna architecture, we remove the original Algorithm 1 and use a diagram of Dyna in Figure 2 to give a more intuitive illustration in Section 2.2. It also took us some time to consider the term “world model” in this context. We agree that it can refer to tasks that are more challenging, as envisioned in [6]. We hope to retain it for several reasons. (1) Simply using “model” is common in RL contexts, but we feel it might be confusing since “model” is frequently referred to with different contexts, e.g. linear model. In the title, especially, without some hints about RL, people may not recognize “model” refers to the world model. (2) Other terms like “dynamics model” only describe the dynamics part but not the reward part. We also thought of the “environment model”, however, it is not very commonly seen in literature. In the paper, we also tried to put the term “world model” in the context of MBRL, to avoid misunderstanding. Please let us know if there are more suitable terms. --- Thank you again for your detailed feedback and suggestions, and we hope our responses and new experiments were able to address any remaining concerns. Please do let us know if you have any further questions as well as what would be expected for score improvement. ### References [1] Huang, G. B., Chen, L., & Siew, C. K. (2006). Universal approximation using incremental constructive feedforward networks with random hidden nodes. IEEE Trans. Neural Networks.\ [2] Knoll, B., & de Freitas, N. (2012). A machine learning perspective on predictive coding with PAQ8. In 2012 Data Compression Conference.\ [3] Pan, Y., Banman, K., & White, M. (2021). Fuzzy tiling activations: A simple approach to learning sparse representations online. In ICLR.\ [4] Liu, V., Kumaraswamy, R., Le, L., & White, M. (2019). The utility of sparse representations for control in reinforcement learning. In AAAI.\ [5] Lan, Q., & Mahmood, A. R. (2023). Elephant Neural Networks: Born to Be a Continual Learner. In ICML Workshop on High-dimensional Learning Dynamics.\ [6] LeCun, Y. (2022). A path towards autonomous machine intelligence version 0.9. 2, 2022-06-27. Open Review, 62.

Thank you very much for highlighting our comprehensive experimental results, as well as your valuable feedback on the paper presentation. We have updated the paper with text changes highlighted in yellow, and elaborate on each of the questions below. **1. Significant discussion on catastrophic forgetting in the introduction but little discussion in the main text and left in the appendix.** Thanks for this suggestion to improve our paper presentation. We have updated the paper such that catastrophic forgetting is emphasized more in the main text, especially at the end of Section 3 on page 6. Due to the space constraints, however, we still use Appendix A for more detailed discussions. **2. Other issues regarding the notations.** We have updated accordingly in the paper. --- Thank you again for your feedback to help us refine the paper quality, and we hope our responses and updates in the text were able to address any remaining concerns."			
qBL04XXex6__r02	ICLR.cc/2024/Conference	Boosting of Thoughts: Trial-and-Error Problem Solving with Large Language Models	6: marginally above the acceptance threshold	3: You are fairly confident in your assessment. It is possible that you did not understand some parts of the submission or that you are unfamiliar with some pieces of related work. Math/other details were not carefully checked.	"[weaknesses] The mauscript need polished in their figures' presentation, e.g., the authors need give more detailed examples in Fig1.

[questions] Q1: In the prompt, I wonder whether the “error input” are included, or only the “experience” is included? From figure 1, I only see “error report” like “step 1 is not closer to 24”, no “error input” like what is step 1, 2, 3. How the LLM know what step 1 mean, and how can LLM learn from error, if LLM does not know specific input? Q2: How about you consider the entire (input, error analysis) as an In-context Learning example? Then the entire method is similar to CoT, meaning that you can manually construct an exemplar consisting of (input, error analysis) pair. Then use the CoT idea to follow the strategy to generate analysis and think about the correct answer.

[summary] The paper presents an extension of the Chain of Thought (CoT) and Tree of Thoughts (ToT) method, named Boosting of Thoughts (BoT). BoT refines the problem-solving process in large language models (LLMs). BoT harnesses error analysis to improve the LLM's problem-solving accuracy iteratively. The ""Boosting of Thoughts"" (BoT) procedure is a two-step process that first generates a diversity of reasoning paths from a Large Language Model (LLM) in the form of a weighted binary tree, enhancing problem-solving by creating a hierarchy of potential solutions. Then, it employs a novel aggregation strategy that iteratively refines and combines these paths. Through best-first and greedy aggregations, BoT selects and optimizes the most promising chain of thought, using iterative feedback to progressively improve the LLM's performance on complex problem-solving tasks. The paper reports improved performance on complex mathematical problems when tested with GPT-4 and LLAMA2, compared to CoT and ToT."	"Thanks for your comments and we reply to them below. __Response to W1__: Your comments are pretty insightful because, during paper preparation, we also considered a similar concern on whether using the term 'refining weak thoughts' in the framework with the Boosting mechanism is precise. Thus, the current usage of words is supported by three reasons. First, the 'thought' is the output of LLMs, and without a proper prompt to LLMs, the generated 'thought' will be wrong in the logic and even not follow the rule of the task. Such 'weak thought' corresponding to the incorrect reasoning step will inevitably lead to wrong answers. Second, the core insight of BoT, an automated prompting framework, is that a strong prompt for LLMs toward problem solving can derive from gradually collecting an ensemble of trial-and-error reasoning experience. Thus, the iterative nature of boosting in BoT allows LLMs to learn from mistakes in the prompt, continually refining the 'weak thought' in the reasoning process. Third, as BoT starts from a simple prompt for LLMs, the generated 'thought' in the first iteration will be inherently 'weak', as measured by the low success rate in Figure 4 of the paper. Only by incorporating error analysis as part of the experience to enrich the prompt over iterations can the 'weak thought' be refined gradually to lead to the correct answer. Your suggestion on using 'pruning of weak thoughts' is also attractive. But, the terms with 'pruning', such as 'model pruning', may cause the reader to think that the 'weak thoughts' are powerful enough but only complex in structure, and thus, they should be pruned. This may not follow the core insight of BoT. To further reduce ambiguity, we have included more detailed discussions on tree thought structures and the aggregation of thought structures in Sections C and D, accompanied by some examples from BoT in the appendix. __Response to the code and example concerns__: The _llmpebase_ codebase is a unified platform we developed for performing prompt engineering on large language models (LLMs), with a focus on easy-to-use and fairness comparison guarantees. Thanks to the interest from reviewers, we have released the most code (still a part of our whole project, but it is enough to Run the BoT) with a clean and neat structure, which can be accessed in the 'code/' of the supplementary. To facilitate the quick experiment running with _llmpebase_, we have prepared a README\.md file under the 'code/' to allow users to see the codebase structure and our proposed BoT (under examples/BoostingOfThought) within several minutes. Apart from experiments on Game of 24, we also presented detailed results from other mathematical tasks in Table 1, Figure 3, and 4. We emphasized the performance on Game of 24 because BoT outperforms ChapGPT4 by a large margin on this challenging task. In response to your suggestion of including more success and failure cases from other tasks, we have expanded the content in the appendix. Given that BoT accumulates experience in the prompt over multiple iterations, this extension of content has resulted in a lengthier appendix. __Response to the concern on the research domain__: We did mention that our experiments are performed across extensive complex mathematical problems. To further clarify the contribution, we will enhance the domain-specific nature of this submission. However, due to the policy of the ICLR24 conference, such a minor revision on the title or abstract can only be made for the camera-ready version. We will certainly make the suggested revision when we have the opportunity to prepare the camera-ready version. __Answer to Q1__: Your basic understanding of $T=10$ is correct but not very precise. BoT is an automated prompting framework with a boosting mechanism. Thus, starting from a simple prompt without human annotations, BoT gradually accumulates an ensemble of trial-and-error reasoning experiences to enhance the prompt over iterations. In the experimental settings, we denote the number of iterations used by BoT as $T=10$, indicating that a total of 10 experiences will be incorporated into the prompt for problem-solving. Therefore, the initial simple prompt will be updated 10 times, leading to a maximum of 10 prompts. Your description of $M=15$ is accurate. In each iteration, BoT generates numerous binary trees of thoughts to explore various reasoning steps, which are subsequently aggregated for self-evaluation. The number of binary trees in the experimental settings is set to 15. To enhance clarity, we have included an algorithm table for BoT in Section A of the appendix, offering a concise overview of this framework.

__Response to W1__: First, we cannot agree with the reviewer that this work does not offer long-term guidance for research and does not uncover fundamental insights. We do have offered fundamental insights for reasoning with LLMs. Traditionally, LLMs cannot solve complex mathematical problems sufficiently well. We show that there is a way to generate and select thoughts, and leverage the error analysis generated by LLM itself for these thoughts and feeding such error report back to prompt the LLM, we can progressively and accumulatively derive the right prompt required for LLM to generate the solution to complex mathematical problems. It shows the latent capability and potential of LLM can be unleashed through proper triggering from the error analysis and advice on the generated and selected reasoning steps. This process is fundamentally similar to humans who possess basic mathematical skills and are tasked to solve a math question. For solving a particular question, one sometimes must learn from not only demonstrations but also prior trials and errors to progressively discover the reasoning path. Intuitively speaking, Chain-of-Thoughts (CoT) [1] shows that demonstration via examples is conducive to problem solving. However, we point out that demonstration is not enough and also hard to obtain anyway. One must also practice and encounter errors and absorb such trial-and-errors into his/her knowledge base to solve the problem. So does an LLM. Thus, BoT offers fundamental insights and guidance on how to enable LLMs to generate effective reasoning steps for complex problem solving, essentially through retrospective error analysis, without requiring human demonstrations. With these insights, the research of prompt engineering on inducing the reasoning capability of LLMs can focus on how to generate a compiled list of trial-and-error history (error analysis report from solving the problem) instead of introducing more human priors (examples) to the prompt like existing CoT, ToT methods would do, which we believe is both insufficient and hard to acquire. This, in turn, makes BoT an automated prompting framework because by iteratively collecting effective error analysis in the prompt without human annotations, LLMs can be guided to produce a correct reasoning chain toward problem solving. Second, our insight is NOT model dependent---the same method can be successfully applied to several LLMs, such as gpt-3.5-turbo, gpt-4, and Llama2, according to our experiments. In particular, we utilize the gpt-3.5-turbo model to generate examples shown in the Appendix. The results still support our insights and conclusion. In Section B of the Appendix, we present more discussions on the fundamental insights of BoT. Furthermore, the base model in BoT's boosting mechanism does not have to be specific tree thought structures, such as ToT [2]. We chose ToT here for its effectiveness and simplicity. Therefore, the fundamental concept underpinning the proposed BoT's outstanding performance with an automated prompting framework lies in recognizing the fundamental cycle of thought generation, selection and error analysis to be fed back into LLM prompting as advice and guidance, which unlocks LLM's ability to solve complex problems. We propose BoT as a general trial-and-error prompting framework to enhance the reasoning capabilities of LLMs (which proves to be effective on multiple LLMs in general), rather than a model-dependent engineering trick that will fade away as models evolve. Third, we are certainly not targeting applications or practical production related to LLMs. While most real-world LLM applications are regarding chatting with humans (i.e., ChatGPT), it is an emerging research question arising in the NeurIPS/ICLR/ICML/AAAI community to ask whether LLMs can solve complex mathematical questions (which is certainly not applications today, but simply a research question asked by the research community out of pure intellectual interests). For example, Chain of Thoughts (CoT) arises in NeurIPS 2022. To answer this fundamental question, we show the possibility of prompting LLM in a different way that no other work on Chain of Thoughts has tried out before, i.e., through a log of trial-and-error analysis, and show that this style of prompting (instead of just demonstrating human priors to LLMs) is key to unlocking LLMs' capabilities to solve complex mathematical problems. The underlying reason is that simply demonstrating to LLMs the steps to solve a math problem is not enough. We must also leverage a compiled list of trials and errors obtained from attempting to solve the problem so that the LLM progressively learns to avoid pitfalls, just like humans. Our experiments have substantiated our claim by showing that without human priors, BoT can achieve outstanding performance at solving various mathematical problems via the proposed thought generation, aggregation, and error analysis accumulated to be used for prompting LLMs.

Thanks for your comments and we reply to them below. __Response to Q1__: BoT is an automated prompting framework that automatically obtains and accumulates the trial-and-error reasoning experiences to enhance the prompt for LLMs toward solving complex math problems. Besides, BoT, in each iteration, adds one piece of experience to the prompt. Therefore, without being limited by how many experiences to collect and when to stop reasoning, one simply obtains the aggregated reasoning chain after the final iteration as the solution. To further clarify, we have prepared an algorithm Table showing this procedure in Section A of the Appendix. The argument ""Experience consistently leads to thought revision, but too much can have the opposite effect"" appears in the Ablation Study part of the paper. And the main purpose is to show that 1) the effectiveness of BoT, an automated prompting framework, is attributed to the experience accumulation in the prompt; and 2) accumulating too many trial-and-error reasoning experiences while not being selective may hurt the performance of BoT. For example, the ablation study shows that without performing the thought structures aggregation but just adding error analysis on all generated reasoning chains to the prompt, i.e., BoT (No), in Table 4 of the paper, achieves the worst performance in all cases. The main reason is that the quality of experience matters to BoT as only the experience obtained from 'good' reasoning chain can benefit the reasoning generation in subsequent iterations. This means that the proposed thought structure generation and thought structure aggregation must be performed to fully explore the reasoning space and obtain a relatively good reasoning chain to be analyzed by LLMs in order to derive a better 'experience', which is then fed back into prompting toward problem solving. __Response to Q2__: Our experiments cover 4 hard benchmark math datasets, which are commonly used by existing literature. For example, the AQuA dataset consists of about $100000$ algebraic word problems with natural language rationales. Considering the hardness, diversity, and size of these included datasets, current experiments provide enough evidence to support the claim of BoT. Particularly, our work includes a more challenging 'Game of 24' task, which is not used by other related work because even the latest GPT-4 with CoT prompt obtains only $4\%$ solving rate. In contrast, BoT with GPT-4 achieves $83.7\%$ solving rate. To further enhance the experiments for BoT, we have specifically added Section F in the appendix to present more detailed results of the MATH dataset, which contains 7 categories of problems and thus represents a significantly challenging benchmark for mathematical reasoning. By performing 9 methods with GPT-3.5-turbo and GPT4 on this dataset, we show that the statistical distribution of the results across 7 categories not only supports our claims in the main paper but leads to more insights. Besides, the evaluation metric of this submission focuses on the solving rate as this is the most common and even the only used core performance metric. But, as presented in the main paper and Section F of the appendix, more detailed performance analyses are also included to offer better insights. BoT does achieve the state-of-the-art in most datasets. In the mathematical reasoning datasets, as shown in Tables 1 and 2 of the main paper and Figure 5 of the appendix, BoT outperforms other state-of-the-art methods by a relatively large margin. BoT only lags behind the CSV [1] on the MATH dataset. Yet this is not a fair comparison, since CSV additionally heavily relies on the GPT-4 code interpreter, whereas BoT achieves a competitive performance as an automated prompting framework without relying on any tools such as the GPT-4 code interpreter. Under a fair comparison with other related works on the MATH dataset, as shown in Section F of the appendix, BoT consistently achieves the highest problem solving rate on different sub-categories. Furthermore, for the Game of 24, according to the results shown in Table 2, BoT is $9.7\%$ higher than the current best method ToT [2]. Besides, what is more important is that BoT is an automated prompting framework that generates effective reasoning chains by collecting trial-and-error reasoning experiences without introducing human annotations. [1]. hou, Aojun, et al. Solving Challenging Math Word Problems Using GPT-4 Code Interpreter with Code-based Self-Verification, Arxiv 2023. [2]. Yao, Shunyu, et al. Tree of Thoughts: Deliberate Problem Solving with Large Language Models, Arxiv 2023."	"__Response to W2__: In Section E of the appendix, we have discussed that the spurious feedback may lead the LLMs to generate reasoning steps that are logically incorrect or do not adhere to any of the task rules. Table 7 of the Appendix presents the corresponding results of BoT when the spurious feedback is included as the experience in the prompt. However, we argue that spurious feedback will NOT be amplified over iterations; instead, thanks to the iterative mechanism of BoT, its negative impact on the generated reasoning steps can be mitigated or even entirely rectified in subsequent iterations. Specifically, as the wrong reasoning steps caused by spurious feedback contain obvious mistakes, it is likely that LLMs tend to generate correct error analysis by comparing to the final target at some later steps and provide effective suggestions for revisions. With this new experience included in the prompt, BoT is capable of generating correct thoughts (reasoning steps). This is further mitigated by the proposed thought generation process through an ensemble of binary trees and aggregating them to acquire the better chain of thoughts to be used in error analysis in each iteration. As demonstrated by the experience in Table 8, BoT produces detailed error reports and revision suggestions, resulting in a rational thought generation process illustrated in Table 7 of the Appendix. The advantage of BoT, which leverages iterations to mitigate the detrimental effects of invalid or erroneous feedback (i.e., the LLMs progressively avoid pitfalls during the BoT process), is evident in Figure 4. Notably, the performance of BoT exhibits consistent enhancement as the number of iterations increases. This implies both the significance of accumulating trial-and-error experiences iteratively and the capacity of subsequent experiences to rectify (avoid) errors in earlier experiences. __Answer to W3 and Q1__: We have added more details and discussions on edge weight computation for trees and the aggregation strategies in Sections C and D of the Appendix. In summary, to calculate the edge weight $V_{i-1, i}$ between two reasoning steps, represented as nodes in the tree and denoted by $z_{i-1}$ and $z_{i}$, LLMs are utilized to evaluate the entire reasoning chain $z_{1, ..., i-1, i}$, which forms a branch of the tree with $z_1$ acting as the root node. The corresponding prompt used by LLMs for this weight computation can be found in Section A of the Appendix and the source code _examples/BoostingOfThought/BoT\_reasoner.py_. [1]. Wei, Jason, et al., Chain-of-thought prompting elicits reasoning in large language models, Advances in Neural Information Processing Systems 35 (2022): 24824-24837. [2]. Yao, Shunyu, et al., Tree of Thoughts: Deliberate Problem Solving with Large Language Models, Arxiv 2023. [3]. Besta, Maciej, et al., Graph of thoughts: Solving elaborate problems with large language models, Arxiv 2023. We endeavour to address reviewer questions and concerns and improve the quality of this research. It is much appreciated if the reviewer could reassess the value of our contribution after reading the rebuttal.

Thanks for your comments and we reply to them below. __Response to W1__: Your comments are pretty insightful because, during paper preparation, we also considered a similar concern on whether using the term 'refining weak thoughts' in the framework with the Boosting mechanism is precise. Thus, the current usage of words is supported by three reasons. First, the 'thought' is the output of LLMs, and without a proper prompt to LLMs, the generated 'thought' will be wrong in the logic and even not follow the rule of the task. Such 'weak thought' corresponding to the incorrect reasoning step will inevitably lead to wrong answers. Second, the core insight of BoT, an automated prompting framework, is that a strong prompt for LLMs toward problem solving can derive from gradually collecting an ensemble of trial-and-error reasoning experience. Thus, the iterative nature of boosting in BoT allows LLMs to learn from mistakes in the prompt, continually refining the 'weak thought' in the reasoning process. Third, as BoT starts from a simple prompt for LLMs, the generated 'thought' in the first iteration will be inherently 'weak', as measured by the low success rate in Figure 4 of the paper. Only by incorporating error analysis as part of the experience to enrich the prompt over iterations can the 'weak thought' be refined gradually to lead to the correct answer. Your suggestion on using 'pruning of weak thoughts' is also attractive. But, the terms with 'pruning', such as 'model pruning', may cause the reader to think that the 'weak thoughts' are powerful enough but only complex in structure, and thus, they should be pruned. This may not follow the core insight of BoT. To further reduce ambiguity, we have included more detailed discussions on tree thought structures and the aggregation of thought structures in Sections C and D, accompanied by some examples from BoT in the appendix. __Response to the code and example concerns__: The _llmpebase_ codebase is a unified platform we developed for performing prompt engineering on large language models (LLMs), with a focus on easy-to-use and fairness comparison guarantees. Thanks to the interest from reviewers, we have released the most code (still a part of our whole project, but it is enough to Run the BoT) with a clean and neat structure, which can be accessed in the 'code/' of the supplementary. To facilitate the quick experiment running with _llmpebase_, we have prepared a README\.md file under the 'code/' to allow users to see the codebase structure and our proposed BoT (under examples/BoostingOfThought) within several minutes. Apart from experiments on Game of 24, we also presented detailed results from other mathematical tasks in Table 1, Figure 3, and 4. We emphasized the performance on Game of 24 because BoT outperforms ChapGPT4 by a large margin on this challenging task. In response to your suggestion of including more success and failure cases from other tasks, we have expanded the content in the appendix. Given that BoT accumulates experience in the prompt over multiple iterations, this extension of content has resulted in a lengthier appendix. __Response to the concern on the research domain__: We did mention that our experiments are performed across extensive complex mathematical problems. To further clarify the contribution, we will enhance the domain-specific nature of this submission. However, due to the policy of the ICLR24 conference, such a minor revision on the title or abstract can only be made for the camera-ready version. We will certainly make the suggested revision when we have the opportunity to prepare the camera-ready version. __Answer to Q1__: Your basic understanding of $T=10$ is correct but not very precise. BoT is an automated prompting framework with a boosting mechanism. Thus, starting from a simple prompt without human annotations, BoT gradually accumulates an ensemble of trial-and-error reasoning experiences to enhance the prompt over iterations. In the experimental settings, we denote the number of iterations used by BoT as $T=10$, indicating that a total of 10 experiences will be incorporated into the prompt for problem-solving. Therefore, the initial simple prompt will be updated 10 times, leading to a maximum of 10 prompts. Your description of $M=15$ is accurate. In each iteration, BoT generates numerous binary trees of thoughts to explore various reasoning steps, which are subsequently aggregated for self-evaluation. The number of binary trees in the experimental settings is set to 15. To enhance clarity, we have included an algorithm table for BoT in Section A of the appendix, offering a concise overview of this framework.

Thanks for your comments and we reply to them below. __Response to Q1__: BoT is an automated prompting framework that automatically obtains and accumulates the trial-and-error reasoning experiences to enhance the prompt for LLMs toward solving complex math problems. Besides, BoT, in each iteration, adds one piece of experience to the prompt. Therefore, without being limited by how many experiences to collect and when to stop reasoning, one simply obtains the aggregated reasoning chain after the final iteration as the solution. To further clarify, we have prepared an algorithm Table showing this procedure in Section A of the Appendix. The argument ""Experience consistently leads to thought revision, but too much can have the opposite effect"" appears in the Ablation Study part of the paper. And the main purpose is to show that 1) the effectiveness of BoT, an automated prompting framework, is attributed to the experience accumulation in the prompt; and 2) accumulating too many trial-and-error reasoning experiences while not being selective may hurt the performance of BoT. For example, the ablation study shows that without performing the thought structures aggregation but just adding error analysis on all generated reasoning chains to the prompt, i.e., BoT (No), in Table 4 of the paper, achieves the worst performance in all cases. The main reason is that the quality of experience matters to BoT as only the experience obtained from 'good' reasoning chain can benefit the reasoning generation in subsequent iterations. This means that the proposed thought structure generation and thought structure aggregation must be performed to fully explore the reasoning space and obtain a relatively good reasoning chain to be analyzed by LLMs in order to derive a better 'experience', which is then fed back into prompting toward problem solving. __Response to Q2__: Our experiments cover 4 hard benchmark math datasets, which are commonly used by existing literature. For example, the AQuA dataset consists of about $100000$ algebraic word problems with natural language rationales. Considering the hardness, diversity, and size of these included datasets, current experiments provide enough evidence to support the claim of BoT. Particularly, our work includes a more challenging 'Game of 24' task, which is not used by other related work because even the latest GPT-4 with CoT prompt obtains only $4\%$ solving rate. In contrast, BoT with GPT-4 achieves $83.7\%$ solving rate. To further enhance the experiments for BoT, we have specifically added Section F in the appendix to present more detailed results of the MATH dataset, which contains 7 categories of problems and thus represents a significantly challenging benchmark for mathematical reasoning. By performing 9 methods with GPT-3.5-turbo and GPT4 on this dataset, we show that the statistical distribution of the results across 7 categories not only supports our claims in the main paper but leads to more insights. Besides, the evaluation metric of this submission focuses on the solving rate as this is the most common and even the only used core performance metric. But, as presented in the main paper and Section F of the appendix, more detailed performance analyses are also included to offer better insights. BoT does achieve the state-of-the-art in most datasets. In the mathematical reasoning datasets, as shown in Tables 1 and 2 of the main paper and Figure 5 of the appendix, BoT outperforms other state-of-the-art methods by a relatively large margin. BoT only lags behind the CSV [1] on the MATH dataset. Yet this is not a fair comparison, since CSV additionally heavily relies on the GPT-4 code interpreter, whereas BoT achieves a competitive performance as an automated prompting framework without relying on any tools such as the GPT-4 code interpreter. Under a fair comparison with other related works on the MATH dataset, as shown in Section F of the appendix, BoT consistently achieves the highest problem solving rate on different sub-categories. Furthermore, for the Game of 24, according to the results shown in Table 2, BoT is $9.7\%$ higher than the current best method ToT [2]. Besides, what is more important is that BoT is an automated prompting framework that generates effective reasoning chains by collecting trial-and-error reasoning experiences without introducing human annotations. [1]. hou, Aojun, et al. Solving Challenging Math Word Problems Using GPT-4 Code Interpreter with Code-based Self-Verification, Arxiv 2023. [2]. Yao, Shunyu, et al. Tree of Thoughts: Deliberate Problem Solving with Large Language Models, Arxiv 2023."			
7vVWiCrFnd__r05	ICLR.cc/2024/Conference	Rethinking and Extending the Probabilistic Inference Capacity of GNNs	5: marginally below the acceptance threshold	3: You are fairly confident in your assessment. It is possible that you did not understand some parts of the submission or that you are unfamiliar with some pieces of related work. Math/other details were not carefully checked.	"[weaknesses] 1. Defining the discriminative power of potential function by WL test appears to be a somewhat contrived setup, whereby the problem still boils down to graph isomorphism. I am not sure how practically relevant this setting is, and whether it is truly “fundamentally different” with works on WL tests. A more comprehensive discussion about the connection may mitigate the issue. 2. Following the above point, the analysis does not take into account node features, whereas in many PGMs node and clique potentials are functions on node features. This further stresses the point that the setup might deviate from practice. 3. The proposed method seems not scalable as it requires identifying maximum cliques that is exponentially complex, and even relaxing it to cliques with size k has super-quadratic complexity O(n^k) (please correct me if I am wrong). This limitation has not been discussed in the paper, and experiments only include small datasets. 4. The experimental results are relatively weak. E.g. on PPI, best performance in most cases (4 out of 6 columns in the table) is achieved by GCNII+SPN. Improvement on synthetic dataset is also limited, and Planetoid dataset is outdated. Baselines are also limited. Particularly, many GNN variants are considered in the analysis but are not compared in experiments, and I wonder why? Moreover, the proposed methods are essentially based on data augmentation, but competitors in this category are missing. Typos: invalid reference in appendix A and E.2; “a successful ? for minimizing” in 3.2; repeated references Bergen et al. and Cai at al.

[questions] 1. In 3.1, while lemma 1 is straight-forward, I do not fully understand why the authors mention “in graph machine learning fields each instance corresponds to different graphs with possibly different structures”, as the paper does not address the case of graph classification? And what does “instance” present? (the authors might wanna refer to a graph as an instance, but in the context of paper where node- and edge-level tasks are considered, each node or random variable in the PGM correspond an an instance.) 2. What is the complexity of the proposed method, and are there any ways to scale it to large graphs? 3. If possible, please also answer to questions in the weakness section. --- I decrease score from 6 to 5 due to my lingering concerns, and there has been no response from the authors to date.

[summary] The paper studies the expressiveness of different GNN variants from a probabilistic inference perspective. Specifically, under certain settings of PGMs and different ways to measure their complexity, the paper studies to what extent MPNNs can approximate node and edge marginals which are obtained from local minima of Bethe approximation. The analysis is also extended to other GNN variants. To equip GNNs with the power of estimating more complex node and edge marginals, phantom nodes and edges are proposed respectively, and experiments are conducted on several node and link prediction datasets to evaluate the proposed methods."	"We thank the reviewer for the constructive comments! We have revised the manuscript to address the concerns. We are sorry for the late response. ## Question 1 `In 3.1, while lemma 1 is straight-forward, I do not fully understand why the authors mention “in graph machine learning fields each instance corresponds to different graphs with possibly different structures”, as the paper does not address the case of graph classification? And what does “instance” present?` Our description follows the setting in [1] (Section 3), where each instance refers to a graph. The aim of this sentence is to point out the different assumptions in PGMs and graph machine learning. Traditionally, each individual instance in a graphical model shares the same conditional independence structure, that is, if $G_1$ and $G_2$ are two instances, $G_1$ and $G_2$ must share the same structure. However, in graph machine learning fields things are different. For example, the graphs for training and test often have different structures. In this case we say each instance has distinct structure. Therefore, we propose lemma1 to address the difference between traditional PGMs and the assumptions in graph machine learning. ## Question 2 `What is the complexity of the proposed method, and are there any ways to scale it to large graphs?` We have added discussion of the complexity in Appendix C. To summarize, in worst cases where the graphs are dense (suppose $N$ nodes and $O(N^2)$ edges), $k$-order PE takes $O(N^k)$ space and $O(kN^k)$ time ($k$-GNNs take $O(kN^{k+1}) time). For sparse graphs the major complexity comes from finding cliques. It's hard to theoretically estimate the complexity of finding cliques in sparse graphs, but many works (eg. [2]) have shown that there are empirically efficient algorithms for finding k-cliques, e.g. [2] can find cliques with order less than 10 in graphs with 68K nodes in seconds. ## Weakness 1 `Defining the discriminative power of potential function by WL test appears to be a somewhat contrived setup, whereby the problem still boils down to graph isomorphism. I am not sure how practically relevant this setting is, and whether it is truly “fundamentally different” with works on WL tests. A more comprehensive discussion about the connection may mitigate the issue.` The key point of our theory is to discuss whether various GNN models can capture the variational inference of PGMs, including: 1. Whether GNNs can simulate local extrema of Bethe approximation. 2. What distribution can GNNs capture. To answer the problem 2 we propose concept of permutation-invariant PGMs, which is described by a permutation-invariant function $\mathcal{A}$ introduced in section 3.1. Therefore, it's **necessary** to restrict the expressive power of $\mathcal{A}$: for example if $\mathcal{A}$ output different potential functions for all pairs of non-isomorphic graphs, no GNNs can capture it. Since it's necessary to restrict the expressive power of $\mathcal{A}$, we choose two metrics: the order of $\mathcal{A}$ and the most common k-WL tests for restricting the expressive power. However, the WL tests play different roles in our and previous works. Previous works focus on the relation between GNNs and WL tests, while in our work WL tests in fact only serve as a restriction of the space of the joint distribution. Thus we believe our perspective is fundamentally different with previous works. In fact, many works such as [1] simply assumed PGMs as $p(X,Z)=\frac{1}{Z}\prod_{i}\Phi(x_i,z_i)\prod_{(i,j)\in\mathcal{E}}\Psi(z_i,z_j)$ where the potential functions are exactly the same for different nodes and edges, thus they are special situations of our assumptions. In other words, if it's valuable to discuss whether GNNs can capture local extrema of the above PGMs, so is our work. ## Weakness 2 `Following the above point, the analysis does not take into account node features, whereas in many PGMs node and clique potentials are functions on node features. This further stresses the point that the setup might deviate from practice.` In our initial settings we believe regarding node features as observed random variables would provide a clear theoretical framework. Still, our results still hold when node and clique potentials are functions on node features. Recall that in Section 3.1 we introduce the permutation-invariant function $\mathcal{A}$ that describes PGMs, where $\mathcal{A}$ is a function on cliques and adjacency matrices $\mathcal{A}(C,\mathbf{A})$. If we let $\mathcal{A}$ further be a function on node features, i.e. $\mathcal{A}(C,G)$ where $G=(\mathbf{A},\mathbf{X})$ and $\mathbf{X}$ is the node feature matrix, the results still hold because GNN layers are also functions on $G$. Therefore, our results also hold when node and clique potentials are functions on node features.

## Weakness 3 `The proposed method seems not scalable as it requires identifying maximum cliques that is exponentially complex, and even relaxing it to cliques with size k has super-quadratic complexity O(n^k) (please correct me if I am wrong). This limitation has not been discussed in the paper, and experiments only include small datasets.` The maximum clique problem is a NP problem, thus is not scalable for large graphs. We have added discussions in Appendix C. In worst cases (where graphs are dense), relaxing it to k-cliques still has super-quadratic complexity. However, if we consider sparse graphs, there are empirically efficient algorithms for finding k-cliques (e.g. [2]). Although it's hard to theoretically estimate the complexity, the method in [2] can find 10-cliques in graphs with 68K nodes in seconds. Besides, even in worst cases our method is still more efficient than k-GNNs. ## Weakness 4 `The experimental results are relatively weak. E.g. on PPI, best performance in most cases (4 out of 6 columns in the table) is achieved by GCNII+SPN. Improvement on synthetic dataset is also limited, and Planetoid dataset is outdated. Baselines are also limited. Particularly, many GNN variants are considered in the analysis but are not compared in experiments, and I wonder why? Moreover, the proposed methods are essentially based on data augmentation, but competitors in this category are missing.` We hypothesis three reasoning why our method hardly works better than SPN for GCNII. 1. SPN uses a node GNN to model node potentials and an edge GNN to model edge potentials. This framework might better aligns with the natural behavior of molecules. 2. We tried our best but we couldn't reproduce the results of baseline GNNs using the hyperparameters in [2]. Therefore although our methods can consistently improve the performance of GNNs, for some tasks it might not be better than SPN. 3. Better expressive power might not always lead to better empirical performance (e.g., [3]). Our framework focuses on theoretically improving the expressiveness of GNNs, rather than designing an empirically effective GNN architecture. We only apply the most simple and intuitive design. We did not include all GNN variants in the analysis because our methods focus on node classification and link prediction methods and aim to improve the expressiveness of MPNNs. Thus we mainly considers comparisons with MPNNs and other methods in the PGM-GNN literature. We are trying our best to perform additional experiments on real-world datasets and the LDPC dataset, and will update the manuscript once we finished the experiments. We are trying our best to to perform additional experiments on real-world datasets. We have performed experiments on the DBLP datasets in [4] as follows. As we can see, GAT+PN achieves the best results, while GCNII+PN achieves better results than SPN-GCNII. | GCN | GCN+PN | GraphSage | GraphSage+PN | |:--------| :---------:|:---------:|:---------:| | 76.60 | 84.43 | 73.81 | 83.67 | | GAT | SPN-GAT | GAT+PN | GCNII | SPN-GCNII | GCNII+PN | |:---------:|:---------:|:---------:|:---------:|:---------:|:---------:| | 79.16 | 84.84 | 86.34 | 81.79 | 83.57 | 85.08 | [1] Dai et al. Discriminative Embeddings of Latent Variable Models for Structured Data. ICML 2016. [2] Lukas Gianinazzi et al. Parallel Algorithms for Finding Large Cliques in Sparse Graphs. In Proceedings of the 33rd ACM Symposium on Parallelism in Algorithms and Architectures. [3] Morris et al. Weisfeiler and Leman Go Neural: Higher-order Graph Neural Networks. AAAI 2019. [4] Qu et al. NEURAL STRUCTURED PREDICTION FOR INDUCTIVE NODE CLASSIFICATION. ICLR 2022.

We thank the reviewer for the constructive comments! We have revised the manuscript to address the concerns. ## Questions 1 `For link prediction tasks, how is the experiments done?` The experimental setup follows [1]. For all datasets, at training time the message passing links are equal to the supervision links, while at test and validation time, disjoint sets of links are held out for supervision that are never seen at training time. We randomly generate 70-10-20 percent train-val-test splits. `Why don't choose metric of link prediction to be HITS@10 like in the BUDDY paper.` To make the experiments more challenging we choose H@10 as our metrics. If we set the metrics to be H@100 we can see that the results are much close: | | Cora | Citeseer | |:--------| :---------:|--------:| | GCN | 0.853 | 0.892 | | GCN+PE | 0.883 | 0.907 | | GCNII | 0.868 | 0.911 | | GCNII + PE | 0.872 | 0.932 | | ELPH | 0.877 | 0.934 | | BUDDY | 0.880 | 0.929 | `Also, why not include other baselines in the BUDDY paper, especially the GNN ones? Also, maybe lack of other experiments on large link prediction datsets` We are sorry we did not test all baselines and did not conduct experiments on other datasets. Since this work mainly focus on theoretically analyse the probabilistic inference capacity of GNNs, our prior target is to ensure the theoretical results in this paper sound and clear. Nevertheless, we will keep trying our best to enhance the experiment sections in this manuscript. ## Questions 2 `For node classification task, why not choose traditional homogeneous datasets and heterogeneous datasets like previous works.` For node classification task we follow the setting in [2]. The PPI datasets in [2] have 121 distinct labels thus suit node property prediction tasks well, and have been shown to benefit well from PGMs. Therefore, we choose them for node classification tasks. `How will phantom nodes have impact when meeting graphs with different heterophily?` The phantom nodes play as ensemble for cliques, enabling MPNNs to directly model closely connected nodes as an ensemble. The influence is especially significant when the input graphs are made up of several closely connected clusters. `Also, why For GCNII it hardly work better than SPN?` We hypothesis three reasoning why our method hardly works better than SPN for GCNII. 1. SPN uses a node GNN to model node potentials and an edge GNN to model edge potentials. This framework might better aligns with the natural behavior of molecules. 2. We tried our best but we couldn't reproduce the results of baseline GNNs in [2]. Therefore although our methods can consistently improve the performance of GNNs, for some tasks it might not be better than SPN. 3. Better expressive power might not always lead to better empirical performance[3]. Our framework focuses on theoretically improving the expressiveness of GNNs, rather than designing an empirically effective GNN architecture. We only apply the most simple and intuitive design. ## Questions 3 `What's the complexity of GNNs with phantom nodes or phantom edges, for node classification and link prediction, respectively?` We have added discussions of complexity in Appendix C. Please refer to the paragraphs ""Algorithm complexities"" in Appendix C (colored blue) for detailed discussion. ## Weakness We are trying our best to perform additional experiments on real-world datasets and the LDPC dataset, and will update the manuscript once we finished the experiments. We did not include all GNN variants in the analysis because our methods focus on node classification and link prediction methods and aim to improve the expressiveness of MPNNs. Thus we mainly considers comparisons with MPNNs and other methods in the PGM-GNN literature. For hyperparameters, for node classification tasks we select the same hyperparameters in [1],[2] for fair comparision. When applying our phantom nodes / edges methods we keep the hyperparameters (learning rate, hidden dimension, etc.) unchanged. For link prediction tasks the hyperparameters are selected by performing search on validation data. Similarly, once we have chosen the hyperparameters of baseline MPNNs, we use the same hyperparameters for our PE-enhanced methods. We have conducted additional experiments on DBLP datasets in [2]. The results are as follows. | GCN | GCN+PN | GraphSage | GraphSage+PN | |:--------| :---------:|:---------:|:---------:| | 76.60 | 84.43 | 73.81 | 83.67 | | GAT | SPN-GAT | GAT+PN | GCNII | SPN-GCNII | GCNII+PN | |:---------:|:---------:|:---------:|:---------:|:---------:|:---------:| | 79.16 | 84.84 | 86.34 | 81.79 | 83.57 | 85.08 | [1] Chamberlain et al. Graph Neural Networks for Link Prediction with Subgraph Sketching. ICLR 2023. [2] Qu et al. NEURAL STRUCTURED PREDICTION FOR INDUCTIVE NODE CLASSIFICATION. ICLR 2022. [3] Morris et al. Weisfeiler and Leman Go Neural: Higher-order Graph Neural Networks. AAAI 2019."	"We thank the reviewer for the constructive comments! We have revised the manuscript to address the concerns. ## Weakness 1 `The first paragraph is problematic. “implicitly assume that node representations learnt by GNNs are independent conditioned on node features and edges, thereby ignoring the joint dependency among nodes...” does not represent the related works accurately. These works do not ignore dependency among the nodes, which is captured via multiple rounds of message passing similar to loopy belief propagation. I find the first paragraph could be phrased in a different way to make the distinctions accurate.` Thanks for pointing them out. We have rewrited the sentence to make the presentation more accurate. ## Weakness 2 `The introduction of phantom nodes and edges is not a novel development and closely resembles the other methods like CIN. However, the problem of inefficiency remains in such methods i.e. the computational complexity of finding maximal cliques which can be used for phantom nodes to guarantee the inferential capacity.` The introduction of phantom nodes does share spirits with CIN, that is to capture cliques in the graphs. We agree that finding cliques might be computational complex and this problem of inefficiency remains in our methods. But our method is more efficient than CIN: even if we only preserve the clique complex in CIN, CIN(CWL) needs to pass messages: - from nodes to nodes - between higher-order cliques and lower-order cliques (lower adjacent and higher adjacent) - between cliques of the same order (co-boundary cells) - between cliques and nodes (boundary cells) Our method, although share the same spirits, in fact point out the necessary component to capture higher-order dependencies and show that by adding messages between cliques and nodes in the cliques we can already extend MPNNs to capture higher-order PGMs without re-designing the WL scheme. We believe that the phantom edges are not similar to other methods like CIN. We focus on the link prediction scenarios, while CIN focuses on graph classification. ## Weakness 3 `Certain related works are missing in the paper. Recent works on Factor Graph Neural Networks (FGNN) [1] are highly related works in establishing connections between PGMs and GNNs. A small discussion on the relevance would be pertinent.` We are sorry that we did not discuss recent works that combine PGMs and GNNs. We have added a paragraph in Appendix A (colored blue) to discuss these related works in the revised manuscript. ## Weakness 4 `The experimental section could be more elaborate to study the effectiveness of GNNs in learning higher-order distributions. For example, comparison with Zhen et al. (2023) on inference of higher-order LDPC codes.` We are trying our best to perform additional experiments on more real-world datasets and the LDPC dataset, and will update the manuscript once we finished the experiments.

We thank the reviewer for the constructive comments! We have revised the manuscript to address the concerns. We are sorry for the late response. ## Question 1 `In 3.1, while lemma 1 is straight-forward, I do not fully understand why the authors mention “in graph machine learning fields each instance corresponds to different graphs with possibly different structures”, as the paper does not address the case of graph classification? And what does “instance” present?` Our description follows the setting in [1] (Section 3), where each instance refers to a graph. The aim of this sentence is to point out the different assumptions in PGMs and graph machine learning. Traditionally, each individual instance in a graphical model shares the same conditional independence structure, that is, if $G_1$ and $G_2$ are two instances, $G_1$ and $G_2$ must share the same structure. However, in graph machine learning fields things are different. For example, the graphs for training and test often have different structures. In this case we say each instance has distinct structure. Therefore, we propose lemma1 to address the difference between traditional PGMs and the assumptions in graph machine learning. ## Question 2 `What is the complexity of the proposed method, and are there any ways to scale it to large graphs?` We have added discussion of the complexity in Appendix C. To summarize, in worst cases where the graphs are dense (suppose $N$ nodes and $O(N^2)$ edges), $k$-order PE takes $O(N^k)$ space and $O(kN^k)$ time ($k$-GNNs take $O(kN^{k+1}) time). For sparse graphs the major complexity comes from finding cliques. It's hard to theoretically estimate the complexity of finding cliques in sparse graphs, but many works (eg. [2]) have shown that there are empirically efficient algorithms for finding k-cliques, e.g. [2] can find cliques with order less than 10 in graphs with 68K nodes in seconds. ## Weakness 1 `Defining the discriminative power of potential function by WL test appears to be a somewhat contrived setup, whereby the problem still boils down to graph isomorphism. I am not sure how practically relevant this setting is, and whether it is truly “fundamentally different” with works on WL tests. A more comprehensive discussion about the connection may mitigate the issue.` The key point of our theory is to discuss whether various GNN models can capture the variational inference of PGMs, including: 1. Whether GNNs can simulate local extrema of Bethe approximation. 2. What distribution can GNNs capture. To answer the problem 2 we propose concept of permutation-invariant PGMs, which is described by a permutation-invariant function $\mathcal{A}$ introduced in section 3.1. Therefore, it's **necessary** to restrict the expressive power of $\mathcal{A}$: for example if $\mathcal{A}$ output different potential functions for all pairs of non-isomorphic graphs, no GNNs can capture it. Since it's necessary to restrict the expressive power of $\mathcal{A}$, we choose two metrics: the order of $\mathcal{A}$ and the most common k-WL tests for restricting the expressive power. However, the WL tests play different roles in our and previous works. Previous works focus on the relation between GNNs and WL tests, while in our work WL tests in fact only serve as a restriction of the space of the joint distribution. Thus we believe our perspective is fundamentally different with previous works. In fact, many works such as [1] simply assumed PGMs as $p(X,Z)=\frac{1}{Z}\prod_{i}\Phi(x_i,z_i)\prod_{(i,j)\in\mathcal{E}}\Psi(z_i,z_j)$ where the potential functions are exactly the same for different nodes and edges, thus they are special situations of our assumptions. In other words, if it's valuable to discuss whether GNNs can capture local extrema of the above PGMs, so is our work. ## Weakness 2 `Following the above point, the analysis does not take into account node features, whereas in many PGMs node and clique potentials are functions on node features. This further stresses the point that the setup might deviate from practice.` In our initial settings we believe regarding node features as observed random variables would provide a clear theoretical framework. Still, our results still hold when node and clique potentials are functions on node features. Recall that in Section 3.1 we introduce the permutation-invariant function $\mathcal{A}$ that describes PGMs, where $\mathcal{A}$ is a function on cliques and adjacency matrices $\mathcal{A}(C,\mathbf{A})$. If we let $\mathcal{A}$ further be a function on node features, i.e. $\mathcal{A}(C,G)$ where $G=(\mathbf{A},\mathbf{X})$ and $\mathbf{X}$ is the node feature matrix, the results still hold because GNN layers are also functions on $G$. Therefore, our results also hold when node and clique potentials are functions on node features.

We thank the reviewer for the constructive comments! We have revised the manuscript to address the concerns. ## Questions 1 `For link prediction tasks, how is the experiments done?` The experimental setup follows [1]. For all datasets, at training time the message passing links are equal to the supervision links, while at test and validation time, disjoint sets of links are held out for supervision that are never seen at training time. We randomly generate 70-10-20 percent train-val-test splits. `Why don't choose metric of link prediction to be HITS@10 like in the BUDDY paper.` To make the experiments more challenging we choose H@10 as our metrics. If we set the metrics to be H@100 we can see that the results are much close: | | Cora | Citeseer | |:--------| :---------:|--------:| | GCN | 0.853 | 0.892 | | GCN+PE | 0.883 | 0.907 | | GCNII | 0.868 | 0.911 | | GCNII + PE | 0.872 | 0.932 | | ELPH | 0.877 | 0.934 | | BUDDY | 0.880 | 0.929 | `Also, why not include other baselines in the BUDDY paper, especially the GNN ones? Also, maybe lack of other experiments on large link prediction datsets` We are sorry we did not test all baselines and did not conduct experiments on other datasets. Since this work mainly focus on theoretically analyse the probabilistic inference capacity of GNNs, our prior target is to ensure the theoretical results in this paper sound and clear. Nevertheless, we will keep trying our best to enhance the experiment sections in this manuscript. ## Questions 2 `For node classification task, why not choose traditional homogeneous datasets and heterogeneous datasets like previous works.` For node classification task we follow the setting in [2]. The PPI datasets in [2] have 121 distinct labels thus suit node property prediction tasks well, and have been shown to benefit well from PGMs. Therefore, we choose them for node classification tasks. `How will phantom nodes have impact when meeting graphs with different heterophily?` The phantom nodes play as ensemble for cliques, enabling MPNNs to directly model closely connected nodes as an ensemble. The influence is especially significant when the input graphs are made up of several closely connected clusters. `Also, why For GCNII it hardly work better than SPN?` We hypothesis three reasoning why our method hardly works better than SPN for GCNII. 1. SPN uses a node GNN to model node potentials and an edge GNN to model edge potentials. This framework might better aligns with the natural behavior of molecules. 2. We tried our best but we couldn't reproduce the results of baseline GNNs in [2]. Therefore although our methods can consistently improve the performance of GNNs, for some tasks it might not be better than SPN. 3. Better expressive power might not always lead to better empirical performance[3]. Our framework focuses on theoretically improving the expressiveness of GNNs, rather than designing an empirically effective GNN architecture. We only apply the most simple and intuitive design. ## Questions 3 `What's the complexity of GNNs with phantom nodes or phantom edges, for node classification and link prediction, respectively?` We have added discussions of complexity in Appendix C. Please refer to the paragraphs ""Algorithm complexities"" in Appendix C (colored blue) for detailed discussion. ## Weakness We are trying our best to perform additional experiments on real-world datasets and the LDPC dataset, and will update the manuscript once we finished the experiments. We did not include all GNN variants in the analysis because our methods focus on node classification and link prediction methods and aim to improve the expressiveness of MPNNs. Thus we mainly considers comparisons with MPNNs and other methods in the PGM-GNN literature. For hyperparameters, for node classification tasks we select the same hyperparameters in [1],[2] for fair comparision. When applying our phantom nodes / edges methods we keep the hyperparameters (learning rate, hidden dimension, etc.) unchanged. For link prediction tasks the hyperparameters are selected by performing search on validation data. Similarly, once we have chosen the hyperparameters of baseline MPNNs, we use the same hyperparameters for our PE-enhanced methods. We have conducted additional experiments on DBLP datasets in [2]. The results are as follows. | GCN | GCN+PN | GraphSage | GraphSage+PN | |:--------| :---------:|:---------:|:---------:| | 76.60 | 84.43 | 73.81 | 83.67 | | GAT | SPN-GAT | GAT+PN | GCNII | SPN-GCNII | GCNII+PN | |:---------:|:---------:|:---------:|:---------:|:---------:|:---------:| | 79.16 | 84.84 | 86.34 | 81.79 | 83.57 | 85.08 | [1] Chamberlain et al. Graph Neural Networks for Link Prediction with Subgraph Sketching. ICLR 2023. [2] Qu et al. NEURAL STRUCTURED PREDICTION FOR INDUCTIVE NODE CLASSIFICATION. ICLR 2022. [3] Morris et al. Weisfeiler and Leman Go Neural: Higher-order Graph Neural Networks. AAAI 2019."			
gtkFw6sZGS__r03	ICLR.cc/2024/Conference	Generative Judge for Evaluating Alignment	6: marginally above the acceptance threshold	2: You are willing to defend your assessment, but it is quite likely that you did not understand the central parts of the submission or that you are unfamiliar with some pieces of related work. Math/other details were not carefully checked.	"[weaknesses] - The papers is a large engineering effort (e.g., distilling GPT-4 for the task of evaluation) without much novel ideas (I do not think that a paper needs to be novel to be accepted, but this paper does score low in terms of novelty) - The presentation of the method and contribution feels very confusing to me (maybe it's just my fault). See questions below. I do not know whether other reviewers would have similar concerns though.

[questions] - If I understand correctly, did you define the scenarios and categories both for fine-tune the model to perform evaluation AND test the model to perform evaluation? In that case, if we want to evaluate an LM that performs a new task that is not in the 58 categories you have defined, would Auto-J generalize to categories unseen during training? - Did you use GPT-4 as the label generator? If so, if one had enough OpenAI credit, the optimal strategy of evaluation according to this paper would still be using GPT-4 or not? (both yes/no are okay answers, but I think it'd be useful to clarify)

[summary] The paper fine-tunes a language model to automatically judge the output of another language model, either evaluating a single generation or a pair of generations. (Sorry that I do not think I understand the core training and evaluation setup of the paper; either it is my reading comprehension's problem or there might be issues with the presentation.)"	"# Response to Weakness 2 --- > “The presentation of the method and contribution feels very confusing to me (maybe it's just my fault). See questions below. I do not know whether other reviewers would have similar concerns though.” We apologize for making you confused. We have made our responses to your questions below, and we have updated the new experimental results on Auto-J’s generality on the unseen scenarios in our paper (Appendix C). We hope our responses below can answer your questions / address your concerns. # Response to Question 1 --- > “If I understand correctly, did you define the scenarios and categories both for fine-tune the model to perform evaluation AND test the model to perform evaluation? In that case, if we want to evaluate an LM that performs a new task that is not in the 58 categories you have defined, would Auto-J generalize to categories unseen during training?” Thanks for this valuable question on Auto-J’s generality on unseen scenarios. Yes, for both training and testing, we adopt data from all the 58 defined scenarios. Actually, in designing these scenarios, we have deliberately defined an “others” scenario for all possible unseen scenarios in testing. We also admit that the generality of Auto-J needs to be further studied, we thus conduct two extra experiments: We randomly select one scenario from each group as the unseen scenarios, and retrain Auto-J with the remaining scenarios. We take the complete “NLP tasks” group as the unseen scenarios, and retrain Auto-J with the remaining scenarios. Under both settings, we compare the new models with the complete version of Auto-J. The results are as follows, we have also updated our paper with these results in Appendix C: **Setting 1: Select one scenario from each group to form an unseen set, in total 8 unseen scenarios.** Pairwise comparison task (agreement to human preference): |Model |seen |unseen |complete| |-|-|-|-| |Auto-J (paper’s version) |54.5 |56.8 |54.8| |Auto-J (remove unseen scenarios in training) |53.5 |55.7 |53.8| Critique generation task (win rate against ChatGPT judged by GPT4): |Model |seen |unseen |complete| |-|-|-|-| |Auto-J (paper’s version) |146/200 |25/32 |171/232| |Auto-J (remove unseen scenarios in training) |143/200 |25/32 |168/232| **Setting 2: Take the complete “NLP tasks” group as the unseen scenarios, in total 11 unseen scenarios.** Pairwise comparison task (agreement to human preference): |Model |seen |unseen |complete| |-|-|-|-| |Auto-J (paper’s version) |54.2 |57.6 |54.8| |Auto-J (remove unseen scenarios in training) |54.2 |54.9 |54.3| Critique generation task (win rate against ChatGPT judged by GPT4): |Model |seen |unseen |complete| |-|-|-|-| |Auto-J (paper’s version) |136/188 |35/44 |171/232| |Auto-J (remove unseen scenarios in training) |130/188 |38/44 |168/232| Compared with the complete version of Auto-J, the two re-trained variants only show slightly degraded performance on the two evaluated tasks both on the seen and unseen scenarios, which indicates that Auto-J can generalize well to scenarios unseen during training.

# Response to Weakness 1 --- > “The papers is a large engineering effort (e.g., distilling GPT-4 for the task of evaluation) without much novel ideas (I do not think that a paper needs to be novel to be accepted, but this paper does score low in terms of novelty)” Thank you for your valuable feedback. We would like to use this opportunity to clarify the focus of our work and further detail the novel design in our data collection process. **The focus shift in LLM generation evaluation**: In this paper, we focus on the field of evaluating Large Language Models (LLMs) on how they align with human needs in massive real-world scenarios. This field has garnered increasing concern due to the growing capabilities of LLMs and their wider deployment across various scenarios. As our introduction notes, the field has been pivoting away from a narrow definition of novel design—such as designing specific algorithms, metrics, or model architectures for evaluators—toward a more user-centric evaluation approach. This shift reflects a collective recognition that the true measure of an LLM's utility is not solely captured by its performance under standard academic benchmarks but rather by its effectiveness in diverse, real-world contexts [1, 2, 3]. **Our contribution under the practical necessity**: In response to the actual needs in this research field, we choose to pay attention more to the scenario definition, criteria design, and data generation under a more user-centric setting rather than developing elaborate new algorithms or model architectures. We show that the developed Auto-J has better evaluation capabilities than many competitive baselines with significantly more parameters (such as ChatGPT, Claude2, and LLaMA-2-70B-Chat). Since Auto-J achieves these results with only 13B parameters, it also lays a solid foundation for the research line of scalable oversight [4]: by combining human efforts with model capabilities, a small model can serve as a good overseer for much stronger models, ensuring effective oversight even if a model's abilities surpass human capabilities. **Novelty in data collection**: We want to emphasize that we do not rely solely on simple prompting GPT-4 for constructing the training data like previous works that also train a small judge model [5]. Instead, we employ a synergistic blend of GPT-4's advanced capabilities with meticulously crafted human inputs (such as scenario definitions and criteria design). The data compilation process is heavily reliant on human labor and ingenuity, encompassing finding the sources for user inquiries and potential model responses. We have also handcrafted a large collection of evaluation criteria, which effectively guide GPT-4 to generate more comprehensive and specific judgments than direct prompting without any guidance. We employ data filtering (using existing human labels) in pairwise comparison data collection and execute a “divide-and-conquer” strategy (combining judgments with and without reference to the criteria) in single response evaluation data collection to get more comprehensive and specific GPT-4 outputs for training. **Good performance with data efficiency**: With all the above-mentioned techniques, we have successfully developed Auto-J in a data-efficient manner with less than 5,000 training samples. We show with extensive experiments that Auto-J surpasses all baselines except GPT-4 in pairwise response comparison (Table 1) and even outperforms GPT-4 in critique generation (Figure 3). **Evaluator under low-resource settings**: Furthermore, although GPT-4 may perform better when resources (like time and budget) are ample, Auto-J is open-sourced, smaller, and faster. We assert that Auto-J should not be viewed as a “neither here nor there” substitute for GPT-4 but rather as a valuable complement for those with limited resources, large-scale evaluation needs, or no access to GPT-4. To summarize, the development of Auto-J extends well beyond traditional notions of novel design, such as new algorithms, metrics, or architectures. We pay special attention to a more realistic and user-centric perspective on the field of practical LLM evaluation concerning their alignment with human needs, and this is the solid contribution we want to emphasize. --- References: [1] Judging LLM-as-a-Judge with MT-Bench and Chatbot Arena, in NeurIPS 2023 [2] LIMA: Less Is More for Alignment, in NeurIPS 2023 [3] FLASK: Fine-grained Language Model Evaluation based on Alignment Skill Sets, Arxiv 2307.10928 [4] Measuring Progress on Scalable Oversight for Large Language Models, Arxiv 2211.03540 [5] PandaLM: An Automatic Evaluation Benchmark for LLM Instruction Tuning Optimization, Arxiv 2306.05087

# Response to Weakness 1 --- Thank you for your valuable feedback. We would like to use this opportunity to clarify the scope of the technical contributions in our work and further detail the efforts and design principles behind our data collection process. > Concern on the limited technical contribution: “The technical contribution is a bit limited as it is still within the scope of training one more LLM as judges to evaluate other LLMs’ generation.” **The focus shift in LLM generation evaluation**: In this paper, we focus on the field of evaluating Large Language Models (LLMs) on how they align with human needs in massive real-world scenarios. This field has garnered increasing concern due to the growing capabilities of LLMs and their wider deployment across various scenarios. As our introduction notes, the field has been pivoting away from a narrow definition of technical contribution—such as designing specific algorithms, metrics, or model architectures for evaluators—toward a more user-centric evaluation approach. This shift reflects a collective recognition that the true measure of an LLM's utility is not solely captured by its performance under standard academic benchmarks but rather by its effectiveness in diverse, real-world contexts [1, 2, 3]. **Our contribution under the practical necessity**: In response to the actual needs in this research field, we propose Auto-J, which demonstrates better evaluation capabilities than many competitive baselines with significantly more parameters (such as ChatGPT, Claude2, LLaMA-2-70B-Chat). Since Auto-J achieves these results with only 13B parameters, it also lays a solid foundation for the research line of scalable oversight [4]: by combining human efforts with model capabilities, a small model can serve as a good overseer for much stronger models, ensuring effective oversight even if a model's abilities surpass human capabilities. > Concern on using data generated by GPT4 for training: “Since the training data is obtained from GPT4’s output, it is unsure whether it can replace GPT4 as judges or has strong generalizations as GPT4.” **Carefully designed human-GPT4 collaboration in data collection**: We want to emphasize that we do not rely solely on GPT-4 for constructing the training data. Instead, we employ a synergistic blend of GPT-4's advanced capabilities with meticulously crafted human inputs (such as scenario definitions and criteria design). The data compilation process is heavily reliant on human labor and ingenuity, encompassing finding the sources for user inquiries and potential model responses. We have also handcrafted a large collection of evaluation criteria, which effectively guide GPT-4 to generate more comprehensive and specific judgments than direct prompting without any guidance. We employ data filtering (using existing human labels) in pairwise comparison data collection and execute a “divide-and-conquer” strategy (combining judgments with and without reference to the criteria) in single response evaluation data collection. **Good performance with data efficiency**: With all the above-mentioned techniques, we have successfully developed Auto-J in a data-efficient manner with less than 5,000 training samples. We show with extensive experiments that Auto-J surpasses all baselines except GPT-4 in pairwise response comparison (Table 1) and even outperforms GPT-4 in critique generation (Figure 3). **Evaluator under low-resource settings**: Furthermore, although GPT-4 may perform better when resources (like time and budget) are ample, Auto-J is open-sourced, smaller, and faster. Auto-J, by design, is not expected to be viewed as a “neither here nor there” substitute for GPT-4 but rather as a valuable complement for those with limited resources, large-scale evaluation needs, or no access to GPT-4. To summarize, the development of Auto-J extends well beyond traditional notions of technical contributions, such as new algorithms, metrics, or architectures. It represents a more realistic and user-centric perspective on the field of practical LLM evaluation concerning their alignment with human needs, and this is the solid contribution we want to emphasize. --- References: [1] Judging LLM-as-a-Judge with MT-Bench and Chatbot Arena, in NeurIPS 2023 [2] LIMA: Less Is More for Alignment, in NeurIPS 2023 [3] FLASK: Fine-grained Language Model Evaluation based on Alignment Skill Sets, Arxiv 2307.10928 [4] Measuring Progress on Scalable Oversight for Large Language Models, Arxiv 2211.03540"	"# Response to Weakness 2 --- > “The presentation of the method and contribution feels very confusing to me (maybe it's just my fault). See questions below. I do not know whether other reviewers would have similar concerns though.” We apologize for making you confused. We have made our responses to your questions below, and we have updated the new experimental results on Auto-J’s generality on the unseen scenarios in our paper (Appendix C). We hope our responses below can answer your questions / address your concerns. # Response to Question 1 --- > “If I understand correctly, did you define the scenarios and categories both for fine-tune the model to perform evaluation AND test the model to perform evaluation? In that case, if we want to evaluate an LM that performs a new task that is not in the 58 categories you have defined, would Auto-J generalize to categories unseen during training?” Thanks for this valuable question on Auto-J’s generality on unseen scenarios. Yes, for both training and testing, we adopt data from all the 58 defined scenarios. Actually, in designing these scenarios, we have deliberately defined an “others” scenario for all possible unseen scenarios in testing. We also admit that the generality of Auto-J needs to be further studied, we thus conduct two extra experiments: We randomly select one scenario from each group as the unseen scenarios, and retrain Auto-J with the remaining scenarios. We take the complete “NLP tasks” group as the unseen scenarios, and retrain Auto-J with the remaining scenarios. Under both settings, we compare the new models with the complete version of Auto-J. The results are as follows, we have also updated our paper with these results in Appendix C: **Setting 1: Select one scenario from each group to form an unseen set, in total 8 unseen scenarios.** Pairwise comparison task (agreement to human preference): |Model |seen |unseen |complete| |-|-|-|-| |Auto-J (paper’s version) |54.5 |56.8 |54.8| |Auto-J (remove unseen scenarios in training) |53.5 |55.7 |53.8| Critique generation task (win rate against ChatGPT judged by GPT4): |Model |seen |unseen |complete| |-|-|-|-| |Auto-J (paper’s version) |146/200 |25/32 |171/232| |Auto-J (remove unseen scenarios in training) |143/200 |25/32 |168/232| **Setting 2: Take the complete “NLP tasks” group as the unseen scenarios, in total 11 unseen scenarios.** Pairwise comparison task (agreement to human preference): |Model |seen |unseen |complete| |-|-|-|-| |Auto-J (paper’s version) |54.2 |57.6 |54.8| |Auto-J (remove unseen scenarios in training) |54.2 |54.9 |54.3| Critique generation task (win rate against ChatGPT judged by GPT4): |Model |seen |unseen |complete| |-|-|-|-| |Auto-J (paper’s version) |136/188 |35/44 |171/232| |Auto-J (remove unseen scenarios in training) |130/188 |38/44 |168/232| Compared with the complete version of Auto-J, the two re-trained variants only show slightly degraded performance on the two evaluated tasks both on the seen and unseen scenarios, which indicates that Auto-J can generalize well to scenarios unseen during training.

# Response to Weakness 2 --- > “LLMs should somehow emulate human capabilities and not other LLMs' capabilities.” Thanks for this valuable comment. We would like to offer additional context to the point you raised regarding training a model to mimic another LLM’s capabilities. **Previous works that learn from AI-generated data/feedback**: Actually, modern LLMs like GPT3.5 or GPT-4 have become so powerful that they can serve as an excellent crowdsourced annotator by providing them with sufficient guidance and demonstrated examples [1, 2]. Such an idea of learning from data generated from the combination of the strong text generation ability of LLMs and carefully designed human prior/supervision (like data filtering, manual seed tasks, provided demonstrations or careful prompt engineering) has been widely adopted in recent works like Alpaca [3], Vicuna [4], WizardLM [5], Zephyr [6] and Prompt2Model [7], and are able to produce models with comparable performance with proprietary models like ChatGPT. There are also works that make models to learn from AI feedback, like Constitutional AI [8] or RLAIF [9]. These works have demonstrated the effectiveness of learning from AI (e.g. a powerful LLM), and are comparable to methods that learn from human feedback with regard to helpfulness and harmlessness. **Our work is not simply emulating GPT-4**: Our work builds upon the concepts of the aforementioned studies, harnessing the powerful text generation capabilities of GPT-4 under a series of carefully designed guides (such as defined scenarios and manually crafted evaluation criteria) to obtain more comprehensive and specific generated judgments for model training. This is not merely an imitation of GPT-4’s abilities; instead, GPT-4 is utilized as an auxiliary annotation tool that can significantly reduce human labor. Furthermore, we employ various other processes, such as filtering out samples where GPT-4’s responses conflict with existing human labels and employing a ""divide-and-conquer"" strategy in the generation of single response evaluation data. These techniques ensure that the capabilities of the model we develop are not confined to the simple direct prompting of GPT-4’s upper limits of performance. By all these techniques, we have successfully developed Auto-J and show with extensive experiments that it surpasses all baselines except GPT-4 in pairwise response comparison (Table 1) and even outperforms GPT-4 in critique generation (Figure 3), using fewer than 5,000 training samples, which demonstrates high data efficiency of our method. We hope our elaboration can contribute to a deeper understanding of the context and address your concern. We are also welcome to any further discussions on this topic. --- References: [1] AnnoLLM: Making Large Language Models to Be Better Crowdsourced Annotators, Arxiv 2303.16854 [2] ChatGPT outperforms crowd-workers for text-annotation tasks, Arxiv 2303.15056 [3] Stanford Alpaca: An instruction-following llama model, https://github.com/tatsu-lab/stanford_alpaca [4] Vicuna: An open-source chatbot impressing gpt-4 with 90%* chatgpt quality, https://lmsys.org/blog/2023-03-30-vicuna/ [5] WizardLM: Empowering large language models to follow complex instructions, Arxiv 2304.12244 [6] Zephyr: Direct Distillation of LM Alignment, Arxiv 2310.16944 [7] Prompt2Model: Generating Deployable Models from Natural Language Instructions, Arxiv 2308.12261 [8] Constitutional AI: Harmlessness from AI Feedback, Arxiv 2212.08073 [9] RLAIF: Scaling Reinforcement Learning from Human Feedback with AI Feedback, Arxiv 2309.00267

# Response to Weakness 1 --- Thank you for your valuable feedback. We would like to use this opportunity to clarify the scope of the technical contributions in our work and further detail the efforts and design principles behind our data collection process. > Concern on the limited technical contribution: “The technical contribution is a bit limited as it is still within the scope of training one more LLM as judges to evaluate other LLMs’ generation.” **The focus shift in LLM generation evaluation**: In this paper, we focus on the field of evaluating Large Language Models (LLMs) on how they align with human needs in massive real-world scenarios. This field has garnered increasing concern due to the growing capabilities of LLMs and their wider deployment across various scenarios. As our introduction notes, the field has been pivoting away from a narrow definition of technical contribution—such as designing specific algorithms, metrics, or model architectures for evaluators—toward a more user-centric evaluation approach. This shift reflects a collective recognition that the true measure of an LLM's utility is not solely captured by its performance under standard academic benchmarks but rather by its effectiveness in diverse, real-world contexts [1, 2, 3]. **Our contribution under the practical necessity**: In response to the actual needs in this research field, we propose Auto-J, which demonstrates better evaluation capabilities than many competitive baselines with significantly more parameters (such as ChatGPT, Claude2, LLaMA-2-70B-Chat). Since Auto-J achieves these results with only 13B parameters, it also lays a solid foundation for the research line of scalable oversight [4]: by combining human efforts with model capabilities, a small model can serve as a good overseer for much stronger models, ensuring effective oversight even if a model's abilities surpass human capabilities. > Concern on using data generated by GPT4 for training: “Since the training data is obtained from GPT4’s output, it is unsure whether it can replace GPT4 as judges or has strong generalizations as GPT4.” **Carefully designed human-GPT4 collaboration in data collection**: We want to emphasize that we do not rely solely on GPT-4 for constructing the training data. Instead, we employ a synergistic blend of GPT-4's advanced capabilities with meticulously crafted human inputs (such as scenario definitions and criteria design). The data compilation process is heavily reliant on human labor and ingenuity, encompassing finding the sources for user inquiries and potential model responses. We have also handcrafted a large collection of evaluation criteria, which effectively guide GPT-4 to generate more comprehensive and specific judgments than direct prompting without any guidance. We employ data filtering (using existing human labels) in pairwise comparison data collection and execute a “divide-and-conquer” strategy (combining judgments with and without reference to the criteria) in single response evaluation data collection. **Good performance with data efficiency**: With all the above-mentioned techniques, we have successfully developed Auto-J in a data-efficient manner with less than 5,000 training samples. We show with extensive experiments that Auto-J surpasses all baselines except GPT-4 in pairwise response comparison (Table 1) and even outperforms GPT-4 in critique generation (Figure 3). **Evaluator under low-resource settings**: Furthermore, although GPT-4 may perform better when resources (like time and budget) are ample, Auto-J is open-sourced, smaller, and faster. Auto-J, by design, is not expected to be viewed as a “neither here nor there” substitute for GPT-4 but rather as a valuable complement for those with limited resources, large-scale evaluation needs, or no access to GPT-4. To summarize, the development of Auto-J extends well beyond traditional notions of technical contributions, such as new algorithms, metrics, or architectures. It represents a more realistic and user-centric perspective on the field of practical LLM evaluation concerning their alignment with human needs, and this is the solid contribution we want to emphasize. --- References: [1] Judging LLM-as-a-Judge with MT-Bench and Chatbot Arena, in NeurIPS 2023 [2] LIMA: Less Is More for Alignment, in NeurIPS 2023 [3] FLASK: Fine-grained Language Model Evaluation based on Alignment Skill Sets, Arxiv 2307.10928 [4] Measuring Progress on Scalable Oversight for Large Language Models, Arxiv 2211.03540"			
My7lkRNnL9__r01	ICLR.cc/2024/Conference	Forward Learning with Top-Down Feedback: Empirical and Analytical Characterization	8: accept, good paper	3: You are fairly confident in your assessment. It is possible that you did not understand some parts of the submission or that you are unfamiliar with some pieces of related work. Math/other details were not carefully checked.	"[weaknesses] - The theoretical analysis focuses only on shallow 2-layer networks, and I’m uncertain that the Adaptive Feedback rule can be easily extended to analyze deeper networks, as the error signal has to pass through multiple hidden layers either forwards (forward-only) or backwards (feedback alignment). This limits the applicability of the analysis, making it disjoint from the experimental results on multi-layer PEPITA networks.

[questions] - Figure 3 shows the performance of PEPITA-Hebbian, PEPITA + weight decay, and PEPITA + weight mirroring on CIFAR-10. Do the same trends hold for MNIST and CIFAR-100? - I’m a bit confused on how much the PEPITA-Hebbian approximation impacts the accuracy of the model. Figure 3a shows that the impact is very small on CIFAR-10, maintaining over 50% accuracy on CIFAR-10 for 1, 2, and 3 hidden layers, but in Figure S1 the accuracy of a 1-layer PEPITA-TL model drops to around 40%. Could you explain why this is? If this is due to hyperparameter differences, how well would a non-TL PEPITA model compare in performance under the same hypersparameters/conditions as those used for Figure S1?

[summary] Forward-only learning algorithms are an alternative to backpropagation (BP), which are potentially more biologically plausible, more memory efficient, and more computationally efficient. Two of these forward-only learning algorithms are Forward-Forward (FF) and PEPITA, the Present the Error to Perturb the Input To modulate the Activity learning rule; both algorithms rely on two forward passes to learn, rather than a forward and a backward pass. However, the learning dynamics of these algorithms are not well understood, and both still include components that are biologically implausible. In this work, the authors offers an explanation of how PEPITA learns by connecting them to feedback alignment. They then use their insight to improve the performance of PEPITA by combining it with weight mirroring, a technique to improve performance of feedback alignment, as well as weight decay and activity normalization. Finally, they propose PEPITA-time-local, an alternative learning rule that improves the biological plausibility of PEPITA by keeping updates local in time (in addition to space), at the cost of some accuracy."	"We thank the reviewer for their insightful comments. The point-to-point answer is provided below. --- # Weaknesses 1. We thank the reviewer for appreciating the value of our theoretical results, beyond simple contributions in performance and accuracy. Experimental evaluation: 2. Our work extends previous work that impeded training deeper networks with the original PEPITA method, and so improves on the complexity of networks that PEPITA can work with. Overall, many local or biologically plausible training algorithms in present-day literature are not yet ready to be tested on challenging large-scale datasets and highly complex network architectures. 3. It is unfortunately common in the literature to use image classification tasks as the initial benchmark of new training algorithms. We share this choice with Hinton’s FF paper and others in the same area (e.g. [Ororbia and Mali, 2023]). We do think it would be interesting to extend this work to other types of tasks, particularly to time-dependent datasets, where a forward-only algorithm can be especially useful for analyzing incoming data in real-time. However, this is best treated in a separate paper, where we can focus on the specific needs of such a case. 4. At this time, we are not aware of any implementation of Forward-Forward which utilizes feedback connections to generate the negative samples, as proposed by [Hinton, 2022]. Given the significant difference, we decided not to compare PEPITA to Forward Forward with externally generated samples. Despite this, for completeness, we have added the results that FF achieves on MNIST as reported in [Hinton, 2022]. 5. As was pointed out above by reviewer sGVa, the performance of forward-only algorithms has been catching up in recent years, but what is lacking is the theoretical understanding of their learning dynamics. Our aim is not yet to apply PEPITA to real-world tasks but to understand which tools may or may not lead to performance improvements, and why, in order to guide further development. In this respect, small improvements are also informative, and even negative results are valuable lessons. Minor issues: 6-7-8. We thank the reviewer for these suggestions, we are currently working to implement them in the paper. 9. We thank the reviewer for noticing this mismatch. We have now correctly referred to Fig.2d at the end of Sec. 3.2 10. We thank the reviewer for noticing this. The table now reports Lillicrap 2016 instead. Spelling: 11. We thank the reviewer for catching the typo. We have corrected this in the revised version of the manuscript. 12. We thank the reviewer for the suggestion. In the revised version you will now find “GPUs”. --- # Questions 1. We thank the reviewer for the fair question. We consider our primary contribution the theoretical analysis of the nonintuitive learning dynamics of PEPITA, the study of training techniques that lead to improved performance, and the connections with FF and DFA. Overall, we believe that these different characterizations help us build a common framework to study forward-learning rules. The reason why we included PEPITA-TL in Table 1 is to have a complete comparison. Figure S1 shows that training with PEPITA-TL is possible, but we leave the study necessary to make its performance competitive for future work. Moreover, we have added PEPITA-Hebbian and PEPITA+WM in Table 1. 2. We thank the reviewer for the question. To find the best hyperparameters for training with activation normalization we run a grid search, which includes searching for the optimal value of weight decay. In all cases with normalization, the grid search returns no weight decay, for this reason, we did not include the combination of normalization and weight decay in the table. 3. We thank the reviewer for the question. The fact that at the start of the training, the angles look identical is due to the small learning rate for WM that the grid search has returned (Table S3). This causes pre-mirroring to have a small effect on the angle, although the effect is noticeable in terms of slowness (Table S2). For MNIST and CIFAR-100, the grid search returns higher learning rates for WM (Table S3), and the effect is more noticeable both in the angles (Figure S6) and in the slowness (Table S2).

We thank the reviewer for their insightful comments. The point-to-point answer is provided below. --- # Weaknesses 1. A key difference between DFA and PEPITA/FF is that DFA requires the computation of gradients of activation explicitly. This means that because the feedback is added after the non-linearity, an additional backward computation is needed. In FF and PEPITA, instead, the update only depends on activations computed during the forward pass. We also note that in [Hinton, 2022], the author mentions the possibility of negative samples constructed using top-down connections, which is the case for PEPITA. Moreover, we note that in forward learning algorithms, the error does not travel by itself throughout the network and that the networks continuously respond to inputs (original or modulated/negative), unlike in DFA where a forward pass is followed with a backward pass containing the error info. 2. We thank the reviewer for the questions. First, we want to clarify the difference between spatial and temporal locality. Spatial locality refers to rules that use only local information (unit activation). In [Nokland, 2016], the author mentions that the update is “almost local”. This is due to the fact that the feedback is added after the nonlinearity, and the update needs to compute the derivative of the activation, causing the update to be non-local (it would be local with linear activation). Instead, PEPITA does not require any computation that does not depend on local signals (unit activation). Temporal locality refers to rules that do not need to store the activations in memory, and are able to compute updates on only temporally-local information. This is the case for PEPITA-TL, which updates the weights on the fly. We note that PEPITA-TL is the only temporally-local rule in Table 1. Second, in DFA - similarly to BP - activity freezing is a consequence of alternating a forward pass (the network responds to an input, and the nodes are “active”) and a backward pass (the error information travels through the network from the top to the bottom layers, but the network does not process any inputs, thus the nodes are “inactive” or “frozen”). In PEPITA and in FF, the error never travels through the network “by itself” to drive the updates. The network always responds to an input in a forward fashion - the input is modulated through the error in PEPITA, the negative samples in FF. Last, we would like to note that this paper is not proposing the PEPITA algorithm, but rather an analytical characterization of the latter. Locality and activity freezing are explained thoroughly in the work by [Dellaferrera & Kreiman, 2022]. 3. As specified at the beginning of Sec. 3, we focus on two-layer networks for our theoretical results. Sec. 3.1 is aimed at providing an analytical understanding of the alignment phenomenon observed in the paper introducing the PEPITA algorithm [Dellaferrera & Kreiman, 2022] that considered two-layer networks. Our approximation suggests that a perturbative approach could be insightful to understand the PEPITA learning rule in deeper networks. The analytical characterization of the dynamics of deep non-linear networks is to a large extent still an open problem even for networks trained with back-propagation and goes beyond the scope of our work. 4. We thank the reviewer for pointing out the work of [Launay et al 2020] and [Aktrout et al 2019], which we now cite. The reviewer raises valid points. In general, it has been hard to get better results than using back-propagation in the field. We usually refer to approximations to back-propagation. As one example of many, DFA [Nokland 2016] also started with relatively shallow networks and worse performance than back-propagation and it took a few years for the community to extend it to deeper networks [Launay et al 2020, as cited by the reviewer], and even in these deeper networks, back-propagation generally outperforms DFA (though DFA is a very reasonable approximation, [Laynay et al 2020]). Such approximations can still be interesting due to their biological plausibility, theoretical understanding of learning, and the possibility of implementing them in neuromorphic hardware.

We thank the reviewer for highlighting the strengths of our paper. Below, we provide detailed answers to the reviewer's concerns. --- # Weaknesses 1. The reviewer is right in observing that our theoretical analysis is limited to one-hidden layer networks. Our goal is to elucidate the alignment phenomenon initially observed in the paper introducing the PEPITA algorithm [Dellaferrera & Kreiman, 2022], which considers one-hidden layer networks. Further work would be required to study the multi-layer case, but our approximation suggests that a perturbative approach could be useful in this direction. We stress that the analytical frameworks to study the dynamics of learning in deep networks are still very limited, and – to the best of our knowledge – tracking analytically the average performance of deep nets with non-linear activations is still an open problem even for networks trained with back-propagation. One possible preliminary step to elucidate the alignment phenomenon in the multi-layer case would be to consider deep linear networks. We added a comment in Sec. 7. --- # Questions 1. As shown in Table S1, the performance decreases for 3-hidden-layer networks for MNIST (95.07% accuracy) and CIFAR-100 (drops to random chance). For CIFAR-100 weight decay allows us to train the 3-hidden-layer network (23.13% accuracy). We run additional experiments to test PEPITA Hebbian in MNIST and CIFAR-100 with 1-, 2-, and 3-hidden layer networks and we observe less than 0.15% difference (statistically insignificant) in accuracy between PEPITA and PEPITA Hebbian. 2. In the work by [Dellaferrera and Kreiman, 2022], the authors show that the presynaptic term ($h_{\ell - 1}^{err}$) can be replaced with the same term computer in the first forward pass ($h_{\ell - 1}$) without changing the performance. For this reason, we expected the Hebbian learning rule in eq. 8 to perform equivalently to the original learning rule, which is empirically the case. In the time local version, the updates are computed separately, meaning that the update computed during the second forward pass is operating on the weights that have already been updated in the first forward pass. We suspect that separating the Hebbian and anti-Hebbian updates changes the loss landscape, although we leave this analysis for further work. With the same choice of hyperparameters, standard PEPITA also reaches around 40% accuracy, due to the low learning rate. Though these parameters were chosen using a grid search for PEPITA-TL, we conclude that the hyperparameter choice is not sufficient to explain the performance gap."	"We thank the reviewer for their insightful comments. The point-to-point answer is provided below. --- # Weaknesses 1. We thank the reviewer for appreciating the value of our theoretical results, beyond simple contributions in performance and accuracy. Experimental evaluation: 2. Our work extends previous work that impeded training deeper networks with the original PEPITA method, and so improves on the complexity of networks that PEPITA can work with. Overall, many local or biologically plausible training algorithms in present-day literature are not yet ready to be tested on challenging large-scale datasets and highly complex network architectures. 3. It is unfortunately common in the literature to use image classification tasks as the initial benchmark of new training algorithms. We share this choice with Hinton’s FF paper and others in the same area (e.g. [Ororbia and Mali, 2023]). We do think it would be interesting to extend this work to other types of tasks, particularly to time-dependent datasets, where a forward-only algorithm can be especially useful for analyzing incoming data in real-time. However, this is best treated in a separate paper, where we can focus on the specific needs of such a case. 4. At this time, we are not aware of any implementation of Forward-Forward which utilizes feedback connections to generate the negative samples, as proposed by [Hinton, 2022]. Given the significant difference, we decided not to compare PEPITA to Forward Forward with externally generated samples. Despite this, for completeness, we have added the results that FF achieves on MNIST as reported in [Hinton, 2022]. 5. As was pointed out above by reviewer sGVa, the performance of forward-only algorithms has been catching up in recent years, but what is lacking is the theoretical understanding of their learning dynamics. Our aim is not yet to apply PEPITA to real-world tasks but to understand which tools may or may not lead to performance improvements, and why, in order to guide further development. In this respect, small improvements are also informative, and even negative results are valuable lessons. Minor issues: 6-7-8. We thank the reviewer for these suggestions, we are currently working to implement them in the paper. 9. We thank the reviewer for noticing this mismatch. We have now correctly referred to Fig.2d at the end of Sec. 3.2 10. We thank the reviewer for noticing this. The table now reports Lillicrap 2016 instead. Spelling: 11. We thank the reviewer for catching the typo. We have corrected this in the revised version of the manuscript. 12. We thank the reviewer for the suggestion. In the revised version you will now find “GPUs”. --- # Questions 1. We thank the reviewer for the fair question. We consider our primary contribution the theoretical analysis of the nonintuitive learning dynamics of PEPITA, the study of training techniques that lead to improved performance, and the connections with FF and DFA. Overall, we believe that these different characterizations help us build a common framework to study forward-learning rules. The reason why we included PEPITA-TL in Table 1 is to have a complete comparison. Figure S1 shows that training with PEPITA-TL is possible, but we leave the study necessary to make its performance competitive for future work. Moreover, we have added PEPITA-Hebbian and PEPITA+WM in Table 1. 2. We thank the reviewer for the question. To find the best hyperparameters for training with activation normalization we run a grid search, which includes searching for the optimal value of weight decay. In all cases with normalization, the grid search returns no weight decay, for this reason, we did not include the combination of normalization and weight decay in the table. 3. We thank the reviewer for the question. The fact that at the start of the training, the angles look identical is due to the small learning rate for WM that the grid search has returned (Table S3). This causes pre-mirroring to have a small effect on the angle, although the effect is noticeable in terms of slowness (Table S2). For MNIST and CIFAR-100, the grid search returns higher learning rates for WM (Table S3), and the effect is more noticeable both in the angles (Figure S6) and in the slowness (Table S2).

5. We respectfully disagree with the reviewer’s point that the magnitude of $Fe$ impacts the connection between PEPITA and FF. First, we point out that the small magnitude of $Fe$ is not an assumption, but it is instead a result that we confirmed empirically. Indeed, the approximation of the PEPITA rule (eq. 6) can only hold if $\|Fe\|\ll\| x\|$. The latter is confirmed by Figure 2a and Figure S3: in this figure, we compare models trained with PEPITA versus identically-initialized models trained with AFA (eq.6). The almost identical training curve confirms that the approximation holds, and consequently that $\|Fe\|\ll\| x\|$. Having proved this, we use the same result (not assumption) for Section 5. The fact that despite the small magnitude the feedback can generate valid negative samples is proven by the empirical results we obtain when training networks (Table 2). To answer “why” this is possible, we present an analysis of the learning mechanism of PEPITA (Section 3), we show that our theory matches the empirical results (Figure 2A-B, Appendix D) and we further elucidate the dynamics of learning, and the alignment mechanism (Appendix E). --- # Questions 1. From a technical point of view, the main difference between the analysis of DFA in [Refinetti et al., 2021a] and our derivation in Sec. 3.2 is that our formalism requires an additional ODE for the dynamics of the adaptive feedback. The emergence of adaptive feedback as a natural order parameter governing the dynamics of learning is a theoretical confirmation of the experimental insight in [Dellaferrera & Kreiman, 2022]. Moreover, our results suggest that a perturbative approach (which is not necessary for DFA) is insightful for the analysis of PEPITA. 2. We thank the reviewer for the interesting question. In both [Xie and Seung, 2003] (equation 2.6) and [Scellier and Bengiom 2017] (Section 2.4) we find very clear similarities with PEPITA-Hebbian in terms of the update rule. Moreover, both algorithms, as well as PEPITA, work on perturbations that are propagated through the network, which treats clean and perturbed signals differently (Hebbian and anti-Hebbian phases). The main difference stems from how the perturbation is propagated through the network: while PEPITA adds the perturbation to the input using a random feedback matrix (thus avoiding the weight transport problem), in both [Xie and Seung, 2003] and [Scellier and Bengiom 2017] the perturbation is fed to the output layer and propagated through weights symmetrical to the forward weights, which is an issue from the biological perspective.

We thank the reviewer for the positive comments on our work. We address the concerns and questions below. --- # Weaknesses 1. Generally, achieving superior outcomes compared to back-propagation in the field has proven challenging. Typically, we resort to utilizing approximations to back-propagation. For instance, DFA [Nokland 2016], among various examples, initially employed relatively shallow networks and exhibited poorer performance than back-propagation. It took a few years for the community to enhance it for deeper networks. We believe that our work provides the insights necessary to improve the performance of these types of algorithms. 2. In [Dellaferrera & Kreiman, 2022], the authors show that the algorithm can work well on CNNs too. In this work, we focused on other aspects, in particular on the theoretical analysis, which can be performed on fully connected networks. We leave the extension of our results to future work. --- # Questions 1. We have run experiments with PEPITA using the same hyperparameters as the best ones for PEPITA-TL. With this choice of hyperparameters, standard PEPITA also reaches around 40% accuracy, due to the low learning rate. Though these parameters were chosen using a grid search for PEPITA-TL, we conclude that the hyperparameter choice is not sufficient to explain the performance gap. 2. We thank the reviewer for the interesting insight. We provide an answer from two different perspectives. From the hardware implementation perspective, we say that a rule is temporally local if the updates are computed without the need to store any information in memory. This is the case for PEPITA-TL, which computes updates on the fly without any need to keep activations in memory. Instead, PEPITA-Hebbian needs to store the activations of the first forward pass and then use them for the update. From the biological perspective, we believe that the reviewer’s insight is very interesting: on the timescale of neural plasticity, we agree that PEPITA-Hebbian might be temporally local, which would also mean that PEPITA is. Small comments: 1. We agree with the reviewer, and we added PEPITA-Hebbian and PEPITA+WM in Table 1."			
gtkFw6sZGS__r02	ICLR.cc/2024/Conference	Generative Judge for Evaluating Alignment	5: marginally below the acceptance threshold	3: You are fairly confident in your assessment. It is possible that you did not understand some parts of the submission or that you are unfamiliar with some pieces of related work. Math/other details were not carefully checked.	"[weaknesses] - It is strange that larger models are used to evaluate other models - LLMs should somehow emulate human capabilities and not other LLMs' capabilities.

[questions] It is clear that this paper is in a long line of other approaches. Yet, it is not clear why evaluating LLMs with an LLM is principled. Cna you comment on this?

[summary] This paper aims to present Auto-J, an LLM that may evaluate LLMs. This is in the line of LMs that are used to evaluate other LMs."	"# Response to Question 1 --- > “It is clear that this paper is in a long line of other approaches. Yet, it is not clear why evaluating LLMs with an LLM is principled. Can you comment on this?” As we have stated in the response to Weakness 1, the application of current LLMs is much broader than that of previous task-specific models. They may be deployed in many scenarios where there are no ground truth responses for each task, and the outputs can be challenging for average crowdsourced workers to judge. [1] The optimal and ideal way to evaluate the outputs of LLMs would be to ask in-domain human experts to judge these texts. However, that approach can be expensive and yield inconsistent results. On the other hand, many previous studies have demonstrated the effectiveness of using one LLM to judge another. These works [2,3] have provided sufficient experimental results to empirically show that the judgments of LLMs highly agree with human judgments. There is also work [4] that shows with the help of a trained critique model, humans can find more flaws in the outputs of other models. Also, using powerful LLMs (like GPT-4) to evaluate other LLMs enables the building of a benchmark to automatically show how different LLMs perform on a massive array of real-world user queries. So, in conclusion, evaluating LLMs with an LLM is principled and reasonable, both from the actual need to evaluate LLMs' diverse and unstandardized output in real-world settings and from the vast amount of empirical experimental results shown in previous studies. --- References: [1] Measuring Progress on Scalable Oversight for Large Language Models, Arxiv 2211.03540 [2] AlpacaFarm: A Simulation Framework for Methods that Learn from Human Feedback, in NeurIPS 2023 [3] Judging LLM-as-a-Judge with MT-Bench and Chatbot Arena, in NeurIPS 2023 [4] Self-critiquing models for assisting human evaluators, Arxiv 2206.05802

# Response to Weakness 1 --- > “It is strange that larger models are used to evaluate other models” Thanks for your feedback. We would like to offer additional context to the point you raised regarding the use of larger models for evaluating outputs in text generation, as it is indeed a prevalent practice within the field. **Pre-trained Model Based Evaluation**: Long before the wide recognition of Large Language Models (LLMs), we have seen many examples (including a survey[1]) like BERTScore [2], BLEURT [3], RoBERTa-Eval [4], BARTScore [5] which rely on pre-trained language models like BERT, RoBERTa or BART in evaluating text generation. These methods show better correlation with human judgments than metrics like BLEU or ROUGE on many text generation tasks like text summarization or machine translation, because the pre-trained models are able to capture more semantic information than text-matching methods. **LLM-based Evaluation**: With the development of LLMs, this trend continues because powerful LLMs have been deployed to a much wider range of real-world scenarios. The outputs are becoming much longer and more complex, and these tasks usually have no ground truth response as a reference. Therefore, using larger models to evaluate other models has become an effective and almost the only solution for automatic evaluation because of the massive knowledge stored in their parameters, the strong reasoning, and the instruction-following ability. Many works have adopted this paradigm in assessing various models and building standard benchmarks, like AlpacaEval [6] or MTBench [7]. Along this research line, we develop Auto-J to ease the heavy reliance on expensive and closed-source LLMs like GPT-4 or ChatGPT in evaluation, and we have shown with many experiments that Auto-J is comparable to them on performance and with a significant advantage on cost, speed, and resource-saving. We hope our detailed explanation contributes to a deeper understanding of the context and addresses any concerns you may have. We also welcome further discussions on this topic. --- References: [1] A Survey of Evaluation Metrics Used for NLG Systems, in ACM Computing Surveys 2022 [2] BERTScore: Evaluating Text Generation with BERT, in ICLR 2020 [3] BLEURT: a Transfer Learning-Based Metric for Natural Language Generation, in ACL 2020 [4] Designing Precise and Robust Dialogue Response Evaluators, in ACL 2020 [5] BARTScore: Evaluating Generated Text as Text Generation, in NeurIPS 2021 [6] AlpacaFarm: A Simulation Framework for Methods that Learn from Human Feedback, in NeurIPS 2023 [7] Judging LLM-as-a-Judge with MT-Bench and Chatbot Arena, in NeurIPS 2023

# Response to Weakness 1 --- Thank you for your valuable feedback. We would like to use this opportunity to clarify the scope of the technical contributions in our work and further detail the efforts and design principles behind our data collection process. > Concern on the limited technical contribution: “The technical contribution is a bit limited as it is still within the scope of training one more LLM as judges to evaluate other LLMs’ generation.” **The focus shift in LLM generation evaluation**: In this paper, we focus on the field of evaluating Large Language Models (LLMs) on how they align with human needs in massive real-world scenarios. This field has garnered increasing concern due to the growing capabilities of LLMs and their wider deployment across various scenarios. As our introduction notes, the field has been pivoting away from a narrow definition of technical contribution—such as designing specific algorithms, metrics, or model architectures for evaluators—toward a more user-centric evaluation approach. This shift reflects a collective recognition that the true measure of an LLM's utility is not solely captured by its performance under standard academic benchmarks but rather by its effectiveness in diverse, real-world contexts [1, 2, 3]. **Our contribution under the practical necessity**: In response to the actual needs in this research field, we propose Auto-J, which demonstrates better evaluation capabilities than many competitive baselines with significantly more parameters (such as ChatGPT, Claude2, LLaMA-2-70B-Chat). Since Auto-J achieves these results with only 13B parameters, it also lays a solid foundation for the research line of scalable oversight [4]: by combining human efforts with model capabilities, a small model can serve as a good overseer for much stronger models, ensuring effective oversight even if a model's abilities surpass human capabilities. > Concern on using data generated by GPT4 for training: “Since the training data is obtained from GPT4’s output, it is unsure whether it can replace GPT4 as judges or has strong generalizations as GPT4.” **Carefully designed human-GPT4 collaboration in data collection**: We want to emphasize that we do not rely solely on GPT-4 for constructing the training data. Instead, we employ a synergistic blend of GPT-4's advanced capabilities with meticulously crafted human inputs (such as scenario definitions and criteria design). The data compilation process is heavily reliant on human labor and ingenuity, encompassing finding the sources for user inquiries and potential model responses. We have also handcrafted a large collection of evaluation criteria, which effectively guide GPT-4 to generate more comprehensive and specific judgments than direct prompting without any guidance. We employ data filtering (using existing human labels) in pairwise comparison data collection and execute a “divide-and-conquer” strategy (combining judgments with and without reference to the criteria) in single response evaluation data collection. **Good performance with data efficiency**: With all the above-mentioned techniques, we have successfully developed Auto-J in a data-efficient manner with less than 5,000 training samples. We show with extensive experiments that Auto-J surpasses all baselines except GPT-4 in pairwise response comparison (Table 1) and even outperforms GPT-4 in critique generation (Figure 3). **Evaluator under low-resource settings**: Furthermore, although GPT-4 may perform better when resources (like time and budget) are ample, Auto-J is open-sourced, smaller, and faster. Auto-J, by design, is not expected to be viewed as a “neither here nor there” substitute for GPT-4 but rather as a valuable complement for those with limited resources, large-scale evaluation needs, or no access to GPT-4. To summarize, the development of Auto-J extends well beyond traditional notions of technical contributions, such as new algorithms, metrics, or architectures. It represents a more realistic and user-centric perspective on the field of practical LLM evaluation concerning their alignment with human needs, and this is the solid contribution we want to emphasize. --- References: [1] Judging LLM-as-a-Judge with MT-Bench and Chatbot Arena, in NeurIPS 2023 [2] LIMA: Less Is More for Alignment, in NeurIPS 2023 [3] FLASK: Fine-grained Language Model Evaluation based on Alignment Skill Sets, Arxiv 2307.10928 [4] Measuring Progress on Scalable Oversight for Large Language Models, Arxiv 2211.03540"	"# Response to Weakness 2 --- > “The presentation of the method and contribution feels very confusing to me (maybe it's just my fault). See questions below. I do not know whether other reviewers would have similar concerns though.” We apologize for making you confused. We have made our responses to your questions below, and we have updated the new experimental results on Auto-J’s generality on the unseen scenarios in our paper (Appendix C). We hope our responses below can answer your questions / address your concerns. # Response to Question 1 --- > “If I understand correctly, did you define the scenarios and categories both for fine-tune the model to perform evaluation AND test the model to perform evaluation? In that case, if we want to evaluate an LM that performs a new task that is not in the 58 categories you have defined, would Auto-J generalize to categories unseen during training?” Thanks for this valuable question on Auto-J’s generality on unseen scenarios. Yes, for both training and testing, we adopt data from all the 58 defined scenarios. Actually, in designing these scenarios, we have deliberately defined an “others” scenario for all possible unseen scenarios in testing. We also admit that the generality of Auto-J needs to be further studied, we thus conduct two extra experiments: We randomly select one scenario from each group as the unseen scenarios, and retrain Auto-J with the remaining scenarios. We take the complete “NLP tasks” group as the unseen scenarios, and retrain Auto-J with the remaining scenarios. Under both settings, we compare the new models with the complete version of Auto-J. The results are as follows, we have also updated our paper with these results in Appendix C: **Setting 1: Select one scenario from each group to form an unseen set, in total 8 unseen scenarios.** Pairwise comparison task (agreement to human preference): |Model |seen |unseen |complete| |-|-|-|-| |Auto-J (paper’s version) |54.5 |56.8 |54.8| |Auto-J (remove unseen scenarios in training) |53.5 |55.7 |53.8| Critique generation task (win rate against ChatGPT judged by GPT4): |Model |seen |unseen |complete| |-|-|-|-| |Auto-J (paper’s version) |146/200 |25/32 |171/232| |Auto-J (remove unseen scenarios in training) |143/200 |25/32 |168/232| **Setting 2: Take the complete “NLP tasks” group as the unseen scenarios, in total 11 unseen scenarios.** Pairwise comparison task (agreement to human preference): |Model |seen |unseen |complete| |-|-|-|-| |Auto-J (paper’s version) |54.2 |57.6 |54.8| |Auto-J (remove unseen scenarios in training) |54.2 |54.9 |54.3| Critique generation task (win rate against ChatGPT judged by GPT4): |Model |seen |unseen |complete| |-|-|-|-| |Auto-J (paper’s version) |136/188 |35/44 |171/232| |Auto-J (remove unseen scenarios in training) |130/188 |38/44 |168/232| Compared with the complete version of Auto-J, the two re-trained variants only show slightly degraded performance on the two evaluated tasks both on the seen and unseen scenarios, which indicates that Auto-J can generalize well to scenarios unseen during training.

# Response to Weakness 2 --- > “LLMs should somehow emulate human capabilities and not other LLMs' capabilities.” Thanks for this valuable comment. We would like to offer additional context to the point you raised regarding training a model to mimic another LLM’s capabilities. **Previous works that learn from AI-generated data/feedback**: Actually, modern LLMs like GPT3.5 or GPT-4 have become so powerful that they can serve as an excellent crowdsourced annotator by providing them with sufficient guidance and demonstrated examples [1, 2]. Such an idea of learning from data generated from the combination of the strong text generation ability of LLMs and carefully designed human prior/supervision (like data filtering, manual seed tasks, provided demonstrations or careful prompt engineering) has been widely adopted in recent works like Alpaca [3], Vicuna [4], WizardLM [5], Zephyr [6] and Prompt2Model [7], and are able to produce models with comparable performance with proprietary models like ChatGPT. There are also works that make models to learn from AI feedback, like Constitutional AI [8] or RLAIF [9]. These works have demonstrated the effectiveness of learning from AI (e.g. a powerful LLM), and are comparable to methods that learn from human feedback with regard to helpfulness and harmlessness. **Our work is not simply emulating GPT-4**: Our work builds upon the concepts of the aforementioned studies, harnessing the powerful text generation capabilities of GPT-4 under a series of carefully designed guides (such as defined scenarios and manually crafted evaluation criteria) to obtain more comprehensive and specific generated judgments for model training. This is not merely an imitation of GPT-4’s abilities; instead, GPT-4 is utilized as an auxiliary annotation tool that can significantly reduce human labor. Furthermore, we employ various other processes, such as filtering out samples where GPT-4’s responses conflict with existing human labels and employing a ""divide-and-conquer"" strategy in the generation of single response evaluation data. These techniques ensure that the capabilities of the model we develop are not confined to the simple direct prompting of GPT-4’s upper limits of performance. By all these techniques, we have successfully developed Auto-J and show with extensive experiments that it surpasses all baselines except GPT-4 in pairwise response comparison (Table 1) and even outperforms GPT-4 in critique generation (Figure 3), using fewer than 5,000 training samples, which demonstrates high data efficiency of our method. We hope our elaboration can contribute to a deeper understanding of the context and address your concern. We are also welcome to any further discussions on this topic. --- References: [1] AnnoLLM: Making Large Language Models to Be Better Crowdsourced Annotators, Arxiv 2303.16854 [2] ChatGPT outperforms crowd-workers for text-annotation tasks, Arxiv 2303.15056 [3] Stanford Alpaca: An instruction-following llama model, https://github.com/tatsu-lab/stanford_alpaca [4] Vicuna: An open-source chatbot impressing gpt-4 with 90%* chatgpt quality, https://lmsys.org/blog/2023-03-30-vicuna/ [5] WizardLM: Empowering large language models to follow complex instructions, Arxiv 2304.12244 [6] Zephyr: Direct Distillation of LM Alignment, Arxiv 2310.16944 [7] Prompt2Model: Generating Deployable Models from Natural Language Instructions, Arxiv 2308.12261 [8] Constitutional AI: Harmlessness from AI Feedback, Arxiv 2212.08073 [9] RLAIF: Scaling Reinforcement Learning from Human Feedback with AI Feedback, Arxiv 2309.00267

# Response to Weakness 1 --- Thank you for your valuable feedback. We would like to use this opportunity to clarify the scope of the technical contributions in our work and further detail the efforts and design principles behind our data collection process. > Concern on the limited technical contribution: “The technical contribution is a bit limited as it is still within the scope of training one more LLM as judges to evaluate other LLMs’ generation.” **The focus shift in LLM generation evaluation**: In this paper, we focus on the field of evaluating Large Language Models (LLMs) on how they align with human needs in massive real-world scenarios. This field has garnered increasing concern due to the growing capabilities of LLMs and their wider deployment across various scenarios. As our introduction notes, the field has been pivoting away from a narrow definition of technical contribution—such as designing specific algorithms, metrics, or model architectures for evaluators—toward a more user-centric evaluation approach. This shift reflects a collective recognition that the true measure of an LLM's utility is not solely captured by its performance under standard academic benchmarks but rather by its effectiveness in diverse, real-world contexts [1, 2, 3]. **Our contribution under the practical necessity**: In response to the actual needs in this research field, we propose Auto-J, which demonstrates better evaluation capabilities than many competitive baselines with significantly more parameters (such as ChatGPT, Claude2, LLaMA-2-70B-Chat). Since Auto-J achieves these results with only 13B parameters, it also lays a solid foundation for the research line of scalable oversight [4]: by combining human efforts with model capabilities, a small model can serve as a good overseer for much stronger models, ensuring effective oversight even if a model's abilities surpass human capabilities. > Concern on using data generated by GPT4 for training: “Since the training data is obtained from GPT4’s output, it is unsure whether it can replace GPT4 as judges or has strong generalizations as GPT4.” **Carefully designed human-GPT4 collaboration in data collection**: We want to emphasize that we do not rely solely on GPT-4 for constructing the training data. Instead, we employ a synergistic blend of GPT-4's advanced capabilities with meticulously crafted human inputs (such as scenario definitions and criteria design). The data compilation process is heavily reliant on human labor and ingenuity, encompassing finding the sources for user inquiries and potential model responses. We have also handcrafted a large collection of evaluation criteria, which effectively guide GPT-4 to generate more comprehensive and specific judgments than direct prompting without any guidance. We employ data filtering (using existing human labels) in pairwise comparison data collection and execute a “divide-and-conquer” strategy (combining judgments with and without reference to the criteria) in single response evaluation data collection. **Good performance with data efficiency**: With all the above-mentioned techniques, we have successfully developed Auto-J in a data-efficient manner with less than 5,000 training samples. We show with extensive experiments that Auto-J surpasses all baselines except GPT-4 in pairwise response comparison (Table 1) and even outperforms GPT-4 in critique generation (Figure 3). **Evaluator under low-resource settings**: Furthermore, although GPT-4 may perform better when resources (like time and budget) are ample, Auto-J is open-sourced, smaller, and faster. Auto-J, by design, is not expected to be viewed as a “neither here nor there” substitute for GPT-4 but rather as a valuable complement for those with limited resources, large-scale evaluation needs, or no access to GPT-4. To summarize, the development of Auto-J extends well beyond traditional notions of technical contributions, such as new algorithms, metrics, or architectures. It represents a more realistic and user-centric perspective on the field of practical LLM evaluation concerning their alignment with human needs, and this is the solid contribution we want to emphasize. --- References: [1] Judging LLM-as-a-Judge with MT-Bench and Chatbot Arena, in NeurIPS 2023 [2] LIMA: Less Is More for Alignment, in NeurIPS 2023 [3] FLASK: Fine-grained Language Model Evaluation based on Alignment Skill Sets, Arxiv 2307.10928 [4] Measuring Progress on Scalable Oversight for Large Language Models, Arxiv 2211.03540"			
AZGIwqCyYY__r01	ICLR.cc/2024/Conference	Towards Cross Domain Generalization of Hamiltonian Representation via Meta Learning	6: marginally above the acceptance threshold	4: You are confident in your assessment, but not absolutely certain. It is unlikely, but not impossible, that you did not understand some parts of the submission or that you are unfamiliar with some pieces of related work.	"[weaknesses] - The main contribution of the paper seems to be utilizing meta-learning to efficiently adapt to new systems. However, it is not clear from the paper if it is as simple as just using off-the-shelf implementation or if there are some challenges to doing this. - Also, I would like to see some discussion around why meta-learning is preferred over other representation learning methods e.g. Domain Generalization, and why optimization-based methods surpass other approaches in meta-learning. - The experiments are not sufficient. First, there is no comparison with existing baseline models in domain generalization or meta-learning. Second, the comparison of the meta-model and pre-trained model is not fair, and I would suggest the author fine-tune the pre-trained model on the K-shot support set. Third, no visual comparison of the predicted dynamics and the ground truth, making the conclusion less convincing.

[questions] Please check the weaknesses above.

[summary] This paper proposes to use meta-learning to learn generalized representations across different types of dynamical systems. The meta-learning step helps improve the adaptation to unknown systems with fewer data points (compared to randomly initialized and pre-trained baselines) by virtue of generalized representations. The authors also analyze the representations learned by different baselines and meta-learning by using centered kernel alignment (CKA) to gain insights into better performance by the meta-learning model."	"We sincerely appreciate your efforts in reviewing our paper. We are pleased that the reviewer noticed the strengths regarding the CKA analysis of the learned representations. We have carefully reviewed the weaknesses pointed out by the reviewer and have revised our manuscript as follows (we also recommend the reviewer review the overall response). **_List of changes in the manuscript_**: > 1. Section 2.3 is revised to add clarity to the paper based on W1, and W2. > 2. Section 4.4 and SM C.3 are revised to add existing baseline results following W3. > 3. The titles of Sections 4.1, and 4.2 and the caption of Fig. 3 are updated based on W3. **W1** The main contribution of the paper seems to be utilizing meta-learning to efficiently adapt to new systems. However, it is not clear from the paper if it is as simple as just using off-the-shelf implementation or if there are some challenges to doing this. **W2** Also, I would like to see some discussion around why meta-learning is preferred over other representation learning methods e.g. Domain Generalization, and why optimization-based methods surpass other approaches in meta-learning. > **A1, A2** > We presume that weaknesses 1 and 2 arise from the lack of clarity that we have written in the paper. Existing previous methods have clear limitations; 1) they do not guarantee generalization across diverse systems, and 2) to do so, they need to be flexible with respect to the varying degrees of freedom of the systems. Our approach aims at resolving these challenges by jointly using GNNs and meta-learning. Accordingly, we have revised section 2.3 to clearly state the points mentioned by the reviewer in Q1 and Q2. **W3** The experiments are not sufficient. First, there is no comparison with existing baseline models in domain generalization or meta-learning. Second, the comparison of the meta-model and pre-trained model is not fair, and I would suggest the author fine-tune the pre-trained model on the K-shot support set. Third, no visual comparison of the predicted dynamics and the ground truth, making the conclusion less convincing. > **A3** > - First, we acknowledge the insufficient comparison with existing baselines. Originally, we considered it to be hard to directly compare our method with other prior baselines due to the different definitions of the scope of generalization, we added a baseline experiment with CoDA ([Kerchmeyer et al. 2022](https://arxiv.org/abs/2202.01889)) which is considered a representative method for domain generalization in learning physical dynamics (as it is reported to be superior among other related methods according to the CoDA authors). As expected, CoDA failed to adapt to an unseen system with the same number of steps, even for sufficient steps up to 10000. We have revised Section 4.4 and SM C.3 of our manuscript with the CoDA baseline results and discussion. > - Second, while we appreciate the reviewer's perspective, our work is at the cornerstone in our scope of the problem definition, and thus to show both the possibility and the effectiveness of the unified representation of Hamiltonian dynamics, we chose as baselines the 1) pre-trained model that used the same total number of gradient steps during meta-training, and the 2) randomly initialized model, following the approach of the prior work of [Finn et al. 2017](https://arxiv.org/abs/1703.03400) and [Lee et al. 2021](https://arxiv.org/abs/2102.11544). > - Third, we respectfully ask the reviewer to check Section 4.2, where the dynamics of the predicted systems are discussed using Figure 3. However, we acknowledge that the presentation of the predicted dynamics written in the paper should be more explicit and accordingly we have updated the title of Sections 4.1, 4.2 and the caption of Figure 3.

We would like to thank all of the reviewers for their constructive and valuable feedback on our work, and furthermore recognizing the strengths of our paper as follows; - the originality of our work in contrast to previous studies; learning the unified representation across diverse Hamiltonian system domains (**Reviewer xLig** and **Reviewer GtBu**) - the importance of the experimental aspects of our work; analysis of the unified representation of Hamiltonian dynamics using CKA (**Reviewer hDu2 and Reviewer jozM**) We rigorously addressed and incorporated the feedback to strengthen our work. Below are the main points of the revised manuscript (the changes in the manuscript are indicated as **bold**). 1. Most reviewers suggested a comparison with the baseline of the existing methods described in sections 2.2, and 2.3. The reason we did not include the previous generalization methods was that it was rather difficult to make a direct comparison with our model. Our model aims to learn a unified representation of the Hamiltonian dynamics across the types of physical systems, while the previous studies focus on the scenario of generalizing the dynamics across multiple environments within a fixed system situation. However, we agree with the reviewers that adding the existing baselines would give more concreteness to our result, and added the CoDA ([Kerchmeyer et al. 2022](https://arxiv.org/abs/2202.01889)) (which showed a significantly high performance among various generalization methods across environments within a system, according to the CoDA authors) baseline experiment. **We updated Section 4.4 and SM C.3 with the CoDA baseline and again verified the originality and superiority of our approach.** 2. We have added experiment to further discuss the limitation of our method, which is indeed a crucial point to make an argument from our experimental point of view. The added experiment is an adaptation task to the dissipative mass-spring system with the meta-trained model with conservative other systems. The meta-trained model fails to adapt to the dissipative system, indicating a possible limitation of our approach. **We updated Section 4.5 and SM C.4 with the corresponding additional experiments and discussions to explore the limitations of our work.** 3. Although all reviewers commented that the motivation and presentation of our paper are clearly written, there were some missing points regarding the implementation challenges solved. Although the existing generalization methods (as noted in the first numbered point above) propose new frameworks to learn the generalized dynamics across environments, their applications are limited when we want to generalize across the system type itself, and especially when the degree of freedom of the system changes in the data distribution. **We updated Section 2.3 to clearly state that our approach straightened out the challenges.** 4. Some of the text, such as section titles and figure captions, has been updated to reflect the comments made by reviewers. **We fixed the title of Section 2.2, 2.3, the caption of Figure 3, and moved Table 1. to SM A.3** Our manuscript has been revised accordingly (blue; major updates, red; minor updates such as typos) and we kindly ask all reviewers to check the updated part of the paper. We hope that our revised manuscript and responses will have a positive impact on the final evaluation. Once again, we thank all reviewers for their efforts in this review and look forward to further discussions.

Thank you for your efforts in providing valuable comments on our work. We appreciate the reviewer's comment about the points that should be further considered from the aspect of our experimental point of view. We have thoroughly considered the concerns raised by the reviewer and revised our manuscript as follows (we also recommend the reviewer check the global response). **_List of changes in the manuscript_**: > 1. Section 4.5 and SM C.4 are revised to add additional experiments according to W1 **W1** I don't have particular questions. It would be great if the authors could additionally report the results of some experiments to investigate the limitation of meta-learning in this context, although this is not a question. > **A1** > It should be noted that, in an attempt to provide further insight beyond the experimental results for the generalized model, we have provided the CKA analysis of the learned representations for each of the models. This was also the reason why we only compared the meta-trained model with the pre-trained and randomly initialized model, and not with the existing baselines in the first place. Nevertheless, we strongly agree with the reviewer that our results and claims should be made more carefully from our paper’s experimental point of view, and we appreciate the suggestion to make our claims more thorough by exploring the limitations of meta-learning for learning a unified representation of Hamiltonian dynamics. Consequently, we consider the example suggested by the reviewer (meta-training the model with conservative systems and adapting it to a dissipative system), which we believe is a good way to explore this. As expected, the meta-trained model (as well as the pre-trained and randomly initialized model) failed to adapt to a dissipative system, showing a clear limitation of our approach. We discuss the reason why, for the case of a dissipative system, Hamilton's equation (Equation 1 in the manuscript) does not hold, and thus the HNN loss (Equation 2 in the manuscript) is not appropriate for dissipative systems. We argue that to make use of our method, both the system in the data distribution for meta-training and adaptation should share the same nature so that both satisfy the given loss of the implementation. We have added the corresponding experimental results and discussions in Section 4.5 and SM C.4."	"We would like to thank all of the reviewers for their constructive and valuable feedback on our work, and furthermore recognizing the strengths of our paper as follows; - the originality of our work in contrast to previous studies; learning the unified representation across diverse Hamiltonian system domains (**Reviewer xLig** and **Reviewer GtBu**) - the importance of the experimental aspects of our work; analysis of the unified representation of Hamiltonian dynamics using CKA (**Reviewer hDu2 and Reviewer jozM**) We rigorously addressed and incorporated the feedback to strengthen our work. Below are the main points of the revised manuscript (the changes in the manuscript are indicated as **bold**). 1. Most reviewers suggested a comparison with the baseline of the existing methods described in sections 2.2, and 2.3. The reason we did not include the previous generalization methods was that it was rather difficult to make a direct comparison with our model. Our model aims to learn a unified representation of the Hamiltonian dynamics across the types of physical systems, while the previous studies focus on the scenario of generalizing the dynamics across multiple environments within a fixed system situation. However, we agree with the reviewers that adding the existing baselines would give more concreteness to our result, and added the CoDA ([Kerchmeyer et al. 2022](https://arxiv.org/abs/2202.01889)) (which showed a significantly high performance among various generalization methods across environments within a system, according to the CoDA authors) baseline experiment. **We updated Section 4.4 and SM C.3 with the CoDA baseline and again verified the originality and superiority of our approach.** 2. We have added experiment to further discuss the limitation of our method, which is indeed a crucial point to make an argument from our experimental point of view. The added experiment is an adaptation task to the dissipative mass-spring system with the meta-trained model with conservative other systems. The meta-trained model fails to adapt to the dissipative system, indicating a possible limitation of our approach. **We updated Section 4.5 and SM C.4 with the corresponding additional experiments and discussions to explore the limitations of our work.** 3. Although all reviewers commented that the motivation and presentation of our paper are clearly written, there were some missing points regarding the implementation challenges solved. Although the existing generalization methods (as noted in the first numbered point above) propose new frameworks to learn the generalized dynamics across environments, their applications are limited when we want to generalize across the system type itself, and especially when the degree of freedom of the system changes in the data distribution. **We updated Section 2.3 to clearly state that our approach straightened out the challenges.** 4. Some of the text, such as section titles and figure captions, has been updated to reflect the comments made by reviewers. **We fixed the title of Section 2.2, 2.3, the caption of Figure 3, and moved Table 1. to SM A.3** Our manuscript has been revised accordingly (blue; major updates, red; minor updates such as typos) and we kindly ask all reviewers to check the updated part of the paper. We hope that our revised manuscript and responses will have a positive impact on the final evaluation. Once again, we thank all reviewers for their efforts in this review and look forward to further discussions.

We sincerely appreciate your efforts in reviewing our paper. We are pleased that the reviewer noticed the strengths regarding the CKA analysis of the learned representations. We have carefully reviewed the weaknesses pointed out by the reviewer and have revised our manuscript as follows (we also recommend the reviewer review the overall response). **_List of changes in the manuscript_**: > 1. Section 2.3 is revised to add clarity to the paper based on W1, and W2. > 2. Section 4.4 and SM C.3 are revised to add existing baseline results following W3. > 3. The titles of Sections 4.1, and 4.2 and the caption of Fig. 3 are updated based on W3. **W1** The main contribution of the paper seems to be utilizing meta-learning to efficiently adapt to new systems. However, it is not clear from the paper if it is as simple as just using off-the-shelf implementation or if there are some challenges to doing this. **W2** Also, I would like to see some discussion around why meta-learning is preferred over other representation learning methods e.g. Domain Generalization, and why optimization-based methods surpass other approaches in meta-learning. > **A1, A2** > We presume that weaknesses 1 and 2 arise from the lack of clarity that we have written in the paper. Existing previous methods have clear limitations; 1) they do not guarantee generalization across diverse systems, and 2) to do so, they need to be flexible with respect to the varying degrees of freedom of the systems. Our approach aims at resolving these challenges by jointly using GNNs and meta-learning. Accordingly, we have revised section 2.3 to clearly state the points mentioned by the reviewer in Q1 and Q2. **W3** The experiments are not sufficient. First, there is no comparison with existing baseline models in domain generalization or meta-learning. Second, the comparison of the meta-model and pre-trained model is not fair, and I would suggest the author fine-tune the pre-trained model on the K-shot support set. Third, no visual comparison of the predicted dynamics and the ground truth, making the conclusion less convincing. > **A3** > - First, we acknowledge the insufficient comparison with existing baselines. Originally, we considered it to be hard to directly compare our method with other prior baselines due to the different definitions of the scope of generalization, we added a baseline experiment with CoDA ([Kerchmeyer et al. 2022](https://arxiv.org/abs/2202.01889)) which is considered a representative method for domain generalization in learning physical dynamics (as it is reported to be superior among other related methods according to the CoDA authors). As expected, CoDA failed to adapt to an unseen system with the same number of steps, even for sufficient steps up to 10000. We have revised Section 4.4 and SM C.3 of our manuscript with the CoDA baseline results and discussion. > - Second, while we appreciate the reviewer's perspective, our work is at the cornerstone in our scope of the problem definition, and thus to show both the possibility and the effectiveness of the unified representation of Hamiltonian dynamics, we chose as baselines the 1) pre-trained model that used the same total number of gradient steps during meta-training, and the 2) randomly initialized model, following the approach of the prior work of [Finn et al. 2017](https://arxiv.org/abs/1703.03400) and [Lee et al. 2021](https://arxiv.org/abs/2102.11544). > - Third, we respectfully ask the reviewer to check Section 4.2, where the dynamics of the predicted systems are discussed using Figure 3. However, we acknowledge that the presentation of the predicted dynamics written in the paper should be more explicit and accordingly we have updated the title of Sections 4.1, 4.2 and the caption of Figure 3.

We appreciate your thoughtful effort in reviewing this work. We are delighted to hear that the reviewer has recognized the contribution of our work in contrast to many existing works. We have carefully considered the points raised by the reviewer and have revised our manuscript as follows (we also recommend that the reviewer check the overall response). **_List of changes in the manuscript_**: > 1. Section 4.4 and SM C.3 are revised to add existing baseline results according to W1 **W1** The evaluation can be strengthened by considering comparing the proposed methods with other Few-shot Learning and Physics-informed Neural Networks methods for system domain generalization under both ""consistent"" and ""different"" physical laws. > **A1** > We first thought that it would be difficult to directly compare our method with other previous baselines, as the definition of the scope of generalization is different. However, we strongly agree with the reviewer that our evaluation can be strengthened by comparing the proposed approach with other existing methods. We added a baseline experiment with CoDA ([Kerchmeyer et al. 2022](https://arxiv.org/abs/2202.01889)) which is considered a representative method for domain generalization in learning physical dynamics (as it is reported to be superior to other related methods according to the CoDA authors). As expected, CoDA failed to adapt to an unseen system with the same number of steps, even for sufficient steps up to 10000. We have revised section 4.4 of our manuscript with the CoDA baseline results and discussion. **Q1** In Figure 4, why does a lower CKA value of the meta-trained model suggest it learned more similar representations during adaptation? As the authors mentioned, should a low CKA value indicate different representations? > **A1** > We acknowledge that our label notation in Figure 4 could be quite misleading. The y-axis represents the 1-CKA (1 minus CKA) value, not the raw CKA value. Therefore, the lower y-axis in Figure 4 indicates a high CKA value, which leads to more similar representations during adaptation."			
rhgIgTSSxW__r04	ICLR.cc/2024/Conference	TabR: Tabular Deep Learning Meets Nearest Neighbors	3: reject, not good enough	4: You are confident in your assessment, but not absolutely certain. It is unlikely, but not impossible, that you did not understand some parts of the submission or that you are unfamiliar with some pieces of related work.	"[weaknesses] - The motivations behind the module designs are not entirely clear. It appears that the authors made meticulous module (equation) optimization based on its performance on some datasets empirically. Then: (1) Why does employing the L2 distance, instand of the dot product, lead to improved performance (as shown in Eq. 3)? (2) Why is the T function required to use LinearWithoutBias? (3) We are uncertain about the robustness of the designed modules. If the dataset characteristics are changed, is it likely that the performance rankings will change significantly? The performances only on middle-sized datasets cannot show the robustness. ... I suggest that providing a theoretical analysis or intuitive motivation would enhance the reader's understanding of those details. - Some sota DL approaches are not compared, such as T2G-Former (an improved version of FTT)[1], TabPFN [2], and TANGOS [3]. Especially, TabFPN is relatively similar to TabR. These papers are current SOTA, and may outperforms tree based models. [1] T2G-Former: Organizing tabular features into relation graphs promotes heterogeneous feature interaction [2] TabPFN: A Transformer That Solves Small Tabular Classification Problems in a Second [3] TANGOS: Regularizing Tabular Neural Networks through Gradient Orthogonalization and Specialization - The major comparison lies among middle-scale datasets, accompanied with some results on few other datasets shown in Table 3. In scenarios involving sparse, medium, and dense data-distributed datasets (which typically occur in small, medium-sized, and large-sized datasets, respectively), I suppose that there exists a variance in the nearest neighbor retrieval pattern. Hence, conducting tests solely on medium-sized datasets may not suffice. Furthermore, the issue of inefficiency when dealing with large-scaled datasets appears to have hindered the authors from proving the method's effectiveness in large-scaled datasets. - The method proposed by the authors appears to have achieved slight performance advantages on certain datasets (although some SOTA are not compared). However, due to the lacks of explanation for the model details that are designed empirically, it seems unnecessary and risky to apply this method in real-world scenarios (for example, it's unclear whether L2 distance may fail when uninformative features are present; or, for instance, when a table has a feature with values [f_1, f_2, f_3, ..., f_n], and we take the logarithm of these values [log f_1, log f_2, log f_3, ..., log f_n] or their reciprocals, the method may perform poorly in such cases).

[questions] - In Section 3.1, you mentioned ""continuous (i.e., continuous) features."" Could this be a typographical error? - I am curious if the L2 design is sensitive to uninformative features? You can offer some analysis or conduct experiments by adding some gaussian noise columns (uninformative features are commonly seen in tabular datasets) and observe the change of performances. Some transformation like logarithm may impact the results. - Some questions in weakness.

[summary] The authors meticulously designed a supervised deep learning model for tabular data prediction, which operates in a retrieval-like manner. It outperformed tree-based models on middle-scale datasets, as well as other retrieval-based deep learning tabular learning models. To achieve this, they introduced a k-Nearest-Neighbors-like idea in model design."	"> **[REGARDING ROBUSTNESS OF L2 TO UNINFORMATIVE AND IRREGULARLY DISTRIBUTED FEATURES]** > > it's unclear whether L2 distance may fail when uninformative features are present ... You can offer some analysis or conduct experiments by adding some gaussian noise columns > ... > or, for instance, when a table has a feature ... and we take the logarithm of these values ... > Some transformation like logarithm may impact the results Below, we provide results indicating that **the presense of L2 does not make TabR any worse than alternatives**, (dot-product-based TabR or simple MLP) in the presence of uninformative features or after the logarithmic transformation. Moreover, the alternatives continue lagging significantly behind TabR. Technical setup: - Datasets (see Table 1 in the paper): CA, HO, AD, DI, HI. - We use TabR with the default hyperparameters. - The uniformative (noisy) features are added as new features. - For the logarithmic transformation, original features are replaced with the transformed ones. The table below reports the average (over datasets) difference in `%` compared to the metric of the corresponding model trained on the original unmodified datasets. | Ratio of new uninformative features: | 0.1 | 0.25 | 0.5 | |:------------------------------------ |:------ |:------ |:------ | | TabR | -0.6% | -1.9% | -2.87% | | TabR (dot product) | -1.27% | -2.26% | -3.77% | | MLP | -1.32% | -2.63% | -4.37% | | Ratio of log-transformed features | 0.1 | 0.25 | 0.5 | |:--------------------------------- |:------ |:------ |:------ | | TabR | -0.15% | -0.77% | -1.07% | | TabR (dot product) | -0.23% | -0.18% | -0.39% | | MLP | -0.05% | -0.55% | -0.45% | **Importantly**, in both of the above regimes, TabR continues to *significantly* outperform alternatives. For example, this is how the second of the above tables would look like if we reported the differences relative to the *same* baseline, namely, to TabR trained on unmodified original data: | Ratio of log-transformed features | 0.1 | 0.25 | 0.5 | |:--------------------------------- |:------ |:------ |:------ | | TabR | -0.15% | -0.77% | -1.07% | | TabR (dot product) | -6.95% | -6.95% | -7.17% | | MLP | -6.65% | -7.23% | -7.15% | Note that, currently, TabR uses a simple MLP-like encoder, and naturally inherits all properties related to robustness to various data challenges such as uniformative features, irregularly distributed features, etc. `[1]`, `[13]`, `[14]`. In particular: - These properties explain why, in the above table, there is a performance loss for all DL models regardless of the usage of L2. - It is also known how to avoid/alleviate these problems: by using transformer-like encoders `[1]`, `[13]` or by using embeddings for continuous features `[2]`. **References** - `[1]` ""Why do tree-based models still outperform deep learning on tabular data?"", NeurIPS 2022 Datasets and Benchmarks, Grinsztajn et al. - `[2]` ""On Embeddings for Numerical Features in Tabular Deep Learning"", NeurIPS 2022, Gorishniy et al. - `[3]` ""Shifts: A Dataset of Real Distributional Shift Across Multiple Large-Scale Tasks"", NeurIPS 2021 Datasets and Benchmarks , Malinin et al. - `[4]` ""Revisiting Deep Learning Models for Tabular Data"", NeurIPS 2021, Gorishniy et al. - `[5]` ""TabNet: Attentive Interpretable Tabular Learning"", AAAI 2021, Arik et al. - `[6]` ""SAINT: Improved Neural Networks for Tabular Data via Row Attention and Contrastive Pre-Training"", ICLR 2022 submission, Somepalli et al. - `[7]` ""Neural Oblivious Decision Ensembles for Deep Learning on Tabular Data"", ICLR 2020, Popov et al. - `[8]` ""TabPFN: A Transformer That Solves Small Tabular Classification Problems in a Second"", ICLR 2023, Hollmann et al. - `[9]` ""TANGOS: Regularizing Tabular Neural Networks through Gradient Orthogonalization and Specialization"", ICLR 2023, Jeffares et al. - `[10]` ""T2G-FORMER: Organizing Tabular Features into Relation Graphs Promotes Heterogeneous Feature Interaction"", AAAI 2023, Yan et al. - `[11]` ""XGBoost: A Scalable Tree Boosting System"", KDD 2016, Chen et al. - `[12]` ""Deep Neural Networks and Tabular Data: A Survey"" - `[13]` ""A Performance-Driven Benchmark for Feature Selection in Tabular Deep Learning"", NeurIPS 2023 Datasets and Benchmarks, Cherepanova et al. - `[14]` ""When Do Neural Nets Outperform Boosted Trees on Tabular Data?"", NeurIPS 2023 Datasets and Benchmarks, McElfresh et al.

> are these datasets highly representative? We did our best to build a representative benchmark using **~50 datasets from prior work**. In particular, we ensured that there are **many challenging tasks that favour GBDT over traditional neural networks.** Examples: - We use the widely cited `[1]` where GBDT was shown to be superior to neural networks. - We use some datasets from `[2]` including multiple GBDT-friendly tasks. - We also use the real world large scale dataset for weather prediction from `[3]`. To put our work in the context of prior work, here are the main properties of the benchmarks used in some prior work on tabular deep learning: | Model `[citation]` | The number of datasets used in the paper | | -------------------- | ----------------------------------------------------------------------- | | **TabR** `[ours]` | **~50 datasets (roughly, `[1]` + some datasets from `[2]` and `[3]`)** | | NODE `[7]` | 6 datasets | | TabNet `[5]` | <10 datasets | | FT-Transformer `[4]` | 11 datasets | | SAINT `[6]` | 30 datasets | | \<survey\> `[11]` | 5 datasets | | MLP-PLR `[2]` | 11 datasets | | TabPFN `[8]` | 67 small datasets (different scope) | | \<benchmark\> `[1]` | <50 *unique* datasets (>50 with multiple versions of the same datasets) | | TANGOS `[9]` | 20 datasets | | T2G-FORMER `[10]` | 12 datasets | > Is it not surprising that Step-1 (adding context labels) did not help that much? This is discussed in the ""Step-1"" paragraph on Page 5: *> ""Table 2 shows no improvements from using labels, which is counter-intuitive. Perhaps, the similarity module taken from the vanilla attention does not allow benefiting from such a valuable signal as labels.""* In other words, yes, this is indeed surprising! However, after the subsequent Step-2 in Section 3.2 (and, in particular, after the ablation study in Section A.3), we can confidently say that *to benefit from a valuable signal (such as labels), good similarity module is required.* **References** - `[1]` ""Why do tree-based models still outperform deep learning on tabular data?"", NeurIPS 2022 Datasets and Benchmarks, Grinsztajn et al. - `[2]` ""On Embeddings for Numerical Features in Tabular Deep Learning"", NeurIPS 2022, Gorishniy et al. - `[3]` ""Shifts: A Dataset of Real Distributional Shift Across Multiple Large-Scale Tasks"", NeurIPS 2021 Datasets and Benchmarks , Malinin et al. - `[4]` ""Revisiting Deep Learning Models for Tabular Data"", NeurIPS 2021, Gorishniy et al. - `[5]` ""TabNet: Attentive Interpretable Tabular Learning"", AAAI 2021, Arik et al. - `[6]` ""SAINT: Improved Neural Networks for Tabular Data via Row Attention and Contrastive Pre-Training"", ICLR 2022 submission, Somepalli et al. - `[7]` ""Neural Oblivious Decision Ensembles for Deep Learning on Tabular Data"", ICLR 2020, Popov et al. - `[8]` ""TabPFN: A Transformer That Solves Small Tabular Classification Problems in a Second"", ICLR 2023, Hollmann et al. - `[9]` ""TANGOS: Regularizing Tabular Neural Networks through Gradient Orthogonalization and Specialization"", ICLR 2023, Jeffares et al. - `[10]` ""T2G-FORMER: Organizing Tabular Features into Relation Graphs Promotes Heterogeneous Feature Interaction"", AAAI 2023, Yan et al. - `[11]` ""Deep Neural Networks and Tabular Data: A Survey""

> Furthermore, the issue of inefficiency when dealing with large-scaled datasets appears to have hindered the authors from proving the method's effectiveness in large-scaled datasets. However, **in the paper, we used datasets with up to three million training objects.** To further illustrate the applicability of TabR to large datasets, below, we report the performance of TabR on the Higgs dataset with **ten million training objects:** | Model | Hyperparameter tuning time | Accuracy | | ------- |:-------------------------- |:---------- | | XGBoost | 1.5 days | 0.783 | | TabR | **0** | **0.797** | Technical details: - We used TabR with the default hyperparameters with the simplest `Linear-ReLU` embeddings for continuous features from `[2]` without any hyperparameter tuning (`d_embedding = 32`). - We applied the ""context freeze"" technique described in Section 5.1 of the paper for faster training. > The motivations behind the module designs are not entirely clear ... I suggest that providing a theoretical analysis or intuitive motivation would enhance the reader's understanding of those details. Providing clear motivation is of high importance to us. Our reply consists of two parts. **First**, *based on the content from the submission*, let us show how **the design steps behind TabR (Section 3.2) are motivated formally, informally and by prior work:** - **Step-0 (baseline) is fully motivated by related work.** - (Section 3.2, Paragraph ""Step-0"") *""the self-attention operation was often used in prior work ... Then, instantiating retrieval module R as the vanilla self-attention ... is a reasonable baseline""* - **Step-1 (using labels) is highly intuitive:** labels is an extremely valuable signal, so we try using them to improve the model. - (Section 3.2, Paragraph ""Step-1"") *""A natural attempt to improve the Step-0 configuration is to utilize labels of the context objects""* - **Step-2 (modifying the similarity module $\mathcal{S})$ has a whole range of motivations** provided in the main text (""Step-1"" and ""Step-2"" paragraphs of Section 3.2) and appendix (Section A.1 referenced from Section 5.3, Section A.3 referenced from Section 3.2): - **Intuitively,** it is motivated by the outcome of Step-1: (Section 3.2, Paragraph ""Step-1"") *""Perhaps, the similarity module S taken from the vanilla attention does not allow benefiting from such a valuable signal as labels.""* - Section A.1.1 provides **formal motivation** for removing the query representations. - Section A.1.1 provides **informal motivation** for using L2 instead of the dot product. - **Empirically**, it is motivated by the exhaustive (literally) ablation study in Section A.3, which is references from the main text. - **Step-3 (modifying the value module $\mathcal{V})$** - **Formal motivation:** using $\tilde{x}$ in the value module makes it strictly more expressive: (Section 3.2 Paragraph ""Step-3""): *""we make the value module V more expressive by taking the target object’s representation $\tilde{x}$ into account""* - **Related work:** (Section 3.2 Paragraph ""Step-3"") *""we take inspiration from DNNR -- the recently proposed generalization of the kNN algorithm""* - **Intuitive interpretation:** (Section 3.2 Paragraph ""Step-3""): *""\<the decomposition into the ""raw"" and ""correction"" terms\>""* - **Quantifying the intuitive interpretation:** Section A.2 referenced from Section 5.3 - **Step-4** is the only purely technical step. However, it is not uncommon for a new architecture to require different technical defaults. **Second,** we summarize how we further improve the communication and make the available content more visible in the new PDF: - In Section 3.2 Paragraph ""Step-2"", we added a reference to Section A.1. - In Section 3.2 Paragraph ""Step-3"", we added a reference to Section A.2. - In Section A.2.1, we added extended comments on Section 3.2 Paragraph ""Step-3"". - In Section A.8, we added a minor technical note on Section 3.2 Paragraph ""Step-3""."	"We thank the reviewer for the comments and questions! > What might explain the performance differences? ... but was this what led to retrieval's low benefit in the past? (1) **TL;DR: yes, the main reason behind the difference in the performance lies in the retrieval module designed in Section 3.2.** A quick summary of the main differences in the retrieval-related functionality: - Prior work: *multiple multi-head vanilla* attention modules, where the attention is performed *between objects and features*. - TabR: *one single-head custom* attention-like module, where the attention is performed *only between objects*. In the new PDF, in Section 2 on Page 3, we improved the wording and the formatting to better contrast TabR against prior solutions. (2) **The relevant parts from the original PDF** (here, we uppercased the key pieces for convenience): - (Paragraph ""Step 2"" Page 5, where we improved the similarity module commonly used in prior work) *This change is a turning point in our story, WHICH WAS OVERLOOKED IN PRIOR WORK.* - (abstract) *""NOVEL FINDINGS ... LIE IN THE ATTENTION-LIKE MECHANISM that is responsible for retrieving the nearest neighbors and extracting valuable signal from them.""* - (Section 2 Page 3) *""Compared to prior work, where SEVERAL LAYERS WITH MULTI-HEAD ATTENTION ... TabR implements its retrieval component with just ONE SINGLE-HEAD ATTENTION-LIKE MODULE. Importantly ... module of TabR is CUSTOMIZED in a way that makes it BETTER SUITED FOR TABULAR DATA PROBLEMS""* - etc. > Insufficient discussion of categorical variables. However, as indicated by Figure 3 and its caption, **TabR is equally capable of handling all feature types, there is no conceptual difference between them.** In particular: - Categorical features are encoded with the one-hot encoding (as mentioned in the caption of Figure 3 and in Section D6). This is a simple and efficient operation, and one can switch to any other encoding scheme if needed. - Continuous features are normalized and, optionally, transformed with embeddings from `[2]` (which, in fact, makes continuous features more demanding than categorical features in terms of compute). Just in case, we will mention that **the used datasets include both continuous and categorical features**: - The default benchmark: Table 1 provides information on how many features of each type is presented in each dataset. - The benchmark from `[1]` also includes many datasets with categorical features. > Is accuracy or training time particularly affected by their relative abundance relative to numerical features? We did not notice any different behaviour caused by the presence of categorical features, which is consistent with the explanation provided above (*""... for TabR, there is no conceptual difference between feature types ...""*). > The steps of Section 3.2 seem rather arbitrary. **First**, just in case, we provide a quick informal recap of the story behind the design steps in Section 3.2: - ""Step-0. The vanilla-attention-like baseline"" is motivated by prior work. - ""Step-1. Adding context labels"" is a natural attempt to use the available labels of the neighbors. The important outcome: *""the similarity module $\mathcal{S}$ taken from the vanilla attention does not allow benefiting from such a valuable signal as labels""*. - ""Step-2. Improving the similarity module $\mathcal{S}$"" is fully motivated by the quoted outcome of Step-1. - ""Step-3. Improving the value module $\mathcal{V}$"" is inspired by a simple observation that $\mathcal{V}$ can be made more expressive by adding the dependency on the target object's representation $\tilde{x}$. - Step-4 is the only purely technical step where we identified better technical defaults for the new architecture. **Second**, how we improved the communication and made the available content more visible in the new PDF: - In Section A.2.1, we added extended motivation behind the design of the value module of TabR. - In the ""Step-2"" and ""Step-3"" paragraphs, we added references to the extended motivation and analysis available in the appendix. - In the ""Step-3"" paragraph, we improved the wording to highlight the transition of our focus from the similarity module to the value module.

> Furthermore, the issue of inefficiency when dealing with large-scaled datasets appears to have hindered the authors from proving the method's effectiveness in large-scaled datasets. However, **in the paper, we used datasets with up to three million training objects.** To further illustrate the applicability of TabR to large datasets, below, we report the performance of TabR on the Higgs dataset with **ten million training objects:** | Model | Hyperparameter tuning time | Accuracy | | ------- |:-------------------------- |:---------- | | XGBoost | 1.5 days | 0.783 | | TabR | **0** | **0.797** | Technical details: - We used TabR with the default hyperparameters with the simplest `Linear-ReLU` embeddings for continuous features from `[2]` without any hyperparameter tuning (`d_embedding = 32`). - We applied the ""context freeze"" technique described in Section 5.1 of the paper for faster training. > The motivations behind the module designs are not entirely clear ... I suggest that providing a theoretical analysis or intuitive motivation would enhance the reader's understanding of those details. Providing clear motivation is of high importance to us. Our reply consists of two parts. **First**, *based on the content from the submission*, let us show how **the design steps behind TabR (Section 3.2) are motivated formally, informally and by prior work:** - **Step-0 (baseline) is fully motivated by related work.** - (Section 3.2, Paragraph ""Step-0"") *""the self-attention operation was often used in prior work ... Then, instantiating retrieval module R as the vanilla self-attention ... is a reasonable baseline""* - **Step-1 (using labels) is highly intuitive:** labels is an extremely valuable signal, so we try using them to improve the model. - (Section 3.2, Paragraph ""Step-1"") *""A natural attempt to improve the Step-0 configuration is to utilize labels of the context objects""* - **Step-2 (modifying the similarity module $\mathcal{S})$ has a whole range of motivations** provided in the main text (""Step-1"" and ""Step-2"" paragraphs of Section 3.2) and appendix (Section A.1 referenced from Section 5.3, Section A.3 referenced from Section 3.2): - **Intuitively,** it is motivated by the outcome of Step-1: (Section 3.2, Paragraph ""Step-1"") *""Perhaps, the similarity module S taken from the vanilla attention does not allow benefiting from such a valuable signal as labels.""* - Section A.1.1 provides **formal motivation** for removing the query representations. - Section A.1.1 provides **informal motivation** for using L2 instead of the dot product. - **Empirically**, it is motivated by the exhaustive (literally) ablation study in Section A.3, which is references from the main text. - **Step-3 (modifying the value module $\mathcal{V})$** - **Formal motivation:** using $\tilde{x}$ in the value module makes it strictly more expressive: (Section 3.2 Paragraph ""Step-3""): *""we make the value module V more expressive by taking the target object’s representation $\tilde{x}$ into account""* - **Related work:** (Section 3.2 Paragraph ""Step-3"") *""we take inspiration from DNNR -- the recently proposed generalization of the kNN algorithm""* - **Intuitive interpretation:** (Section 3.2 Paragraph ""Step-3""): *""\<the decomposition into the ""raw"" and ""correction"" terms\>""* - **Quantifying the intuitive interpretation:** Section A.2 referenced from Section 5.3 - **Step-4** is the only purely technical step. However, it is not uncommon for a new architecture to require different technical defaults. **Second,** we summarize how we further improve the communication and make the available content more visible in the new PDF: - In Section 3.2 Paragraph ""Step-2"", we added a reference to Section A.1. - In Section 3.2 Paragraph ""Step-3"", we added a reference to Section A.2. - In Section A.2.1, we added extended comments on Section 3.2 Paragraph ""Step-3"". - In Section A.8, we added a minor technical note on Section 3.2 Paragraph ""Step-3"".

We thank the reviewer for the positive feedback! > A comparison of the inference and query complexity between the methods is lacking. **In the new PDF, this is addressed in Section A.4.2.** For convenience, here, we provide a summary. Below, we report the inference throughput of TabR and XGBoost. (The technical setup: - XGBoost and TabR-S with tuned hyperparameters as in Table 4 of the main text - Computation is performed on NVIDIA 2080 Ti. - For both models, objects are passed by batches of 4096 objects.) **The key observations:** - On the considered datasets, the throughputs of TabR and XGBoost are mostly comparable. - **Important**: our implementation of TabR is naive and lacks even basic optimizations. | | CH | CA | HO | AD | DI | OT | HI | BL | WE | CO | MI | |--------------------------------|------|------|------|------|------|-----|------|------|------|------|------| | `#trainingObjects` | 6400 | 13209 | 14581 | 26048 | 34521 | 39601 | 62751 | 106764 | 296554 | 371847 | 723412 | | `#features` | 11 | 8 | 16 | 14 | 9 | 93 | 28 | 9 | 119 | 54 | 136 | | `n_estimators` in XGBoost | 121 | 3997 | 1328 | 988 | 802 | 524 | 1040 | 1751 | 3999 | 1258 | 3814 | | `max_depth` in XGBoost | 5 | 9 | 7 | 10 | 13 | 13 | 11 | 8 | 13 | 12 | 12 | | XGBoost throughput (obj./sec.) | 2197k | 33k | 179k | 131k | 417k | 19k | 72k | 84k | 15k | 10k | 14k | | TabR-S throughput (obj./sec.) | 35k | 35k | 55k | 33k | 43k | 40k | 37k | 27k | 34k | 23k | 11k | | Overhead | 62.3 | 0.9 | 3.3 | 3.9 | 9.6 | 0.5 | 1.9 | 3.1 | 0.5 | 0.4 | 1.2 | **In more detail:** - On ""non-simple"" tasks (CA, OT, WE, CO), TabR is faster (""non-simple"" = XGBoost needs many trees AND/OR XGBoost needs high depth AND/OR a dataset has more features). - On ""simple"" tasks, XGBoost is faster (""simple"" = XGBoost is shallow AND/OR dataset has few features). - With the growth of training size (MI), TabR may become slower because of the retrieval, however, there is *a lot* of room for optimizations (caching candidate representations instead of recomputing them on each forward pass; using float16 instead of the current float32; doing approximate search instead of the current brute force; using only a subset of the training data as candidates, etc.) > Inference time and compexity -- are the studies based on normalized inference time between models? If not, could you comment more? Strictly speaking, the results reported in all main tables are obtained without fixing the inference time budget: all methods can spend any time they need to make predictions. *However,* generally, the efficiency of TabR vs. prior work is an important storyline of our paper with significant wins over prior work, and, in the considered scope of datasets, the inference time of TabR is always reasonable (as indicated by the above table). > How does the inference complexity depend on the size of the table data? As indicated by the above table, for datasets of sizes up to (roughly) 500K objects, for TabR-S, the dataset size is not a major factor defining the inference throughput. For larger datasets, the dataset size becomes a more important factor (formally, for the current brute force search, the search complexity grows linearly with the dataset size). Luckily, the current implementation of TabR has a lot of room for simple optimizations: - caching candidate key representations instead of recomputing them on each forward pass. - performing the search in float16 instead of the current float32. - performing approximate similarity search instead of the current brute force. - using only a subset of the training data as candidates. - etc."			
eepoE7iLpL__r01	ICLR.cc/2024/Conference	Enhancing Neural Subset Selection: Integrating Background Information into Set Representations	6: marginally above the acceptance threshold	3: You are fairly confident in your assessment. It is possible that you did not understand some parts of the submission or that you are unfamiliar with some pieces of related work. Math/other details were not carefully checked.	"[weaknesses] - The presentation of some of the mathematical details needs improvement. In particular, it seems that some of the notations are overloaded (i.e., the same notation is used with different interpretations) or not clearly defined. For example, the notation $S$ appears as a *subset* of the ground set $V$ in the Introduction, but in Section 3.1 (Background), the notation $S$ appears as an *element* of $V$ that takes a matrix form. The relationship between elements $x_i \in \mathcal{X}$ and $S_i$ is not clearly defined either. On another note, it is not entirely clear to me what the function value $Y \in \mathcal{Y}$ is really referring to, which also appears without an explicit discussion of its meaning in the Introduction as part of the variational distribution $q(Y|S,V)$. Is $Y \in \mathcal{Y}$ supposed to be the utility function value (which was also introduced with the notation $U = F_{\theta}(S,V)$ in the Introduction)? The confusion arising from notational ambiguity makes the paper less readable.

[questions] - Can the authors clearly define what $Y$ is? The footnote mentions that $Y_i$ is the ""probability of element $i$ being selected"", but this description is ambiguous. - It looks like learning the neural network approximation in Eq. (4) is done via variational inference as in Ou et al. (2022). As I am not familiar with the cited work, it is unclear to me how $q(Y|S,V)$ is serves as an approximation for the subset likelihood $p(S|V)$ when the former is a distribution over $Y$ and the latter is a distribution over $S$. Can the authors provide clarifications on this? - How is the neural network construction in Eq. (4) explicitly related to $p_{\theta}(S,V)$ (or $F_{\theta}(S,V)$)?

[summary] The authors propose an optimal subset selection method based on neural networks, which is designed to learn a permutation invariant representation of both the subset of interest $S$ and the ground superset $V$. The authors highlight that prior works for neural subset selection (e.g., DeepSet) do not account for the superset $V$, and both theoretically and empirically demonstrate that jointly modeling the interactions between $S$ and $V$ leads to improved performance."	"We greatly appreciate the time and effort you have invested! In response to your concerns, we have provided clarifications here. We will also incorporate these clarifications into our revised version to enhance clarity. ### ***Comments 1: Relationship Between $x_i, S_i,$ and $V.$*** ***ANSWER:*** We regard $V$ as a set composed of $n$ elements, denoted as $x_i$, i.e., $V=\\\{x_1, x_2,..., x_n\\\}$. In order to facilitate the proposition of Property 1, we describe $V$ as a collection of several disjoint subsets, specifically $V = \\\{S_1, \dots, S_m\\\}$, where $S_i \in \mathbb{R}^{n_i \times d}$. Here, $n_i$ represents the size of subset $S_i \subset V$, that is, $S_i = \\\{x_{1_i}, x_{2_i},..., x_{n_i}\\\}.$ ### ***Comments 2: The definition of $Y.$*** ***ANSWER:*** The generality of our Theorem 3.1 allows it to be applied to both U=F(Y|S,V) and P(Y|S,V) for different tasks. Specifically, when considering the task of Neural Subset Selection in Optimal Subset (OS) oracles, which involves learning P(Y|S,V), we define Y as a $|V|$ independent Bernoulli distribution, which is parameterized by $Y \in [0,1]^{|V|}$, representing the odds or probabilities of selecting element $x_i \in V$ in a output subset $S$. ### ***Comments 3: Why can $q(Y|S,V)$ serve as a variational approximation to $P(S|V)?$*** ***ANSWER:*** As discussed in the previous answer, $Y \in [0,1]^{|V|}$. In practice, $S$ is represented as a binary vector (mask), denoted as $S := \\\{0,1\\\}^{|V|}$, where the $i$-th element is equal to $1$ if $i \in S$ and $0$ otherwise. Therefore, it is natural to use $q(Y|S,V)$ to represent the variational distribution of $P(S|V)$. ### ***Comments 4: How is the neural network construction in Eq. (4) explicitly related to $p_\theta(S,V)$ or $F_\theta(S,V).$*** ***ANSWER:*** Once neural networks are trained, their outputs become fixed for a given input, such as (S,V). Thus, Eq. (4) represents the explicit structure used to construct models for learning the deterministic function $\theta(S,V)$ (to differentiate it from the utility function U=F(S,V)). Using this function, we can construct the conditional distribution $q(Y|S,V)$ according to Theorem 3.5. Specifically, we employ the Mean-Field Variational Inference (MFVI) method introduced by [1] (Section 3.2) to approximate the distribution $q(Y|S,V)$, referred to as $\psi$ in [1]. To prevent overwhelming readers with an abundance of notations and equations, we have deliberately omitted the detailed construction of q(Y|S,V) and the derivation of variational approximation in our paper. This decision was motivated by two factors. Firstly, our theorem and Eq. 4 offer a general framework for modeling the relationship between $Y$ and $(S,V)$, instead of focusing on the neural subset selection tasks. Secondly, in order to ensure clarity of our motivation, we have provided a high-level description of these concepts in the Introduction section. For readers interested in the details of these concepts, we strongly recommend referring to [1] (Section 3) for a more comprehensive understanding. For the implementation details of q(Y|S,V) and $\theta(S,V)$, we suggest consulting our accompanying code located at (./model/modules.py). Thanks for your time and suggestions again. We would appreciate knowing if you have any additional feedback or suggestions. [1] Ou Z, Xu T, Su Q, et al., ""Learning Set Functions Under the Optimal Subset Oracle via Equivariant Variational Inference.""NeurIPS, 2022.

We greatly appreciate the time and effort you have invested. In response to your concerns, we have provided detailed clarifications. ### ***Comments 1: The optimization objective and how to select an optimal subset during inference?*** ***ANSWER:*** Thank you for your insightful question, as the construction of an optimization objective and inference process are indeed key aspects of neural subset selection [1, 2, 3]. We aimed to balance detailed explanation with readability for a broad audience, which is why we initially provided a high-level overview in the **Introduction Section**. To specifically address your concerns, we are now including more detailed descriptions of the optimization and inference processes. Our formulation of the optimization objective is based on the framework established in [1]. Specifically, the optimization objective is to address Equation 1 in our paper by adopting an implicit learning strategy grounded in probabilistic reasoning. This approach can be succinctly formulated as follows: $$ argmax_\theta\ \mathbb{E}_{\mathbb{P}(V, S)} [\log p _\theta (S^{*}| V)] $$ $$s.t. p _\theta (S | V) \propto F _\theta (S ; V), \forall S \in 2^V, $$ The important step in addressing this problem involves constructing an appropriate set mass function $p_\theta (S|V)$ that is monotonically increasing in relation to the utility function $F_\theta (S;V)$. To achieve this, we can employ the Energy-Based Model (EBM): $$ p_\theta (S|V) = \frac{\mathrm{exp}( F_\theta (S; V))}{Z}, \; Z := \sum\nolimits_{S'\subseteq V} \mathrm{exp}( F_\theta (S'; V)), $$ In practice, we approximate the EBM by solving a variational approximation $$ \phi^* = argmin_{\phi} D(q_\phi(Y|S,V)) || p_\theta (S|V)), $$ During the training phase, we need an EquiNet, denoted as $Y = \operatorname{EquiNet}(V;\phi): 2^V \rightarrow [0,1]^{|V|}.$ This network takes the ground set $V$ as input and outputs probabilities indicating the likelihood of each element $x \in V$ being part of the optimal subset $S^*$. In the inference stage, EquiNet is employed to predict the optimal subset for a given ground set $V$, using a TopN rounding approach. For detailed information on the implementation and derivation of the aforementioned objective, please refer to [1]. [1] Ou Z, Xu T, Su Q, et al. ""Learning Set Functions Under the Optimal Subset Oracle via Equivariant Variational Inference.""NeurIPS, 2022. [2] Tschiatschek S, Sahin A, Krause A. ""Differentiable submodular maximization."" IJCAI, 2018. [3] Zhang D W, Burghouts G J, Snoek C G M. ""Set prediction without imposing structure as conditional density estimation."" ICLR, 2021.

We greatly appreciate the time and effort you have invested. In response to your concerns, we have provided detailed clarifications and additional experimental results. For your convenience, these results are presented in tabular format. We will incorporate these results, along with details and plots into the appendix of the revised version. ### ***Comments 1: Lack of ablation studies*** ***ANSWER***: Thank you for highlighting the absence of ablation studies in our work. Indeed, our method, INSET, **does not introduce any new hyperparameters** to the EquiVSet [1] framework. We use the **exact same** hyperparameters as EquiVSet in all of our experiments, ensuring a **fair comparison**. Meanwhile, INSET can significantly outperform baseline models across various datasets and tasks, demonstrating its **substantial efficacy**. To further verify the robustness of INSET, we have now conducted ablation studies focusing on the Monte-Carlo (MC) sample numbers for each input pair $\{(V_i, S_i^*)\}$. In the context of neural subset selection tasks, our primary aim is to train the model $\theta$ to predict the optimal subset $S^*$ from a given ground set $V$. During training, we sample m subsets from $V$ to optimize our model parameters $θ$, thereby maximizing the conditional probability distribution $p_\theta (S^* | V)$ among of all pairs of $(S,V)$ for for a given V. In our main experiments, we adhere to EquiVSet's protocol by setting the sample number $m$ to 5 across all the tasks. Even with varying the value of $m$, the results **consistently** demonstrate that INSET **significantly outperforms** EquiVSet. Please note that the performance of EquiVSet is reported by **selecting the best results** achieved after tuning the value of $m$. | | EquiVSet | m=1 | m=2 |m=5 | m=7 |m=8 | m=10 |--|--|--|--|--|--|--|--| | Toys | 0.704$\pm$0.004 | 0.752$\pm$0.006 | 0.753$\pm$0.005 | 0.769$\pm$0.005 | 0.768$\pm$0.003 | 0.767$\pm$0.003| **0.771$\pm$0.004** | Gear| 0.745$\pm$0.013 | 0.788$\pm$0.015| 0.775$\pm$0.020| 0.808$\pm$0.012 | 0.813$\pm$0.010 | 0.821$\pm$0.015 | **0.846$\pm$0.011** | Bath| 0.820$\pm$0.005 | 0.821$\pm$0.010| 0.851$\pm$0.008| 0.862$\pm$0.005| 0.874$\pm$0.006 | 0.861$\pm$0.005 | **0.874$\pm$0.003** | Health| 72.0$\pm$0.010 | 0.749$\pm$0.015| 0.763$\pm$0.012| 0.812$\pm$0.005 | **0.824$\pm$0.008** | 0.808$\pm$0.005 | 0.811$\pm$0.005 ### ***Comments 2: The proposed method is not evaluated on a wide distribution of datasets.*** ***ANSWER***: It is important to clarify that our experiments encompass three tasks: product recommendation, set anomaly detection, and compound selection, which involve the processing of tabular data, images, and 3D Cartesian coordinates. Specifically, we conduct extensive experiments on **these tasks using six datasets**. Notably, for the product recommendation task, the datasets consist of 12 categories, effectively representing **12 sub-datasets**. Moreover, we have also conducted synthetic experiments in Appendix F.1 to assess INSET's capability to learn complex set functions. Additionally, to provide further evidence of INSET's effectiveness, we have performed set anomaly detection tasks using the CIFAR-10 dataset. We are also incorporating additional filters for compound selection tasks for a wider distribution of datasets. For more information, please refer to Appendix F.3 and F.5 in the revised submission."" | | Random | PGM | DeepSet | Set-Transformer | EquiVSet | INSET | :-: | :-: | :-: | :-: | :-: | :-: | :-: | | CIFAR-10 | 0.193 | 0.450$\pm$0.020 | 0.316$\pm$0.008 | 0.654$\pm$0.023 | 0.603$\pm$0.012 | **0.742$\pm$0.020** | PDBBind | 0.073 | 0.350$\pm$0.009 | 0.323$\pm$ 0.004 | 0.355$\pm$0.010 | 0.357$\pm$0.005 | **0.371$\pm$0.010** | BindingDB | 0.027 | 0.176$\pm$0.006 | 0.165$\pm$0.005 | 0.183$\pm$0.004 | 0.188$\pm$0.006 | **0.198$\pm$0.005** The latest results provide further evidence of INSET's superior performance compared to the baselines. Furthermore, it is worth mentioning that our experimental setup includes a **significantly larger number** of experiments compared to DeepSet (Sec. 4.3) [2] and PGM (Sec. 5.3) [3]. [1] Ou Z, Xu T, Su Q, et al. ""Learning Set Functions Under the Optimal Subset Oracle via Equivariant Variational Inference.""NeurIPS, 2022. [2] Zaheer M, Kottur S, Ravanbakhsh S, et al. ""Deep Sets."" NeurIPS, 2017. [3] Tschiatschek S, Sahin A, Krause A. ""Differentiable submodular maximization."" IJCAI, 2018."	"We express our sincere gratitude to the Area Chairs and Reviewers for their dedicated time and valuable feedback. Below is a concise summary of the review and our responses for ease of reference. ***Reviewer Acknowledgments***: Our method, INSET, has been recognized for its **strong empirical performance** and **rigorous theoretical support**. Key highlights include: - **Clear Motivation with Theoretical Support:** Our model is inspired by a **theoretical result** [miuk], and have theoretically demonstrated the significance to include information from supersets to achieve better performance [PoVi, vcJR]. - **Strong Empirical Performance:** INSET achieves **state-of-the-art** performance [miuk], supported by empirical evidence [PoVi]. - **Quality of Writing:** The manuscript is praised for its clarity and simplicity, making it **accessible for newcomers** to the field [vcJR, miuk]. The presentation **effectively conveys high-level concepts** [PoVi]. ***Addressing Weaknesses***: The reviewers raised concerns regarding ablation studies [vcJR, miuk], dataset distribution [vcJR], and mathematical notations in the optimal subset oracle [PoVi, miuk]. Our responses include: - *Ablation Studies*: We clarified in this [dialog](https://openreview.net/forum?id=eepoE7iLpL&noteId=29tZ7OiyiO) that INSET introduces **no new hyperparameters**. Additional experiments demonstrate that even with variations in existing hyperparameters, INSET **consistently outperforms** baselines by **a large margin**. This response was **[acknowledged positively](https://openreview.net/forum?id=eepoE7iLpL&noteId=sIlnAhy7I9) by Reviewer miuk**. - *Mathematical Notations:* Following suggestions from Reviewers PoVi and miuk, we corrected minor typos and enriched the appendix with additional mathematical background. These revisions received **[positive feedback](https://openreview.net/forum?id=eepoE7iLpL&noteId=sIlnAhy7I9) from Reviewer miuk**. - *Dataset Distribution:* We clarified in the [dialog](https://openreview.net/forum?id=eepoE7iLpL&noteId=29tZ7OiyiO) that our approach **encompasses three tasks across six datasets in different modalities** in the main body of our work. The appendix have also included **five additional datasets**. We have utilized a **much wider variety of datasets** than those adopted by our baseline comparisons. ***Revision Overview***: - To enhance clarity, we have made refinements to the description of $Y$ in the Introduction, as well as the definitions of $V$ and $S$ in Sections 3.1 and 3.2. - The mathematical description of the optimization objective and inference process has been detailed in Appendix D.2. - Appendix F.2 has been updated with additional empirical studies on computation costs. Further, ablation studies have been included in Appendix F.4, and results from a broader range of datasets are now presented in Appendix F.5."" We are thankful for the constructive feedback received, and we believe that the concerns raised by the reviewers have been thoroughly addressed in our responses and revisions.

### ***Comments 2: In equation 4, how do you divide a superset into several subsets?*** ***ANSWER:*** Theorem 3.5 and Eq.4 are general frameworks to establish the relationship between $Y$ and $(S,V)$. This approach **does not necessitate** dividing a superset into multiple subsets; instead, it requires processing only once for a specific pair of $(S,V).$ In the context of neural subset selection with the optimal supervision (OS) oracle, addressing the variational approximation employs Monte-Carlo (MC) sampling. For a given $V_i,$ we only generate $m$ subsets during training, consistently setting this number to $5$ across various tasks. Consequently, this **eliminates the need for an exponential number of combinations**. It is important to highlight that one of the foremost advantages of Neural Subset Selection in the context of OS Oracle is its ability to **significantly reduce the computational burden** associated with processing an exponential number of $(S,V).$ ### ***Comments 3: What is the number of learnable parameters for baselines and the proposed method?*** ***ANSWER:*** In regard to the parameters, we have already done ablation studies in **Table 3** and provided a discussion in **Section 4.4** of our paper. To further demonstrate that the improvements achieved by our method are **not merely due to additional parameters**, we present an additional table here using the CeleA dataset. This table compares EquiVSet (v1) and EquiVSet (v2) — variants of EquiVSet where we have incorporated a Conv(32, 3, 2) layer and a Conv(64, 4, 2) layer into the EquiVSet backbone, respectively. Detailed descriptions of these backbones are available in Appendix E.2. Notably, despite having the largest number of parameters, EquiVSet (v2) is outperformed by INSET, indicating that **our method's efficacy is not solely parameter-dependent**. | | DeepSet | Set-Transformer | EquiVSet | EquiVSet-v1 | EquiVSet-v2 | INSET |--|--|--|--|--|--|--| | Parameter | 651181 | 1288686 | 1782680 | 2045080 | **3421592** | 2162181 |MJC| 0.440$\pm$0.006| 0.527$\pm$0.008 | 0.549$\pm$0.005 | 0.554$\pm$0.007 | 0.560$\pm$0.005 | **0.580$\pm$0.012** Thank you in advance for dedicating your time and attention to our response. We are confident that the clarifications and additional information provided here comprehensively address your concerns. With this in mind, we respectfully and earnestly request that you re-evaluate our work, considering the explanations we have offered.

We greatly appreciate the time and effort you have invested. In response to your concerns, we have provided detailed clarifications and additional experimental results. For your convenience, these results are presented in tabular format. We will incorporate these results, along with details and plots into the appendix of the revised version. ### ***Comments 1: Lack of ablation studies*** ***ANSWER***: Thank you for highlighting the absence of ablation studies in our work. Indeed, our method, INSET, **does not introduce any new hyperparameters** to the EquiVSet [1] framework. We use the **exact same** hyperparameters as EquiVSet in all of our experiments, ensuring a **fair comparison**. Meanwhile, INSET can significantly outperform baseline models across various datasets and tasks, demonstrating its **substantial efficacy**. To further verify the robustness of INSET, we have now conducted ablation studies focusing on the Monte-Carlo (MC) sample numbers for each input pair $\{(V_i, S_i^*)\}$. In the context of neural subset selection tasks, our primary aim is to train the model $\theta$ to predict the optimal subset $S^*$ from a given ground set $V$. During training, we sample m subsets from $V$ to optimize our model parameters $θ$, thereby maximizing the conditional probability distribution $p_\theta (S^* | V)$ among of all pairs of $(S,V)$ for for a given V. In our main experiments, we adhere to EquiVSet's protocol by setting the sample number $m$ to 5 across all the tasks. Even with varying the value of $m$, the results **consistently** demonstrate that INSET **significantly outperforms** EquiVSet. Please note that the performance of EquiVSet is reported by **selecting the best results** achieved after tuning the value of $m$. | | EquiVSet | m=1 | m=2 |m=5 | m=7 |m=8 | m=10 |--|--|--|--|--|--|--|--| | Toys | 0.704$\pm$0.004 | 0.752$\pm$0.006 | 0.753$\pm$0.005 | 0.769$\pm$0.005 | 0.768$\pm$0.003 | 0.767$\pm$0.003| **0.771$\pm$0.004** | Gear| 0.745$\pm$0.013 | 0.788$\pm$0.015| 0.775$\pm$0.020| 0.808$\pm$0.012 | 0.813$\pm$0.010 | 0.821$\pm$0.015 | **0.846$\pm$0.011** | Bath| 0.820$\pm$0.005 | 0.821$\pm$0.010| 0.851$\pm$0.008| 0.862$\pm$0.005| 0.874$\pm$0.006 | 0.861$\pm$0.005 | **0.874$\pm$0.003** | Health| 72.0$\pm$0.010 | 0.749$\pm$0.015| 0.763$\pm$0.012| 0.812$\pm$0.005 | **0.824$\pm$0.008** | 0.808$\pm$0.005 | 0.811$\pm$0.005 ### ***Comments 2: The proposed method is not evaluated on a wide distribution of datasets.*** ***ANSWER***: It is important to clarify that our experiments encompass three tasks: product recommendation, set anomaly detection, and compound selection, which involve the processing of tabular data, images, and 3D Cartesian coordinates. Specifically, we conduct extensive experiments on **these tasks using six datasets**. Notably, for the product recommendation task, the datasets consist of 12 categories, effectively representing **12 sub-datasets**. Moreover, we have also conducted synthetic experiments in Appendix F.1 to assess INSET's capability to learn complex set functions. Additionally, to provide further evidence of INSET's effectiveness, we have performed set anomaly detection tasks using the CIFAR-10 dataset. We are also incorporating additional filters for compound selection tasks for a wider distribution of datasets. For more information, please refer to Appendix F.3 and F.5 in the revised submission."" | | Random | PGM | DeepSet | Set-Transformer | EquiVSet | INSET | :-: | :-: | :-: | :-: | :-: | :-: | :-: | | CIFAR-10 | 0.193 | 0.450$\pm$0.020 | 0.316$\pm$0.008 | 0.654$\pm$0.023 | 0.603$\pm$0.012 | **0.742$\pm$0.020** | PDBBind | 0.073 | 0.350$\pm$0.009 | 0.323$\pm$ 0.004 | 0.355$\pm$0.010 | 0.357$\pm$0.005 | **0.371$\pm$0.010** | BindingDB | 0.027 | 0.176$\pm$0.006 | 0.165$\pm$0.005 | 0.183$\pm$0.004 | 0.188$\pm$0.006 | **0.198$\pm$0.005** The latest results provide further evidence of INSET's superior performance compared to the baselines. Furthermore, it is worth mentioning that our experimental setup includes a **significantly larger number** of experiments compared to DeepSet (Sec. 4.3) [2] and PGM (Sec. 5.3) [3]. [1] Ou Z, Xu T, Su Q, et al. ""Learning Set Functions Under the Optimal Subset Oracle via Equivariant Variational Inference.""NeurIPS, 2022. [2] Zaheer M, Kottur S, Ravanbakhsh S, et al. ""Deep Sets."" NeurIPS, 2017. [3] Tschiatschek S, Sahin A, Krause A. ""Differentiable submodular maximization."" IJCAI, 2018."			
AZGIwqCyYY__r02	ICLR.cc/2024/Conference	Towards Cross Domain Generalization of Hamiltonian Representation via Meta Learning	6: marginally above the acceptance threshold	3: You are fairly confident in your assessment. It is possible that you did not understand some parts of the submission or that you are unfamiliar with some pieces of related work. Math/other details were not carefully checked.	"[weaknesses] The limitation of meta-learning for (Hamiltonian) dynamics is not clearly investigated. This makes it difficult to assess the range where the claims made in the paper should be valid. In other words, the claims are rather weak because their applicability seems unbounded with the current set of experiments. When the meta-learning approaches for dynamics may not be beneficial? For example, what happens if you meta-train a model only with conservative systems and try to adapt it to a dissipative system? Such experiments to investigate the limitations of the empirical findings would strengthen the paper. The paper only reports the performance of a well-known method (MAML) merely applied to a particular setting. This could certainly be a kind of contribution in which ICLR audience may be interested, but I think that in such a paper, with a purely experimental point of view, the claims should be made more carefully. Specifically, as stated above, the cases where meta-learning is not necessarily beneficial should also be revealed, with which the claims would become more falsifiable and convincing.

[questions] I don't have particular questions. It would be great if the authors could additionally report the results of some experiments to investigate the limitation of meta-learning in this context, although this is not a question.

[summary] The paper reports the performance of MAML applied to domain generalization over different Hamiltonian dynamics. The performance gain by MAML is analyzed with multiple indices over different combinations of meta-training and meta-test data. The key findings include the superiority of the meta-trained models compared to the pre-trained and randomly initialized models and an implication that by meta-learning, the representations obtained by the models tend to be more specific to each system."	"Thank you for your efforts in providing valuable comments on our work. We appreciate the reviewer's comment about the points that should be further considered from the aspect of our experimental point of view. We have thoroughly considered the concerns raised by the reviewer and revised our manuscript as follows (we also recommend the reviewer check the global response). **_List of changes in the manuscript_**: > 1. Section 4.5 and SM C.4 are revised to add additional experiments according to W1 **W1** I don't have particular questions. It would be great if the authors could additionally report the results of some experiments to investigate the limitation of meta-learning in this context, although this is not a question. > **A1** > It should be noted that, in an attempt to provide further insight beyond the experimental results for the generalized model, we have provided the CKA analysis of the learned representations for each of the models. This was also the reason why we only compared the meta-trained model with the pre-trained and randomly initialized model, and not with the existing baselines in the first place. Nevertheless, we strongly agree with the reviewer that our results and claims should be made more carefully from our paper’s experimental point of view, and we appreciate the suggestion to make our claims more thorough by exploring the limitations of meta-learning for learning a unified representation of Hamiltonian dynamics. Consequently, we consider the example suggested by the reviewer (meta-training the model with conservative systems and adapting it to a dissipative system), which we believe is a good way to explore this. As expected, the meta-trained model (as well as the pre-trained and randomly initialized model) failed to adapt to a dissipative system, showing a clear limitation of our approach. We discuss the reason why, for the case of a dissipative system, Hamilton's equation (Equation 1 in the manuscript) does not hold, and thus the HNN loss (Equation 2 in the manuscript) is not appropriate for dissipative systems. We argue that to make use of our method, both the system in the data distribution for meta-training and adaptation should share the same nature so that both satisfy the given loss of the implementation. We have added the corresponding experimental results and discussions in Section 4.5 and SM C.4.

We sincerely appreciate your efforts in reviewing our paper. We are pleased that the reviewer noticed the strengths regarding the CKA analysis of the learned representations. We have carefully reviewed the weaknesses pointed out by the reviewer and have revised our manuscript as follows (we also recommend the reviewer review the overall response). **_List of changes in the manuscript_**: > 1. Section 2.3 is revised to add clarity to the paper based on W1, and W2. > 2. Section 4.4 and SM C.3 are revised to add existing baseline results following W3. > 3. The titles of Sections 4.1, and 4.2 and the caption of Fig. 3 are updated based on W3. **W1** The main contribution of the paper seems to be utilizing meta-learning to efficiently adapt to new systems. However, it is not clear from the paper if it is as simple as just using off-the-shelf implementation or if there are some challenges to doing this. **W2** Also, I would like to see some discussion around why meta-learning is preferred over other representation learning methods e.g. Domain Generalization, and why optimization-based methods surpass other approaches in meta-learning. > **A1, A2** > We presume that weaknesses 1 and 2 arise from the lack of clarity that we have written in the paper. Existing previous methods have clear limitations; 1) they do not guarantee generalization across diverse systems, and 2) to do so, they need to be flexible with respect to the varying degrees of freedom of the systems. Our approach aims at resolving these challenges by jointly using GNNs and meta-learning. Accordingly, we have revised section 2.3 to clearly state the points mentioned by the reviewer in Q1 and Q2. **W3** The experiments are not sufficient. First, there is no comparison with existing baseline models in domain generalization or meta-learning. Second, the comparison of the meta-model and pre-trained model is not fair, and I would suggest the author fine-tune the pre-trained model on the K-shot support set. Third, no visual comparison of the predicted dynamics and the ground truth, making the conclusion less convincing. > **A3** > - First, we acknowledge the insufficient comparison with existing baselines. Originally, we considered it to be hard to directly compare our method with other prior baselines due to the different definitions of the scope of generalization, we added a baseline experiment with CoDA ([Kerchmeyer et al. 2022](https://arxiv.org/abs/2202.01889)) which is considered a representative method for domain generalization in learning physical dynamics (as it is reported to be superior among other related methods according to the CoDA authors). As expected, CoDA failed to adapt to an unseen system with the same number of steps, even for sufficient steps up to 10000. We have revised Section 4.4 and SM C.3 of our manuscript with the CoDA baseline results and discussion. > - Second, while we appreciate the reviewer's perspective, our work is at the cornerstone in our scope of the problem definition, and thus to show both the possibility and the effectiveness of the unified representation of Hamiltonian dynamics, we chose as baselines the 1) pre-trained model that used the same total number of gradient steps during meta-training, and the 2) randomly initialized model, following the approach of the prior work of [Finn et al. 2017](https://arxiv.org/abs/1703.03400) and [Lee et al. 2021](https://arxiv.org/abs/2102.11544). > - Third, we respectfully ask the reviewer to check Section 4.2, where the dynamics of the predicted systems are discussed using Figure 3. However, we acknowledge that the presentation of the predicted dynamics written in the paper should be more explicit and accordingly we have updated the title of Sections 4.1, 4.2 and the caption of Figure 3.

Thank you for your efforts in providing insightful feedback on our work. We appreciate the reviewer's recognition of the originality of our work compared to other related works. We have thoroughly examined the weaknesses and questions and revised our manuscript as follows (we also recommend the reviewer check the overall response). **_List of changes in the manuscript_**: > 1. Section 4.4 and SM C.3 are revised to add existing baseline results according to Q1 **Q1** Can the authors provide additional ablation studies following the weaknesses presented above? Specifically, it will be beneficial to present the performance as a function of the number of systems used in training (see weaknesses 1.) and add additional baselines (see weaknesses 2.) > **A1** > We appreciate the reviewer for suggesting additional experiments to strengthen our paper. > Regarding weakness 1, it's important to clarify that our primary objective was to explore the generalization of Hamiltonian dynamics for predicting a single, unknown held-out system, underpinned by ample data. While the experiment proposed by the reviewer is indeed beneficial, it aligns more closely with further challenging scenarios involving adaptation to multiple unknown systems. Such situations extend beyond the current scope of our research, which focuses on a singular system context. > For weakness 2, we originally thought that it was hard to directly compare our method with other prior baselines as the definition of the scope of generalization is different. However, we agree that adding such baselines would be beneficial. As such, we choose CoDA ([Kerchmeyer et al. 2022](https://arxiv.org/abs/2202.01889)) as a representative method for domain generalization in learning the physical dynamics (as it is reported to be superior among other related methods according to the CoDA authors). As expected, CoDA failed to adapt to an unseen system with the same number of steps, even for sufficient steps up to 10000. We have revised Section 4.4 and SM C.3 of our manuscript with the CoDA baseline results and included the corresponding discussion. **Q2** Judging from the presented results the current framework is not suitable for larger systems, could the authors suggest possible extensions that may allow? What would be the necessary refinements that could be incorporated in the meta-learning configuration to allow for that? > **A2** > Although the results for the large systems are quite poor in the reported results, we want to mention that our approach can handle the problem when the degree of freedom of the prepared data is not consistent throughout the system, noting that the previous methods discussed in Section 2.2 and 2.3 cannot be used in such scenarios. Although we cannot give the exact refinements in our preliminary results, possible ways could be 1) tune the update method in meta-learning, e.g. [Lee et al. 2021](https://arxiv.org/abs/2102.11544) report that using ANIL variation gives more accuracy compared to vanilla MAML, and 2) strictly search the hyperparameter space."	"We would like to thank all of the reviewers for their constructive and valuable feedback on our work, and furthermore recognizing the strengths of our paper as follows; - the originality of our work in contrast to previous studies; learning the unified representation across diverse Hamiltonian system domains (**Reviewer xLig** and **Reviewer GtBu**) - the importance of the experimental aspects of our work; analysis of the unified representation of Hamiltonian dynamics using CKA (**Reviewer hDu2 and Reviewer jozM**) We rigorously addressed and incorporated the feedback to strengthen our work. Below are the main points of the revised manuscript (the changes in the manuscript are indicated as **bold**). 1. Most reviewers suggested a comparison with the baseline of the existing methods described in sections 2.2, and 2.3. The reason we did not include the previous generalization methods was that it was rather difficult to make a direct comparison with our model. Our model aims to learn a unified representation of the Hamiltonian dynamics across the types of physical systems, while the previous studies focus on the scenario of generalizing the dynamics across multiple environments within a fixed system situation. However, we agree with the reviewers that adding the existing baselines would give more concreteness to our result, and added the CoDA ([Kerchmeyer et al. 2022](https://arxiv.org/abs/2202.01889)) (which showed a significantly high performance among various generalization methods across environments within a system, according to the CoDA authors) baseline experiment. **We updated Section 4.4 and SM C.3 with the CoDA baseline and again verified the originality and superiority of our approach.** 2. We have added experiment to further discuss the limitation of our method, which is indeed a crucial point to make an argument from our experimental point of view. The added experiment is an adaptation task to the dissipative mass-spring system with the meta-trained model with conservative other systems. The meta-trained model fails to adapt to the dissipative system, indicating a possible limitation of our approach. **We updated Section 4.5 and SM C.4 with the corresponding additional experiments and discussions to explore the limitations of our work.** 3. Although all reviewers commented that the motivation and presentation of our paper are clearly written, there were some missing points regarding the implementation challenges solved. Although the existing generalization methods (as noted in the first numbered point above) propose new frameworks to learn the generalized dynamics across environments, their applications are limited when we want to generalize across the system type itself, and especially when the degree of freedom of the system changes in the data distribution. **We updated Section 2.3 to clearly state that our approach straightened out the challenges.** 4. Some of the text, such as section titles and figure captions, has been updated to reflect the comments made by reviewers. **We fixed the title of Section 2.2, 2.3, the caption of Figure 3, and moved Table 1. to SM A.3** Our manuscript has been revised accordingly (blue; major updates, red; minor updates such as typos) and we kindly ask all reviewers to check the updated part of the paper. We hope that our revised manuscript and responses will have a positive impact on the final evaluation. Once again, we thank all reviewers for their efforts in this review and look forward to further discussions.

We sincerely appreciate your efforts in reviewing our paper. We are pleased that the reviewer noticed the strengths regarding the CKA analysis of the learned representations. We have carefully reviewed the weaknesses pointed out by the reviewer and have revised our manuscript as follows (we also recommend the reviewer review the overall response). **_List of changes in the manuscript_**: > 1. Section 2.3 is revised to add clarity to the paper based on W1, and W2. > 2. Section 4.4 and SM C.3 are revised to add existing baseline results following W3. > 3. The titles of Sections 4.1, and 4.2 and the caption of Fig. 3 are updated based on W3. **W1** The main contribution of the paper seems to be utilizing meta-learning to efficiently adapt to new systems. However, it is not clear from the paper if it is as simple as just using off-the-shelf implementation or if there are some challenges to doing this. **W2** Also, I would like to see some discussion around why meta-learning is preferred over other representation learning methods e.g. Domain Generalization, and why optimization-based methods surpass other approaches in meta-learning. > **A1, A2** > We presume that weaknesses 1 and 2 arise from the lack of clarity that we have written in the paper. Existing previous methods have clear limitations; 1) they do not guarantee generalization across diverse systems, and 2) to do so, they need to be flexible with respect to the varying degrees of freedom of the systems. Our approach aims at resolving these challenges by jointly using GNNs and meta-learning. Accordingly, we have revised section 2.3 to clearly state the points mentioned by the reviewer in Q1 and Q2. **W3** The experiments are not sufficient. First, there is no comparison with existing baseline models in domain generalization or meta-learning. Second, the comparison of the meta-model and pre-trained model is not fair, and I would suggest the author fine-tune the pre-trained model on the K-shot support set. Third, no visual comparison of the predicted dynamics and the ground truth, making the conclusion less convincing. > **A3** > - First, we acknowledge the insufficient comparison with existing baselines. Originally, we considered it to be hard to directly compare our method with other prior baselines due to the different definitions of the scope of generalization, we added a baseline experiment with CoDA ([Kerchmeyer et al. 2022](https://arxiv.org/abs/2202.01889)) which is considered a representative method for domain generalization in learning physical dynamics (as it is reported to be superior among other related methods according to the CoDA authors). As expected, CoDA failed to adapt to an unseen system with the same number of steps, even for sufficient steps up to 10000. We have revised Section 4.4 and SM C.3 of our manuscript with the CoDA baseline results and discussion. > - Second, while we appreciate the reviewer's perspective, our work is at the cornerstone in our scope of the problem definition, and thus to show both the possibility and the effectiveness of the unified representation of Hamiltonian dynamics, we chose as baselines the 1) pre-trained model that used the same total number of gradient steps during meta-training, and the 2) randomly initialized model, following the approach of the prior work of [Finn et al. 2017](https://arxiv.org/abs/1703.03400) and [Lee et al. 2021](https://arxiv.org/abs/2102.11544). > - Third, we respectfully ask the reviewer to check Section 4.2, where the dynamics of the predicted systems are discussed using Figure 3. However, we acknowledge that the presentation of the predicted dynamics written in the paper should be more explicit and accordingly we have updated the title of Sections 4.1, 4.2 and the caption of Figure 3.

We appreciate your thoughtful effort in reviewing this work. We are delighted to hear that the reviewer has recognized the contribution of our work in contrast to many existing works. We have carefully considered the points raised by the reviewer and have revised our manuscript as follows (we also recommend that the reviewer check the overall response). **_List of changes in the manuscript_**: > 1. Section 4.4 and SM C.3 are revised to add existing baseline results according to W1 **W1** The evaluation can be strengthened by considering comparing the proposed methods with other Few-shot Learning and Physics-informed Neural Networks methods for system domain generalization under both ""consistent"" and ""different"" physical laws. > **A1** > We first thought that it would be difficult to directly compare our method with other previous baselines, as the definition of the scope of generalization is different. However, we strongly agree with the reviewer that our evaluation can be strengthened by comparing the proposed approach with other existing methods. We added a baseline experiment with CoDA ([Kerchmeyer et al. 2022](https://arxiv.org/abs/2202.01889)) which is considered a representative method for domain generalization in learning physical dynamics (as it is reported to be superior to other related methods according to the CoDA authors). As expected, CoDA failed to adapt to an unseen system with the same number of steps, even for sufficient steps up to 10000. We have revised section 4.4 of our manuscript with the CoDA baseline results and discussion. **Q1** In Figure 4, why does a lower CKA value of the meta-trained model suggest it learned more similar representations during adaptation? As the authors mentioned, should a low CKA value indicate different representations? > **A1** > We acknowledge that our label notation in Figure 4 could be quite misleading. The y-axis represents the 1-CKA (1 minus CKA) value, not the raw CKA value. Therefore, the lower y-axis in Figure 4 indicates a high CKA value, which leads to more similar representations during adaptation."			
eUgS9Ig8JG__r01	ICLR.cc/2024/Conference	SaNN: Simple Yet Powerful Simplicial-aware Neural Networks	8: accept, good paper	4: You are confident in your assessment, but not absolutely certain. It is unlikely, but not impossible, that you did not understand some parts of the submission or that you are unfamiliar with some pieces of related work.	"[weaknesses] I only have 1 important concern: 1. Although the main principles are clear, I am still confused about the actual architecture/predictive models. In the end we have equation 8, but it describes a representation for each of the $N$ sets of $k$-simplices, each consisting of the $N_k$ simplices. It is unclear how to distill a global prediction out of all these representations, as would be needed for e.g. the classification tasks. Details on how the architectural design for each of the benchmarks is missing.

[questions] Could you respond to the above concern, and additionally address the following questions/comments? 2. On several occasions the notion of ""non-deep baselines"" is used. What is meant by this. Could you clarify what non-deep means here, which methods are these? 3. In section 2 when presenting the symbols it is mentioned that $k=1,2,\dots,N+1$. Does $k$ always run up all the way to $N+1$? 4. In section 4. The sentence that starts with ""The theorem implies that any arbitrary ..."" is extremely long and hard to comprehend. I suggest to split it 2 or 3 sentence to improve readability. 5. Just above property 1 it is mentioned ""other commonly used sum, mean, or max read-out functions are not injective"" I am not fully sure I understand it correctly. The paragraph above explains that sum aggregation is the best injective aggregator, in contrast to mean aggregation. I think the statement that I just quoted is about aggregating over the different $\mathbf{Y}$'s? Perhaps this can be clarified. 6. In the tables: since colors red and blue are used you might as well color the text in the caption as well. I.e. ""The {\color{red}first} and {\color{blue}second} best performances ..."" 7. The insights section says ""The deep models are observed to perform exceptionally better than logistic regression"", where do I see this? Logistic regression taking what as input? Could this be clarified. Thank you for considering my comments and questions.

[summary] The paper describes an efficient, and effective approach for learning representations for simplices in a simplicial complex. The central idea is that of using injective functions for aggregating simplicial features, as it ensures that the embeddings are unique. The simplicial features are aggregated over upper, lower, boundary and co-boundary adjacencies. The paper provides precise definitions and theorems and statements on the properties of the networks. The proofs are summarized in the main body and provided in full detail in the appendices. The method is further experimentally validated and shows that the proposed model (SaNN) is both efficients (significantly faster than any of the other baselines) and effective (performance within the uncertainty intervals on accurcies, or above the baselines)."	"We appreciate your feedback and agree that the lack of formal definitions for oriented features and missing to mention the use of unoriented incidence matrices for unoriented features might have caused confusion. We have now clarified these points and expect this to improve the understanding of the theorems and properties related to orientations. Regarding simplicial awareness, this property requires a model's output to be dependent on all incidence operators. All baseline methods in our paper rely on the powers of lower-adjacent matrices, upper-adjacent matrices, or Hodge Laplacian matrices. As none of these powers approach zero, all baselines inherently exhibit simplicial awareness. However, excluding MPSN, the other baselines do not match the expressivity of the SWL test, as they do not account for feature aggregation from boundary and coboundary simplices, while the SWL test does. Furthermore, since the baselines other than MPSN do not consider aggregation from coboundary simplices, the node embeddings from these models cannot be shown to be more expressive than those from the WL test. We will supplement Appendix A with the following text for further clarification: ""All baseline methods, including \\texttt{MPSN}, \\texttt{SCNN}, \\texttt{SCoNe}, and \\texttt{S2CNN}, exhibit simplicial awareness as they utilize the powers of lower-adjacent matrices, upper-adjacent matrices, or Hodge Laplacian matrices, none of which approach zero. However, except for \\texttt{MPSN}, these baselines do not match the SWL test in terms of expressivity, as they do not account for feature aggregation from boundary and coboundary simplices, which is considered by the SWL test. Furthermore, since the baselines other than MPSN do not consider aggregation from coboundary simplices, the node embeddings from these models cannot be shown to be more expressive than those from the WL test. We summarize the properties of \\texttt{SaNN} and the existing SNN models as follows: | Method | Aggregations | More expressive than WL | As expressive as SWL | Simplicial-awareness | |--------|--------------|------------------------|----------------------|----------------------| | SaNN | Precomputed | Yes | Yes | Yes | | MPSN | Sequential | Yes | Yes | Yes | | SCoNe | Sequential | No | No | Yes | | SCNN | Sequential | No | No | Yes |

We appreciate your feedback regarding the inclusion of precomputation times in our overall computation assessment. While we agree that precomputation is indeed part of the overall process, it generally constitutes a relatively insignificant portion compared to the cumulative time spent on training and testing. It is important to note that our method requires precomputation of features just once before the training begins. On the other hand, conventional SNNs require this computation for every layer, where the number of layers correspond to the neighborhood depth from which features are aggregated, and for each epoch and across all orders of simplices. In Appendix B, we do provide a theoretical comparison of overall computational complexities of SaNN and the existing SNN models. The overall time complexity of the existing SNN models is about $\mathcal{O}\left(T\left(\left(2 N_k^2 D_k+N_k N_{k-1} D_{k-1}+N_k N_{k+1} D_{k+1}\right)+\left(3 N_k D_k^2+N_k D_{k-1}^2+N_k D_{k+1}^2\right)\right)\right)$, which is dominated by the first term containing $2 N_k^2 D_k, N_k N_{k-1} D_{k-1}$, and $N_k N_{k+1} D_{k+1}$, corresponding to feature aggregation in every layer. Since feature aggregation happens only once before training as a pecomputation step, an SaNN model capturing information from $0, \ldots, T$-hop neighborhood of $k$-simplices has a time complexity of $\mathcal{O}\left(T\left(3 N_k D_k^2+N_k D_{k-1}^2+N_k D_{k+1}^2\right)\right)$, which is negligibly small when compared to the computational complexity of the existing SNN models. We acknowledge that the time savings during inference may not be as pronounced as those during training, but we assert that the substantial enhancements during the training phase are quite significant, given that training time is the primary contributor to overall computation time, which is the sum of precomputation time, training time and inference time. Nonetheless, in response to your suggestion, we have incorporated precomputation times into our analysis to provide a more comprehensive view of our method's performance. We present here the precomputation and per epoch training time values of SaNN and the per epoch training time values of baseline SNN models for the three tasks at hand. The first terms in the runtime values of SaNN correspond to the precomputation times and the second terms to the per epoch training times. Trajectory prediction: | Dataset | Ocean | Synthetic | Planar | Mesh | |---------|-------|-----------|--------|------| | ScoNe | 0.4 | 3.2 | 30.2 | 18.9 | | SCNN | 1.9 | 4.2 | 36.3 | 29.8 | | SaNN | 0.01,0.1 | 0.06,2.5 | 1.22,26.8 | 0.39,8.1 | Simplicial closure prediction: | Dataset | Enron | High-school | Primary-school | NDC-classes | Math-sx | |--------------|---------|-------------|----------------|-------------|-------------| | MPSN | 255 | 413 | 3499 | - | - | | SCNN | 17 | 401 | 1891 | - | - | | SaNN | 0.01, 3 | 0.05, 112 | 0.76, 916 | 0.26, 13 | 95.91, 52883| Graph classification: | Dataset | Proteins | NCI1 | IMDB-B | Reddit-B | Reddit-M | |----------|----------|------|--------|----------|----------| | MPSN | 33 | 292 | 46 | 242 | 1119 | | SaNN | 3.6, 0.4 | 6, 58| 4, 8 | 6, 45 | 34, 104 | The values provided represent the training time per epoch. Out-of-memory results are indicated by −. The total training time for SaNN is calculated as follows: Total training time = Precomputation time + (Number of epochs * Training time per epoch). This total is substantially less than the precomputation times. Furthermore, it is also worth noting that for any neural network model, the larger computational burden lies in the training phase rather than the inference phase. In our study, we have demonstrated both theoretically and experimentally that our training times are significantly reduced compared to other models. Therefore, the overall computational efficiency of our method remains superior.

The predictive models, which are used to learn task-specific embeddings from the embeddings of all simplices (as calculated using Equation 8), are detailed in Appendix H. To use the edge embeddings learnt using SaNN to perform trajectory prediction, we map the embeddings from the vector space of edge embeddings to the vector space of node embeddings by multiplying them by the incidence matrix $\mathbf{B}_1^T$. We consider the node embeddings of only those nodes that have a possibility of being the next in the trajectory, which are the neighboring nodes of the last node in a trajectory. For a trajectory t, which ends at node i, we use a masking function to extract the embeddings corresponding to the neighboring nodes of the node i. We do this for node embeddings from different depths and concatenate them. We then give the combined node embeddings as input to a decoder MLP which maps the node embeddings to a vector space of dimension same as the maximum number of neighboring nodes of the last node in any trajectory in the dataset. The last layer of the decoder is a softmax activation function, the output of which for a trajectory is a vector containing the probabilities with which the neighboring nodes of the trajectory’s last node become the successor node of that trajectory. For all the datasets, we train SaNN in a supervised manner using the cross-entropy loss function. To perform simplicial closure prediction for triangles, we concatenate the embeddings of the constituent nodes and edges in the open triangles in the training set. The concatenated embeddings are given as input to a decoder MLP with a sigmoid activation function in the last layer, the output of which is the probability of the open triangles forming a simplex. For all the datasets, we train SaNN in a supervised manner using the binary cross-entropy loss function. Since the datasets are heavily skewed with many negative examples (open triangles that never get closed) than positive examples (open triangles that get closed), we perform oversampling of the positive examples in each training batch and use a weight for positive examples in the binary cross-entropy loss function. To perform graph classification using the embeddings learnt using SaNN, we combine embeddings of the constituent simplices of all orders in the clique-lifted graphs. Since the number of k-simplices in a training example (a clique-lifted graph) is large concatenating embeddings of all the k-simplices in a training example will result in very high-dimensional embeddings. Therefore, we use summation as the readout function at $k$-simplices level. We, finally, use concatenation as the global-level readout function. Specifically, we take a summation of all the node embeddings, edge embeddings, and triangle embeddings in a graph and concatenate the nodelevel, edge-level, and triangle-level embeddings of the simplicial complex to get one global representation for the simplicial complex. The global embeddings of graphs are given as input to a decoder MLP with either a sigmoid activation function or a softmax activation function as the final layer depending on whether the dataset has two or more classes. For all the datasets, we train SaNN in a supervised manner using the cross-entropy loss function, which takes the output of the decoder and the true graph labels as the input. The hyperparameters used in SaNN to implement the different tasks are summarized in Tables 5, 7, and 9. We have maintained consistency in our experiments by using the same hyperparameters, such as depth ($T$), order ($K$), and hidden dimensions, across all baseline SNN models. This was done to ensure a fair computational comparison. The predictive models for the three tasks are also the same for all the neural network-based models. Due to space constraints, we provided all these details in the Appendix. To provide further clarity about the hyperparameters used for benchmarks, we have added the following line to Appendix H: ""For a fair computational comparison, the same predictive models, and hyperparameters, namely depth ($T$), order ($K$), and hidden dimensions, were utilized for all the baseline SNN models."	"Thank you for your feedback and for acknowledging the details provided in Appendix H. We are glad to hear that the responses to your questions were satisfactory. We have uploaded the revised manuscript. The revised version incorporates all the changes that we discussed. We appreciate your time and constructive comments throughout this process. Please feel free to review the updated manuscript and share any further thoughts or questions you might have.

We appreciate your feedback and recognize that our initial description, which stated ""The $(i, j)$th entry of $\\mathbf{B}_k$ is non-zero if the $i$th $(k−1)$-simplex is a boundary simplex of the $j$th $k$-simplex"", could have been clearer. We have clarified in the revised manuscript that the $(i,j)$th entry of $\mathbf{B}_k$ can be either $+1$ or $-1$, depending on the relative orientations of the $i$th $(k−1)$-simplex and the $j$th $k$-simplex. Even though in the introduction we mentioned about orientations of higher-order simplices as “Higher-order simplices are usually oriented, ensuring a consistent node arrangement within each simplex, facilitating tasks like determining information flow directions along the edges.”, we did not formally define the orientations of features on the simplicial complex in relation to the reference node ordering. Therefore, we have now specified in the revised manuscript that signs of features on simplices are determined based on the reference node arrangement within each simplex. Additionally, when features are unoriented, we clarify that there is no need for a reference orientation of simplices. In such cases, we consider unoriented incidence matrices. To this end, we have incorporated the following points in Section 2 (Background) at appropriate locations: ""Each simplex has an orientation defined by a standardized vertex order, typically ascending or descending, establishing a standard node arrangement within each simplex."" ""The non-zero entries of an oriented incidence matrix $\mathbf{B}_k$ can be either $+1$ or $-1$, reflecting the relative orientations of the $i$th $(k−1)$-simplex and the $j$th $k$-simplex."" ""The sign of feature $\mathbf{X}_k[\sigma_k]$ is determined based on the reference orientation of $\sigma_k$."" ""For unoriented features, there is no need for a reference orientation of simplices. In such cases, we consider unoriented incidence matrices. Specifically, the $(i, j)$th entry of an unoriented incidence matrix $\mathbf{B}_k$ is $1$ if the $i$th $(k−1)$-simplex is a boundary simplex of the $j$th $k$-simplex, and $0$ otherwise."" We believe that these revisions will enhance the comprehension of the orientation equivariance concept within our paper.

We appreciate your feedback regarding Section 4.1. In Section 4.1, we consider unoriented simplices. The details are as follows. In Section 4.1, we explore example functions that adhere to the conditions in Theorem 4.2, demonstrating that SaNN is as powerful as the SWL test. It is important to note that the SWL test differentiates non-isomorphic simplicial complexes based on structure, not the features they carry as in the commonly used WL test. Consequently, it assumes uniform initial features (colors) across all simplices, which are then updated iteratively [Please refer to Section 3 in Bodnar et al., 2021]. Our goal in showing equivalence to the SWL test is to demonstrate that SaNN assigns distinct embeddings to two non-isomorphic simplicial complexes, irrespective of their features, if the SWL test assigns different colors to their structures. In this context, we consider unoriented uniform features across all simplices, thus dealing with unoriented simplicial complexes. However, SaNN is also capable of handling oriented features in practice. For instance, in trajectory prediction where flow has orientation, we consider oriented simplicial complexes. In such scenarios, we can also establish orientation equivariance as detailed in the paper, hence validating Property 1. In sum, the two settings are different as highlighted by the reviewer and we have clarified this in the paper. To enhance clarity, we have slightly revised the introductory text of Section 4.1 as follows: ""In this section, we discuss example functions that fulfill the conditions outlined in Theorem 4 and demonstrate that SaNN is as powerful as the SWL test. The SWL test [cf. Appendix C] distinguishes non-isomorphic simplicial complexes based on structure, assuming uniform initial features (colors) across all simplices. To establish equivalence with the SWL test, we consider simplicial complexes with a uniform scalar feature $a$ on all simplices, without attributing any orientation to the features or the simplices. However, it is worth noting that SaNN can also process oriented features in practice, and in such cases, we work with oriented simplicial complexes (or incidence matrices) as defined in Section 2."""			
gtkFw6sZGS__r01	ICLR.cc/2024/Conference	Generative Judge for Evaluating Alignment	5: marginally below the acceptance threshold	4: You are confident in your assessment, but not absolutely certain. It is unlikely, but not impossible, that you did not understand some parts of the submission or that you are unfamiliar with some pieces of related work.	"[weaknesses] The technical contribution is a bit limited as it is still within the scope of training one more LLM as judges to evaluate other LLMs’ generation. Since the training data is obtained from GPT4’s output, it is unsure whether it can replace GPT4 as judges or has strong generalizations as GPT4.

[questions] 1). Is it necessary to have a 13b parameter model to train the scenario classifier? Have you tried other simple BERT-like models? 2).Is there any bad case that Auto-J fails or Auto-J generates wrong critiques?

[summary] This paper proposes a generative judge with 13 billion parameters to evaluate the generations of large language models from real-world scenarios. Specifically, the authors created a large collection of data among 58 different scenarios and guided GPT4 to collect evaluation judgements as supervised training signals. Extensive evaluations demonstrate Auto-J outperforms many strong baselines and more analysis shows advantages of the proposed method, like reducing positional bias and generating more specific critiques."	"# Response to Weakness 1 --- Thank you for your valuable feedback. We would like to use this opportunity to clarify the scope of the technical contributions in our work and further detail the efforts and design principles behind our data collection process. > Concern on the limited technical contribution: “The technical contribution is a bit limited as it is still within the scope of training one more LLM as judges to evaluate other LLMs’ generation.” **The focus shift in LLM generation evaluation**: In this paper, we focus on the field of evaluating Large Language Models (LLMs) on how they align with human needs in massive real-world scenarios. This field has garnered increasing concern due to the growing capabilities of LLMs and their wider deployment across various scenarios. As our introduction notes, the field has been pivoting away from a narrow definition of technical contribution—such as designing specific algorithms, metrics, or model architectures for evaluators—toward a more user-centric evaluation approach. This shift reflects a collective recognition that the true measure of an LLM's utility is not solely captured by its performance under standard academic benchmarks but rather by its effectiveness in diverse, real-world contexts [1, 2, 3]. **Our contribution under the practical necessity**: In response to the actual needs in this research field, we propose Auto-J, which demonstrates better evaluation capabilities than many competitive baselines with significantly more parameters (such as ChatGPT, Claude2, LLaMA-2-70B-Chat). Since Auto-J achieves these results with only 13B parameters, it also lays a solid foundation for the research line of scalable oversight [4]: by combining human efforts with model capabilities, a small model can serve as a good overseer for much stronger models, ensuring effective oversight even if a model's abilities surpass human capabilities. > Concern on using data generated by GPT4 for training: “Since the training data is obtained from GPT4’s output, it is unsure whether it can replace GPT4 as judges or has strong generalizations as GPT4.” **Carefully designed human-GPT4 collaboration in data collection**: We want to emphasize that we do not rely solely on GPT-4 for constructing the training data. Instead, we employ a synergistic blend of GPT-4's advanced capabilities with meticulously crafted human inputs (such as scenario definitions and criteria design). The data compilation process is heavily reliant on human labor and ingenuity, encompassing finding the sources for user inquiries and potential model responses. We have also handcrafted a large collection of evaluation criteria, which effectively guide GPT-4 to generate more comprehensive and specific judgments than direct prompting without any guidance. We employ data filtering (using existing human labels) in pairwise comparison data collection and execute a “divide-and-conquer” strategy (combining judgments with and without reference to the criteria) in single response evaluation data collection. **Good performance with data efficiency**: With all the above-mentioned techniques, we have successfully developed Auto-J in a data-efficient manner with less than 5,000 training samples. We show with extensive experiments that Auto-J surpasses all baselines except GPT-4 in pairwise response comparison (Table 1) and even outperforms GPT-4 in critique generation (Figure 3). **Evaluator under low-resource settings**: Furthermore, although GPT-4 may perform better when resources (like time and budget) are ample, Auto-J is open-sourced, smaller, and faster. Auto-J, by design, is not expected to be viewed as a “neither here nor there” substitute for GPT-4 but rather as a valuable complement for those with limited resources, large-scale evaluation needs, or no access to GPT-4. To summarize, the development of Auto-J extends well beyond traditional notions of technical contributions, such as new algorithms, metrics, or architectures. It represents a more realistic and user-centric perspective on the field of practical LLM evaluation concerning their alignment with human needs, and this is the solid contribution we want to emphasize. --- References: [1] Judging LLM-as-a-Judge with MT-Bench and Chatbot Arena, in NeurIPS 2023 [2] LIMA: Less Is More for Alignment, in NeurIPS 2023 [3] FLASK: Fine-grained Language Model Evaluation based on Alignment Skill Sets, Arxiv 2307.10928 [4] Measuring Progress on Scalable Oversight for Large Language Models, Arxiv 2211.03540

# Response to Weakness 1 --- > “The papers is a large engineering effort (e.g., distilling GPT-4 for the task of evaluation) without much novel ideas (I do not think that a paper needs to be novel to be accepted, but this paper does score low in terms of novelty)” Thank you for your valuable feedback. We would like to use this opportunity to clarify the focus of our work and further detail the novel design in our data collection process. **The focus shift in LLM generation evaluation**: In this paper, we focus on the field of evaluating Large Language Models (LLMs) on how they align with human needs in massive real-world scenarios. This field has garnered increasing concern due to the growing capabilities of LLMs and their wider deployment across various scenarios. As our introduction notes, the field has been pivoting away from a narrow definition of novel design—such as designing specific algorithms, metrics, or model architectures for evaluators—toward a more user-centric evaluation approach. This shift reflects a collective recognition that the true measure of an LLM's utility is not solely captured by its performance under standard academic benchmarks but rather by its effectiveness in diverse, real-world contexts [1, 2, 3]. **Our contribution under the practical necessity**: In response to the actual needs in this research field, we choose to pay attention more to the scenario definition, criteria design, and data generation under a more user-centric setting rather than developing elaborate new algorithms or model architectures. We show that the developed Auto-J has better evaluation capabilities than many competitive baselines with significantly more parameters (such as ChatGPT, Claude2, and LLaMA-2-70B-Chat). Since Auto-J achieves these results with only 13B parameters, it also lays a solid foundation for the research line of scalable oversight [4]: by combining human efforts with model capabilities, a small model can serve as a good overseer for much stronger models, ensuring effective oversight even if a model's abilities surpass human capabilities. **Novelty in data collection**: We want to emphasize that we do not rely solely on simple prompting GPT-4 for constructing the training data like previous works that also train a small judge model [5]. Instead, we employ a synergistic blend of GPT-4's advanced capabilities with meticulously crafted human inputs (such as scenario definitions and criteria design). The data compilation process is heavily reliant on human labor and ingenuity, encompassing finding the sources for user inquiries and potential model responses. We have also handcrafted a large collection of evaluation criteria, which effectively guide GPT-4 to generate more comprehensive and specific judgments than direct prompting without any guidance. We employ data filtering (using existing human labels) in pairwise comparison data collection and execute a “divide-and-conquer” strategy (combining judgments with and without reference to the criteria) in single response evaluation data collection to get more comprehensive and specific GPT-4 outputs for training. **Good performance with data efficiency**: With all the above-mentioned techniques, we have successfully developed Auto-J in a data-efficient manner with less than 5,000 training samples. We show with extensive experiments that Auto-J surpasses all baselines except GPT-4 in pairwise response comparison (Table 1) and even outperforms GPT-4 in critique generation (Figure 3). **Evaluator under low-resource settings**: Furthermore, although GPT-4 may perform better when resources (like time and budget) are ample, Auto-J is open-sourced, smaller, and faster. We assert that Auto-J should not be viewed as a “neither here nor there” substitute for GPT-4 but rather as a valuable complement for those with limited resources, large-scale evaluation needs, or no access to GPT-4. To summarize, the development of Auto-J extends well beyond traditional notions of novel design, such as new algorithms, metrics, or architectures. We pay special attention to a more realistic and user-centric perspective on the field of practical LLM evaluation concerning their alignment with human needs, and this is the solid contribution we want to emphasize. --- References: [1] Judging LLM-as-a-Judge with MT-Bench and Chatbot Arena, in NeurIPS 2023 [2] LIMA: Less Is More for Alignment, in NeurIPS 2023 [3] FLASK: Fine-grained Language Model Evaluation based on Alignment Skill Sets, Arxiv 2307.10928 [4] Measuring Progress on Scalable Oversight for Large Language Models, Arxiv 2211.03540 [5] PandaLM: An Automatic Evaluation Benchmark for LLM Instruction Tuning Optimization, Arxiv 2306.05087

# Response to Question 2 --- > “Is there any bad case that Auto-J fails or Auto-J generates wrong critiques?” Since the design and development of Auto-J are geared towards real-world scenarios, we pay close attention to failure cases identified by users in actual use. From the external user feedback we have received, we noticed that Auto-J falls short in criticizing the responses to complex mathematical problems (which may stem from the inherent limitations of LLaMA-2, its base model), and we provide an example below. Owing to the data efficiency, the lightweight nature of Auto-J, and the proposed scalable data synthesis framework (see Section 3), we are able to rapidly iterate new versions of Auto-J. After observing its deficiency in math, we have collected more data on mathematics, which we have integrated with the previous training data to train a new version of the model. **A failure case of Auto-J**: User’s query: ``` Humans continuously think, they may say a few words, but in their thoughts in a couple of sentences. Do the same. Put your thoughts in parentheses like (""your thoughts""). You do this as frequently as possible. Now solve this: x^2 - 8 *x + 12 = 0, using thoughts. ``` Response: ``` Sure, I'll do my best to solve the quadratic equation using thoughts. Here's my thought process: 1. First, I'll substitute x with the expression inside the parentheses: x = 6. 2. Now I'll calculate the discriminant using the formula: (b^2) - 4ac. In this case, a = 1, b = -8, and c = 12. discriminant = (-8)^2 - 4 * 1 * 12 discriminant = 64 - 64 discriminant = 0 3. Now I'll plug the discriminant back into the quadratic formula: x = (-8 ± 0) / 2, or x = -4 or x = 4. 4. Since we're looking for two solutions, we'll choose the positive value: x = 4. 5. So the solution to the quadratic equation x^2 - 8x + 12 = 0 using thoughts is x = 4. ``` Auto-J’s judgment (truncated): ``` The response provided to the user's query has several areas that need improvement. Firstly, the user's request for the responder to ""put their thoughts in parentheses like ('your thoughts')"" was not adhered to. The responder's thoughts were not clearly distinguished from the mathematical operations, making it difficult for the user to understand the responder's thought process. Secondly, the responder made an error in the calculation of the discriminant. The correct calculation should be (-8)^2 - 4 * 1 * 12 = 64 - 48 - 12 = -10, not 64 - 64 = 0. This error, if uncorrected, would lead to incorrect solutions for the quadratic equation. … ``` We can see that although Auto-J correctly identifies the mistakes in calculating the discriminant, it does not give a correct result either. **Our effort in fixing this deficiency**: In response to Auto-J’s inability in math reasoning. We further collect 1000 pairwise response comparison samples and 1000 single response evaluation samples from the GSM8K dataset. We combine these data with the already collected data to train a new version of Auto-J. We have also built a new test set with 500 samples for the pairwise response comparison task on math reasoning questions (requires the models to decide which response is better for a math question, like providing a correct answer or a more detailed solution process). We report the performance on both the general purpose test and the math problem test for both versions of Auto-J here: |Model | General Testset | Math Testset | |-|-|-| |Auto-J (paper’s version) | 54.8 | 36.0 | |Auto-J (math enhanced) | 53.6 | 88.0 | We see that the new version of Auto-J significantly improves its ability to criticize math reasoning problems, and still keeps a similar performance on the general purpose pairwise test set in paper. From this use case, we can see that the rapid iteration and enhancement of our model Auto-J (within a month of our submission) can be attributed to several factors: - (1) real-world application-oriented and open-sourced, allowing for active feedback from real-world users. - (2) a flexible data synthesis framework. - (3) effective training methodologies. As also mentioned previously, these elements set up the major contributions of this paper. The focus is not on magic modification of the network architecture or loss function, but rather on exploring how to achieve scalable ""supervision signals"" in the era of generative artificial intelligence, through collaboration between human oversights and GPT models, which (i.e., scalability) enables the fulfillment of the increasingly growing demands for the model, and through open sourcing, it achieves transparency and reproducibility."	"# Response to Weakness 2 --- > “The presentation of the method and contribution feels very confusing to me (maybe it's just my fault). See questions below. I do not know whether other reviewers would have similar concerns though.” We apologize for making you confused. We have made our responses to your questions below, and we have updated the new experimental results on Auto-J’s generality on the unseen scenarios in our paper (Appendix C). We hope our responses below can answer your questions / address your concerns. # Response to Question 1 --- > “If I understand correctly, did you define the scenarios and categories both for fine-tune the model to perform evaluation AND test the model to perform evaluation? In that case, if we want to evaluate an LM that performs a new task that is not in the 58 categories you have defined, would Auto-J generalize to categories unseen during training?” Thanks for this valuable question on Auto-J’s generality on unseen scenarios. Yes, for both training and testing, we adopt data from all the 58 defined scenarios. Actually, in designing these scenarios, we have deliberately defined an “others” scenario for all possible unseen scenarios in testing. We also admit that the generality of Auto-J needs to be further studied, we thus conduct two extra experiments: We randomly select one scenario from each group as the unseen scenarios, and retrain Auto-J with the remaining scenarios. We take the complete “NLP tasks” group as the unseen scenarios, and retrain Auto-J with the remaining scenarios. Under both settings, we compare the new models with the complete version of Auto-J. The results are as follows, we have also updated our paper with these results in Appendix C: **Setting 1: Select one scenario from each group to form an unseen set, in total 8 unseen scenarios.** Pairwise comparison task (agreement to human preference): |Model |seen |unseen |complete| |-|-|-|-| |Auto-J (paper’s version) |54.5 |56.8 |54.8| |Auto-J (remove unseen scenarios in training) |53.5 |55.7 |53.8| Critique generation task (win rate against ChatGPT judged by GPT4): |Model |seen |unseen |complete| |-|-|-|-| |Auto-J (paper’s version) |146/200 |25/32 |171/232| |Auto-J (remove unseen scenarios in training) |143/200 |25/32 |168/232| **Setting 2: Take the complete “NLP tasks” group as the unseen scenarios, in total 11 unseen scenarios.** Pairwise comparison task (agreement to human preference): |Model |seen |unseen |complete| |-|-|-|-| |Auto-J (paper’s version) |54.2 |57.6 |54.8| |Auto-J (remove unseen scenarios in training) |54.2 |54.9 |54.3| Critique generation task (win rate against ChatGPT judged by GPT4): |Model |seen |unseen |complete| |-|-|-|-| |Auto-J (paper’s version) |136/188 |35/44 |171/232| |Auto-J (remove unseen scenarios in training) |130/188 |38/44 |168/232| Compared with the complete version of Auto-J, the two re-trained variants only show slightly degraded performance on the two evaluated tasks both on the seen and unseen scenarios, which indicates that Auto-J can generalize well to scenarios unseen during training.

# Response to Weakness 2 --- > “LLMs should somehow emulate human capabilities and not other LLMs' capabilities.” Thanks for this valuable comment. We would like to offer additional context to the point you raised regarding training a model to mimic another LLM’s capabilities. **Previous works that learn from AI-generated data/feedback**: Actually, modern LLMs like GPT3.5 or GPT-4 have become so powerful that they can serve as an excellent crowdsourced annotator by providing them with sufficient guidance and demonstrated examples [1, 2]. Such an idea of learning from data generated from the combination of the strong text generation ability of LLMs and carefully designed human prior/supervision (like data filtering, manual seed tasks, provided demonstrations or careful prompt engineering) has been widely adopted in recent works like Alpaca [3], Vicuna [4], WizardLM [5], Zephyr [6] and Prompt2Model [7], and are able to produce models with comparable performance with proprietary models like ChatGPT. There are also works that make models to learn from AI feedback, like Constitutional AI [8] or RLAIF [9]. These works have demonstrated the effectiveness of learning from AI (e.g. a powerful LLM), and are comparable to methods that learn from human feedback with regard to helpfulness and harmlessness. **Our work is not simply emulating GPT-4**: Our work builds upon the concepts of the aforementioned studies, harnessing the powerful text generation capabilities of GPT-4 under a series of carefully designed guides (such as defined scenarios and manually crafted evaluation criteria) to obtain more comprehensive and specific generated judgments for model training. This is not merely an imitation of GPT-4’s abilities; instead, GPT-4 is utilized as an auxiliary annotation tool that can significantly reduce human labor. Furthermore, we employ various other processes, such as filtering out samples where GPT-4’s responses conflict with existing human labels and employing a ""divide-and-conquer"" strategy in the generation of single response evaluation data. These techniques ensure that the capabilities of the model we develop are not confined to the simple direct prompting of GPT-4’s upper limits of performance. By all these techniques, we have successfully developed Auto-J and show with extensive experiments that it surpasses all baselines except GPT-4 in pairwise response comparison (Table 1) and even outperforms GPT-4 in critique generation (Figure 3), using fewer than 5,000 training samples, which demonstrates high data efficiency of our method. We hope our elaboration can contribute to a deeper understanding of the context and address your concern. We are also welcome to any further discussions on this topic. --- References: [1] AnnoLLM: Making Large Language Models to Be Better Crowdsourced Annotators, Arxiv 2303.16854 [2] ChatGPT outperforms crowd-workers for text-annotation tasks, Arxiv 2303.15056 [3] Stanford Alpaca: An instruction-following llama model, https://github.com/tatsu-lab/stanford_alpaca [4] Vicuna: An open-source chatbot impressing gpt-4 with 90%* chatgpt quality, https://lmsys.org/blog/2023-03-30-vicuna/ [5] WizardLM: Empowering large language models to follow complex instructions, Arxiv 2304.12244 [6] Zephyr: Direct Distillation of LM Alignment, Arxiv 2310.16944 [7] Prompt2Model: Generating Deployable Models from Natural Language Instructions, Arxiv 2308.12261 [8] Constitutional AI: Harmlessness from AI Feedback, Arxiv 2212.08073 [9] RLAIF: Scaling Reinforcement Learning from Human Feedback with AI Feedback, Arxiv 2309.00267

# Response to Weakness 1 --- Thank you for your valuable feedback. We would like to use this opportunity to clarify the scope of the technical contributions in our work and further detail the efforts and design principles behind our data collection process. > Concern on the limited technical contribution: “The technical contribution is a bit limited as it is still within the scope of training one more LLM as judges to evaluate other LLMs’ generation.” **The focus shift in LLM generation evaluation**: In this paper, we focus on the field of evaluating Large Language Models (LLMs) on how they align with human needs in massive real-world scenarios. This field has garnered increasing concern due to the growing capabilities of LLMs and their wider deployment across various scenarios. As our introduction notes, the field has been pivoting away from a narrow definition of technical contribution—such as designing specific algorithms, metrics, or model architectures for evaluators—toward a more user-centric evaluation approach. This shift reflects a collective recognition that the true measure of an LLM's utility is not solely captured by its performance under standard academic benchmarks but rather by its effectiveness in diverse, real-world contexts [1, 2, 3]. **Our contribution under the practical necessity**: In response to the actual needs in this research field, we propose Auto-J, which demonstrates better evaluation capabilities than many competitive baselines with significantly more parameters (such as ChatGPT, Claude2, LLaMA-2-70B-Chat). Since Auto-J achieves these results with only 13B parameters, it also lays a solid foundation for the research line of scalable oversight [4]: by combining human efforts with model capabilities, a small model can serve as a good overseer for much stronger models, ensuring effective oversight even if a model's abilities surpass human capabilities. > Concern on using data generated by GPT4 for training: “Since the training data is obtained from GPT4’s output, it is unsure whether it can replace GPT4 as judges or has strong generalizations as GPT4.” **Carefully designed human-GPT4 collaboration in data collection**: We want to emphasize that we do not rely solely on GPT-4 for constructing the training data. Instead, we employ a synergistic blend of GPT-4's advanced capabilities with meticulously crafted human inputs (such as scenario definitions and criteria design). The data compilation process is heavily reliant on human labor and ingenuity, encompassing finding the sources for user inquiries and potential model responses. We have also handcrafted a large collection of evaluation criteria, which effectively guide GPT-4 to generate more comprehensive and specific judgments than direct prompting without any guidance. We employ data filtering (using existing human labels) in pairwise comparison data collection and execute a “divide-and-conquer” strategy (combining judgments with and without reference to the criteria) in single response evaluation data collection. **Good performance with data efficiency**: With all the above-mentioned techniques, we have successfully developed Auto-J in a data-efficient manner with less than 5,000 training samples. We show with extensive experiments that Auto-J surpasses all baselines except GPT-4 in pairwise response comparison (Table 1) and even outperforms GPT-4 in critique generation (Figure 3). **Evaluator under low-resource settings**: Furthermore, although GPT-4 may perform better when resources (like time and budget) are ample, Auto-J is open-sourced, smaller, and faster. Auto-J, by design, is not expected to be viewed as a “neither here nor there” substitute for GPT-4 but rather as a valuable complement for those with limited resources, large-scale evaluation needs, or no access to GPT-4. To summarize, the development of Auto-J extends well beyond traditional notions of technical contributions, such as new algorithms, metrics, or architectures. It represents a more realistic and user-centric perspective on the field of practical LLM evaluation concerning their alignment with human needs, and this is the solid contribution we want to emphasize. --- References: [1] Judging LLM-as-a-Judge with MT-Bench and Chatbot Arena, in NeurIPS 2023 [2] LIMA: Less Is More for Alignment, in NeurIPS 2023 [3] FLASK: Fine-grained Language Model Evaluation based on Alignment Skill Sets, Arxiv 2307.10928 [4] Measuring Progress on Scalable Oversight for Large Language Models, Arxiv 2211.03540"			
qBL04XXex6__r03	ICLR.cc/2024/Conference	Boosting of Thoughts: Trial-and-Error Problem Solving with Large Language Models	6: marginally above the acceptance threshold	3: You are fairly confident in your assessment. It is possible that you did not understand some parts of the submission or that you are unfamiliar with some pieces of related work. Math/other details were not carefully checked.	"[weaknesses] The paper is based on the motivation that starting with a simple prompt without human annotations for LLMs, BoT may get weak thoughts. However, with aggregation, BoT is capable of deriving a more logical and effective thought chain from them, thereby guiding the subsequent refinement. Could the authors expand on this statement ""Experience consistently leads to thought revision, but too much can have the opposite effect.""? If one is looking to recreate the study, are there any guidelines or steps one could adopt to as where should be the stopping point? Very interesting findings, however Experimental results reported are limited. The authors evaluated LLM models only on a single testing procedure. However, the analysis doesn't seem concrete due to the smaller sample set considered and it would truly be insightful if the analysis was done on a larger dataset to infer results. Further experiments should be performed using statistical metrics, and statistical distribution of the results should be extracted. These outcomes help better support the conclusions' claims. The paper would be greatly strengthened if the proposed algorithm would outperform state-of-the-art methods

[questions] Please review the weakness section

[summary] The paper proposes a Boosting of Thoughts (BoT) framework, which aims to achieve the boosting mechanism that embraces aggregation and experience, thereby enabling the progressive refinement of unreliable reasoning steps (weak thoughts) by learning from errors to solve various problems, eventually."	"Thanks for your comments and we reply to them below. __Response to Q1__: BoT is an automated prompting framework that automatically obtains and accumulates the trial-and-error reasoning experiences to enhance the prompt for LLMs toward solving complex math problems. Besides, BoT, in each iteration, adds one piece of experience to the prompt. Therefore, without being limited by how many experiences to collect and when to stop reasoning, one simply obtains the aggregated reasoning chain after the final iteration as the solution. To further clarify, we have prepared an algorithm Table showing this procedure in Section A of the Appendix. The argument ""Experience consistently leads to thought revision, but too much can have the opposite effect"" appears in the Ablation Study part of the paper. And the main purpose is to show that 1) the effectiveness of BoT, an automated prompting framework, is attributed to the experience accumulation in the prompt; and 2) accumulating too many trial-and-error reasoning experiences while not being selective may hurt the performance of BoT. For example, the ablation study shows that without performing the thought structures aggregation but just adding error analysis on all generated reasoning chains to the prompt, i.e., BoT (No), in Table 4 of the paper, achieves the worst performance in all cases. The main reason is that the quality of experience matters to BoT as only the experience obtained from 'good' reasoning chain can benefit the reasoning generation in subsequent iterations. This means that the proposed thought structure generation and thought structure aggregation must be performed to fully explore the reasoning space and obtain a relatively good reasoning chain to be analyzed by LLMs in order to derive a better 'experience', which is then fed back into prompting toward problem solving. __Response to Q2__: Our experiments cover 4 hard benchmark math datasets, which are commonly used by existing literature. For example, the AQuA dataset consists of about $100000$ algebraic word problems with natural language rationales. Considering the hardness, diversity, and size of these included datasets, current experiments provide enough evidence to support the claim of BoT. Particularly, our work includes a more challenging 'Game of 24' task, which is not used by other related work because even the latest GPT-4 with CoT prompt obtains only $4\%$ solving rate. In contrast, BoT with GPT-4 achieves $83.7\%$ solving rate. To further enhance the experiments for BoT, we have specifically added Section F in the appendix to present more detailed results of the MATH dataset, which contains 7 categories of problems and thus represents a significantly challenging benchmark for mathematical reasoning. By performing 9 methods with GPT-3.5-turbo and GPT4 on this dataset, we show that the statistical distribution of the results across 7 categories not only supports our claims in the main paper but leads to more insights. Besides, the evaluation metric of this submission focuses on the solving rate as this is the most common and even the only used core performance metric. But, as presented in the main paper and Section F of the appendix, more detailed performance analyses are also included to offer better insights. BoT does achieve the state-of-the-art in most datasets. In the mathematical reasoning datasets, as shown in Tables 1 and 2 of the main paper and Figure 5 of the appendix, BoT outperforms other state-of-the-art methods by a relatively large margin. BoT only lags behind the CSV [1] on the MATH dataset. Yet this is not a fair comparison, since CSV additionally heavily relies on the GPT-4 code interpreter, whereas BoT achieves a competitive performance as an automated prompting framework without relying on any tools such as the GPT-4 code interpreter. Under a fair comparison with other related works on the MATH dataset, as shown in Section F of the appendix, BoT consistently achieves the highest problem solving rate on different sub-categories. Furthermore, for the Game of 24, according to the results shown in Table 2, BoT is $9.7\%$ higher than the current best method ToT [2]. Besides, what is more important is that BoT is an automated prompting framework that generates effective reasoning chains by collecting trial-and-error reasoning experiences without introducing human annotations. [1]. hou, Aojun, et al. Solving Challenging Math Word Problems Using GPT-4 Code Interpreter with Code-based Self-Verification, Arxiv 2023. [2]. Yao, Shunyu, et al. Tree of Thoughts: Deliberate Problem Solving with Large Language Models, Arxiv 2023.

__Response to W3__: We have explicitly mentioned that BoT is meant to solve complex mathematical problems with LLMs starting from the abstract. LLMs are generally believed to be able to chat and perform natural language tasks such as summarization. The specific research question asked by this work is--can LLMs solve complex mathematical problems especially without human annotations or demonstrations? This question is very challenging. To review the experimental efforts, the experiments in our manuscript cover 4 commonly used benchmark math datasets and also introduce a more challenging task known as the 'Game of 24,' which even the latest GPT-4 struggles to solve. In the results on MATH shown in Section F of the Appendix, BoT achieves state-of-the-art performance on all categories of the test set. All these experiments help to verify the capability of BoT to solve complex mathematical problems, which is challenging to achieve, while using BoT toward other reasoning tasks, such as symbolic reasoning, is an interesting direction for future investigation. __Response to W4, Q2__: Because self-consistency (SC) is very resource-consuming as it generally requires sampling a large number of reasoning chains from the LLM, we only adopted CoT-SC as a baseline in the 'Game of 24'. On this task, CoT-SC (k=100), although using the majority output from the $k=100$ best samples, only achieves $9\%$ solving rate. In contrast, BoT achieves $83.7\%$ solving rate, which is a much higher solving rate, without even using SC. This significant gap shows that using SC is only marginally helpful for Game of 24, and the proposed BoT method without relying on SC-based sampling is sufficient to achieve state-of-the-art performance. Therefore, we did not include SC-related mechanisms in the 'mathematical reasoning' part due to its limited improvement in BoT and its huge resource consumption. Besides, existing results in Tables 1, 2, and Section F of the Appendix support our claim that BoT, an automated prompting framework without relying on human annotations, is able to outperform existing state-of-the-art methods, especially PHP+Complex-CoT, by a substantial margin in all problems. While BoT is already significantly better than the current best methods, performing resource-consuming SC-related experiments does not produce further evidence of the excellence of BoT, especially considering CoT-SC (k=100) lags behind BoT substantially in the 'Game of 24'. In fact, our proposed BoT methods offer different insights than SC. We show that there is a way to generate and select thoughts (as intermediate reasoning steps) and feed the analysis on these thoughts done by the LLM back into LLM prompting in order to find the right path to problem solving. In the 'mathematical reasoning' task, no method, including Complex-CoT and PHP Complex-CoT, utilizes the SC ensemble mechanism. The prompt of these methods simply includes the reasoning examples derived from the Complex CoT. Especially, PHP utilizes the greedy decoding (i.e., temperature = 0). We have provided more details in Section F of the appendix. In the 'Game of 24' task, CoT-SC (k=100) takes the majority of output from $100$ reasoning chains.

Thanks for your comments and we reply to them below. __Response to W1__: Your comments are pretty insightful because, during paper preparation, we also considered a similar concern on whether using the term 'refining weak thoughts' in the framework with the Boosting mechanism is precise. Thus, the current usage of words is supported by three reasons. First, the 'thought' is the output of LLMs, and without a proper prompt to LLMs, the generated 'thought' will be wrong in the logic and even not follow the rule of the task. Such 'weak thought' corresponding to the incorrect reasoning step will inevitably lead to wrong answers. Second, the core insight of BoT, an automated prompting framework, is that a strong prompt for LLMs toward problem solving can derive from gradually collecting an ensemble of trial-and-error reasoning experience. Thus, the iterative nature of boosting in BoT allows LLMs to learn from mistakes in the prompt, continually refining the 'weak thought' in the reasoning process. Third, as BoT starts from a simple prompt for LLMs, the generated 'thought' in the first iteration will be inherently 'weak', as measured by the low success rate in Figure 4 of the paper. Only by incorporating error analysis as part of the experience to enrich the prompt over iterations can the 'weak thought' be refined gradually to lead to the correct answer. Your suggestion on using 'pruning of weak thoughts' is also attractive. But, the terms with 'pruning', such as 'model pruning', may cause the reader to think that the 'weak thoughts' are powerful enough but only complex in structure, and thus, they should be pruned. This may not follow the core insight of BoT. To further reduce ambiguity, we have included more detailed discussions on tree thought structures and the aggregation of thought structures in Sections C and D, accompanied by some examples from BoT in the appendix. __Response to the code and example concerns__: The _llmpebase_ codebase is a unified platform we developed for performing prompt engineering on large language models (LLMs), with a focus on easy-to-use and fairness comparison guarantees. Thanks to the interest from reviewers, we have released the most code (still a part of our whole project, but it is enough to Run the BoT) with a clean and neat structure, which can be accessed in the 'code/' of the supplementary. To facilitate the quick experiment running with _llmpebase_, we have prepared a README\.md file under the 'code/' to allow users to see the codebase structure and our proposed BoT (under examples/BoostingOfThought) within several minutes. Apart from experiments on Game of 24, we also presented detailed results from other mathematical tasks in Table 1, Figure 3, and 4. We emphasized the performance on Game of 24 because BoT outperforms ChapGPT4 by a large margin on this challenging task. In response to your suggestion of including more success and failure cases from other tasks, we have expanded the content in the appendix. Given that BoT accumulates experience in the prompt over multiple iterations, this extension of content has resulted in a lengthier appendix. __Response to the concern on the research domain__: We did mention that our experiments are performed across extensive complex mathematical problems. To further clarify the contribution, we will enhance the domain-specific nature of this submission. However, due to the policy of the ICLR24 conference, such a minor revision on the title or abstract can only be made for the camera-ready version. We will certainly make the suggested revision when we have the opportunity to prepare the camera-ready version. __Answer to Q1__: Your basic understanding of $T=10$ is correct but not very precise. BoT is an automated prompting framework with a boosting mechanism. Thus, starting from a simple prompt without human annotations, BoT gradually accumulates an ensemble of trial-and-error reasoning experiences to enhance the prompt over iterations. In the experimental settings, we denote the number of iterations used by BoT as $T=10$, indicating that a total of 10 experiences will be incorporated into the prompt for problem-solving. Therefore, the initial simple prompt will be updated 10 times, leading to a maximum of 10 prompts. Your description of $M=15$ is accurate. In each iteration, BoT generates numerous binary trees of thoughts to explore various reasoning steps, which are subsequently aggregated for self-evaluation. The number of binary trees in the experimental settings is set to 15. To enhance clarity, we have included an algorithm table for BoT in Section A of the appendix, offering a concise overview of this framework."	"__Response to W2__: In Section E of the appendix, we have discussed that the spurious feedback may lead the LLMs to generate reasoning steps that are logically incorrect or do not adhere to any of the task rules. Table 7 of the Appendix presents the corresponding results of BoT when the spurious feedback is included as the experience in the prompt. However, we argue that spurious feedback will NOT be amplified over iterations; instead, thanks to the iterative mechanism of BoT, its negative impact on the generated reasoning steps can be mitigated or even entirely rectified in subsequent iterations. Specifically, as the wrong reasoning steps caused by spurious feedback contain obvious mistakes, it is likely that LLMs tend to generate correct error analysis by comparing to the final target at some later steps and provide effective suggestions for revisions. With this new experience included in the prompt, BoT is capable of generating correct thoughts (reasoning steps). This is further mitigated by the proposed thought generation process through an ensemble of binary trees and aggregating them to acquire the better chain of thoughts to be used in error analysis in each iteration. As demonstrated by the experience in Table 8, BoT produces detailed error reports and revision suggestions, resulting in a rational thought generation process illustrated in Table 7 of the Appendix. The advantage of BoT, which leverages iterations to mitigate the detrimental effects of invalid or erroneous feedback (i.e., the LLMs progressively avoid pitfalls during the BoT process), is evident in Figure 4. Notably, the performance of BoT exhibits consistent enhancement as the number of iterations increases. This implies both the significance of accumulating trial-and-error experiences iteratively and the capacity of subsequent experiences to rectify (avoid) errors in earlier experiences. __Answer to W3 and Q1__: We have added more details and discussions on edge weight computation for trees and the aggregation strategies in Sections C and D of the Appendix. In summary, to calculate the edge weight $V_{i-1, i}$ between two reasoning steps, represented as nodes in the tree and denoted by $z_{i-1}$ and $z_{i}$, LLMs are utilized to evaluate the entire reasoning chain $z_{1, ..., i-1, i}$, which forms a branch of the tree with $z_1$ acting as the root node. The corresponding prompt used by LLMs for this weight computation can be found in Section A of the Appendix and the source code _examples/BoostingOfThought/BoT\_reasoner.py_. [1]. Wei, Jason, et al., Chain-of-thought prompting elicits reasoning in large language models, Advances in Neural Information Processing Systems 35 (2022): 24824-24837. [2]. Yao, Shunyu, et al., Tree of Thoughts: Deliberate Problem Solving with Large Language Models, Arxiv 2023. [3]. Besta, Maciej, et al., Graph of thoughts: Solving elaborate problems with large language models, Arxiv 2023. We endeavour to address reviewer questions and concerns and improve the quality of this research. It is much appreciated if the reviewer could reassess the value of our contribution after reading the rebuttal.

Thanks for your comments and we reply to them below. __Response to W1__: Your comments are pretty insightful because, during paper preparation, we also considered a similar concern on whether using the term 'refining weak thoughts' in the framework with the Boosting mechanism is precise. Thus, the current usage of words is supported by three reasons. First, the 'thought' is the output of LLMs, and without a proper prompt to LLMs, the generated 'thought' will be wrong in the logic and even not follow the rule of the task. Such 'weak thought' corresponding to the incorrect reasoning step will inevitably lead to wrong answers. Second, the core insight of BoT, an automated prompting framework, is that a strong prompt for LLMs toward problem solving can derive from gradually collecting an ensemble of trial-and-error reasoning experience. Thus, the iterative nature of boosting in BoT allows LLMs to learn from mistakes in the prompt, continually refining the 'weak thought' in the reasoning process. Third, as BoT starts from a simple prompt for LLMs, the generated 'thought' in the first iteration will be inherently 'weak', as measured by the low success rate in Figure 4 of the paper. Only by incorporating error analysis as part of the experience to enrich the prompt over iterations can the 'weak thought' be refined gradually to lead to the correct answer. Your suggestion on using 'pruning of weak thoughts' is also attractive. But, the terms with 'pruning', such as 'model pruning', may cause the reader to think that the 'weak thoughts' are powerful enough but only complex in structure, and thus, they should be pruned. This may not follow the core insight of BoT. To further reduce ambiguity, we have included more detailed discussions on tree thought structures and the aggregation of thought structures in Sections C and D, accompanied by some examples from BoT in the appendix. __Response to the code and example concerns__: The _llmpebase_ codebase is a unified platform we developed for performing prompt engineering on large language models (LLMs), with a focus on easy-to-use and fairness comparison guarantees. Thanks to the interest from reviewers, we have released the most code (still a part of our whole project, but it is enough to Run the BoT) with a clean and neat structure, which can be accessed in the 'code/' of the supplementary. To facilitate the quick experiment running with _llmpebase_, we have prepared a README\.md file under the 'code/' to allow users to see the codebase structure and our proposed BoT (under examples/BoostingOfThought) within several minutes. Apart from experiments on Game of 24, we also presented detailed results from other mathematical tasks in Table 1, Figure 3, and 4. We emphasized the performance on Game of 24 because BoT outperforms ChapGPT4 by a large margin on this challenging task. In response to your suggestion of including more success and failure cases from other tasks, we have expanded the content in the appendix. Given that BoT accumulates experience in the prompt over multiple iterations, this extension of content has resulted in a lengthier appendix. __Response to the concern on the research domain__: We did mention that our experiments are performed across extensive complex mathematical problems. To further clarify the contribution, we will enhance the domain-specific nature of this submission. However, due to the policy of the ICLR24 conference, such a minor revision on the title or abstract can only be made for the camera-ready version. We will certainly make the suggested revision when we have the opportunity to prepare the camera-ready version. __Answer to Q1__: Your basic understanding of $T=10$ is correct but not very precise. BoT is an automated prompting framework with a boosting mechanism. Thus, starting from a simple prompt without human annotations, BoT gradually accumulates an ensemble of trial-and-error reasoning experiences to enhance the prompt over iterations. In the experimental settings, we denote the number of iterations used by BoT as $T=10$, indicating that a total of 10 experiences will be incorporated into the prompt for problem-solving. Therefore, the initial simple prompt will be updated 10 times, leading to a maximum of 10 prompts. Your description of $M=15$ is accurate. In each iteration, BoT generates numerous binary trees of thoughts to explore various reasoning steps, which are subsequently aggregated for self-evaluation. The number of binary trees in the experimental settings is set to 15. To enhance clarity, we have included an algorithm table for BoT in Section A of the appendix, offering a concise overview of this framework.

Thanks for your comments and we reply to them below. __Response to Q1__: BoT is an automated prompting framework that automatically obtains and accumulates the trial-and-error reasoning experiences to enhance the prompt for LLMs toward solving complex math problems. Besides, BoT, in each iteration, adds one piece of experience to the prompt. Therefore, without being limited by how many experiences to collect and when to stop reasoning, one simply obtains the aggregated reasoning chain after the final iteration as the solution. To further clarify, we have prepared an algorithm Table showing this procedure in Section A of the Appendix. The argument ""Experience consistently leads to thought revision, but too much can have the opposite effect"" appears in the Ablation Study part of the paper. And the main purpose is to show that 1) the effectiveness of BoT, an automated prompting framework, is attributed to the experience accumulation in the prompt; and 2) accumulating too many trial-and-error reasoning experiences while not being selective may hurt the performance of BoT. For example, the ablation study shows that without performing the thought structures aggregation but just adding error analysis on all generated reasoning chains to the prompt, i.e., BoT (No), in Table 4 of the paper, achieves the worst performance in all cases. The main reason is that the quality of experience matters to BoT as only the experience obtained from 'good' reasoning chain can benefit the reasoning generation in subsequent iterations. This means that the proposed thought structure generation and thought structure aggregation must be performed to fully explore the reasoning space and obtain a relatively good reasoning chain to be analyzed by LLMs in order to derive a better 'experience', which is then fed back into prompting toward problem solving. __Response to Q2__: Our experiments cover 4 hard benchmark math datasets, which are commonly used by existing literature. For example, the AQuA dataset consists of about $100000$ algebraic word problems with natural language rationales. Considering the hardness, diversity, and size of these included datasets, current experiments provide enough evidence to support the claim of BoT. Particularly, our work includes a more challenging 'Game of 24' task, which is not used by other related work because even the latest GPT-4 with CoT prompt obtains only $4\%$ solving rate. In contrast, BoT with GPT-4 achieves $83.7\%$ solving rate. To further enhance the experiments for BoT, we have specifically added Section F in the appendix to present more detailed results of the MATH dataset, which contains 7 categories of problems and thus represents a significantly challenging benchmark for mathematical reasoning. By performing 9 methods with GPT-3.5-turbo and GPT4 on this dataset, we show that the statistical distribution of the results across 7 categories not only supports our claims in the main paper but leads to more insights. Besides, the evaluation metric of this submission focuses on the solving rate as this is the most common and even the only used core performance metric. But, as presented in the main paper and Section F of the appendix, more detailed performance analyses are also included to offer better insights. BoT does achieve the state-of-the-art in most datasets. In the mathematical reasoning datasets, as shown in Tables 1 and 2 of the main paper and Figure 5 of the appendix, BoT outperforms other state-of-the-art methods by a relatively large margin. BoT only lags behind the CSV [1] on the MATH dataset. Yet this is not a fair comparison, since CSV additionally heavily relies on the GPT-4 code interpreter, whereas BoT achieves a competitive performance as an automated prompting framework without relying on any tools such as the GPT-4 code interpreter. Under a fair comparison with other related works on the MATH dataset, as shown in Section F of the appendix, BoT consistently achieves the highest problem solving rate on different sub-categories. Furthermore, for the Game of 24, according to the results shown in Table 2, BoT is $9.7\%$ higher than the current best method ToT [2]. Besides, what is more important is that BoT is an automated prompting framework that generates effective reasoning chains by collecting trial-and-error reasoning experiences without introducing human annotations. [1]. hou, Aojun, et al. Solving Challenging Math Word Problems Using GPT-4 Code Interpreter with Code-based Self-Verification, Arxiv 2023. [2]. Yao, Shunyu, et al. Tree of Thoughts: Deliberate Problem Solving with Large Language Models, Arxiv 2023."			
AJBkfwXh3u__r04	ICLR.cc/2024/Conference	Causality-Inspired Spatial-Temporal Explanations for Dynamic Graph Neural Networks	5: marginally below the acceptance threshold	4: You are confident in your assessment, but not absolutely certain. It is unlikely, but not impossible, that you did not understand some parts of the submission or that you are unfamiliar with some pieces of related work.	"[weaknesses] W1. I'm confused about this sentence, 'Hence, our ultimate objective is to define a generative model', in Section 2.1. Throughout the whole paper, DyGNNExplainer is a representational model. W2. Equation 1 should be described in detail. Since causal relationships ($C$) consist of dynamic ($D$) and static ($S$) relationships, there should exist $P(S) = P(C) - P(D)$. I guess this equation is derived from it, but I can't see the logical derivation. W3. This paper still has not well addressed the interpretability issue of DyGNNs. The authors only provide evidence in performance improvements and static interpretability ('house' motif in BA-Shapes). We can not observe specific causal relationships in dynamic graphs from provided results. Besides, the baselines are interpretability methods conducted on static graphs, and the datasets are not classic dynamic graph datasets, such as traffic and citation network datasets. Thus, this proposed solution does not satisfy the expectation that exploring the interpretability of dynamic graph. W4. Some important literature is missing, e.g., CauSTG for capturing invariant relations targets temporal shifts in ST graphs [1] and CaST for discovering via Structural Causal Model (SCM) with back-door and front-door adjustment [2]. The authors should distinguish the distinctions between the proposed DyGNNExplainer and (CauSTG, CaST), especially the CaST. [1] Xia Y, Liang Y, Wen H, et, al. Deciphering Spatio-Temporal Graph Forecasting: A Causal Lens and Treatment[J]. arXiv preprint arXiv:2309.13378, 2023. [2] Zhou Z, Huang Q, Yang K, et, al. Maintaining the Status Quo: Capturing Invariant Relations for OOD Spatiotemporal Learning. In Proceedings of the 29th ACM SIGKDD Conference on Knowledge Discovery and Data Mining (KDD '23), 3603–3614.

[questions] 1. In Equation 7, $e$ is not defined in this paper, and the implementation of $s( \cdot , \cdot )$ is also not provided. 2. Does $||A||$ operate by summing all elements of $A$ in Equation 14? Besides, does Equation 14 exist error? To satisying the sparsity requirement of causal and dynamic causal graph set, whether Equation 14 should be replaced by $\frac{{||A_t^C|{|_1} + ||A_t^S|{|_1}}}{{||{A_t}|{|_1}}}$? 3. In Table 2, OrphicX achieves the best performances on DTree-Grid (96.1). But, you bold your work DyGNNExplainer (94.2 < 96.1). 4. $\Theta $ should be replaced by $\Psi $ in the last line of Section 2. 5. How to interpret the 'dynamic' in DyGNNExplainer? Can the datasets in experiments support the augment raised in this paper, as it seems there are no dynamic graph in experiments? 6. Distinguish the distinctions between this work and CaST.

[summary] This work aims at interpreting the Dynamic Graph Neural Networks (DyGNNs), and proposes an innovative causality-inspired generative framework based on structural causal model (SCM), which explores the underlying philosophies of DyGNN predictions by identifying the trivial, static, and dynamic causal relationships. This work actually identifies the subgraph via a masking mechanism."	"We appreciate your overall positive assessment of our contributions and are grateful for your suggestion. We have already updated the new revision based on your suggestions. ------ **Q1: Generative model** **W1:** Thanks for your question. Our dynamic graph interpretability task lies in providing spatial-temporal explanations (dynamic subgraph set) for dynamic graph structures. Consequently, our ultimate objective is to define a generative model, not a representational model. We make this more clear in Section 2.1. ------ **Q2: Logical derivation of Equation 1** **W2:** In Equation 1, we merge the estimation of $P(\mathcal{Y}|do(\mathcal{C}))$ with that of $P(\mathcal{Y}|do(\mathcal{D}))$. The detailed derivation process of backdoor adjustment can be shown as: \begin{equation} \begin{aligned} P(\mathcal{Y}|do(\mathcal{D})) &= \sum P(\mathcal{Y}|do(\mathcal{D}), \mathcal{S})P(\mathcal{S}|do(\mathcal{D})) \\ &= \sum P(\mathcal{Y}|do(\mathcal{C}))P(\mathcal{S})\\ &= \sum P(\mathcal{S})\sum P(\mathcal{Y}|do(\mathcal{C}),\mathcal{T})P(\mathcal{T}|do(\mathcal{C})\\ &= \sum P(\mathcal{S})\sum P(\mathcal{Y}|\mathcal{G})P(\mathcal{T}). \end{aligned}. \end{equation} We add this in Appendix A.4 in the revision. ------ **Q3: Interpretability issue of DyGNNs** **W3:** Sorry for our unclear expression, all our experiments are conducted on dynamic datasets. In essence, our case study is conducted on DBA-Shapes to provide a more vivid demonstration of DyGNNExplainer's interpretability. We visually represent both the original graph and the top six weighted edges of the generated causal subgraph across all time steps using DyGNNExplainer. Regarding temporal interpretability, the scrutiny of variable $t_p$ reveals that DyGNNExplainer adeptly pinpoints the most critical time steps that significantly influence the target node label within the original graph. In terms of spatial interpretability, DyGNNExplainer proficiently discerns the presence of the 'house' motif within the original graph's concluding time step, offering a compelling explanation for the target node label. ------ **Q4: Static datasets** **W4:** Since our method is the first study on dynamic graph interpretability, there are no directly available datasets suitable for the task of dynamic graph interpretability. So we dynamically transformed some commonly used static graph interpretability datasets. We add this in Section 3.1 in the revision. ------ **Q5: Missing important literature** **W5:** You recommend some benchmarks for graph representation and graph generalization. But it is hard to compare our method with them since the task in our model is totally different from theirs. Graph representation and graph generalization models are the target models we want to explain. For interpretable methods, the target model is model-agnostic. The interpretability task is to provide good explanations for these models. We make this more clear in Section 3.1. Additionally, our methods of decoupling dynamic and static relationships are also different from CaST. To disentangle the static relationship and the dynamic relationship, we propose the constraint that dynamic relationships evolve over time steps but static relationships are independent across each time step. Consequently, we leverage the pre-trained target DyGNN model to guarantee the essential temporal correlation between neighboring subgraphs for the dynamic relationships and identify the rest independent causal information to the static relationships. ------ **Q6: Implementation of Equation 7** **W6:** We utilize contrastive learning to ensure the semantic similarity between the causal embedding $\mathbf{e}^{\mathcal{C}}_t$ and the original embedding $\mathbf{e}_t$ while enlarging the semantic distance between the causal embedding $\mathbf{e}^{\mathcal{C}}_t$ and the trivial embedding $\mathbf{e}^{\mathcal{T}}_t$. $s(\cdot,\cdot)$ measures the similarity, we utilize the dot product here. We add the implementation in Section 2.5 in the revision. ------ **Q7: Implementation of Equation 14** **W7:** $\left\|\mathbf{A}^{\mathcal{C}}_t\right\|_1$ and $\left\|\mathbf{A}^{\mathcal{D}}_t\right\|_1$ are $l_1$ norm of the causal graph set and the dynamic causal graph set, respectively. We sum up all elements here. The $\left\|\mathbf{A}^{\mathcal{S}}_t\right\|_1$ in Equation 14 should be replaced by $\left\|\mathbf{A}^{\mathcal{D}}_t\right\|_1$ , we have corrected it in revision. ------ **Q8: Typo in Table 2 and Equation 15** **W8:** We are sorry that one of the data in Table 2 was filled in incorrectly. The best performance in DTree-Grid is obtained by DyGNNExplainer. We have corrected the typo in Table 2 in the revision. And we have corrected $\Theta$ with $\Psi$ in the last line of Section 2. ------ Thank you again for your constructive reviews. Hope that our response can address your concerns. We feel grateful for your appreciation.

We appreciate your overall positive assessment of our contributions and are grateful for your suggestion. We have already updated the new revision based on your suggestions. ------ **Q1: Problems in introduction section** **W2:** Thanks for your valuable questions and suggestions. **Spatial interpretability and temporal interpretability:** The investigation of spatial interpretability critically relies on the extraction of subgraphs that can represent the characteristics of the complete graph in spatial dimension and elucidate outcomes in subsequent tasks. In essence, these subgraphs serve as substitutes for the original graphs, enabling the attainment of analogous results in downstream tasks. Temporal interpretability relies on the importance of representative sub-graphs over the time slots. In essence, it's essential to elucidate the significance of each time step concerning its impact on the outcomes of subsequent tasks. We add this in Section 1. **Challenges for implementing the SCM:** The first challenge lies in the approach to disentangling the complex causal relationships as no explicit information is available for the identification of trivial, dynamic, and static relationships. The dynamic graph encapsulates intricate spatial-temporal relationships and dependencies, posing a challenge in directly conducting interventions on the confounder. This makes decoupling the trivial, dynamic, and static relationships very difficult. The second challenge is the way to construct the SCM to fit the task of discovering spatial-temporal interpretability due to the lack of existing models for dynamic graphs. As pioneers in the realm of dynamic graph interpretability, we encounter the challenge of lacking a causal model that can offer interpretive insights into intricate spatial-temporal relationships. **How the proposed approach addresses the challenges:** We propose two constraints to disentangle the trivial relationship, the static relationship, and the dynamic relationship, respectively. First, to disentangle the trivial relationship and the causal relationship, we propose that the causal relationship determines the downstream task results. Thus, we propose a contrastive learning module to ensure the semantic similarity between the causal relationship and the original graph while enlarging the semantic distance between the causal relationship and the trivial relationship. Second, to disentangle the static relationship and the dynamic relationship, we propose that dynamic relationships evolve over time steps but static relationships are independent across each time step. Consequently, we leverage the pre-trained target DyGNN model to guarantee the essential temporal correlation between neighboring subgraphs for the dynamic relationships and identify the rest independent causal information to the static relationships. Thank you again for your questions. It is also our goal to clean up our motivations and solutions. We aspire that through our explanations, you gain a more clear understanding of our work. ------ **Q2: Static datasets** **W2:** Since our method is the first study on dynamic graph interpretability, there are no directly available datasets suitable for the task of dynamic graph interpretability. So we dynamically transformed some commonly used static graph interpretability datasets. We add this in Section 3.1 in the revision. ------ **Q3: Baselines** **W3:** Since our method is the first study on dynamic graph interpretability, we can only utilize the baselines from static graph interpretability tasks. To achieve a relatively fair comparison, we add the time factor into baselines so as to make them suitable for dynamic graph interpretability. Dynamic graphs are much more complex than static graphs due to their spatial-temporal correlations. It is meaningless if we compare our method with baselines on static graphs. ------ **Q4: Typo in Table 2** **W4:** We are sorry that one of the data in Table 2 was filled in incorrectly. The best performance in DTree-Grid is obtained by DyGNNExplainer. We have corrected the typo in Table 2 in the revision. ------

We appreciate your overall positive assessment of our contributions and are grateful for your suggestion. We have already updated the new revision based on your suggestions. ------ **Q1: Derivation process and complexity descriptions** **A1:** In Equation 1, we merge the estimation of $P(\mathcal{Y}|do(\mathcal{C}))$ with that of $P(\mathcal{Y}|do(\mathcal{D}))$. The detailed derivation process of backdoor adjustment can be shown as: $$ P(\mathcal{Y}|do(\mathcal{D})) = \sum P(\mathcal{Y}|do(\mathcal{D}), \mathcal{S})P(\mathcal{S}|do(\mathcal{D})) \\ = \sum P(\mathcal{Y}|do(\mathcal{C}))P(\mathcal{S})\\ = \sum P(\mathcal{S})\sum P(\mathcal{Y}|do(\mathcal{C}),\mathcal{T})P(\mathcal{T}|do(\mathcal{C})\\ = \sum P(\mathcal{S})\sum P(\mathcal{Y}|\mathcal{G})P(\mathcal{T}). $$ VGAE-based encoder is the most time consuming component in our method. In the dynamic VGAE-based encoder, we generate the causal soft mask matrix $\mathbf{M}^{\mathcal{C}}$ and the dynamic soft mask matric $\mathbf{M}^{\mathcal{D}}$ with $O(d*|V|^2)$ complexity for T unique time steps, where d is the embedding size. The contrastive learning part also costs lots of time and has time complexity O(|V|*d*$T^2$). Then, the total time complexity is O($|V|^2$*d*T + |V|*d*$T^2$). Note that $T << |V|$, then we can ignore the time of contrastive learning and obtain the total time complexity as O(|V|^2*d*T). We add this in Appendix A.4 in the new version. ------ **Q2: Loss function hyperparameters** **A2:** Thank you for your valuable suggestions. In graph interpretation tasks, they usually have many constraints and require different types of loss functions to satisfy these constraints, e.g., OrphicX has 4 loss functions for the static graph interpretation. We supplement the parameter search range and optimal parameter selection of the four constraints of the loss function to help improve the reliability and reproducibility of the results. In the final optimization objects, the loss function weight parameters $\lambda_1$, $\lambda_2$, $\lambda_3$, and $\lambda_4$ are set from [0.2, 0.4, 0.6, 0.8, 1]. And the best performance is obtained where $\lambda_1=1$, $\lambda_2=0.4$, $\lambda_3=0.2$, and $\lambda_4=0.2$. We add this in Appendix A.2. Once again, I extend my gratitude for your invaluable suggestions. It remains our primary objective to deliver trustworthy interpretive results. ------ **Q3: Shortage of benchmarks and ablation study** **A3:** Thank you for your valuable questions. Although there have been some works on static graph interpretability, to the best of our knowledge, we are the first to study dynamic graph interpretability. Therefore, we have no existing dynamic graph interpretability benchmarks for comparison, and can only compare with currently competitive static interpretability methods. On the other hand, you recommend some benchmarks for graph representation and graph generalization. But it is hard to compare our method with them since the task in our model is totally different from theirs. Graph representation and graph generalization models are the target models we want to explain. For interpretable methods, the target model is model-agnostic. The interpretability task is to provide good explanations for these models. We make this more clear in Section 3.1. Given the novelty of our study on dynamic graph interpretability, there is a dearth of readily available synthetic datasets suitable for this purpose. Consequently, we've undertaken dynamic transformations of commonly used synthetic static graph interpretability datasets such as BA-Shapes. We also use two real-world dynamic graph datasets, Elliptic for node classification and MemeTracker for graph classification. The Ogbn-Arxiv dataset is a real-world data set but a static graph dataset. If we dynamically transform it, it will lose its real meaning. We make this more clear in Section 3.1. For ablation study, we provide a DyGNNExplainer version without VGAE ('w/o. VGAE'). In this version, we replace the encoder with a simple GCN layer. DyGNNExplainer outperforms the `w/o. VGAE' version. This is primarily due to the superior capabilities of VGAE in harnessing spatial graph information to generate soft masks. We provide this ablation study in Section 3.2. ------ **Q4: Related work** **A4:** Thank you for your valuable suggestions. Although our interpretability task is totally different from the graph generalization task, their method is the model we want to explain and is helpful in our work. Additionally, the spatial-temporal method and the causal method are directly related to our tasks. We add these related works in Section 4 and Appendix 4.3. ------ Thank you again for your constructive reviews. Hope that our response can address your concerns. We will feel grateful if you could boost our paper."	"We appreciate your overall positive assessment of our contributions and are grateful for your suggestion. We have already updated the new revision based on your suggestions. ------ **Q1: Generative model** **W1:** Thanks for your question. Our dynamic graph interpretability task lies in providing spatial-temporal explanations (dynamic subgraph set) for dynamic graph structures. Consequently, our ultimate objective is to define a generative model, not a representational model. We make this more clear in Section 2.1. ------ **Q2: Logical derivation of Equation 1** **W2:** In Equation 1, we merge the estimation of $P(\mathcal{Y}|do(\mathcal{C}))$ with that of $P(\mathcal{Y}|do(\mathcal{D}))$. The detailed derivation process of backdoor adjustment can be shown as: \begin{equation} \begin{aligned} P(\mathcal{Y}|do(\mathcal{D})) &= \sum P(\mathcal{Y}|do(\mathcal{D}), \mathcal{S})P(\mathcal{S}|do(\mathcal{D})) \\ &= \sum P(\mathcal{Y}|do(\mathcal{C}))P(\mathcal{S})\\ &= \sum P(\mathcal{S})\sum P(\mathcal{Y}|do(\mathcal{C}),\mathcal{T})P(\mathcal{T}|do(\mathcal{C})\\ &= \sum P(\mathcal{S})\sum P(\mathcal{Y}|\mathcal{G})P(\mathcal{T}). \end{aligned}. \end{equation} We add this in Appendix A.4 in the revision. ------ **Q3: Interpretability issue of DyGNNs** **W3:** Sorry for our unclear expression, all our experiments are conducted on dynamic datasets. In essence, our case study is conducted on DBA-Shapes to provide a more vivid demonstration of DyGNNExplainer's interpretability. We visually represent both the original graph and the top six weighted edges of the generated causal subgraph across all time steps using DyGNNExplainer. Regarding temporal interpretability, the scrutiny of variable $t_p$ reveals that DyGNNExplainer adeptly pinpoints the most critical time steps that significantly influence the target node label within the original graph. In terms of spatial interpretability, DyGNNExplainer proficiently discerns the presence of the 'house' motif within the original graph's concluding time step, offering a compelling explanation for the target node label. ------ **Q4: Static datasets** **W4:** Since our method is the first study on dynamic graph interpretability, there are no directly available datasets suitable for the task of dynamic graph interpretability. So we dynamically transformed some commonly used static graph interpretability datasets. We add this in Section 3.1 in the revision. ------ **Q5: Missing important literature** **W5:** You recommend some benchmarks for graph representation and graph generalization. But it is hard to compare our method with them since the task in our model is totally different from theirs. Graph representation and graph generalization models are the target models we want to explain. For interpretable methods, the target model is model-agnostic. The interpretability task is to provide good explanations for these models. We make this more clear in Section 3.1. Additionally, our methods of decoupling dynamic and static relationships are also different from CaST. To disentangle the static relationship and the dynamic relationship, we propose the constraint that dynamic relationships evolve over time steps but static relationships are independent across each time step. Consequently, we leverage the pre-trained target DyGNN model to guarantee the essential temporal correlation between neighboring subgraphs for the dynamic relationships and identify the rest independent causal information to the static relationships. ------ **Q6: Implementation of Equation 7** **W6:** We utilize contrastive learning to ensure the semantic similarity between the causal embedding $\mathbf{e}^{\mathcal{C}}_t$ and the original embedding $\mathbf{e}_t$ while enlarging the semantic distance between the causal embedding $\mathbf{e}^{\mathcal{C}}_t$ and the trivial embedding $\mathbf{e}^{\mathcal{T}}_t$. $s(\cdot,\cdot)$ measures the similarity, we utilize the dot product here. We add the implementation in Section 2.5 in the revision. ------ **Q7: Implementation of Equation 14** **W7:** $\left\|\mathbf{A}^{\mathcal{C}}_t\right\|_1$ and $\left\|\mathbf{A}^{\mathcal{D}}_t\right\|_1$ are $l_1$ norm of the causal graph set and the dynamic causal graph set, respectively. We sum up all elements here. The $\left\|\mathbf{A}^{\mathcal{S}}_t\right\|_1$ in Equation 14 should be replaced by $\left\|\mathbf{A}^{\mathcal{D}}_t\right\|_1$ , we have corrected it in revision. ------ **Q8: Typo in Table 2 and Equation 15** **W8:** We are sorry that one of the data in Table 2 was filled in incorrectly. The best performance in DTree-Grid is obtained by DyGNNExplainer. We have corrected the typo in Table 2 in the revision. And we have corrected $\Theta$ with $\Psi$ in the last line of Section 2. ------ Thank you again for your constructive reviews. Hope that our response can address your concerns. We feel grateful for your appreciation.

We thank all reviewers for their insightful comments and suggestions. We are particularly encouraged by the reviewers’ feedback. We have made a heavy revision to our paper according to the reviewer's constructive suggestions. Below we summarize some key modifications in this revision: - Derivation process of backdoor adjustment in Equation 1in Appendix A.4 (Reviewer #1, Reviewer #4) - Complexity descriptions of dynamic VGAE in Appendix A.4 (Reviewer #1) - Loss function hyperparameters in Appendix A.2 (Reviewer #1, Reviewer #3) - Dataset and baseline selection in Section 3.1 (Reviewer #1, Reviewer #3, Reviewer #4) - More related works in Section 4 and Appendix 4.3 (Reviewer #1) - Clearer explanation and presentation - Ablation study in Section 3.2 (Reviewer #1) - Text in Figure 1 (Reviewer #2) - Motivations and solutions in Section 1 (Reviewer #3, Reviewer #4) - Graph interpretability task in Section 2.1 (Reviewer #4) - Implementation of Equation 7 (Reviewer #4) Moreover, we have carefully checked our paper typos and reorganized the presentation. If there still remains any consideration, please kindly let us know. We are very happy to make a further revision in light of your great suggestions. We will address comments by each of the reviewers individually.

**Q5: Hyperparameters and computational complexity in Equation 15** **W5:** Thanks for your suggestions. We supplement the parameter search range and optimal parameter selection of the four constraints of the loss function to help improve the reliability and reproducibility of the results. In the final optimization objects, the loss function weight parameters $\lambda_1$, $\lambda_2$, $\lambda_3$, and $\lambda_4$ are set from [0.2, 0.4, 0.6, 0.8, 1]. And the best performance is obtained where $\lambda_1=1$, $\lambda_2=0.4$, $\lambda_3=0.2$, and $\lambda_4=0.2$. We add this in Appendix A.2. VGAE-based encoder is the most time consuming component in our method. In the dynamic VGAE-based encoder, we generate the causal soft mask matrix $\mathbf{M}^{\mathcal{C}}$ and the dynamic soft mask matric $\mathbf{M}^{\mathcal{D}}$ with $O(d*|V|^2)$ complexity for T unique time steps, where d is the embedding size. The contrastive learning part also costs lots of time and has time complexity O($|V|$*$d$*$T^2$). Then, the total time complexity is O($|V|^2$*$d$*$T$ + $|V|$*$d$*$T^2$). Note that $T << |V|$, then we can ignore the time of contrastive learning and obtain the total time complexity as O($|V|^2$*$d$*$T$). ------ **Q6: Codebase link** **W6:** So sorry we attached the wrong code link. The wrong code link is unrelated to this paper and does not include any information about authors. We have updated the correct anonymous code link in the new version. ------ Thank you again for your constructive reviews. Hope that our response can address your concerns. We will feel grateful if you could boost our paper."			
eepoE7iLpL__r02	ICLR.cc/2024/Conference	Enhancing Neural Subset Selection: Integrating Background Information into Set Representations	5: marginally below the acceptance threshold	3: You are fairly confident in your assessment. It is possible that you did not understand some parts of the submission or that you are unfamiliar with some pieces of related work. Math/other details were not carefully checked.	"[weaknesses] - Lack of ablation studies. - The proposed method is not evaluated on a wide distribution of datasets. - Will similar findings hold if the dataset contains imbalance? If so, what degree of imbalance do the guarantees still hold?

[questions] - Baselines do not consider the information from superset, but these baselines be improved by adding the invariant sufficient statistic of the superset?

[summary] The paper tackles neural subset selection. In particular, they tackle the issue that current methods do not consider the properties of the superset while constructing subsets. Their theoretical findings demonstrate that when the target value is conditioned on both the input set and subset, it is essential to incorporate an invariant sufficient statistic of the superset into the subset of interest for effective learning."	"### ***Comments 3: Will similar findings hold if the dataset contains imbalance? What degree of imbalance do the guarantees still hold?*** ***ANSWER***: INSET is designed to significantly enhance the models' capacity to effectively learn $P(Y|S,V)$ or $F(S,V)$. According to Theorem 3.5, this enhancement **holds true consistently** when the tasks involve modeling the relationship between (S,V) and $Y$. To provide empirical evidence, we conduct additional experiments that demonstrate INSET's consistent superiority over the baselines, even in scenarios with imbalanced ground set sizes. Specifically, we train the model on the two-moons datasets (for detailed information, please refer to Appendix F.1) using fixed ground set sizes of 100, and evaluate its performance on various data sizes ranging from 200 to 1000. | | 200 | 400 | 600 | 800| 1000 | |--|--|--|--|--|--| |EquiVSet | 0.538 $\pm$ 0.002 | 0.513 $\pm$ 0.003 | 0.482 $\pm$ 0.002 | 0.473 $\pm$ 0.005 | 0.471 $\pm$ 0.003 |INSET | 0.547 $\pm$ 0.002 | 0.518 $\pm$ 0.005 | 0.502 $\pm$ 0.003 | 0.486 $\pm$ 0.002 | 0.485 $\pm$ 0.002 The results clearly show that INSET **consistently enhances** the performance of EquiVSet, regardless of any imbalances. ### ***Comments 4: Can baselines be improved by adding the invariant sufficient statistic of the superset?*** ***ANSWER:*** Certainly, Theorem 3.5 offers a comprehensive framework for modeling the relationship between $Y$ and $(S,V)$, which is also **applicable to the baselines**. However, integrating this invariant sufficient statistic directly into DeepSet and Set-Transformer presents challenges, as they do not explicitly learn a neural subset function $F(S,V)$. Our method, INSET, has employed DeepSet as its backbone. To demonstrate that Set-Transformer can also derive benefits from INSET, we utilize Set-Transformer as our backbone to showcase this. | | Random | Set-Transformer | Set-Transformer + INSET |--|--|--|--| | Toys |0.083 | 0.625 $\pm$ 0.020 | **0.769 $\pm$ 0.010**| | Gear | 0.077 | 0.647 $\pm$ 0.006| **0.825 $\pm$ 0.021** | | Carseats | 0.066 | 0.220 $\pm$ 0.010| **0.230 $\pm$ 0.031**| | Bath | 0.076 | 0.716 $\pm$ 0.005| **0.862 $\pm$ 0.005**| | Health |0.076 |0.690 $\pm$ 0.010 | **0.852 $\pm$ 0.009** | | Diaper | 0.084 |0.789 $\pm$ 0.005 | **0.896 $\pm$ 0.005** | | Bedding | 0.079 | 0.760 $\pm$ 0.020| **0.885 $\pm$ 0.013** | | Feeding | 0.093 | 0.753 $\pm$ 0.006| **0.902 $\pm$ 0.004** | By employing Set-Transformer as our backbone, we enable it to explicitly learn the relationship between $Y$ and $(S,V)$. The empirical results clearly demonstrate a **significant improvement** in performance as a result. Thank you for your time and thoughtful consideration. If you have any concerns or questions, please don't hesitate to reach out to us.

We greatly appreciate the time and effort you have invested. In response to your concerns, we have provided detailed clarifications and additional experimental results. For your convenience, these results are presented in tabular format. We will incorporate these results, along with details and plots into the appendix of the revised version. ### ***Comments 1: Lack of ablation studies*** ***ANSWER***: Thank you for highlighting the absence of ablation studies in our work. Indeed, our method, INSET, **does not introduce any new hyperparameters** to the EquiVSet [1] framework. We use the **exact same** hyperparameters as EquiVSet in all of our experiments, ensuring a **fair comparison**. Meanwhile, INSET can significantly outperform baseline models across various datasets and tasks, demonstrating its **substantial efficacy**. To further verify the robustness of INSET, we have now conducted ablation studies focusing on the Monte-Carlo (MC) sample numbers for each input pair $\{(V_i, S_i^*)\}$. In the context of neural subset selection tasks, our primary aim is to train the model $\theta$ to predict the optimal subset $S^*$ from a given ground set $V$. During training, we sample m subsets from $V$ to optimize our model parameters $θ$, thereby maximizing the conditional probability distribution $p_\theta (S^* | V)$ among of all pairs of $(S,V)$ for for a given V. In our main experiments, we adhere to EquiVSet's protocol by setting the sample number $m$ to 5 across all the tasks. Even with varying the value of $m$, the results **consistently** demonstrate that INSET **significantly outperforms** EquiVSet. Please note that the performance of EquiVSet is reported by **selecting the best results** achieved after tuning the value of $m$. | | EquiVSet | m=1 | m=2 |m=5 | m=7 |m=8 | m=10 |--|--|--|--|--|--|--|--| | Toys | 0.704$\pm$0.004 | 0.752$\pm$0.006 | 0.753$\pm$0.005 | 0.769$\pm$0.005 | 0.768$\pm$0.003 | 0.767$\pm$0.003| **0.771$\pm$0.004** | Gear| 0.745$\pm$0.013 | 0.788$\pm$0.015| 0.775$\pm$0.020| 0.808$\pm$0.012 | 0.813$\pm$0.010 | 0.821$\pm$0.015 | **0.846$\pm$0.011** | Bath| 0.820$\pm$0.005 | 0.821$\pm$0.010| 0.851$\pm$0.008| 0.862$\pm$0.005| 0.874$\pm$0.006 | 0.861$\pm$0.005 | **0.874$\pm$0.003** | Health| 72.0$\pm$0.010 | 0.749$\pm$0.015| 0.763$\pm$0.012| 0.812$\pm$0.005 | **0.824$\pm$0.008** | 0.808$\pm$0.005 | 0.811$\pm$0.005 ### ***Comments 2: The proposed method is not evaluated on a wide distribution of datasets.*** ***ANSWER***: It is important to clarify that our experiments encompass three tasks: product recommendation, set anomaly detection, and compound selection, which involve the processing of tabular data, images, and 3D Cartesian coordinates. Specifically, we conduct extensive experiments on **these tasks using six datasets**. Notably, for the product recommendation task, the datasets consist of 12 categories, effectively representing **12 sub-datasets**. Moreover, we have also conducted synthetic experiments in Appendix F.1 to assess INSET's capability to learn complex set functions. Additionally, to provide further evidence of INSET's effectiveness, we have performed set anomaly detection tasks using the CIFAR-10 dataset. We are also incorporating additional filters for compound selection tasks for a wider distribution of datasets. For more information, please refer to Appendix F.3 and F.5 in the revised submission."" | | Random | PGM | DeepSet | Set-Transformer | EquiVSet | INSET | :-: | :-: | :-: | :-: | :-: | :-: | :-: | | CIFAR-10 | 0.193 | 0.450$\pm$0.020 | 0.316$\pm$0.008 | 0.654$\pm$0.023 | 0.603$\pm$0.012 | **0.742$\pm$0.020** | PDBBind | 0.073 | 0.350$\pm$0.009 | 0.323$\pm$ 0.004 | 0.355$\pm$0.010 | 0.357$\pm$0.005 | **0.371$\pm$0.010** | BindingDB | 0.027 | 0.176$\pm$0.006 | 0.165$\pm$0.005 | 0.183$\pm$0.004 | 0.188$\pm$0.006 | **0.198$\pm$0.005** The latest results provide further evidence of INSET's superior performance compared to the baselines. Furthermore, it is worth mentioning that our experimental setup includes a **significantly larger number** of experiments compared to DeepSet (Sec. 4.3) [2] and PGM (Sec. 5.3) [3]. [1] Ou Z, Xu T, Su Q, et al. ""Learning Set Functions Under the Optimal Subset Oracle via Equivariant Variational Inference.""NeurIPS, 2022. [2] Zaheer M, Kottur S, Ravanbakhsh S, et al. ""Deep Sets."" NeurIPS, 2017. [3] Tschiatschek S, Sahin A, Krause A. ""Differentiable submodular maximization."" IJCAI, 2018.

### ***Comments 2: In equation 4, how do you divide a superset into several subsets?*** ***ANSWER:*** Theorem 3.5 and Eq.4 are general frameworks to establish the relationship between $Y$ and $(S,V)$. This approach **does not necessitate** dividing a superset into multiple subsets; instead, it requires processing only once for a specific pair of $(S,V).$ In the context of neural subset selection with the optimal supervision (OS) oracle, addressing the variational approximation employs Monte-Carlo (MC) sampling. For a given $V_i,$ we only generate $m$ subsets during training, consistently setting this number to $5$ across various tasks. Consequently, this **eliminates the need for an exponential number of combinations**. It is important to highlight that one of the foremost advantages of Neural Subset Selection in the context of OS Oracle is its ability to **significantly reduce the computational burden** associated with processing an exponential number of $(S,V).$ ### ***Comments 3: What is the number of learnable parameters for baselines and the proposed method?*** ***ANSWER:*** In regard to the parameters, we have already done ablation studies in **Table 3** and provided a discussion in **Section 4.4** of our paper. To further demonstrate that the improvements achieved by our method are **not merely due to additional parameters**, we present an additional table here using the CeleA dataset. This table compares EquiVSet (v1) and EquiVSet (v2) — variants of EquiVSet where we have incorporated a Conv(32, 3, 2) layer and a Conv(64, 4, 2) layer into the EquiVSet backbone, respectively. Detailed descriptions of these backbones are available in Appendix E.2. Notably, despite having the largest number of parameters, EquiVSet (v2) is outperformed by INSET, indicating that **our method's efficacy is not solely parameter-dependent**. | | DeepSet | Set-Transformer | EquiVSet | EquiVSet-v1 | EquiVSet-v2 | INSET |--|--|--|--|--|--|--| | Parameter | 651181 | 1288686 | 1782680 | 2045080 | **3421592** | 2162181 |MJC| 0.440$\pm$0.006| 0.527$\pm$0.008 | 0.549$\pm$0.005 | 0.554$\pm$0.007 | 0.560$\pm$0.005 | **0.580$\pm$0.012** Thank you in advance for dedicating your time and attention to our response. We are confident that the clarifications and additional information provided here comprehensively address your concerns. With this in mind, we respectfully and earnestly request that you re-evaluate our work, considering the explanations we have offered."	"We express our sincere gratitude to the Area Chairs and Reviewers for their dedicated time and valuable feedback. Below is a concise summary of the review and our responses for ease of reference. ***Reviewer Acknowledgments***: Our method, INSET, has been recognized for its **strong empirical performance** and **rigorous theoretical support**. Key highlights include: - **Clear Motivation with Theoretical Support:** Our model is inspired by a **theoretical result** [miuk], and have theoretically demonstrated the significance to include information from supersets to achieve better performance [PoVi, vcJR]. - **Strong Empirical Performance:** INSET achieves **state-of-the-art** performance [miuk], supported by empirical evidence [PoVi]. - **Quality of Writing:** The manuscript is praised for its clarity and simplicity, making it **accessible for newcomers** to the field [vcJR, miuk]. The presentation **effectively conveys high-level concepts** [PoVi]. ***Addressing Weaknesses***: The reviewers raised concerns regarding ablation studies [vcJR, miuk], dataset distribution [vcJR], and mathematical notations in the optimal subset oracle [PoVi, miuk]. Our responses include: - *Ablation Studies*: We clarified in this [dialog](https://openreview.net/forum?id=eepoE7iLpL&noteId=29tZ7OiyiO) that INSET introduces **no new hyperparameters**. Additional experiments demonstrate that even with variations in existing hyperparameters, INSET **consistently outperforms** baselines by **a large margin**. This response was **[acknowledged positively](https://openreview.net/forum?id=eepoE7iLpL&noteId=sIlnAhy7I9) by Reviewer miuk**. - *Mathematical Notations:* Following suggestions from Reviewers PoVi and miuk, we corrected minor typos and enriched the appendix with additional mathematical background. These revisions received **[positive feedback](https://openreview.net/forum?id=eepoE7iLpL&noteId=sIlnAhy7I9) from Reviewer miuk**. - *Dataset Distribution:* We clarified in the [dialog](https://openreview.net/forum?id=eepoE7iLpL&noteId=29tZ7OiyiO) that our approach **encompasses three tasks across six datasets in different modalities** in the main body of our work. The appendix have also included **five additional datasets**. We have utilized a **much wider variety of datasets** than those adopted by our baseline comparisons. ***Revision Overview***: - To enhance clarity, we have made refinements to the description of $Y$ in the Introduction, as well as the definitions of $V$ and $S$ in Sections 3.1 and 3.2. - The mathematical description of the optimization objective and inference process has been detailed in Appendix D.2. - Appendix F.2 has been updated with additional empirical studies on computation costs. Further, ablation studies have been included in Appendix F.4, and results from a broader range of datasets are now presented in Appendix F.5."" We are thankful for the constructive feedback received, and we believe that the concerns raised by the reviewers have been thoroughly addressed in our responses and revisions.

### ***Comments 2: In equation 4, how do you divide a superset into several subsets?*** ***ANSWER:*** Theorem 3.5 and Eq.4 are general frameworks to establish the relationship between $Y$ and $(S,V)$. This approach **does not necessitate** dividing a superset into multiple subsets; instead, it requires processing only once for a specific pair of $(S,V).$ In the context of neural subset selection with the optimal supervision (OS) oracle, addressing the variational approximation employs Monte-Carlo (MC) sampling. For a given $V_i,$ we only generate $m$ subsets during training, consistently setting this number to $5$ across various tasks. Consequently, this **eliminates the need for an exponential number of combinations**. It is important to highlight that one of the foremost advantages of Neural Subset Selection in the context of OS Oracle is its ability to **significantly reduce the computational burden** associated with processing an exponential number of $(S,V).$ ### ***Comments 3: What is the number of learnable parameters for baselines and the proposed method?*** ***ANSWER:*** In regard to the parameters, we have already done ablation studies in **Table 3** and provided a discussion in **Section 4.4** of our paper. To further demonstrate that the improvements achieved by our method are **not merely due to additional parameters**, we present an additional table here using the CeleA dataset. This table compares EquiVSet (v1) and EquiVSet (v2) — variants of EquiVSet where we have incorporated a Conv(32, 3, 2) layer and a Conv(64, 4, 2) layer into the EquiVSet backbone, respectively. Detailed descriptions of these backbones are available in Appendix E.2. Notably, despite having the largest number of parameters, EquiVSet (v2) is outperformed by INSET, indicating that **our method's efficacy is not solely parameter-dependent**. | | DeepSet | Set-Transformer | EquiVSet | EquiVSet-v1 | EquiVSet-v2 | INSET |--|--|--|--|--|--|--| | Parameter | 651181 | 1288686 | 1782680 | 2045080 | **3421592** | 2162181 |MJC| 0.440$\pm$0.006| 0.527$\pm$0.008 | 0.549$\pm$0.005 | 0.554$\pm$0.007 | 0.560$\pm$0.005 | **0.580$\pm$0.012** Thank you in advance for dedicating your time and attention to our response. We are confident that the clarifications and additional information provided here comprehensively address your concerns. With this in mind, we respectfully and earnestly request that you re-evaluate our work, considering the explanations we have offered.

We greatly appreciate the time and effort you have invested. In response to your concerns, we have provided detailed clarifications and additional experimental results. For your convenience, these results are presented in tabular format. We will incorporate these results, along with details and plots into the appendix of the revised version. ### ***Comments 1: Lack of ablation studies*** ***ANSWER***: Thank you for highlighting the absence of ablation studies in our work. Indeed, our method, INSET, **does not introduce any new hyperparameters** to the EquiVSet [1] framework. We use the **exact same** hyperparameters as EquiVSet in all of our experiments, ensuring a **fair comparison**. Meanwhile, INSET can significantly outperform baseline models across various datasets and tasks, demonstrating its **substantial efficacy**. To further verify the robustness of INSET, we have now conducted ablation studies focusing on the Monte-Carlo (MC) sample numbers for each input pair $\{(V_i, S_i^*)\}$. In the context of neural subset selection tasks, our primary aim is to train the model $\theta$ to predict the optimal subset $S^*$ from a given ground set $V$. During training, we sample m subsets from $V$ to optimize our model parameters $θ$, thereby maximizing the conditional probability distribution $p_\theta (S^* | V)$ among of all pairs of $(S,V)$ for for a given V. In our main experiments, we adhere to EquiVSet's protocol by setting the sample number $m$ to 5 across all the tasks. Even with varying the value of $m$, the results **consistently** demonstrate that INSET **significantly outperforms** EquiVSet. Please note that the performance of EquiVSet is reported by **selecting the best results** achieved after tuning the value of $m$. | | EquiVSet | m=1 | m=2 |m=5 | m=7 |m=8 | m=10 |--|--|--|--|--|--|--|--| | Toys | 0.704$\pm$0.004 | 0.752$\pm$0.006 | 0.753$\pm$0.005 | 0.769$\pm$0.005 | 0.768$\pm$0.003 | 0.767$\pm$0.003| **0.771$\pm$0.004** | Gear| 0.745$\pm$0.013 | 0.788$\pm$0.015| 0.775$\pm$0.020| 0.808$\pm$0.012 | 0.813$\pm$0.010 | 0.821$\pm$0.015 | **0.846$\pm$0.011** | Bath| 0.820$\pm$0.005 | 0.821$\pm$0.010| 0.851$\pm$0.008| 0.862$\pm$0.005| 0.874$\pm$0.006 | 0.861$\pm$0.005 | **0.874$\pm$0.003** | Health| 72.0$\pm$0.010 | 0.749$\pm$0.015| 0.763$\pm$0.012| 0.812$\pm$0.005 | **0.824$\pm$0.008** | 0.808$\pm$0.005 | 0.811$\pm$0.005 ### ***Comments 2: The proposed method is not evaluated on a wide distribution of datasets.*** ***ANSWER***: It is important to clarify that our experiments encompass three tasks: product recommendation, set anomaly detection, and compound selection, which involve the processing of tabular data, images, and 3D Cartesian coordinates. Specifically, we conduct extensive experiments on **these tasks using six datasets**. Notably, for the product recommendation task, the datasets consist of 12 categories, effectively representing **12 sub-datasets**. Moreover, we have also conducted synthetic experiments in Appendix F.1 to assess INSET's capability to learn complex set functions. Additionally, to provide further evidence of INSET's effectiveness, we have performed set anomaly detection tasks using the CIFAR-10 dataset. We are also incorporating additional filters for compound selection tasks for a wider distribution of datasets. For more information, please refer to Appendix F.3 and F.5 in the revised submission."" | | Random | PGM | DeepSet | Set-Transformer | EquiVSet | INSET | :-: | :-: | :-: | :-: | :-: | :-: | :-: | | CIFAR-10 | 0.193 | 0.450$\pm$0.020 | 0.316$\pm$0.008 | 0.654$\pm$0.023 | 0.603$\pm$0.012 | **0.742$\pm$0.020** | PDBBind | 0.073 | 0.350$\pm$0.009 | 0.323$\pm$ 0.004 | 0.355$\pm$0.010 | 0.357$\pm$0.005 | **0.371$\pm$0.010** | BindingDB | 0.027 | 0.176$\pm$0.006 | 0.165$\pm$0.005 | 0.183$\pm$0.004 | 0.188$\pm$0.006 | **0.198$\pm$0.005** The latest results provide further evidence of INSET's superior performance compared to the baselines. Furthermore, it is worth mentioning that our experimental setup includes a **significantly larger number** of experiments compared to DeepSet (Sec. 4.3) [2] and PGM (Sec. 5.3) [3]. [1] Ou Z, Xu T, Su Q, et al. ""Learning Set Functions Under the Optimal Subset Oracle via Equivariant Variational Inference.""NeurIPS, 2022. [2] Zaheer M, Kottur S, Ravanbakhsh S, et al. ""Deep Sets."" NeurIPS, 2017. [3] Tschiatschek S, Sahin A, Krause A. ""Differentiable submodular maximization."" IJCAI, 2018."			
SLw9fp4yI6__r02	ICLR.cc/2024/Conference	Controlled Text Generation via Language Model Arithmetic	8: accept, good paper	4: You are confident in your assessment, but not absolutely certain. It is unlikely, but not impossible, that you did not understand some parts of the submission or that you are unfamiliar with some pieces of related work.	"[weaknesses] The biggest weakness of this paper is the lack of a more thorough evaluation. I think this breaks down into three categories: - **Lack of finer grained analysis of generation.** Neither a human or an LLM-backed evaluation (e.g., with GPT-4) was done, only classifier and perplexity based evaluations (where perplexity is taken under the original vanilla language model). This means that text could be qualitatively strange in some capacity, and none of the evaluations would show it as long as the original model is not too surprised by it. I find this somewhat worrying, as the problem with many model control techniques is the fact that they collapse onto strange parts of the distribution that are low perplexity but still wrong, e.g. the repetition with greedy and beam search. - **Lack of different generative scenarios.** While section 5.2 shows fine grained control over the generated topic, this is an extremely limited generation scenario where all the model has to do is speak about a specific topic. Evaluation on controlled generation, personalized summarization or translation, coherent essay writing, or any somewhat more defined generation scenario would have made evaluation more convincing. - **Lack of exploration of the space of possible expressions.** The authors present an extremely general method for constructing interesting distributions to sample from, but only test a handful. It would be disappointing if it turned out that this technique is extremely brittle to the specific Language Model Arithmetic expression that is used, which would simply have transported the complexity of prompting to the complexity of finding the right arithmetic expression. The results in the paper do not suggest this is the case, but evaluate only 4 different expressions for quality, with the rest of the results only changing the coefficient values or testing speed.

[questions] N/A

[summary] **TL;DR** This paper generalizes a number of model control techniques to combine different token and classifier distributions as generalized “Language Model Arithmetic” expressions that can evaluate arbitrary linear combinations of token probability distributions, binary classifiers, and token distributions combined with union and intersection operators. Furthermore the authors show that speculative sampling can be used to make this process quite efficient. Experiments on toxicity reduction, topic control, and efficiency validate these properties. The paper is well-written and unifies different methods under a novel framework that pushes forward new possibilities. Results are less thorough than I would have hoped, but I believe this paper deserves to be accepted. The paper begins by discussing the downsides of prompting as a method of controlling text generation, referencing past work that has shown that prompting is not reliable, efficient, or interpretable. They then suggest that doing a kind of “model arithmetic” where different distributions are composed via an altered version of speculative sampling can result in distributions that match the original intention of the user, though how one decides on the arithmetic formula for models is left unspecified. Necessary background is then reviewed. For their first contribution, the authors describe a framework for weighting various predictions more or less depending on how ‘important’ they are for some externally defined purpose, as represented by weighting functions f_i. They then prove that given that the sum of weights f_i is positive and independent of which token is being weighted, they can find a weighting that minimizes the KL divergence through a simple softmax computation. While intuitive in retrospect, this is quite an interesting insight when framed as a method of control. They use this framing and result to define Language Model Arithmetic as an arithmetic combination of different weighting functions and distributions that meet the previously described assumptions. It is an elegant trick to first ensure that the weighting functions add up to a constant value to find an easy minimization, and then use further weightings to control what distribution is being optimized for, and the authors describe this method quite clearly. Having described this approach, the authors show how previous controlled text generation methods can actually be expressed in their framework. So far, the authors have only described linear combinations of different token-level distributions, but the authors also show that a binary classifier can be added to the optimization, since we can convert minimizing the classifiers value to a difference of two KL divergence terms. This allows Language Model Arithmetic to further generalize past approaches. However, it’s worth noting that in practice approximations must be used since the described theorems only apply when a distribution based on classifying _every possible next word in the vocabulary_ can be computed, which is generally very expensive since vocabularies are often in the tens or even hundreds of thousands. To be fair, previous work with similar methods also had to approximate the full distribution by using only the top-k highest probability tokens, so while this is a flaw, it is no worse than previous methods. Next the authors introduce the union operator for Language Model Arithmetic (and briefly mention the unused intersection operator), which essentially takes distributions Q_1 and Q_2, and expresses an optimization objective to maximize the probability per token under the max given by either Q_1 and Q_2. This is achieved by attaching an indicator function to KL divergence terms, that is non-zero for Q_1 only when its KL divergence is lower for a certain token than Q_2 and vice versa. The authors then move on to showing that speculative sampling, a method recently invented to allow sampling from a cheaper proposal distribution by validating from a target distribution and resampling where necessary, can be generalized to sampling from Language Model Arithmetic expression. In short the authors propose to use individual terms in Language Model Arithmetic expressions as proposal distributions and target distributions that are chained together to sample from the full expression of the desired distribution combination. This only works with full token distributions, but binary classifiers can be used at the first step to essentially limit the hypothesis space. This creates a caveat where multiple binary classifiers can’t be chained together efficiently. Experimental validation is done in three parts: toxicity reduction, fine grained control over text generation topics, and speed improvements from speculative sampling. For toxicity reduction, the results shown in Table 5 convincingly show that by combining multiple of the proposed techniques for Language Model Arithmetic, toxicity in generated text (at least according to the given classifier) while achieving lower perplexities than previous methods. The authors show that using large coefficients in Language Model Arithmetic eventually degrades perplexity, but show that multiple different coefficients still perform decently. A more thorough study of sensitivity of Language Model Arithmetic to different coefficients and expressions would have made this set of experiments more convincing. For fine grained controlled text generation, the authors show that over two different Language Model Arithmetic expressions, linearly increasing the strength of a component linearly increases classifier scores for that component over generated text. The one exception is the “sports” topic, which is sigmoidal, but still shows relatively clear control. While these experiments are positive. I feel that they could have been shown and done more thoroughly. For instance, three things I would have liked to see: - Accompanying perplexity graphs to the shown classifier results that validate whether the model continues to generate sensical text rather than just “football football football”, which seems like it may indeed happen at some point given the high perplexities in the toxicity reduction section. - Only two different Language Model Arithmetic expressions are tested. They are interesting, complex expressions, but one big question that’s left unanswered is how much fiddling has to be done to find the right Language Model Arithmetic expression? If the complexity of prompting is replaced by the complexity of finding the right expression, then this is less of a win for the proposed method. - It would be useful to see what happens when multiple lambda values are changed and whether interference becomes too strong after a certain point. The results in this section are nice, and they are partially substantiated by being a generalization of previous methods, but they feel a little thin. For the final set of results, the authors show that using speculative sampling makes the problem of evaluating Language Model Arithmetic expressions for generation much less onerous. In particular, the metric of “model calls per token” is focused on (which I think is exactly the right metric, as it scales with model size). The authors show that model calls per token is reduced with speculative sampling and that this reduction only grows with more complex formulas, which is a big win. It seems that this is because successive terms in a Language Model Arithmetic formula affect the result less, as there is a limited distribution of options that will be possible given that some achieve extremely low probability under certain distributions. It would be interesting to see if the order of evaluation could be optimized, since terms with large coefficients will likely save more time if evaluated first. Related work that was not mentioned in the background or fully connected to the proposed method are reviewed, and the paper concludes."	"We thank the reviewer for their extensive review and insightful questions, which we address below. We are delighted to read that they find our work well-written, model arithmetic to be an elegant generalization of prior work and our experiments to be promising. **Q: Can you include GPT-4 or human evaluation?** We included an evaluation by GPT-4 validating our results for both the toxicity reduction (see Table 6, Section 5.1) and sentiment control (see Table 10 and 12, Appendix F) tasks as a surrogate for human evaluation. We find that GPT-4 confirms our results and prefers our method over prior work. For further details, please see Q1 and Q2 of our main reply. **Q: Can you further explore a more defined generation scenario, such as personalized translation?** We included an extra evaluation section in Appendix F on sentiment control, a task commonly found in prior work (Pei et al. 2023, Liu et al. 2021, Krause et al. 2020). We find that model arithmetic significantly outperforms prior approaches for this task, as discussed in more detail in Q2 of our main reply. **Q: Can you provide the perplexity graphs for the results in Section 5.2 to ensure that results remain sensible?** We included plots for the perplexity of the formulas in Section 5.2 in Appendix I.2. As expected, perplexity smoothly changes over different parameter values. Further, perplexity overall remains under the reasonable value of $6.2$ compared to $4.8$ by the highest prompted model. Manual inspection of the data generated by the extreme points shows that the generated text is still fluent and the unprompted model $M$ associates a slightly higher perplexity to the text due to the high presence of an uncommon attribute that would normally not appear in the generated text by $M$. The only exception here is the educational topic, which uses a classifier with a very high weight ($12.0$) for which we found that a word sometimes gets replaced by a nonsensical one. We now also include several randomly selected examples of texts generated by the model under these high parameters in Appendix I.2. These examples show the various characters produced by the formulas and show that the generated output is still fluent. **Q: Is it possible that the proposed technique is brittle to the specific language model arithmetic expressions used?** We never encountered any brittle behavior while evaluating and testing on a wide variety of expressions, both in the examples presented in Figure 1, Table 2, Table 3, Table 4 and Table 17 and in the various expressions presented in Sections 5.1, 5.2, 5.3 and Appendix F. Only for the educational attribute in Section 5.2 we found a decreased fluency when using the classifier at very high strengths. We specifically evaluated the expressions from Sections 5.1, 5.2 and Appendix F for perplexity and attribute presence and always found that the formula acts as expected. Furthermore, manual inspection of data generated in all sections shows that generated results are still fluent and do not showcase any weird artifacts with the exception of the slight decrease in fluency for the classifier in Section 5.2. **Q: How much tweaking do the model arithmetic expressions require?** As discussed in Q4 of our main reply, we rely on Theorem 1 and the interpretation of coefficients as relative strengths to construct the formulas for all examples in the paper. This allowed us to easily choose the right ballpark for the examples shown in the paper without requiring any further tweaking. **Q: Does model arithmetic just shift the complexity of finding the right prompt to finding the right expression?** As noted in the previous answer, finding the right expression is relatively simple. More importantly, we note that formulas are more powerful than prompts and therefore do not just shift the complexity to finding the right expression, as shown by our results on toxicity reduction (see Section 5.1) and sentiment control (see Appendix F), and by examples showcasing interesting possibilities such as overstressing a specific attribute by biasing away from the standard model output (see e.g., Table 2) and using a classifier to generate more human-like text (see e.g., Table 3). **Q: Can the order of evaluation for speculative sampling be optimized, since terms with large coefficients will likely save more time if evaluated first?** Yes, terms with higher coefficients are evaluated more often with our speculative sampling method. Terms that have a higher influence on the output distribution, have a higher probability of rejecting a specific token after their evaluation, ensuring that the optimal speculative factor, according to the procedure outlined in Appendix E.1, is lower. This implies that these terms are evaluated more often in the sampling procedure.

We thank the reviewer for their insightful questions, which we address below and are encouraged to hear that they find our work to be inventive and interesting. **Q: Does model arithmetic provide a more intuitive definition of magnitude of effect than prior work?** Please see Q4 of our main reply. **Q: How did you select the weights for model arithmetic in Table 5?** We selected these weights by gradually increasing the biasing strength until we found a degradation in the perplexity of the results. In an initial version of model arithmetic, we denoted these formulas using the equivalent notation $5M - 4M_\text{toxic}$, $25M - 24M_\text{toxic}$ and $100M - 99M_\text{toxic}$. We thus increased the first term from 5 to 25 to 100 because we noticed that increasing the strength remained fluent. **Q: Does toxicity reduction require the full complexity behind model arithmetic?** While toxicity reduction does not require the full depth in which we introduced model arithmetic, it can make use of all the parts we introduced. In particular it allows us to showcase that our newly derived operator, union, empirically outperforms prior work and further that model arithmetic allows for combining different methods, leading to even better results. Note that subtraction expresses the baselines, PreAdd, which we clearly outperform. **Q: Where can the full feature set of model arithmetic be best utilized to improve over prior work?** We use the full feature set of model arithmetic in several places to significantly outperform previous work. First, in Section 5.1, while the union operator by itself suffices to outperform existing work, the ability of model arithmetic to combine the union operator with a classifier allows us to widen the gap even further. The new sentiment control task presented in Appendix F displays this utility even further, as the combination widens the gap by a much bigger margin, especially as evaluated by GPT-4. This shows that the feature set of model arithmetic can be used to improve results, even on the simple tasks that can be expressed using prior work. Secondly, Section 5.2 discusses the application of conversational agents, with fine grained control over specific attributes. The examples discussed there cannot be expressed using prior CTG works because of the added features of model arithmetic. Since we show that model arithmetic indeed has fine grained control over the attributes at almost no cost in perplexity, it essentially solves this specific task and its improvement over prior work lies in the fact that we can express this. **Q: Do you have other examples of how model arithmetic might intuitively be used?** Model arithmetic can intuitively be used in several areas. Firstly, as shown in the example in Table 3, model arithmetic can be used to avoid detection of AI generated text, by biasing away from the classifier. This can in turn be used to train better detectors, since we can use this ability to generate adversarial examples to the current detector. Furthermore, ensembling models or prompts to achieve better performance can be achieved by using linear operators and the union/intersection operators. Classifier-Free Guidance (Sanchez et al, 2023), a method we subsume, for example shows that performance of language models can be improved by biasing away from models that do not get any context (e.g. by omitting the input question). Finally, by using the fact that one can simply optimize the constants over a certain corpus, model arithmetic can characterize texts. This makes it possible to identify whether a newspaper is politically more left- or right-leaning, or to replicate personal styles by analyzing personal messages. We hope to have been able to address all the reviewers’ concerns, are happy to answer any follow-up questions they might have, and are looking forward to their reply.

We thank the reviewer for their insightful questions, which we address below and are encouraged to hear that they find our work to be clearly motivated and appreciate our results on toxicity reduction. **Q: Can you compare to more prior work in Table 5?** Please see Q3 of our main reply. **Q: Can you include human evaluation for the experiments in Table 5?** We included an evaluation by GPT-4 for both the toxicity reduction (see Table 6, Section 5.1) and sentiment control (see Table 10 and 12, Appendix F) tasks as a surrogate for human evaluation. We find that GPT-4 confirms our results and prefers our method over prior work. For further details, please see Q1 and Q2 of our main reply. **Q: Can you evaluate how well model arithmetic works for smaller models (e.g., GPT2, GPT2-large)?** We extended the toxicity results with results for the GPT-2 model family in Appendix I.1. Interestingly, we find that Fudge is more powerful for the smallest model GPT-2. This is caused by the smaller capacity of GPT-2 (with only 124M parameters, compared to the 355M parameters of the classifier) which makes it harder for a prompt-based method to generate non-toxic samples. For the larger models in the model family, our union operator performs better than prior work. Furthermore, we can leverage the flexibility of model arithmetic by applying a combination of a classifier and the union operator. This formula doubles the toxicity reduction with respect to previous work for the entire GPT-2 model family, thereby validating the results that model arithmetic is more effective at toxicity reduction. **Q: How do you think model averaging via output distributions could compare with weight averaging of the model parameters?** Weight averaging of model parameters, e.g., with task vectors (Ilharco et al., 2023), can be useful to create new model weights that exhibit the behavior and attributes of all used models. It is therefore similar to model arithmetic, but suffers from a couple drawbacks. First, it requires that the LLM is finetuned several times, which requires both data and computational power. Furthermore, it makes the assumption that the weights of the model behave very similarly to vectors, and that performance increases linearly as one goes from the starting weights to the fine-tuned weights. Finally, it requires that all models come from the same architecture and does not allow for the inclusion of classifiers. On the other hand, averaging the weights ensures that model inference speed does not increase, whereas for model arithmetic it does increase even with the proposed generalization of speculative sampling. **Q: How straight forward and performant would it be to swap in different models for each part here and capture the output distribution, if the vocabulary was shared?** Swapping different models is very easy, but the exact performance would depend on the use case. A formula can use a mixture of several models under the mentioned condition that the vocabulary is shared. The current implementation is built on top of the popular transformers Python package from HuggingFace (Wolf et al., 2020) allowing us to use all models from its library and making the operation of swapping models as simple as changing a string from one name to another. How performant the resulting formulas are depends on the underlying task and the models themselves. For example, we see that the same formula works very well for all tested models in Section 5.1 and Appendix F. In Appendix I.1, when applying the formulas on the smaller and less performant model family, the performance of the formulas is a bit different, with the Fudge method now being almost as good as our union operator. We hope to have been able to address all the reviewers’ concerns, are happy to answer any follow-up questions they might have, and are looking forward to their reply."	"We thank the reviewers for their feedback and comments. In particular we are delighted that they found model arithmetic to be an interesting (bqfK) and inventive (Gru5) method that unifies multiple prior approaches (dPAm, Ne4m), supported by interesting theoretical underpinnings (Ne4m, Gru5) and promising experiments (especially on toxicity reduction – bqfK, dPAm, gF67, Gru5). Here we briefly outline the changes made to the manuscript and recurring points in the reviews. **Changes to the Manuscript** - Extended Evaluation - We use GPT-4 to compare our toxicity reduction results with the strongest baseline, PreAdd, to validate our conclusions. See Table 6 of Section 5.1. - Inclusion of the GPT-2 model family on the toxicity task in Appendix I.1 - Additional evaluation of model arithmetic on sentiment control in Appendix F. - We included the perplexity plots for the conversational task in Section 5.2 in Appendix I.2 and included randomly selected samples. - We updated several numbers in Table 5 for the toxicity reduction task. - We adjusted the biasing coefficient for PreAdd to 0.6 instead of 0.5 in Section 5.1 after a more thorough search for the optimal parameter of this baseline. - We fixed a minor bug in our code that caused approximation errors when using very high strengths for the Pythia-12b and MPT-7b models. To ensure reproducibility, we reran all experiments which did not significantly alter the results for other methods. - We also made minor edits to fix typos and enhance grammar. **Q1: Can you compare Model Arithmetic and baselines using GPT-4?** Certainly! We included an analysis by GPT-4 comparing our results with the strongest baseline, PreAdd, to validate our results. We presented GPT-4 with continuations of both methods and prompted it to reason about the replies and select the better continuation. We found that GPT-4 also prefers our method over PreAdd for all evaluated models, both when we only use the union operator (6% average difference) and when we combine both the union operator and the classifier (8% average difference). We present these results in Table 6 of Section 5.1 **Q2: Can you broaden the scope of the evaluation further to another task found in prior CTG work?** Of course! We included an extra experiment evaluating model arithmetic on sentiment control in Appendix F showing that our method also outperforms existing work on this task as well. Closely following the setup used by PreAdd, we evaluate the ability to change the sentiment of a movie review given the first few sentences. We find our union operator again significantly outperforms prior work. Using GPT-4, we find that it is preferred over the best baseline, PreAdd, in all cases with an average lead of 5%. Furthermore, we find that combining the union operator with the classifier as in the toxicity reduction task massively outperforms all baselines, and is preferred by GPT-4 over the best baseline in all cases with an average lead of 12%. **Q3: Can you include other prior work in your evaluation for the toxicity reduction task?** We currently compare our method with SelfDebias, Fudge and PreAdd, which form a representative sample of existing prior work. Other prior work focuses on different settings and applications. Most prior research requires training data, while we focus on the zero shot regime. This excludes methods such as DExperts, GeDi and Quarks which all rely on expensive finetuning with training data for the task at hand. Furthermore, DExperts and GeDi require the existence of a small language model from the same model family, which does not exist for two of the three evaluated models. Other methods that do not require training data often require expensive backward passes through the language model during generation. These approaches are therefore impractical and do not generalize to larger models. Moreover, most prior approaches were specifically implemented for GPT-2, requiring non-trivial adaptations and changes of their codebases to make them work for larger and more modern models. **Q4: Can you provide an explanation on how the formulas presented in the text were constructed?** Based on our theoretical results we found it easy to choose coefficients in the formulas intuitively as relative strength. The examples provided throughout our paper (e.g., Table 5) were all constructed by relying on this interpretation without requiring finetuning of the constants. Intuitively chosen constants typically align well with the intended outcome, without requiring extensive tweaking. For example, while the coefficient in front of the classifier term (e.g., Table 5) might seem unintuitive, it ensures that the relative strength of the classifier is $1$ (as in Fudge). Prompts were not changed after initialization and specifically chosen to be simple, since we want to avoid extensive prompt tuning in our setting, to better demonstrate the benefits of model arithmetic at a foundational level.

We thank the reviewer for their insightful questions, which we address below and are encouraged to hear that they find our work to be clearly motivated and appreciate our results on toxicity reduction. **Q: Can you compare to more prior work in Table 5?** Please see Q3 of our main reply. **Q: Can you include human evaluation for the experiments in Table 5?** We included an evaluation by GPT-4 for both the toxicity reduction (see Table 6, Section 5.1) and sentiment control (see Table 10 and 12, Appendix F) tasks as a surrogate for human evaluation. We find that GPT-4 confirms our results and prefers our method over prior work. For further details, please see Q1 and Q2 of our main reply. **Q: Can you evaluate how well model arithmetic works for smaller models (e.g., GPT2, GPT2-large)?** We extended the toxicity results with results for the GPT-2 model family in Appendix I.1. Interestingly, we find that Fudge is more powerful for the smallest model GPT-2. This is caused by the smaller capacity of GPT-2 (with only 124M parameters, compared to the 355M parameters of the classifier) which makes it harder for a prompt-based method to generate non-toxic samples. For the larger models in the model family, our union operator performs better than prior work. Furthermore, we can leverage the flexibility of model arithmetic by applying a combination of a classifier and the union operator. This formula doubles the toxicity reduction with respect to previous work for the entire GPT-2 model family, thereby validating the results that model arithmetic is more effective at toxicity reduction. **Q: How do you think model averaging via output distributions could compare with weight averaging of the model parameters?** Weight averaging of model parameters, e.g., with task vectors (Ilharco et al., 2023), can be useful to create new model weights that exhibit the behavior and attributes of all used models. It is therefore similar to model arithmetic, but suffers from a couple drawbacks. First, it requires that the LLM is finetuned several times, which requires both data and computational power. Furthermore, it makes the assumption that the weights of the model behave very similarly to vectors, and that performance increases linearly as one goes from the starting weights to the fine-tuned weights. Finally, it requires that all models come from the same architecture and does not allow for the inclusion of classifiers. On the other hand, averaging the weights ensures that model inference speed does not increase, whereas for model arithmetic it does increase even with the proposed generalization of speculative sampling. **Q: How straight forward and performant would it be to swap in different models for each part here and capture the output distribution, if the vocabulary was shared?** Swapping different models is very easy, but the exact performance would depend on the use case. A formula can use a mixture of several models under the mentioned condition that the vocabulary is shared. The current implementation is built on top of the popular transformers Python package from HuggingFace (Wolf et al., 2020) allowing us to use all models from its library and making the operation of swapping models as simple as changing a string from one name to another. How performant the resulting formulas are depends on the underlying task and the models themselves. For example, we see that the same formula works very well for all tested models in Section 5.1 and Appendix F. In Appendix I.1, when applying the formulas on the smaller and less performant model family, the performance of the formulas is a bit different, with the Fudge method now being almost as good as our union operator. We hope to have been able to address all the reviewers’ concerns, are happy to answer any follow-up questions they might have, and are looking forward to their reply.

We thank the reviewer for their extensive review and insightful questions, which we address below. We are delighted to read that they find our work well-written, model arithmetic to be an elegant generalization of prior work and our experiments to be promising. **Q: Can you include GPT-4 or human evaluation?** We included an evaluation by GPT-4 validating our results for both the toxicity reduction (see Table 6, Section 5.1) and sentiment control (see Table 10 and 12, Appendix F) tasks as a surrogate for human evaluation. We find that GPT-4 confirms our results and prefers our method over prior work. For further details, please see Q1 and Q2 of our main reply. **Q: Can you further explore a more defined generation scenario, such as personalized translation?** We included an extra evaluation section in Appendix F on sentiment control, a task commonly found in prior work (Pei et al. 2023, Liu et al. 2021, Krause et al. 2020). We find that model arithmetic significantly outperforms prior approaches for this task, as discussed in more detail in Q2 of our main reply. **Q: Can you provide the perplexity graphs for the results in Section 5.2 to ensure that results remain sensible?** We included plots for the perplexity of the formulas in Section 5.2 in Appendix I.2. As expected, perplexity smoothly changes over different parameter values. Further, perplexity overall remains under the reasonable value of $6.2$ compared to $4.8$ by the highest prompted model. Manual inspection of the data generated by the extreme points shows that the generated text is still fluent and the unprompted model $M$ associates a slightly higher perplexity to the text due to the high presence of an uncommon attribute that would normally not appear in the generated text by $M$. The only exception here is the educational topic, which uses a classifier with a very high weight ($12.0$) for which we found that a word sometimes gets replaced by a nonsensical one. We now also include several randomly selected examples of texts generated by the model under these high parameters in Appendix I.2. These examples show the various characters produced by the formulas and show that the generated output is still fluent. **Q: Is it possible that the proposed technique is brittle to the specific language model arithmetic expressions used?** We never encountered any brittle behavior while evaluating and testing on a wide variety of expressions, both in the examples presented in Figure 1, Table 2, Table 3, Table 4 and Table 17 and in the various expressions presented in Sections 5.1, 5.2, 5.3 and Appendix F. Only for the educational attribute in Section 5.2 we found a decreased fluency when using the classifier at very high strengths. We specifically evaluated the expressions from Sections 5.1, 5.2 and Appendix F for perplexity and attribute presence and always found that the formula acts as expected. Furthermore, manual inspection of data generated in all sections shows that generated results are still fluent and do not showcase any weird artifacts with the exception of the slight decrease in fluency for the classifier in Section 5.2. **Q: How much tweaking do the model arithmetic expressions require?** As discussed in Q4 of our main reply, we rely on Theorem 1 and the interpretation of coefficients as relative strengths to construct the formulas for all examples in the paper. This allowed us to easily choose the right ballpark for the examples shown in the paper without requiring any further tweaking. **Q: Does model arithmetic just shift the complexity of finding the right prompt to finding the right expression?** As noted in the previous answer, finding the right expression is relatively simple. More importantly, we note that formulas are more powerful than prompts and therefore do not just shift the complexity to finding the right expression, as shown by our results on toxicity reduction (see Section 5.1) and sentiment control (see Appendix F), and by examples showcasing interesting possibilities such as overstressing a specific attribute by biasing away from the standard model output (see e.g., Table 2) and using a classifier to generate more human-like text (see e.g., Table 3). **Q: Can the order of evaluation for speculative sampling be optimized, since terms with large coefficients will likely save more time if evaluated first?** Yes, terms with higher coefficients are evaluated more often with our speculative sampling method. Terms that have a higher influence on the output distribution, have a higher probability of rejecting a specific token after their evaluation, ensuring that the optimal speculative factor, according to the procedure outlined in Appendix E.1, is lower. This implies that these terms are evaluated more often in the sampling procedure."			
lK2V2E2MNv__r01	ICLR.cc/2024/Conference	Bridging Vision and Language Spaces with Assignment Prediction	8: accept, good paper	3: You are fairly confident in your assessment. It is possible that you did not understand some parts of the submission or that you are unfamiliar with some pieces of related work. Math/other details were not carefully checked.	"[weaknesses] * The motivation for restricting the learned parameter space to just linear layers is unclear -- it would have been more interesting to see more analysis around different learned parameter space including non-linear layers.

[questions] -- Can the authors show ablation studies for the L_map and L_cap objectives to develop better understanding of each component?

[summary] The paper aims to align the LLMs (encoder/decoder or just decoder) with image encoders such that the LLMs can comprehend visual input better. It further restricts the design space to freeze the original LLM and visual encoder, just relying on a cheap learned linear transformation. To adapt such a transformation, the paper presents two learning objectives -- assignment prediction and image captioning. Empirical results are presented on 3 different tasks -- image captioning, VQA and cross-modal retrieval (I2T, T2I)."	"Thank you for your constructive review and valuable suggestions! Below, we provide a detailed response to your questions and comments. If any of our responses fail to sufficiently address your concerns, please inform us, and we will promptly follow up. **[W1] Ablation for assignment prediction** We present the ablation results corresponding to the balancing parameters in equation (7) in the general response. Please refer to that section for more details. The result without the assignment prediction objective corresponds to $\lambda\_\text{map}:\lambda\_\text{cap}=0:1$. To briefly sum up, the assignment prediction objective combined with $\mathcal{L}\_\text{cap}$ improves the performance. **[W2] VLAP with other cross-modal alignment** Thanks for the constructive suggestion. We present the results with the additional objectives, including the image-text matching (ITM) and image-text contrastive (ITC) objectives, in the general response. Briefly, those two objectives show less performance improvement than our proposed assignment prediction. **[W3] Scale of the pretraining dataset** Thank you for your valuable suggestion. As previous works for pretraining VLMs have proven, a larger pretraining dataset should bring better results on zero-shot vision-language tasks. To verify the impact of the scale of the training dataset on zero-shot performance, we will train VLAP with a large-scale dataset (e.g. CC12M) and will include results in the revised paper. However, we would like to emphasize that our method mainly focuses on presenting an efficient methodology (i.e., linear transformation, using pretrained encoders, small-scale training) to make VLMs. **[W4] VLAP with other backbone** | Method | Vis. Encoder | Lang. Model | NoCaps-In | NoCaps-Out | NoCaps-Near | NoCaps-All | NoCaps-CLIP-S | NoCaps-Ref-S | MSCOCO-CIDEr-D | MSCOCO-CLIP-S | MSCOCO-Ref-S | |--------|---------------|-------------|-----------|------------|-------------|------------|---------------|--------------|----------------|---------------|--------------| | MAGMA | CLIP RN50x16 | GPT-J | 30.4 | 43.4 | 36.7 | 38.7 | 74.3 | 78.7 | 47.5 | 75.3 | 79.6 | | LiMBeR | CLIP RN50x16 | GPT-J | 34.3 | 48.4 | 41.6 | 43.9 | 74.7 | 79.4 | 54.9 | 76.2 | 80.4 | | VLAP | CLIP ViT-B/32 | OPT | 48.2 | 62.7 | 59.3 | 61.3 | 84.8 | 88.5 | 69.9 | 86.7 | 91.8 | | VLAP | CLIP ViT-B/32 | T5 | 48.3 | 62.7 | 59.6 | 61.6 | 85.1 | 88.7 | 69.4 | 87.6 | 92.0 | | VLAP | CLIP RN50x16 | GPT-J | 53.8 | 67.5 | 65.7 | 64.5 | 88.3 | 90.1 | 75.3 | 90.6 | 72.2 | While we used the transformer-based vision models (i.e., CLIP ViT-B/32 and BEiT) and the relatively small scale of LLMs (i.e., OPT$\_\text{1.3B}$ and T5$\_\text{Base}$) in the main paper, VLAP can be applied to all publicly available vision models and LLMs. Following MAGMA and LiMBeR, we additionally evaluate VLAP with the CNNs-based vision model (i.e., CLIP RN50x16) and the larger LLM (i.e., GPT-J, which has 6B parameters) for zero-shot image captioning on NoCaps and MSCOCO. Not surprisingly, VLAP with the larger LLM achieves better performance than with the smaller LLMs, significantly outperforming MAGMA and LiMBeR by large margins across all metrics with the same backbones. We add the results to Table. 9 in Appendix. **[Q1] Consistency of the word embedding in LLMs** While word embedding of any LLMs can be used, we exploit the word embedding within the LLM used for language encoding for two main reasons: (1) LLMs use word embeddings as a basis to produce text representations, indicating text representations already have high correlations with word embeddings. Therefore, the consistency of LLM for word embedding and language encoding makes the assignment for language data confident. (2) The inconsistency of LLMs for word embedding and language encoding requires unnecessary memory (e.g. OPT$\_\text{1.3B}$ has about 100M parameters for the word embedding).

Thank you for your constructive review and valuable suggestions! Below, we provide a detailed response to your questions and comments. If any of our responses fail to sufficiently address your concerns, please inform us, and we will promptly follow up. **[W1, W2] Novelty and ablation for assignment prediction** Thanks for your valuable comments. As the reviewer mentioned, our VLAP differs from the previous optimal transport-based (or clustering-based) approaches [1, 2, 3, 4] in the following aspects: (1) defining a fixed central space instead of a learnable central space (i.e., prototypes) and (2) defining the transport polytope with the word distribution of the training dataset instead of the equipartition assumption. The previous works aim to learn visual representations [1, 2] or multimodal representations [3, 4] by \textbf{training the whole networks}, including backbone networks and the central space, in an end-to-end manner. However, we need to connect two \textbf{frozen} backbone networks using visual features as LLMs input. In our setup, we empirically found that learnable space is heavily sensitive to the hyperparameters (e.g. $\epsilon$ in equation (4)) and provides poor performance. Therefore, the conventional optimal transport-based approaches [1, 2, 3, 4] have been limited to be directly applied to our work. | | | | $\epsilon$-MSCOCO (CIDEr-D) | | | |-------|----------------------|------|-----------------------------|------|-------| | | Method | 0.1 | 0.05 | 0.01 | 0.005 | | (i) | VLAP w/o word embed. | 20.4 | 43.8 | 38.9 | - | | (ii) | VLAP w/o word dist. | 50.7 | 57.9 | 57.1 | 46.2 | | (iii) | VLAP | 61.8 | 68.0 | 69.9 | 67.7 | To verify our claim, we conduct additional experiments for the components in assignment prediction. As shown in the above table, we evaluate each model for the zero-shot image captioning performance (CIDEr-D) on MSCOCO corresponding to various $\epsilon$ values in equation (4). In (i) ""VLAP w/o word embed.'', we first train VLAP with learnable prototypes as in [1, 2, 3, 4]. In this setting, we define 3K prototypes following [1] and apply the equipartition assumption in equation (3). In (ii) ""VLAP w/o word dist.'', we also verify the effectiveness of the word distribution. In this setting, we use the word embeddings as a fixed central space and perform the optimal transport with the equipartition assumption. The comparison between (i) and (ii) shows that the word embedding achieves substantial performance improvement, demonstrating the effectiveness of the word embedding. The comparison between (ii) and (iii) original VLAP shows that the transportation polytope with the word distribution achieves additional performance improvement and provides more robust performance regarding $\epsilon$. [1] M. Caron et al., ``Unsupervised learning of visual features by contrasting cluster assignments,"" NeurIPS'20 [2] Y. M. Asano et al., ``Self-labeling via simultaneous clustering and representation learning,"" ICLR'20 [3] Y. M. Asano et al., ``Labelling unlabelled videos from scratch with multi-modal self-supervision,"" NeurIPS'20 [4] J. Duan et al., ``Multi-modal alignment using representation codebook,"" CVPR'22 **[W3] Ablation for the loss function** Our image captioning objective is basically defined as the next-word generation prediction, i.e., generating a word from the previous information. Instead, we provide the results corresponding to the additional objectives for cross-modal alignment in the general responses. Please refer to them.

Thank you for your constructive review and valuable suggestions! Below, we provide a detailed response to your questions and comments. If any of our responses fail to sufficiently address your concerns, please inform us, and we will promptly follow up. **[W1, W2, Q1] Ablation for the loss function** We present the ablation analysis corresponding to the learning objectives in the general response. Please refer to them. **[W3, Q3] Difference between VLAP and the previous linear transformation-based approaches** Thanks for the reference. Similar to the image captioning objective of LiMBeR, LLaVa learns the linear projection with the language generation objective, which aims to provide target answers from given transformed visual and language instruction representations. Although LiMBeR and LLaVa have shown two unimodal models can be bridged through the language modeling objective, they are insufficient to reduce the modality gap, as shown in our previous response. Our proposed objective not only improves overall performance in the linear transformation-based methods, but also significantly facilitates the connection of the visual encoder even if it is not trained with language guidance (i.e., CLIP encoder). In addition, our objective can be an alternative to the conventional objectives for cross-modal alignment, such as the image-text matching and image-text contrastive objectives. We add the missing reference LLaVa in the main paper. **[W4, Q2] Linear layer with assignment prediction** We apologize for using the misleading term, ""distance-preserving nature of the linear layer"". We revise the Introduction section to clarify the contribution. **[W5] Model reference** Thanks for your suggestion. We clarify the model names with citations in the table captions."	"Dear Reviewer zAaX, Thanks for your constructive and valuable comments on our paper. We have revised our paper to address the reviewer's concerns. * **[W1, W2, Q1] Ablation regarding optimal transport.** We added ablation analyses for the components of VLAP, including the hyperparameters and optimal transport in Appendix Section D. * **[W3, Q3, W4] Difference between VLAP and the previous linear transformation-based approaches.** We included the missing reference (i.e., LLaVA). In addition, we extensively revised the paper to cover the reviewer's concerns about the novelty and to remove potentially misleading terms in Introduction. * **[W4, Q2] Visualization.** We presented the UMAP visualization corresponding to visual arithmetic and ablation for the learning objectives. We can verify the effectiveness of the proposed VLAP in the feature space. * **[W5] Citation.** We added references along with the model names to the table captions. With the discussion deadline approaching in a few hours, we are eager to receive your feedback.

We thank the reviewers for their positive evaluation and constructive comments. We are pleased that the reviewers recognized that VLAP is $\textbf{well-motivated}$ (m8gW, dYxB), the problem is $\textbf{clearly stated}$ (m8gW, 5A8P, zAaX), and the idea that uses LLMs' word embeddings is $\textbf{interesting}$ (oDtB). We notice that the main concerns of the reviewers come from the lack of ablation studies. During the rebuttal period, we conducted extensive ablation studies and enhanced the overall completeness through meticulous paper proofreading, notably in the Introduction section. These efforts aimed to enhance readability and clearly articulate the novelty of our work. We would like to first address the concerns about the learning objective that all reviewers commonly pointed out. **Ablation for the balancing parameters** | $\lambda_\text{map}$ | $\lambda_\text{cap}$ | CIDEr-D | CLIP-S | Ref-S | |-----------------------|----------------------|---------|--------|-------| | 0 | 1 | 51.7 | 72.1 | 76.3 | | 0.2 | 0.8 | 62.3 | 80.3 | 85.0 | | 0.4 | 0.6 | 68.1 | 84.8 | 89.2 | | 0.5 | 0.5 | 69.6 | 86.3 | 91.6 | | 0.6 | 0.4 | 69.9 | 86.7 | 91.8 | | 0.8 | 0.2 | 64.5 | 83.1 | 87.8 | | 1 | 0 | 49.6 | 72.4 | 76.1 | We report the zero-shot image captioning performance on MSCOCO corresponding to different ratios between $\lambda\_\text{map}$ and $\lambda\_\text{cap}$ in equation (7) while keeping the sum of two terms as 1. For example, the final objective function of the first row (i.e., $\lambda\_\text{map}:\lambda\_\text{cap} = 0:1$) is $\mathcal{L} = \mathcal{L}\_\text{cap}$, which is equivalent to the learning objective of LiMBeR [1] and the first stage of LLaVA [2]. With the language modeling objective, VLAP shows significantly poor performance, attaining 51.7 of CIDEr-D. Increasing the ratio of $\lambda_\text{map}$ gradually improves the performance, achieving the best performance of 69.9 with $\lambda\_\text{map}:\lambda\_\text{cap} = 0.6:0.4$. Meanwhile, VLAP with only assignment prediction (i.e., $\mathcal{L} = \mathcal{L}\_\text{map}$) performs worse than with only language modeling, showing a performance of 49.6. The results demonstrate the effectiveness of the proposed assignment prediction objective while emphasizing the necessity of the language modeling objective to leverage the generative ability of LLMs. We add those results in Table. 7(a) and discussion in Appendix. D. [1] J. Merullo et al., ``Linear mapping from image to text space,"" ICLR'23 [2] H. Liu et al., ``Visual instruction tuning,"" NeurIPS'23

Thank you for your constructive review and valuable suggestions! Below, we provide a detailed response to your questions and comments. If any of our responses fail to sufficiently address your concerns, please inform us, and we will promptly follow up. **[W1] Ablation for assignment prediction** We present the ablation results corresponding to the balancing parameters in equation (7) in the general response. Please refer to that section for more details. The result without the assignment prediction objective corresponds to $\lambda\_\text{map}:\lambda\_\text{cap}=0:1$. To briefly sum up, the assignment prediction objective combined with $\mathcal{L}\_\text{cap}$ improves the performance. **[W2] VLAP with other cross-modal alignment** Thanks for the constructive suggestion. We present the results with the additional objectives, including the image-text matching (ITM) and image-text contrastive (ITC) objectives, in the general response. Briefly, those two objectives show less performance improvement than our proposed assignment prediction. **[W3] Scale of the pretraining dataset** Thank you for your valuable suggestion. As previous works for pretraining VLMs have proven, a larger pretraining dataset should bring better results on zero-shot vision-language tasks. To verify the impact of the scale of the training dataset on zero-shot performance, we will train VLAP with a large-scale dataset (e.g. CC12M) and will include results in the revised paper. However, we would like to emphasize that our method mainly focuses on presenting an efficient methodology (i.e., linear transformation, using pretrained encoders, small-scale training) to make VLMs. **[W4] VLAP with other backbone** | Method | Vis. Encoder | Lang. Model | NoCaps-In | NoCaps-Out | NoCaps-Near | NoCaps-All | NoCaps-CLIP-S | NoCaps-Ref-S | MSCOCO-CIDEr-D | MSCOCO-CLIP-S | MSCOCO-Ref-S | |--------|---------------|-------------|-----------|------------|-------------|------------|---------------|--------------|----------------|---------------|--------------| | MAGMA | CLIP RN50x16 | GPT-J | 30.4 | 43.4 | 36.7 | 38.7 | 74.3 | 78.7 | 47.5 | 75.3 | 79.6 | | LiMBeR | CLIP RN50x16 | GPT-J | 34.3 | 48.4 | 41.6 | 43.9 | 74.7 | 79.4 | 54.9 | 76.2 | 80.4 | | VLAP | CLIP ViT-B/32 | OPT | 48.2 | 62.7 | 59.3 | 61.3 | 84.8 | 88.5 | 69.9 | 86.7 | 91.8 | | VLAP | CLIP ViT-B/32 | T5 | 48.3 | 62.7 | 59.6 | 61.6 | 85.1 | 88.7 | 69.4 | 87.6 | 92.0 | | VLAP | CLIP RN50x16 | GPT-J | 53.8 | 67.5 | 65.7 | 64.5 | 88.3 | 90.1 | 75.3 | 90.6 | 72.2 | While we used the transformer-based vision models (i.e., CLIP ViT-B/32 and BEiT) and the relatively small scale of LLMs (i.e., OPT$\_\text{1.3B}$ and T5$\_\text{Base}$) in the main paper, VLAP can be applied to all publicly available vision models and LLMs. Following MAGMA and LiMBeR, we additionally evaluate VLAP with the CNNs-based vision model (i.e., CLIP RN50x16) and the larger LLM (i.e., GPT-J, which has 6B parameters) for zero-shot image captioning on NoCaps and MSCOCO. Not surprisingly, VLAP with the larger LLM achieves better performance than with the smaller LLMs, significantly outperforming MAGMA and LiMBeR by large margins across all metrics with the same backbones. We add the results to Table. 9 in Appendix. **[Q1] Consistency of the word embedding in LLMs** While word embedding of any LLMs can be used, we exploit the word embedding within the LLM used for language encoding for two main reasons: (1) LLMs use word embeddings as a basis to produce text representations, indicating text representations already have high correlations with word embeddings. Therefore, the consistency of LLM for word embedding and language encoding makes the assignment for language data confident. (2) The inconsistency of LLMs for word embedding and language encoding requires unnecessary memory (e.g. OPT$\_\text{1.3B}$ has about 100M parameters for the word embedding)."			
rhgIgTSSxW__r01	ICLR.cc/2024/Conference	TabR: Tabular Deep Learning Meets Nearest Neighbors	8: accept, good paper	3: You are fairly confident in your assessment. It is possible that you did not understand some parts of the submission or that you are unfamiliar with some pieces of related work. Math/other details were not carefully checked.	"[weaknesses] A comparison of the inference and query complexity between the methods is lacking.

[questions] 1. Inference time and compexity -- are the studies based on normalized inference time between models? If not, could you comment more? How does the inference complexity depend on the size of the table data? 2. Could a different selection of datasets prove that the tabR is not superior to GBDT? In other words, are these datasets highly representative? 3. Is it not surprising that Step-1 (adding context labels) did not help that much? One would guess that this is a big component of signal in retrieval augmentation. 4. Not a question, but the methodology here reminds one of extreme classification and specifically this paper. https://arxiv.org/abs/2207.04452

[summary] This paper considers the problem of making predictions on tabular data. The authors propose a retrieval-augmented approach where a predictor takes the representation not of the table being predicted but also the representation of the nearest neighbors from a training dataset. The encoding representations and the predictors are training together and use straightforward architecture architectures. The main result is that a combination of the carefully crafted techniques outperforms GBDT on an ensemble of tasks. The training time is higher than GBDT but not unreasonable, and better compared to prior deep learning methods. The prediction times are better"	"We thank the reviewer for the comments and questions! > What might explain the performance differences? ... but was this what led to retrieval's low benefit in the past? (1) **TL;DR: yes, the main reason behind the difference in the performance lies in the retrieval module designed in Section 3.2.** A quick summary of the main differences in the retrieval-related functionality: - Prior work: *multiple multi-head vanilla* attention modules, where the attention is performed *between objects and features*. - TabR: *one single-head custom* attention-like module, where the attention is performed *only between objects*. In the new PDF, in Section 2 on Page 3, we improved the wording and the formatting to better contrast TabR against prior solutions. (2) **The relevant parts from the original PDF** (here, we uppercased the key pieces for convenience): - (Paragraph ""Step 2"" Page 5, where we improved the similarity module commonly used in prior work) *This change is a turning point in our story, WHICH WAS OVERLOOKED IN PRIOR WORK.* - (abstract) *""NOVEL FINDINGS ... LIE IN THE ATTENTION-LIKE MECHANISM that is responsible for retrieving the nearest neighbors and extracting valuable signal from them.""* - (Section 2 Page 3) *""Compared to prior work, where SEVERAL LAYERS WITH MULTI-HEAD ATTENTION ... TabR implements its retrieval component with just ONE SINGLE-HEAD ATTENTION-LIKE MODULE. Importantly ... module of TabR is CUSTOMIZED in a way that makes it BETTER SUITED FOR TABULAR DATA PROBLEMS""* - etc. > Insufficient discussion of categorical variables. However, as indicated by Figure 3 and its caption, **TabR is equally capable of handling all feature types, there is no conceptual difference between them.** In particular: - Categorical features are encoded with the one-hot encoding (as mentioned in the caption of Figure 3 and in Section D6). This is a simple and efficient operation, and one can switch to any other encoding scheme if needed. - Continuous features are normalized and, optionally, transformed with embeddings from `[2]` (which, in fact, makes continuous features more demanding than categorical features in terms of compute). Just in case, we will mention that **the used datasets include both continuous and categorical features**: - The default benchmark: Table 1 provides information on how many features of each type is presented in each dataset. - The benchmark from `[1]` also includes many datasets with categorical features. > Is accuracy or training time particularly affected by their relative abundance relative to numerical features? We did not notice any different behaviour caused by the presence of categorical features, which is consistent with the explanation provided above (*""... for TabR, there is no conceptual difference between feature types ...""*). > The steps of Section 3.2 seem rather arbitrary. **First**, just in case, we provide a quick informal recap of the story behind the design steps in Section 3.2: - ""Step-0. The vanilla-attention-like baseline"" is motivated by prior work. - ""Step-1. Adding context labels"" is a natural attempt to use the available labels of the neighbors. The important outcome: *""the similarity module $\mathcal{S}$ taken from the vanilla attention does not allow benefiting from such a valuable signal as labels""*. - ""Step-2. Improving the similarity module $\mathcal{S}$"" is fully motivated by the quoted outcome of Step-1. - ""Step-3. Improving the value module $\mathcal{V}$"" is inspired by a simple observation that $\mathcal{V}$ can be made more expressive by adding the dependency on the target object's representation $\tilde{x}$. - Step-4 is the only purely technical step where we identified better technical defaults for the new architecture. **Second**, how we improved the communication and made the available content more visible in the new PDF: - In Section A.2.1, we added extended motivation behind the design of the value module of TabR. - In the ""Step-2"" and ""Step-3"" paragraphs, we added references to the extended motivation and analysis available in the appendix. - In the ""Step-3"" paragraph, we improved the wording to highlight the transition of our focus from the similarity module to the value module.

> are these datasets highly representative? We did our best to build a representative benchmark using **~50 datasets from prior work**. In particular, we ensured that there are **many challenging tasks that favour GBDT over traditional neural networks.** Examples: - We use the widely cited `[1]` where GBDT was shown to be superior to neural networks. - We use some datasets from `[2]` including multiple GBDT-friendly tasks. - We also use the real world large scale dataset for weather prediction from `[3]`. To put our work in the context of prior work, here are the main properties of the benchmarks used in some prior work on tabular deep learning: | Model `[citation]` | The number of datasets used in the paper | | -------------------- | ----------------------------------------------------------------------- | | **TabR** `[ours]` | **~50 datasets (roughly, `[1]` + some datasets from `[2]` and `[3]`)** | | NODE `[7]` | 6 datasets | | TabNet `[5]` | <10 datasets | | FT-Transformer `[4]` | 11 datasets | | SAINT `[6]` | 30 datasets | | \<survey\> `[11]` | 5 datasets | | MLP-PLR `[2]` | 11 datasets | | TabPFN `[8]` | 67 small datasets (different scope) | | \<benchmark\> `[1]` | <50 *unique* datasets (>50 with multiple versions of the same datasets) | | TANGOS `[9]` | 20 datasets | | T2G-FORMER `[10]` | 12 datasets | > Is it not surprising that Step-1 (adding context labels) did not help that much? This is discussed in the ""Step-1"" paragraph on Page 5: *> ""Table 2 shows no improvements from using labels, which is counter-intuitive. Perhaps, the similarity module taken from the vanilla attention does not allow benefiting from such a valuable signal as labels.""* In other words, yes, this is indeed surprising! However, after the subsequent Step-2 in Section 3.2 (and, in particular, after the ablation study in Section A.3), we can confidently say that *to benefit from a valuable signal (such as labels), good similarity module is required.* **References** - `[1]` ""Why do tree-based models still outperform deep learning on tabular data?"", NeurIPS 2022 Datasets and Benchmarks, Grinsztajn et al. - `[2]` ""On Embeddings for Numerical Features in Tabular Deep Learning"", NeurIPS 2022, Gorishniy et al. - `[3]` ""Shifts: A Dataset of Real Distributional Shift Across Multiple Large-Scale Tasks"", NeurIPS 2021 Datasets and Benchmarks , Malinin et al. - `[4]` ""Revisiting Deep Learning Models for Tabular Data"", NeurIPS 2021, Gorishniy et al. - `[5]` ""TabNet: Attentive Interpretable Tabular Learning"", AAAI 2021, Arik et al. - `[6]` ""SAINT: Improved Neural Networks for Tabular Data via Row Attention and Contrastive Pre-Training"", ICLR 2022 submission, Somepalli et al. - `[7]` ""Neural Oblivious Decision Ensembles for Deep Learning on Tabular Data"", ICLR 2020, Popov et al. - `[8]` ""TabPFN: A Transformer That Solves Small Tabular Classification Problems in a Second"", ICLR 2023, Hollmann et al. - `[9]` ""TANGOS: Regularizing Tabular Neural Networks through Gradient Orthogonalization and Specialization"", ICLR 2023, Jeffares et al. - `[10]` ""T2G-FORMER: Organizing Tabular Features into Relation Graphs Promotes Heterogeneous Feature Interaction"", AAAI 2023, Yan et al. - `[11]` ""Deep Neural Networks and Tabular Data: A Survey""

We thank the reviewer for the positive feedback! > A comparison of the inference and query complexity between the methods is lacking. **In the new PDF, this is addressed in Section A.4.2.** For convenience, here, we provide a summary. Below, we report the inference throughput of TabR and XGBoost. (The technical setup: - XGBoost and TabR-S with tuned hyperparameters as in Table 4 of the main text - Computation is performed on NVIDIA 2080 Ti. - For both models, objects are passed by batches of 4096 objects.) **The key observations:** - On the considered datasets, the throughputs of TabR and XGBoost are mostly comparable. - **Important**: our implementation of TabR is naive and lacks even basic optimizations. | | CH | CA | HO | AD | DI | OT | HI | BL | WE | CO | MI | |--------------------------------|------|------|------|------|------|-----|------|------|------|------|------| | `#trainingObjects` | 6400 | 13209 | 14581 | 26048 | 34521 | 39601 | 62751 | 106764 | 296554 | 371847 | 723412 | | `#features` | 11 | 8 | 16 | 14 | 9 | 93 | 28 | 9 | 119 | 54 | 136 | | `n_estimators` in XGBoost | 121 | 3997 | 1328 | 988 | 802 | 524 | 1040 | 1751 | 3999 | 1258 | 3814 | | `max_depth` in XGBoost | 5 | 9 | 7 | 10 | 13 | 13 | 11 | 8 | 13 | 12 | 12 | | XGBoost throughput (obj./sec.) | 2197k | 33k | 179k | 131k | 417k | 19k | 72k | 84k | 15k | 10k | 14k | | TabR-S throughput (obj./sec.) | 35k | 35k | 55k | 33k | 43k | 40k | 37k | 27k | 34k | 23k | 11k | | Overhead | 62.3 | 0.9 | 3.3 | 3.9 | 9.6 | 0.5 | 1.9 | 3.1 | 0.5 | 0.4 | 1.2 | **In more detail:** - On ""non-simple"" tasks (CA, OT, WE, CO), TabR is faster (""non-simple"" = XGBoost needs many trees AND/OR XGBoost needs high depth AND/OR a dataset has more features). - On ""simple"" tasks, XGBoost is faster (""simple"" = XGBoost is shallow AND/OR dataset has few features). - With the growth of training size (MI), TabR may become slower because of the retrieval, however, there is *a lot* of room for optimizations (caching candidate representations instead of recomputing them on each forward pass; using float16 instead of the current float32; doing approximate search instead of the current brute force; using only a subset of the training data as candidates, etc.) > Inference time and compexity -- are the studies based on normalized inference time between models? If not, could you comment more? Strictly speaking, the results reported in all main tables are obtained without fixing the inference time budget: all methods can spend any time they need to make predictions. *However,* generally, the efficiency of TabR vs. prior work is an important storyline of our paper with significant wins over prior work, and, in the considered scope of datasets, the inference time of TabR is always reasonable (as indicated by the above table). > How does the inference complexity depend on the size of the table data? As indicated by the above table, for datasets of sizes up to (roughly) 500K objects, for TabR-S, the dataset size is not a major factor defining the inference throughput. For larger datasets, the dataset size becomes a more important factor (formally, for the current brute force search, the search complexity grows linearly with the dataset size). Luckily, the current implementation of TabR has a lot of room for simple optimizations: - caching candidate key representations instead of recomputing them on each forward pass. - performing the search in float16 instead of the current float32. - performing approximate similarity search instead of the current brute force. - using only a subset of the training data as candidates. - etc."	"We thank the reviewer for the comments and questions! > What might explain the performance differences? ... but was this what led to retrieval's low benefit in the past? (1) **TL;DR: yes, the main reason behind the difference in the performance lies in the retrieval module designed in Section 3.2.** A quick summary of the main differences in the retrieval-related functionality: - Prior work: *multiple multi-head vanilla* attention modules, where the attention is performed *between objects and features*. - TabR: *one single-head custom* attention-like module, where the attention is performed *only between objects*. In the new PDF, in Section 2 on Page 3, we improved the wording and the formatting to better contrast TabR against prior solutions. (2) **The relevant parts from the original PDF** (here, we uppercased the key pieces for convenience): - (Paragraph ""Step 2"" Page 5, where we improved the similarity module commonly used in prior work) *This change is a turning point in our story, WHICH WAS OVERLOOKED IN PRIOR WORK.* - (abstract) *""NOVEL FINDINGS ... LIE IN THE ATTENTION-LIKE MECHANISM that is responsible for retrieving the nearest neighbors and extracting valuable signal from them.""* - (Section 2 Page 3) *""Compared to prior work, where SEVERAL LAYERS WITH MULTI-HEAD ATTENTION ... TabR implements its retrieval component with just ONE SINGLE-HEAD ATTENTION-LIKE MODULE. Importantly ... module of TabR is CUSTOMIZED in a way that makes it BETTER SUITED FOR TABULAR DATA PROBLEMS""* - etc. > Insufficient discussion of categorical variables. However, as indicated by Figure 3 and its caption, **TabR is equally capable of handling all feature types, there is no conceptual difference between them.** In particular: - Categorical features are encoded with the one-hot encoding (as mentioned in the caption of Figure 3 and in Section D6). This is a simple and efficient operation, and one can switch to any other encoding scheme if needed. - Continuous features are normalized and, optionally, transformed with embeddings from `[2]` (which, in fact, makes continuous features more demanding than categorical features in terms of compute). Just in case, we will mention that **the used datasets include both continuous and categorical features**: - The default benchmark: Table 1 provides information on how many features of each type is presented in each dataset. - The benchmark from `[1]` also includes many datasets with categorical features. > Is accuracy or training time particularly affected by their relative abundance relative to numerical features? We did not notice any different behaviour caused by the presence of categorical features, which is consistent with the explanation provided above (*""... for TabR, there is no conceptual difference between feature types ...""*). > The steps of Section 3.2 seem rather arbitrary. **First**, just in case, we provide a quick informal recap of the story behind the design steps in Section 3.2: - ""Step-0. The vanilla-attention-like baseline"" is motivated by prior work. - ""Step-1. Adding context labels"" is a natural attempt to use the available labels of the neighbors. The important outcome: *""the similarity module $\mathcal{S}$ taken from the vanilla attention does not allow benefiting from such a valuable signal as labels""*. - ""Step-2. Improving the similarity module $\mathcal{S}$"" is fully motivated by the quoted outcome of Step-1. - ""Step-3. Improving the value module $\mathcal{V}$"" is inspired by a simple observation that $\mathcal{V}$ can be made more expressive by adding the dependency on the target object's representation $\tilde{x}$. - Step-4 is the only purely technical step where we identified better technical defaults for the new architecture. **Second**, how we improved the communication and made the available content more visible in the new PDF: - In Section A.2.1, we added extended motivation behind the design of the value module of TabR. - In the ""Step-2"" and ""Step-3"" paragraphs, we added references to the extended motivation and analysis available in the appendix. - In the ""Step-3"" paragraph, we improved the wording to highlight the transition of our focus from the similarity module to the value module.

> Furthermore, the issue of inefficiency when dealing with large-scaled datasets appears to have hindered the authors from proving the method's effectiveness in large-scaled datasets. However, **in the paper, we used datasets with up to three million training objects.** To further illustrate the applicability of TabR to large datasets, below, we report the performance of TabR on the Higgs dataset with **ten million training objects:** | Model | Hyperparameter tuning time | Accuracy | | ------- |:-------------------------- |:---------- | | XGBoost | 1.5 days | 0.783 | | TabR | **0** | **0.797** | Technical details: - We used TabR with the default hyperparameters with the simplest `Linear-ReLU` embeddings for continuous features from `[2]` without any hyperparameter tuning (`d_embedding = 32`). - We applied the ""context freeze"" technique described in Section 5.1 of the paper for faster training. > The motivations behind the module designs are not entirely clear ... I suggest that providing a theoretical analysis or intuitive motivation would enhance the reader's understanding of those details. Providing clear motivation is of high importance to us. Our reply consists of two parts. **First**, *based on the content from the submission*, let us show how **the design steps behind TabR (Section 3.2) are motivated formally, informally and by prior work:** - **Step-0 (baseline) is fully motivated by related work.** - (Section 3.2, Paragraph ""Step-0"") *""the self-attention operation was often used in prior work ... Then, instantiating retrieval module R as the vanilla self-attention ... is a reasonable baseline""* - **Step-1 (using labels) is highly intuitive:** labels is an extremely valuable signal, so we try using them to improve the model. - (Section 3.2, Paragraph ""Step-1"") *""A natural attempt to improve the Step-0 configuration is to utilize labels of the context objects""* - **Step-2 (modifying the similarity module $\mathcal{S})$ has a whole range of motivations** provided in the main text (""Step-1"" and ""Step-2"" paragraphs of Section 3.2) and appendix (Section A.1 referenced from Section 5.3, Section A.3 referenced from Section 3.2): - **Intuitively,** it is motivated by the outcome of Step-1: (Section 3.2, Paragraph ""Step-1"") *""Perhaps, the similarity module S taken from the vanilla attention does not allow benefiting from such a valuable signal as labels.""* - Section A.1.1 provides **formal motivation** for removing the query representations. - Section A.1.1 provides **informal motivation** for using L2 instead of the dot product. - **Empirically**, it is motivated by the exhaustive (literally) ablation study in Section A.3, which is references from the main text. - **Step-3 (modifying the value module $\mathcal{V})$** - **Formal motivation:** using $\tilde{x}$ in the value module makes it strictly more expressive: (Section 3.2 Paragraph ""Step-3""): *""we make the value module V more expressive by taking the target object’s representation $\tilde{x}$ into account""* - **Related work:** (Section 3.2 Paragraph ""Step-3"") *""we take inspiration from DNNR -- the recently proposed generalization of the kNN algorithm""* - **Intuitive interpretation:** (Section 3.2 Paragraph ""Step-3""): *""\<the decomposition into the ""raw"" and ""correction"" terms\>""* - **Quantifying the intuitive interpretation:** Section A.2 referenced from Section 5.3 - **Step-4** is the only purely technical step. However, it is not uncommon for a new architecture to require different technical defaults. **Second,** we summarize how we further improve the communication and make the available content more visible in the new PDF: - In Section 3.2 Paragraph ""Step-2"", we added a reference to Section A.1. - In Section 3.2 Paragraph ""Step-3"", we added a reference to Section A.2. - In Section A.2.1, we added extended comments on Section 3.2 Paragraph ""Step-3"". - In Section A.8, we added a minor technical note on Section 3.2 Paragraph ""Step-3"".

We thank the reviewer for the positive feedback! > A comparison of the inference and query complexity between the methods is lacking. **In the new PDF, this is addressed in Section A.4.2.** For convenience, here, we provide a summary. Below, we report the inference throughput of TabR and XGBoost. (The technical setup: - XGBoost and TabR-S with tuned hyperparameters as in Table 4 of the main text - Computation is performed on NVIDIA 2080 Ti. - For both models, objects are passed by batches of 4096 objects.) **The key observations:** - On the considered datasets, the throughputs of TabR and XGBoost are mostly comparable. - **Important**: our implementation of TabR is naive and lacks even basic optimizations. | | CH | CA | HO | AD | DI | OT | HI | BL | WE | CO | MI | |--------------------------------|------|------|------|------|------|-----|------|------|------|------|------| | `#trainingObjects` | 6400 | 13209 | 14581 | 26048 | 34521 | 39601 | 62751 | 106764 | 296554 | 371847 | 723412 | | `#features` | 11 | 8 | 16 | 14 | 9 | 93 | 28 | 9 | 119 | 54 | 136 | | `n_estimators` in XGBoost | 121 | 3997 | 1328 | 988 | 802 | 524 | 1040 | 1751 | 3999 | 1258 | 3814 | | `max_depth` in XGBoost | 5 | 9 | 7 | 10 | 13 | 13 | 11 | 8 | 13 | 12 | 12 | | XGBoost throughput (obj./sec.) | 2197k | 33k | 179k | 131k | 417k | 19k | 72k | 84k | 15k | 10k | 14k | | TabR-S throughput (obj./sec.) | 35k | 35k | 55k | 33k | 43k | 40k | 37k | 27k | 34k | 23k | 11k | | Overhead | 62.3 | 0.9 | 3.3 | 3.9 | 9.6 | 0.5 | 1.9 | 3.1 | 0.5 | 0.4 | 1.2 | **In more detail:** - On ""non-simple"" tasks (CA, OT, WE, CO), TabR is faster (""non-simple"" = XGBoost needs many trees AND/OR XGBoost needs high depth AND/OR a dataset has more features). - On ""simple"" tasks, XGBoost is faster (""simple"" = XGBoost is shallow AND/OR dataset has few features). - With the growth of training size (MI), TabR may become slower because of the retrieval, however, there is *a lot* of room for optimizations (caching candidate representations instead of recomputing them on each forward pass; using float16 instead of the current float32; doing approximate search instead of the current brute force; using only a subset of the training data as candidates, etc.) > Inference time and compexity -- are the studies based on normalized inference time between models? If not, could you comment more? Strictly speaking, the results reported in all main tables are obtained without fixing the inference time budget: all methods can spend any time they need to make predictions. *However,* generally, the efficiency of TabR vs. prior work is an important storyline of our paper with significant wins over prior work, and, in the considered scope of datasets, the inference time of TabR is always reasonable (as indicated by the above table). > How does the inference complexity depend on the size of the table data? As indicated by the above table, for datasets of sizes up to (roughly) 500K objects, for TabR-S, the dataset size is not a major factor defining the inference throughput. For larger datasets, the dataset size becomes a more important factor (formally, for the current brute force search, the search complexity grows linearly with the dataset size). Luckily, the current implementation of TabR has a lot of room for simple optimizations: - caching candidate key representations instead of recomputing them on each forward pass. - performing the search in float16 instead of the current float32. - performing approximate similarity search instead of the current brute force. - using only a subset of the training data as candidates. - etc."			
SLw9fp4yI6__r05	ICLR.cc/2024/Conference	Controlled Text Generation via Language Model Arithmetic	8: accept, good paper	3: You are fairly confident in your assessment. It is possible that you did not understand some parts of the submission or that you are unfamiliar with some pieces of related work. Math/other details were not carefully checked.	"[weaknesses] - The paper largely frames against other CTG methods, which use a magnitude variable lambda to control the effect of the given attribute. However, model arithmetic does not seem to provide a more principled definition of magnitude of effect--users will still simply pick a weight, that does not necessarily have an intuitive interpretation - Similarly, it is not quite clear how or when such a method can be applied. Two example applications are given. - The first is toxicity which does use both the linear and union operators but only in conjunction with weights that seem to be quite hand tuned (0.9, 0.96, 0.99). It would be useful to also see a simpler framing of this problem with model arithmetic, e.g. simply subtracting the M_toxic instead of the union. The question I am trying to get at here is: does toxicity require the full complexity of model arithmetic? It seems like a fairly simple application which may simply require a subtraction, in which case the need for more complex proposed model arithmetic might not be supported here. - While the second application, conversation, presents a more complex use-case for model arithmetic, it seems that the complex application space means that no baselines would work or be comparable here. So this application also does not make a complete case for the full complexity of model arithmetic improving on past work.

[questions] Do the authors have other examples of how model arithmetic might intuitively be used?

[summary] This paper introduces model arithmetic, a new method for controlled text generation (CTG). Model arithmetic works by solving for combinations of divergences between a base distribution and attribute distributions that may be full token-wise probabilities or classifiers. Particularly, model arithmetic allows weighted linear combinations of such distributions (positive or negative) and a union operator which is defined to allow probability mass to come from either the base distribution or the attribute distribution. The authors find the method works well for toxicity reduction, as well as for different attributes in a conversation model. The authors also demonstrate that speculative sampling works with the proposed technique to increase efficiency."	"We thank the reviewer for their insightful questions, which we address below and are encouraged to hear that they find our work to be inventive and interesting. **Q: Does model arithmetic provide a more intuitive definition of magnitude of effect than prior work?** Please see Q4 of our main reply. **Q: How did you select the weights for model arithmetic in Table 5?** We selected these weights by gradually increasing the biasing strength until we found a degradation in the perplexity of the results. In an initial version of model arithmetic, we denoted these formulas using the equivalent notation $5M - 4M_\text{toxic}$, $25M - 24M_\text{toxic}$ and $100M - 99M_\text{toxic}$. We thus increased the first term from 5 to 25 to 100 because we noticed that increasing the strength remained fluent. **Q: Does toxicity reduction require the full complexity behind model arithmetic?** While toxicity reduction does not require the full depth in which we introduced model arithmetic, it can make use of all the parts we introduced. In particular it allows us to showcase that our newly derived operator, union, empirically outperforms prior work and further that model arithmetic allows for combining different methods, leading to even better results. Note that subtraction expresses the baselines, PreAdd, which we clearly outperform. **Q: Where can the full feature set of model arithmetic be best utilized to improve over prior work?** We use the full feature set of model arithmetic in several places to significantly outperform previous work. First, in Section 5.1, while the union operator by itself suffices to outperform existing work, the ability of model arithmetic to combine the union operator with a classifier allows us to widen the gap even further. The new sentiment control task presented in Appendix F displays this utility even further, as the combination widens the gap by a much bigger margin, especially as evaluated by GPT-4. This shows that the feature set of model arithmetic can be used to improve results, even on the simple tasks that can be expressed using prior work. Secondly, Section 5.2 discusses the application of conversational agents, with fine grained control over specific attributes. The examples discussed there cannot be expressed using prior CTG works because of the added features of model arithmetic. Since we show that model arithmetic indeed has fine grained control over the attributes at almost no cost in perplexity, it essentially solves this specific task and its improvement over prior work lies in the fact that we can express this. **Q: Do you have other examples of how model arithmetic might intuitively be used?** Model arithmetic can intuitively be used in several areas. Firstly, as shown in the example in Table 3, model arithmetic can be used to avoid detection of AI generated text, by biasing away from the classifier. This can in turn be used to train better detectors, since we can use this ability to generate adversarial examples to the current detector. Furthermore, ensembling models or prompts to achieve better performance can be achieved by using linear operators and the union/intersection operators. Classifier-Free Guidance (Sanchez et al, 2023), a method we subsume, for example shows that performance of language models can be improved by biasing away from models that do not get any context (e.g. by omitting the input question). Finally, by using the fact that one can simply optimize the constants over a certain corpus, model arithmetic can characterize texts. This makes it possible to identify whether a newspaper is politically more left- or right-leaning, or to replicate personal styles by analyzing personal messages. We hope to have been able to address all the reviewers’ concerns, are happy to answer any follow-up questions they might have, and are looking forward to their reply.

We thank the reviewer for their insightful questions, which we address below and are encouraged to hear that they find our work to be clearly motivated and appreciate our results on toxicity reduction. **Q: Can you compare to more prior work in Table 5?** Please see Q3 of our main reply. **Q: Can you include human evaluation for the experiments in Table 5?** We included an evaluation by GPT-4 for both the toxicity reduction (see Table 6, Section 5.1) and sentiment control (see Table 10 and 12, Appendix F) tasks as a surrogate for human evaluation. We find that GPT-4 confirms our results and prefers our method over prior work. For further details, please see Q1 and Q2 of our main reply. **Q: Can you evaluate how well model arithmetic works for smaller models (e.g., GPT2, GPT2-large)?** We extended the toxicity results with results for the GPT-2 model family in Appendix I.1. Interestingly, we find that Fudge is more powerful for the smallest model GPT-2. This is caused by the smaller capacity of GPT-2 (with only 124M parameters, compared to the 355M parameters of the classifier) which makes it harder for a prompt-based method to generate non-toxic samples. For the larger models in the model family, our union operator performs better than prior work. Furthermore, we can leverage the flexibility of model arithmetic by applying a combination of a classifier and the union operator. This formula doubles the toxicity reduction with respect to previous work for the entire GPT-2 model family, thereby validating the results that model arithmetic is more effective at toxicity reduction. **Q: How do you think model averaging via output distributions could compare with weight averaging of the model parameters?** Weight averaging of model parameters, e.g., with task vectors (Ilharco et al., 2023), can be useful to create new model weights that exhibit the behavior and attributes of all used models. It is therefore similar to model arithmetic, but suffers from a couple drawbacks. First, it requires that the LLM is finetuned several times, which requires both data and computational power. Furthermore, it makes the assumption that the weights of the model behave very similarly to vectors, and that performance increases linearly as one goes from the starting weights to the fine-tuned weights. Finally, it requires that all models come from the same architecture and does not allow for the inclusion of classifiers. On the other hand, averaging the weights ensures that model inference speed does not increase, whereas for model arithmetic it does increase even with the proposed generalization of speculative sampling. **Q: How straight forward and performant would it be to swap in different models for each part here and capture the output distribution, if the vocabulary was shared?** Swapping different models is very easy, but the exact performance would depend on the use case. A formula can use a mixture of several models under the mentioned condition that the vocabulary is shared. The current implementation is built on top of the popular transformers Python package from HuggingFace (Wolf et al., 2020) allowing us to use all models from its library and making the operation of swapping models as simple as changing a string from one name to another. How performant the resulting formulas are depends on the underlying task and the models themselves. For example, we see that the same formula works very well for all tested models in Section 5.1 and Appendix F. In Appendix I.1, when applying the formulas on the smaller and less performant model family, the performance of the formulas is a bit different, with the Fudge method now being almost as good as our union operator. We hope to have been able to address all the reviewers’ concerns, are happy to answer any follow-up questions they might have, and are looking forward to their reply.

We thank the reviewers for their feedback and comments. In particular we are delighted that they found model arithmetic to be an interesting (bqfK) and inventive (Gru5) method that unifies multiple prior approaches (dPAm, Ne4m), supported by interesting theoretical underpinnings (Ne4m, Gru5) and promising experiments (especially on toxicity reduction – bqfK, dPAm, gF67, Gru5). Here we briefly outline the changes made to the manuscript and recurring points in the reviews. **Changes to the Manuscript** - Extended Evaluation - We use GPT-4 to compare our toxicity reduction results with the strongest baseline, PreAdd, to validate our conclusions. See Table 6 of Section 5.1. - Inclusion of the GPT-2 model family on the toxicity task in Appendix I.1 - Additional evaluation of model arithmetic on sentiment control in Appendix F. - We included the perplexity plots for the conversational task in Section 5.2 in Appendix I.2 and included randomly selected samples. - We updated several numbers in Table 5 for the toxicity reduction task. - We adjusted the biasing coefficient for PreAdd to 0.6 instead of 0.5 in Section 5.1 after a more thorough search for the optimal parameter of this baseline. - We fixed a minor bug in our code that caused approximation errors when using very high strengths for the Pythia-12b and MPT-7b models. To ensure reproducibility, we reran all experiments which did not significantly alter the results for other methods. - We also made minor edits to fix typos and enhance grammar. **Q1: Can you compare Model Arithmetic and baselines using GPT-4?** Certainly! We included an analysis by GPT-4 comparing our results with the strongest baseline, PreAdd, to validate our results. We presented GPT-4 with continuations of both methods and prompted it to reason about the replies and select the better continuation. We found that GPT-4 also prefers our method over PreAdd for all evaluated models, both when we only use the union operator (6% average difference) and when we combine both the union operator and the classifier (8% average difference). We present these results in Table 6 of Section 5.1 **Q2: Can you broaden the scope of the evaluation further to another task found in prior CTG work?** Of course! We included an extra experiment evaluating model arithmetic on sentiment control in Appendix F showing that our method also outperforms existing work on this task as well. Closely following the setup used by PreAdd, we evaluate the ability to change the sentiment of a movie review given the first few sentences. We find our union operator again significantly outperforms prior work. Using GPT-4, we find that it is preferred over the best baseline, PreAdd, in all cases with an average lead of 5%. Furthermore, we find that combining the union operator with the classifier as in the toxicity reduction task massively outperforms all baselines, and is preferred by GPT-4 over the best baseline in all cases with an average lead of 12%. **Q3: Can you include other prior work in your evaluation for the toxicity reduction task?** We currently compare our method with SelfDebias, Fudge and PreAdd, which form a representative sample of existing prior work. Other prior work focuses on different settings and applications. Most prior research requires training data, while we focus on the zero shot regime. This excludes methods such as DExperts, GeDi and Quarks which all rely on expensive finetuning with training data for the task at hand. Furthermore, DExperts and GeDi require the existence of a small language model from the same model family, which does not exist for two of the three evaluated models. Other methods that do not require training data often require expensive backward passes through the language model during generation. These approaches are therefore impractical and do not generalize to larger models. Moreover, most prior approaches were specifically implemented for GPT-2, requiring non-trivial adaptations and changes of their codebases to make them work for larger and more modern models. **Q4: Can you provide an explanation on how the formulas presented in the text were constructed?** Based on our theoretical results we found it easy to choose coefficients in the formulas intuitively as relative strength. The examples provided throughout our paper (e.g., Table 5) were all constructed by relying on this interpretation without requiring finetuning of the constants. Intuitively chosen constants typically align well with the intended outcome, without requiring extensive tweaking. For example, while the coefficient in front of the classifier term (e.g., Table 5) might seem unintuitive, it ensures that the relative strength of the classifier is $1$ (as in Fudge). Prompts were not changed after initialization and specifically chosen to be simple, since we want to avoid extensive prompt tuning in our setting, to better demonstrate the benefits of model arithmetic at a foundational level."	"We thank the reviewers for their feedback and comments. In particular we are delighted that they found model arithmetic to be an interesting (bqfK) and inventive (Gru5) method that unifies multiple prior approaches (dPAm, Ne4m), supported by interesting theoretical underpinnings (Ne4m, Gru5) and promising experiments (especially on toxicity reduction – bqfK, dPAm, gF67, Gru5). Here we briefly outline the changes made to the manuscript and recurring points in the reviews. **Changes to the Manuscript** - Extended Evaluation - We use GPT-4 to compare our toxicity reduction results with the strongest baseline, PreAdd, to validate our conclusions. See Table 6 of Section 5.1. - Inclusion of the GPT-2 model family on the toxicity task in Appendix I.1 - Additional evaluation of model arithmetic on sentiment control in Appendix F. - We included the perplexity plots for the conversational task in Section 5.2 in Appendix I.2 and included randomly selected samples. - We updated several numbers in Table 5 for the toxicity reduction task. - We adjusted the biasing coefficient for PreAdd to 0.6 instead of 0.5 in Section 5.1 after a more thorough search for the optimal parameter of this baseline. - We fixed a minor bug in our code that caused approximation errors when using very high strengths for the Pythia-12b and MPT-7b models. To ensure reproducibility, we reran all experiments which did not significantly alter the results for other methods. - We also made minor edits to fix typos and enhance grammar. **Q1: Can you compare Model Arithmetic and baselines using GPT-4?** Certainly! We included an analysis by GPT-4 comparing our results with the strongest baseline, PreAdd, to validate our results. We presented GPT-4 with continuations of both methods and prompted it to reason about the replies and select the better continuation. We found that GPT-4 also prefers our method over PreAdd for all evaluated models, both when we only use the union operator (6% average difference) and when we combine both the union operator and the classifier (8% average difference). We present these results in Table 6 of Section 5.1 **Q2: Can you broaden the scope of the evaluation further to another task found in prior CTG work?** Of course! We included an extra experiment evaluating model arithmetic on sentiment control in Appendix F showing that our method also outperforms existing work on this task as well. Closely following the setup used by PreAdd, we evaluate the ability to change the sentiment of a movie review given the first few sentences. We find our union operator again significantly outperforms prior work. Using GPT-4, we find that it is preferred over the best baseline, PreAdd, in all cases with an average lead of 5%. Furthermore, we find that combining the union operator with the classifier as in the toxicity reduction task massively outperforms all baselines, and is preferred by GPT-4 over the best baseline in all cases with an average lead of 12%. **Q3: Can you include other prior work in your evaluation for the toxicity reduction task?** We currently compare our method with SelfDebias, Fudge and PreAdd, which form a representative sample of existing prior work. Other prior work focuses on different settings and applications. Most prior research requires training data, while we focus on the zero shot regime. This excludes methods such as DExperts, GeDi and Quarks which all rely on expensive finetuning with training data for the task at hand. Furthermore, DExperts and GeDi require the existence of a small language model from the same model family, which does not exist for two of the three evaluated models. Other methods that do not require training data often require expensive backward passes through the language model during generation. These approaches are therefore impractical and do not generalize to larger models. Moreover, most prior approaches were specifically implemented for GPT-2, requiring non-trivial adaptations and changes of their codebases to make them work for larger and more modern models. **Q4: Can you provide an explanation on how the formulas presented in the text were constructed?** Based on our theoretical results we found it easy to choose coefficients in the formulas intuitively as relative strength. The examples provided throughout our paper (e.g., Table 5) were all constructed by relying on this interpretation without requiring finetuning of the constants. Intuitively chosen constants typically align well with the intended outcome, without requiring extensive tweaking. For example, while the coefficient in front of the classifier term (e.g., Table 5) might seem unintuitive, it ensures that the relative strength of the classifier is $1$ (as in Fudge). Prompts were not changed after initialization and specifically chosen to be simple, since we want to avoid extensive prompt tuning in our setting, to better demonstrate the benefits of model arithmetic at a foundational level.

We thank the reviewer for their insightful questions, which we address below and are encouraged to hear that they find our work to be clearly motivated and appreciate our results on toxicity reduction. **Q: Can you compare to more prior work in Table 5?** Please see Q3 of our main reply. **Q: Can you include human evaluation for the experiments in Table 5?** We included an evaluation by GPT-4 for both the toxicity reduction (see Table 6, Section 5.1) and sentiment control (see Table 10 and 12, Appendix F) tasks as a surrogate for human evaluation. We find that GPT-4 confirms our results and prefers our method over prior work. For further details, please see Q1 and Q2 of our main reply. **Q: Can you evaluate how well model arithmetic works for smaller models (e.g., GPT2, GPT2-large)?** We extended the toxicity results with results for the GPT-2 model family in Appendix I.1. Interestingly, we find that Fudge is more powerful for the smallest model GPT-2. This is caused by the smaller capacity of GPT-2 (with only 124M parameters, compared to the 355M parameters of the classifier) which makes it harder for a prompt-based method to generate non-toxic samples. For the larger models in the model family, our union operator performs better than prior work. Furthermore, we can leverage the flexibility of model arithmetic by applying a combination of a classifier and the union operator. This formula doubles the toxicity reduction with respect to previous work for the entire GPT-2 model family, thereby validating the results that model arithmetic is more effective at toxicity reduction. **Q: How do you think model averaging via output distributions could compare with weight averaging of the model parameters?** Weight averaging of model parameters, e.g., with task vectors (Ilharco et al., 2023), can be useful to create new model weights that exhibit the behavior and attributes of all used models. It is therefore similar to model arithmetic, but suffers from a couple drawbacks. First, it requires that the LLM is finetuned several times, which requires both data and computational power. Furthermore, it makes the assumption that the weights of the model behave very similarly to vectors, and that performance increases linearly as one goes from the starting weights to the fine-tuned weights. Finally, it requires that all models come from the same architecture and does not allow for the inclusion of classifiers. On the other hand, averaging the weights ensures that model inference speed does not increase, whereas for model arithmetic it does increase even with the proposed generalization of speculative sampling. **Q: How straight forward and performant would it be to swap in different models for each part here and capture the output distribution, if the vocabulary was shared?** Swapping different models is very easy, but the exact performance would depend on the use case. A formula can use a mixture of several models under the mentioned condition that the vocabulary is shared. The current implementation is built on top of the popular transformers Python package from HuggingFace (Wolf et al., 2020) allowing us to use all models from its library and making the operation of swapping models as simple as changing a string from one name to another. How performant the resulting formulas are depends on the underlying task and the models themselves. For example, we see that the same formula works very well for all tested models in Section 5.1 and Appendix F. In Appendix I.1, when applying the formulas on the smaller and less performant model family, the performance of the formulas is a bit different, with the Fudge method now being almost as good as our union operator. We hope to have been able to address all the reviewers’ concerns, are happy to answer any follow-up questions they might have, and are looking forward to their reply.

We thank the reviewer for their extensive review and insightful questions, which we address below. We are delighted to read that they find our work well-written, model arithmetic to be an elegant generalization of prior work and our experiments to be promising. **Q: Can you include GPT-4 or human evaluation?** We included an evaluation by GPT-4 validating our results for both the toxicity reduction (see Table 6, Section 5.1) and sentiment control (see Table 10 and 12, Appendix F) tasks as a surrogate for human evaluation. We find that GPT-4 confirms our results and prefers our method over prior work. For further details, please see Q1 and Q2 of our main reply. **Q: Can you further explore a more defined generation scenario, such as personalized translation?** We included an extra evaluation section in Appendix F on sentiment control, a task commonly found in prior work (Pei et al. 2023, Liu et al. 2021, Krause et al. 2020). We find that model arithmetic significantly outperforms prior approaches for this task, as discussed in more detail in Q2 of our main reply. **Q: Can you provide the perplexity graphs for the results in Section 5.2 to ensure that results remain sensible?** We included plots for the perplexity of the formulas in Section 5.2 in Appendix I.2. As expected, perplexity smoothly changes over different parameter values. Further, perplexity overall remains under the reasonable value of $6.2$ compared to $4.8$ by the highest prompted model. Manual inspection of the data generated by the extreme points shows that the generated text is still fluent and the unprompted model $M$ associates a slightly higher perplexity to the text due to the high presence of an uncommon attribute that would normally not appear in the generated text by $M$. The only exception here is the educational topic, which uses a classifier with a very high weight ($12.0$) for which we found that a word sometimes gets replaced by a nonsensical one. We now also include several randomly selected examples of texts generated by the model under these high parameters in Appendix I.2. These examples show the various characters produced by the formulas and show that the generated output is still fluent. **Q: Is it possible that the proposed technique is brittle to the specific language model arithmetic expressions used?** We never encountered any brittle behavior while evaluating and testing on a wide variety of expressions, both in the examples presented in Figure 1, Table 2, Table 3, Table 4 and Table 17 and in the various expressions presented in Sections 5.1, 5.2, 5.3 and Appendix F. Only for the educational attribute in Section 5.2 we found a decreased fluency when using the classifier at very high strengths. We specifically evaluated the expressions from Sections 5.1, 5.2 and Appendix F for perplexity and attribute presence and always found that the formula acts as expected. Furthermore, manual inspection of data generated in all sections shows that generated results are still fluent and do not showcase any weird artifacts with the exception of the slight decrease in fluency for the classifier in Section 5.2. **Q: How much tweaking do the model arithmetic expressions require?** As discussed in Q4 of our main reply, we rely on Theorem 1 and the interpretation of coefficients as relative strengths to construct the formulas for all examples in the paper. This allowed us to easily choose the right ballpark for the examples shown in the paper without requiring any further tweaking. **Q: Does model arithmetic just shift the complexity of finding the right prompt to finding the right expression?** As noted in the previous answer, finding the right expression is relatively simple. More importantly, we note that formulas are more powerful than prompts and therefore do not just shift the complexity to finding the right expression, as shown by our results on toxicity reduction (see Section 5.1) and sentiment control (see Appendix F), and by examples showcasing interesting possibilities such as overstressing a specific attribute by biasing away from the standard model output (see e.g., Table 2) and using a classifier to generate more human-like text (see e.g., Table 3). **Q: Can the order of evaluation for speculative sampling be optimized, since terms with large coefficients will likely save more time if evaluated first?** Yes, terms with higher coefficients are evaluated more often with our speculative sampling method. Terms that have a higher influence on the output distribution, have a higher probability of rejecting a specific token after their evaluation, ensuring that the optimal speculative factor, according to the procedure outlined in Appendix E.1, is lower. This implies that these terms are evaluated more often in the sampling procedure."			
lK2V2E2MNv__r02	ICLR.cc/2024/Conference	Bridging Vision and Language Spaces with Assignment Prediction	5: marginally below the acceptance threshold	4: You are confident in your assessment, but not absolutely certain. It is unlikely, but not impossible, that you did not understand some parts of the submission or that you are unfamiliar with some pieces of related work.	"[weaknesses] 1. Comprehensive ablation of w/ and wo/ assignment prediction on the same vision/language backbones is missing. 2. Comparison with other baselines that are designed for alignment is missing. For example, contrastive alignment in ALBEF, BLIP, and the first-stage alignment by BLIP2 which includes image-text matching, and image-grounded text generation. 3. In experiments, the pre-training data is CC3M which is too small in terms of scale. Whether this method can be generalized to larger scale is not validated. 4. In Tab1,2,3, when compared with previous works, the vision/language backbone is always different. I wonder if using the same backbones as previous works, will the proposed method still outperform them?

[questions] 1. Does the LLM word embedding have to be from the same LLM as used in language encoding?

[summary] The paper proposed to bridge the vision and language modalities by predicting the assignment between LLM word embeddings and those two modalities. Specifically, the optimal transport is employed to decide the assignment between LLM word embeddings and image/caption contextualized embeddings, and then the model is required to predict the assignment of one modality from the other modality. Experiments are conducted on multiple tasks/datasets to prove the effectiveness of the proposed method."	"Thank you for your constructive review and valuable suggestions! Below, we provide a detailed response to your questions and comments. If any of our responses fail to sufficiently address your concerns, please inform us, and we will promptly follow up. **[W1] Ablation for assignment prediction** We present the ablation results corresponding to the balancing parameters in equation (7) in the general response. Please refer to that section for more details. The result without the assignment prediction objective corresponds to $\lambda\_\text{map}:\lambda\_\text{cap}=0:1$. To briefly sum up, the assignment prediction objective combined with $\mathcal{L}\_\text{cap}$ improves the performance. **[W2] VLAP with other cross-modal alignment** Thanks for the constructive suggestion. We present the results with the additional objectives, including the image-text matching (ITM) and image-text contrastive (ITC) objectives, in the general response. Briefly, those two objectives show less performance improvement than our proposed assignment prediction. **[W3] Scale of the pretraining dataset** Thank you for your valuable suggestion. As previous works for pretraining VLMs have proven, a larger pretraining dataset should bring better results on zero-shot vision-language tasks. To verify the impact of the scale of the training dataset on zero-shot performance, we will train VLAP with a large-scale dataset (e.g. CC12M) and will include results in the revised paper. However, we would like to emphasize that our method mainly focuses on presenting an efficient methodology (i.e., linear transformation, using pretrained encoders, small-scale training) to make VLMs. **[W4] VLAP with other backbone** | Method | Vis. Encoder | Lang. Model | NoCaps-In | NoCaps-Out | NoCaps-Near | NoCaps-All | NoCaps-CLIP-S | NoCaps-Ref-S | MSCOCO-CIDEr-D | MSCOCO-CLIP-S | MSCOCO-Ref-S | |--------|---------------|-------------|-----------|------------|-------------|------------|---------------|--------------|----------------|---------------|--------------| | MAGMA | CLIP RN50x16 | GPT-J | 30.4 | 43.4 | 36.7 | 38.7 | 74.3 | 78.7 | 47.5 | 75.3 | 79.6 | | LiMBeR | CLIP RN50x16 | GPT-J | 34.3 | 48.4 | 41.6 | 43.9 | 74.7 | 79.4 | 54.9 | 76.2 | 80.4 | | VLAP | CLIP ViT-B/32 | OPT | 48.2 | 62.7 | 59.3 | 61.3 | 84.8 | 88.5 | 69.9 | 86.7 | 91.8 | | VLAP | CLIP ViT-B/32 | T5 | 48.3 | 62.7 | 59.6 | 61.6 | 85.1 | 88.7 | 69.4 | 87.6 | 92.0 | | VLAP | CLIP RN50x16 | GPT-J | 53.8 | 67.5 | 65.7 | 64.5 | 88.3 | 90.1 | 75.3 | 90.6 | 72.2 | While we used the transformer-based vision models (i.e., CLIP ViT-B/32 and BEiT) and the relatively small scale of LLMs (i.e., OPT$\_\text{1.3B}$ and T5$\_\text{Base}$) in the main paper, VLAP can be applied to all publicly available vision models and LLMs. Following MAGMA and LiMBeR, we additionally evaluate VLAP with the CNNs-based vision model (i.e., CLIP RN50x16) and the larger LLM (i.e., GPT-J, which has 6B parameters) for zero-shot image captioning on NoCaps and MSCOCO. Not surprisingly, VLAP with the larger LLM achieves better performance than with the smaller LLMs, significantly outperforming MAGMA and LiMBeR by large margins across all metrics with the same backbones. We add the results to Table. 9 in Appendix. **[Q1] Consistency of the word embedding in LLMs** While word embedding of any LLMs can be used, we exploit the word embedding within the LLM used for language encoding for two main reasons: (1) LLMs use word embeddings as a basis to produce text representations, indicating text representations already have high correlations with word embeddings. Therefore, the consistency of LLM for word embedding and language encoding makes the assignment for language data confident. (2) The inconsistency of LLMs for word embedding and language encoding requires unnecessary memory (e.g. OPT$\_\text{1.3B}$ has about 100M parameters for the word embedding).

Thank you for your constructive review and valuable suggestions! Below, we provide a detailed response to your questions and comments. If any of our responses fail to sufficiently address your concerns, please inform us, and we will promptly follow up. **[W1, W2] Novelty and ablation for assignment prediction** Thanks for your valuable comments. As the reviewer mentioned, our VLAP differs from the previous optimal transport-based (or clustering-based) approaches [1, 2, 3, 4] in the following aspects: (1) defining a fixed central space instead of a learnable central space (i.e., prototypes) and (2) defining the transport polytope with the word distribution of the training dataset instead of the equipartition assumption. The previous works aim to learn visual representations [1, 2] or multimodal representations [3, 4] by \textbf{training the whole networks}, including backbone networks and the central space, in an end-to-end manner. However, we need to connect two \textbf{frozen} backbone networks using visual features as LLMs input. In our setup, we empirically found that learnable space is heavily sensitive to the hyperparameters (e.g. $\epsilon$ in equation (4)) and provides poor performance. Therefore, the conventional optimal transport-based approaches [1, 2, 3, 4] have been limited to be directly applied to our work. | | | | $\epsilon$-MSCOCO (CIDEr-D) | | | |-------|----------------------|------|-----------------------------|------|-------| | | Method | 0.1 | 0.05 | 0.01 | 0.005 | | (i) | VLAP w/o word embed. | 20.4 | 43.8 | 38.9 | - | | (ii) | VLAP w/o word dist. | 50.7 | 57.9 | 57.1 | 46.2 | | (iii) | VLAP | 61.8 | 68.0 | 69.9 | 67.7 | To verify our claim, we conduct additional experiments for the components in assignment prediction. As shown in the above table, we evaluate each model for the zero-shot image captioning performance (CIDEr-D) on MSCOCO corresponding to various $\epsilon$ values in equation (4). In (i) ""VLAP w/o word embed.'', we first train VLAP with learnable prototypes as in [1, 2, 3, 4]. In this setting, we define 3K prototypes following [1] and apply the equipartition assumption in equation (3). In (ii) ""VLAP w/o word dist.'', we also verify the effectiveness of the word distribution. In this setting, we use the word embeddings as a fixed central space and perform the optimal transport with the equipartition assumption. The comparison between (i) and (ii) shows that the word embedding achieves substantial performance improvement, demonstrating the effectiveness of the word embedding. The comparison between (ii) and (iii) original VLAP shows that the transportation polytope with the word distribution achieves additional performance improvement and provides more robust performance regarding $\epsilon$. [1] M. Caron et al., ``Unsupervised learning of visual features by contrasting cluster assignments,"" NeurIPS'20 [2] Y. M. Asano et al., ``Self-labeling via simultaneous clustering and representation learning,"" ICLR'20 [3] Y. M. Asano et al., ``Labelling unlabelled videos from scratch with multi-modal self-supervision,"" NeurIPS'20 [4] J. Duan et al., ``Multi-modal alignment using representation codebook,"" CVPR'22 **[W3] Ablation for the loss function** Our image captioning objective is basically defined as the next-word generation prediction, i.e., generating a word from the previous information. Instead, we provide the results corresponding to the additional objectives for cross-modal alignment in the general responses. Please refer to them.

**[W2] Additional analysis for visual arithmetic** | | Building$\rightarrow$Country | | | Country$\rightarrow$Capital | | | CEO$\rightarrow$Company | | | Food$\rightarrow$Country | | | |---------|------------------------------|-------|--------|-----------------------------|------|--------|-------------------------|-------|--------|--------------------------|------|--------| | Method | B@1 | R@5 | CLIP-S | B@1 | R@5 | CLIP-S | B@1 | R@5 | CLIP-S | B@1 | R@5 | CLIP-S | | ClipCap | 0.003 | 0.035 | 0.24 | 0.0 | 0.0 | 0.22 | 0.004 | 0.005 | 0.18 | 0.0 | 0.0 | 0.24 | | ZeroCap | 0.1 | 0.32 | 0.7 | 0.14 | 0.32 | 0.68 | 0.1 | 0.3 | 0.64 | 0.03 | 0.33 | 0.66 | | VLAP | 0.3 | 0.53 | 0.87 | 0.46 | 0.62 | 0.89 | 0.25 | 0.5 | 0.75 | 0.17 | 0.5 | 0.81 | To prove the visual representation that inherited the semantic taxonomy of LLM, we analyze that word analogies can often be solved with visual vector arithmetic. In addition to existing experiments on visual semantic arithmetic, we supplement an experiment on the visual relation (VR) benchmark [3]. The VR benchmark consists of a total of 320 relations, including building$\rightarrow$country, country$\rightarrow$capital, CEO$\rightarrow$company, food$\rightarrow$country, and leader$\rightarrow$country. Since the relation of leader$\rightarrow$country includes out-of-date information (e.g. 'Obama'-'USA'), we exclude it from this experiment. In the above table, we compare the performance between VLAP, ClipCap [4], and ZeroCap [3] in terms of BLEU-1, Recall@5, and CLIP-Score, following [3]. For fair comparisons, we identically use CLIP ViT-B/32 as the image encoder and GPT-2 as the LLM. The results show that VLAP outperforms the previous methods by large margins. In particular, we attain correlations of over 75\% in all relations on the semantic distance-based metric, i.e., CLIP-Score. We include the additional analysis with visualization in Figure 7 and Appendix. C.2 of the revised paper. [3] Y. Tewel et al., ``ZeroCap: Zero-shot image-to-text generation for visual-semantic arithmetic,"" CVPR'22 [4] R. Mokady et al., ``ClipCap: Clip prefix for image captioning,"" arXiv'21 **[W3] Ablation for the balancing parameters** We present the ablation results corresponding to the balancing parameters in equation (7) in the general response. Please refer to them. **[W4] Meaning of the probability in equation (5)** We first explain the probability $\mathbf{P}\_{nk}^{t}$ for the text representation. Since LLMs provide text representations through sophisticated operations between word embeddings, text representations and word embeddings have high correlations with each other. Therefore, we can obtain the probability of the $k$-th word attending to the $n$-th text representation without any correspondence between language captions and word embeddings as in equation (5). Meanwhile, our assignment prediction objective enforces visual and text representations to contain the same information. Simply put, the probability $\mathbf{P}\_{nk}^{v}$, which represents the $k$-th word attending to the $n$-th visual representation, is learned to be similar to a pre-calculated probability $\mathbf{P}\_{nk}^t$ by predicting the assignment of text data without any image-word correspondence. **[W5] Clarity** We denote the trace matrix as $\text{Tr}(\cdot)$ in equation (2) and the input text prompt (i.e., ""$\texttt{A photo of}$"") as $\texttt{[prefix]}$ in equation (6). We clarify them in the revised paper."	"Dear Reviewer zAaX, Thanks for your constructive and valuable comments on our paper. We have revised our paper to address the reviewer's concerns. * **[W1, W2, Q1] Ablation regarding optimal transport.** We added ablation analyses for the components of VLAP, including the hyperparameters and optimal transport in Appendix Section D. * **[W3, Q3, W4] Difference between VLAP and the previous linear transformation-based approaches.** We included the missing reference (i.e., LLaVA). In addition, we extensively revised the paper to cover the reviewer's concerns about the novelty and to remove potentially misleading terms in Introduction. * **[W4, Q2] Visualization.** We presented the UMAP visualization corresponding to visual arithmetic and ablation for the learning objectives. We can verify the effectiveness of the proposed VLAP in the feature space. * **[W5] Citation.** We added references along with the model names to the table captions. With the discussion deadline approaching in a few hours, we are eager to receive your feedback.

We thank the reviewers for their positive evaluation and constructive comments. We are pleased that the reviewers recognized that VLAP is $\textbf{well-motivated}$ (m8gW, dYxB), the problem is $\textbf{clearly stated}$ (m8gW, 5A8P, zAaX), and the idea that uses LLMs' word embeddings is $\textbf{interesting}$ (oDtB). We notice that the main concerns of the reviewers come from the lack of ablation studies. During the rebuttal period, we conducted extensive ablation studies and enhanced the overall completeness through meticulous paper proofreading, notably in the Introduction section. These efforts aimed to enhance readability and clearly articulate the novelty of our work. We would like to first address the concerns about the learning objective that all reviewers commonly pointed out. **Ablation for the balancing parameters** | $\lambda_\text{map}$ | $\lambda_\text{cap}$ | CIDEr-D | CLIP-S | Ref-S | |-----------------------|----------------------|---------|--------|-------| | 0 | 1 | 51.7 | 72.1 | 76.3 | | 0.2 | 0.8 | 62.3 | 80.3 | 85.0 | | 0.4 | 0.6 | 68.1 | 84.8 | 89.2 | | 0.5 | 0.5 | 69.6 | 86.3 | 91.6 | | 0.6 | 0.4 | 69.9 | 86.7 | 91.8 | | 0.8 | 0.2 | 64.5 | 83.1 | 87.8 | | 1 | 0 | 49.6 | 72.4 | 76.1 | We report the zero-shot image captioning performance on MSCOCO corresponding to different ratios between $\lambda\_\text{map}$ and $\lambda\_\text{cap}$ in equation (7) while keeping the sum of two terms as 1. For example, the final objective function of the first row (i.e., $\lambda\_\text{map}:\lambda\_\text{cap} = 0:1$) is $\mathcal{L} = \mathcal{L}\_\text{cap}$, which is equivalent to the learning objective of LiMBeR [1] and the first stage of LLaVA [2]. With the language modeling objective, VLAP shows significantly poor performance, attaining 51.7 of CIDEr-D. Increasing the ratio of $\lambda_\text{map}$ gradually improves the performance, achieving the best performance of 69.9 with $\lambda\_\text{map}:\lambda\_\text{cap} = 0.6:0.4$. Meanwhile, VLAP with only assignment prediction (i.e., $\mathcal{L} = \mathcal{L}\_\text{map}$) performs worse than with only language modeling, showing a performance of 49.6. The results demonstrate the effectiveness of the proposed assignment prediction objective while emphasizing the necessity of the language modeling objective to leverage the generative ability of LLMs. We add those results in Table. 7(a) and discussion in Appendix. D. [1] J. Merullo et al., ``Linear mapping from image to text space,"" ICLR'23 [2] H. Liu et al., ``Visual instruction tuning,"" NeurIPS'23

Thank you for your constructive review and valuable suggestions! Below, we provide a detailed response to your questions and comments. If any of our responses fail to sufficiently address your concerns, please inform us, and we will promptly follow up. **[W1] Ablation for assignment prediction** We present the ablation results corresponding to the balancing parameters in equation (7) in the general response. Please refer to that section for more details. The result without the assignment prediction objective corresponds to $\lambda\_\text{map}:\lambda\_\text{cap}=0:1$. To briefly sum up, the assignment prediction objective combined with $\mathcal{L}\_\text{cap}$ improves the performance. **[W2] VLAP with other cross-modal alignment** Thanks for the constructive suggestion. We present the results with the additional objectives, including the image-text matching (ITM) and image-text contrastive (ITC) objectives, in the general response. Briefly, those two objectives show less performance improvement than our proposed assignment prediction. **[W3] Scale of the pretraining dataset** Thank you for your valuable suggestion. As previous works for pretraining VLMs have proven, a larger pretraining dataset should bring better results on zero-shot vision-language tasks. To verify the impact of the scale of the training dataset on zero-shot performance, we will train VLAP with a large-scale dataset (e.g. CC12M) and will include results in the revised paper. However, we would like to emphasize that our method mainly focuses on presenting an efficient methodology (i.e., linear transformation, using pretrained encoders, small-scale training) to make VLMs. **[W4] VLAP with other backbone** | Method | Vis. Encoder | Lang. Model | NoCaps-In | NoCaps-Out | NoCaps-Near | NoCaps-All | NoCaps-CLIP-S | NoCaps-Ref-S | MSCOCO-CIDEr-D | MSCOCO-CLIP-S | MSCOCO-Ref-S | |--------|---------------|-------------|-----------|------------|-------------|------------|---------------|--------------|----------------|---------------|--------------| | MAGMA | CLIP RN50x16 | GPT-J | 30.4 | 43.4 | 36.7 | 38.7 | 74.3 | 78.7 | 47.5 | 75.3 | 79.6 | | LiMBeR | CLIP RN50x16 | GPT-J | 34.3 | 48.4 | 41.6 | 43.9 | 74.7 | 79.4 | 54.9 | 76.2 | 80.4 | | VLAP | CLIP ViT-B/32 | OPT | 48.2 | 62.7 | 59.3 | 61.3 | 84.8 | 88.5 | 69.9 | 86.7 | 91.8 | | VLAP | CLIP ViT-B/32 | T5 | 48.3 | 62.7 | 59.6 | 61.6 | 85.1 | 88.7 | 69.4 | 87.6 | 92.0 | | VLAP | CLIP RN50x16 | GPT-J | 53.8 | 67.5 | 65.7 | 64.5 | 88.3 | 90.1 | 75.3 | 90.6 | 72.2 | While we used the transformer-based vision models (i.e., CLIP ViT-B/32 and BEiT) and the relatively small scale of LLMs (i.e., OPT$\_\text{1.3B}$ and T5$\_\text{Base}$) in the main paper, VLAP can be applied to all publicly available vision models and LLMs. Following MAGMA and LiMBeR, we additionally evaluate VLAP with the CNNs-based vision model (i.e., CLIP RN50x16) and the larger LLM (i.e., GPT-J, which has 6B parameters) for zero-shot image captioning on NoCaps and MSCOCO. Not surprisingly, VLAP with the larger LLM achieves better performance than with the smaller LLMs, significantly outperforming MAGMA and LiMBeR by large margins across all metrics with the same backbones. We add the results to Table. 9 in Appendix. **[Q1] Consistency of the word embedding in LLMs** While word embedding of any LLMs can be used, we exploit the word embedding within the LLM used for language encoding for two main reasons: (1) LLMs use word embeddings as a basis to produce text representations, indicating text representations already have high correlations with word embeddings. Therefore, the consistency of LLM for word embedding and language encoding makes the assignment for language data confident. (2) The inconsistency of LLMs for word embedding and language encoding requires unnecessary memory (e.g. OPT$\_\text{1.3B}$ has about 100M parameters for the word embedding)."			
AZGIwqCyYY__r04	ICLR.cc/2024/Conference	Towards Cross Domain Generalization of Hamiltonian Representation via Meta Learning	5: marginally below the acceptance threshold	3: You are fairly confident in your assessment. It is possible that you did not understand some parts of the submission or that you are unfamiliar with some pieces of related work. Math/other details were not carefully checked.	"[weaknesses] The paper presents an appealing goal, providing generalized Hamiltonian representations consistent across different physical domains. However, given the presented quantitative and qualitative results it is hard to judge the actual generalization and performance of the framework as detailed in the following points: 1. The notion of $\textit{generalization}$: ideally when discussing generalization in DL we would like to obtain a single pre-trained model which can then be used for diverse applications. With respect to the presented framework, this would suggest training the model(s) on a single task and then using the same network for prediction on all held-out systems. Similar to the setting presented in Ricci et al. (2023). However, here presented results always consider a single held-out-system. Providing an ablation over the number of systems used for training will allow for strengthening the claim of generalization and applicability for real-world applications. 2. Baselines: it would be beneficial to extend the baselines presented in the paper in two directions: (i) optimal; Training over the tested task, using all regimes (meta-, pre-, and vanilla HNN). This will allow a better assessment of the quality of the generalized model and (ii) within system generalization; following the background presented in section 2 it will be valuable to add a comparison to frameworks that are similar in nature and allow $\textit{within}$ model generalization, e.g. CoDA (Kirchmeyer et al. 2022) or within the same functional form of the Hamiltonian, e.g. iMODE (Li et al. 2023). Here training over the same train-test splits.

[questions] 1. Can the authors provide additional ablation studies following the weaknesses presented above? Specifically, it will be beneficial to present the performance as a function of the number of systems used in training (see weaknesses 1.) and add additional baselines (see weaknesses 2.) 2. Judging from the presented results the current framework is not suitable for larger systems, could the authors suggest possible extensions that may allow? What would be the necessary refinements that could be incorporated in the meta-learning configuration to allow for that?

[summary] This work leverages the power of meta-learning algorithms coupled with graph neural networks to find a shared representation of physical systems across various functional forms of Hamiltonian. In contrast to previous work, here the focus is on obtaining a representation which is valid across different physical systems. The performance of the framework is evaluated over a range of physical systems aiming to showcase its adaptivity to unseen settings."	"Thank you for your efforts in providing insightful feedback on our work. We appreciate the reviewer's recognition of the originality of our work compared to other related works. We have thoroughly examined the weaknesses and questions and revised our manuscript as follows (we also recommend the reviewer check the overall response). **_List of changes in the manuscript_**: > 1. Section 4.4 and SM C.3 are revised to add existing baseline results according to Q1 **Q1** Can the authors provide additional ablation studies following the weaknesses presented above? Specifically, it will be beneficial to present the performance as a function of the number of systems used in training (see weaknesses 1.) and add additional baselines (see weaknesses 2.) > **A1** > We appreciate the reviewer for suggesting additional experiments to strengthen our paper. > Regarding weakness 1, it's important to clarify that our primary objective was to explore the generalization of Hamiltonian dynamics for predicting a single, unknown held-out system, underpinned by ample data. While the experiment proposed by the reviewer is indeed beneficial, it aligns more closely with further challenging scenarios involving adaptation to multiple unknown systems. Such situations extend beyond the current scope of our research, which focuses on a singular system context. > For weakness 2, we originally thought that it was hard to directly compare our method with other prior baselines as the definition of the scope of generalization is different. However, we agree that adding such baselines would be beneficial. As such, we choose CoDA ([Kerchmeyer et al. 2022](https://arxiv.org/abs/2202.01889)) as a representative method for domain generalization in learning the physical dynamics (as it is reported to be superior among other related methods according to the CoDA authors). As expected, CoDA failed to adapt to an unseen system with the same number of steps, even for sufficient steps up to 10000. We have revised Section 4.4 and SM C.3 of our manuscript with the CoDA baseline results and included the corresponding discussion. **Q2** Judging from the presented results the current framework is not suitable for larger systems, could the authors suggest possible extensions that may allow? What would be the necessary refinements that could be incorporated in the meta-learning configuration to allow for that? > **A2** > Although the results for the large systems are quite poor in the reported results, we want to mention that our approach can handle the problem when the degree of freedom of the prepared data is not consistent throughout the system, noting that the previous methods discussed in Section 2.2 and 2.3 cannot be used in such scenarios. Although we cannot give the exact refinements in our preliminary results, possible ways could be 1) tune the update method in meta-learning, e.g. [Lee et al. 2021](https://arxiv.org/abs/2102.11544) report that using ANIL variation gives more accuracy compared to vanilla MAML, and 2) strictly search the hyperparameter space.

We would like to thank all of the reviewers for their constructive and valuable feedback on our work, and furthermore recognizing the strengths of our paper as follows; - the originality of our work in contrast to previous studies; learning the unified representation across diverse Hamiltonian system domains (**Reviewer xLig** and **Reviewer GtBu**) - the importance of the experimental aspects of our work; analysis of the unified representation of Hamiltonian dynamics using CKA (**Reviewer hDu2 and Reviewer jozM**) We rigorously addressed and incorporated the feedback to strengthen our work. Below are the main points of the revised manuscript (the changes in the manuscript are indicated as **bold**). 1. Most reviewers suggested a comparison with the baseline of the existing methods described in sections 2.2, and 2.3. The reason we did not include the previous generalization methods was that it was rather difficult to make a direct comparison with our model. Our model aims to learn a unified representation of the Hamiltonian dynamics across the types of physical systems, while the previous studies focus on the scenario of generalizing the dynamics across multiple environments within a fixed system situation. However, we agree with the reviewers that adding the existing baselines would give more concreteness to our result, and added the CoDA ([Kerchmeyer et al. 2022](https://arxiv.org/abs/2202.01889)) (which showed a significantly high performance among various generalization methods across environments within a system, according to the CoDA authors) baseline experiment. **We updated Section 4.4 and SM C.3 with the CoDA baseline and again verified the originality and superiority of our approach.** 2. We have added experiment to further discuss the limitation of our method, which is indeed a crucial point to make an argument from our experimental point of view. The added experiment is an adaptation task to the dissipative mass-spring system with the meta-trained model with conservative other systems. The meta-trained model fails to adapt to the dissipative system, indicating a possible limitation of our approach. **We updated Section 4.5 and SM C.4 with the corresponding additional experiments and discussions to explore the limitations of our work.** 3. Although all reviewers commented that the motivation and presentation of our paper are clearly written, there were some missing points regarding the implementation challenges solved. Although the existing generalization methods (as noted in the first numbered point above) propose new frameworks to learn the generalized dynamics across environments, their applications are limited when we want to generalize across the system type itself, and especially when the degree of freedom of the system changes in the data distribution. **We updated Section 2.3 to clearly state that our approach straightened out the challenges.** 4. Some of the text, such as section titles and figure captions, has been updated to reflect the comments made by reviewers. **We fixed the title of Section 2.2, 2.3, the caption of Figure 3, and moved Table 1. to SM A.3** Our manuscript has been revised accordingly (blue; major updates, red; minor updates such as typos) and we kindly ask all reviewers to check the updated part of the paper. We hope that our revised manuscript and responses will have a positive impact on the final evaluation. Once again, we thank all reviewers for their efforts in this review and look forward to further discussions.

We acknowledge your detailed comment regarding our response. Below we provide a response for the reviewer’s additional comments. 1. As the reviewer pointed out, one of the key differences between our proposed work and CoDA is the usage of graphs. We would like to add one more major difference as follows. According to the CoDA paper, CoDA is based on the assumption that the *environment* $e \in \mathcal{E}$ is from a specific dynamics $f$ (where $\frac{dx(t)}{dt} = f(x(t))$) such that the functional form of the dynamics set from the training data and the dynamics set of the unseen data should be the same. In other words, the context of environment-specific parameters is the same across the environments. This way of formulation can also be found for DyAd [1], and meta-SLVM [3]. However, in our setting, we do not impose such assumptions such that the term *environment* (which was a generalization within a fixed dynamics form) can be extended in the context of the term *domain* (now a generalization across different dynamics) we used in our manuscript. And for the missing details about how the graphs represent the system, we followed the settings from [Sanchez-Gonzalez et al. 2019](https://arxiv.org/abs/1909.12790), and [Bishonoi et al. 2023](https://openreview.net/forum?id=Ugl-B_at5n) such that the nodes represent the state $(\vec{q}, \vec{p})$, while the edge features are not used for now. We revised Section 3.2 accordingly. 2. We acknowledge the reviewer's observation regarding potential misunderstandings on our part. We focused on reporting baseline results for DyAd [1] within a specific system context. Our additional evaluation included testing the magnetic-mirror system adaptation task using a meta-trained model, which encompassed systems of mass-spring, pendulum, and Hénon-Heiles. Notably, DyAd showed limited adaptation capabilities in this context, struggling significantly with the magnetic-mirror system. This observation leads us to a critical point: methods such as CoDA, DyAd, and meta-SLVM, which aim to generalize within a fixed functional form of dynamics, may not be directly applicable to our concept of domain generalization (as we have previously discussed in the above-numbered point 1.). To align DyAd more closely with our generalization scope, we made a subtle modification to the parameter $c$ in the encoder loss's first term (weak supervision term), representing it as the Hamiltonian of the system. While it may be hard to argue that the explicit form of Hamiltonian is not shared across the system, we viewed this as a minimal form of weak supervision, leveraging the universal concept of energy in dynamical systems. And for the meta-SLVM, although it adapted well to several physical scenarios (namely bouncing balls under 4 gravity, pendulums, and mass springs with each four different physical constants), their adaptation was tested under the same type of physics; among the four dynamics for each physical scenarios, three were used for meta training, and the remaining one was used for meta testing. Therefore, despite the inherent limitations of DyAd and similar methods in this context, we posit that our approach, leveraging a vanilla MAML-based method, demonstrates superior adaptability and effectiveness compared to these baselines. This distinction underscores the rationale behind our methodological choices and the results we observed. Accordingly, we revised Section 2.3 with the discussions and Section 4.4 and SM C.5 with DyAd results. We hope that the additional response will address the concerns raised and appreciate the opportunity to clarify these aspects within the limited discussion period."	"We would like to thank all of the reviewers for their constructive and valuable feedback on our work, and furthermore recognizing the strengths of our paper as follows; - the originality of our work in contrast to previous studies; learning the unified representation across diverse Hamiltonian system domains (**Reviewer xLig** and **Reviewer GtBu**) - the importance of the experimental aspects of our work; analysis of the unified representation of Hamiltonian dynamics using CKA (**Reviewer hDu2 and Reviewer jozM**) We rigorously addressed and incorporated the feedback to strengthen our work. Below are the main points of the revised manuscript (the changes in the manuscript are indicated as **bold**). 1. Most reviewers suggested a comparison with the baseline of the existing methods described in sections 2.2, and 2.3. The reason we did not include the previous generalization methods was that it was rather difficult to make a direct comparison with our model. Our model aims to learn a unified representation of the Hamiltonian dynamics across the types of physical systems, while the previous studies focus on the scenario of generalizing the dynamics across multiple environments within a fixed system situation. However, we agree with the reviewers that adding the existing baselines would give more concreteness to our result, and added the CoDA ([Kerchmeyer et al. 2022](https://arxiv.org/abs/2202.01889)) (which showed a significantly high performance among various generalization methods across environments within a system, according to the CoDA authors) baseline experiment. **We updated Section 4.4 and SM C.3 with the CoDA baseline and again verified the originality and superiority of our approach.** 2. We have added experiment to further discuss the limitation of our method, which is indeed a crucial point to make an argument from our experimental point of view. The added experiment is an adaptation task to the dissipative mass-spring system with the meta-trained model with conservative other systems. The meta-trained model fails to adapt to the dissipative system, indicating a possible limitation of our approach. **We updated Section 4.5 and SM C.4 with the corresponding additional experiments and discussions to explore the limitations of our work.** 3. Although all reviewers commented that the motivation and presentation of our paper are clearly written, there were some missing points regarding the implementation challenges solved. Although the existing generalization methods (as noted in the first numbered point above) propose new frameworks to learn the generalized dynamics across environments, their applications are limited when we want to generalize across the system type itself, and especially when the degree of freedom of the system changes in the data distribution. **We updated Section 2.3 to clearly state that our approach straightened out the challenges.** 4. Some of the text, such as section titles and figure captions, has been updated to reflect the comments made by reviewers. **We fixed the title of Section 2.2, 2.3, the caption of Figure 3, and moved Table 1. to SM A.3** Our manuscript has been revised accordingly (blue; major updates, red; minor updates such as typos) and we kindly ask all reviewers to check the updated part of the paper. We hope that our revised manuscript and responses will have a positive impact on the final evaluation. Once again, we thank all reviewers for their efforts in this review and look forward to further discussions.

We sincerely appreciate your efforts in reviewing our paper. We are pleased that the reviewer noticed the strengths regarding the CKA analysis of the learned representations. We have carefully reviewed the weaknesses pointed out by the reviewer and have revised our manuscript as follows (we also recommend the reviewer review the overall response). **_List of changes in the manuscript_**: > 1. Section 2.3 is revised to add clarity to the paper based on W1, and W2. > 2. Section 4.4 and SM C.3 are revised to add existing baseline results following W3. > 3. The titles of Sections 4.1, and 4.2 and the caption of Fig. 3 are updated based on W3. **W1** The main contribution of the paper seems to be utilizing meta-learning to efficiently adapt to new systems. However, it is not clear from the paper if it is as simple as just using off-the-shelf implementation or if there are some challenges to doing this. **W2** Also, I would like to see some discussion around why meta-learning is preferred over other representation learning methods e.g. Domain Generalization, and why optimization-based methods surpass other approaches in meta-learning. > **A1, A2** > We presume that weaknesses 1 and 2 arise from the lack of clarity that we have written in the paper. Existing previous methods have clear limitations; 1) they do not guarantee generalization across diverse systems, and 2) to do so, they need to be flexible with respect to the varying degrees of freedom of the systems. Our approach aims at resolving these challenges by jointly using GNNs and meta-learning. Accordingly, we have revised section 2.3 to clearly state the points mentioned by the reviewer in Q1 and Q2. **W3** The experiments are not sufficient. First, there is no comparison with existing baseline models in domain generalization or meta-learning. Second, the comparison of the meta-model and pre-trained model is not fair, and I would suggest the author fine-tune the pre-trained model on the K-shot support set. Third, no visual comparison of the predicted dynamics and the ground truth, making the conclusion less convincing. > **A3** > - First, we acknowledge the insufficient comparison with existing baselines. Originally, we considered it to be hard to directly compare our method with other prior baselines due to the different definitions of the scope of generalization, we added a baseline experiment with CoDA ([Kerchmeyer et al. 2022](https://arxiv.org/abs/2202.01889)) which is considered a representative method for domain generalization in learning physical dynamics (as it is reported to be superior among other related methods according to the CoDA authors). As expected, CoDA failed to adapt to an unseen system with the same number of steps, even for sufficient steps up to 10000. We have revised Section 4.4 and SM C.3 of our manuscript with the CoDA baseline results and discussion. > - Second, while we appreciate the reviewer's perspective, our work is at the cornerstone in our scope of the problem definition, and thus to show both the possibility and the effectiveness of the unified representation of Hamiltonian dynamics, we chose as baselines the 1) pre-trained model that used the same total number of gradient steps during meta-training, and the 2) randomly initialized model, following the approach of the prior work of [Finn et al. 2017](https://arxiv.org/abs/1703.03400) and [Lee et al. 2021](https://arxiv.org/abs/2102.11544). > - Third, we respectfully ask the reviewer to check Section 4.2, where the dynamics of the predicted systems are discussed using Figure 3. However, we acknowledge that the presentation of the predicted dynamics written in the paper should be more explicit and accordingly we have updated the title of Sections 4.1, 4.2 and the caption of Figure 3.

We appreciate your thoughtful effort in reviewing this work. We are delighted to hear that the reviewer has recognized the contribution of our work in contrast to many existing works. We have carefully considered the points raised by the reviewer and have revised our manuscript as follows (we also recommend that the reviewer check the overall response). **_List of changes in the manuscript_**: > 1. Section 4.4 and SM C.3 are revised to add existing baseline results according to W1 **W1** The evaluation can be strengthened by considering comparing the proposed methods with other Few-shot Learning and Physics-informed Neural Networks methods for system domain generalization under both ""consistent"" and ""different"" physical laws. > **A1** > We first thought that it would be difficult to directly compare our method with other previous baselines, as the definition of the scope of generalization is different. However, we strongly agree with the reviewer that our evaluation can be strengthened by comparing the proposed approach with other existing methods. We added a baseline experiment with CoDA ([Kerchmeyer et al. 2022](https://arxiv.org/abs/2202.01889)) which is considered a representative method for domain generalization in learning physical dynamics (as it is reported to be superior to other related methods according to the CoDA authors). As expected, CoDA failed to adapt to an unseen system with the same number of steps, even for sufficient steps up to 10000. We have revised section 4.4 of our manuscript with the CoDA baseline results and discussion. **Q1** In Figure 4, why does a lower CKA value of the meta-trained model suggest it learned more similar representations during adaptation? As the authors mentioned, should a low CKA value indicate different representations? > **A1** > We acknowledge that our label notation in Figure 4 could be quite misleading. The y-axis represents the 1-CKA (1 minus CKA) value, not the raw CKA value. Therefore, the lower y-axis in Figure 4 indicates a high CKA value, which leads to more similar representations during adaptation."			
