review_rank,priority_score,dataset_name,validation_status,issue_id,paper_title,assistant_label,assistant_confidence,evidence_source,support_count,support_models,model_snapshot,risk_flags,review_action,evidence_span,review_excerpt,aligned_response_excerpt,revision_summary
1,77,NeurIPS 2024 limit100 active frontier,provisional_assistant_adjudication_not_human_validation,BRZYhVHvSg__r02,Multi-Group Proportional Representation in Retrieval,regressed,low,revision_summary,1,mpnet,issue_ledger=partially_fixed; modernbert=fixed; mpnet=regressed; structured=fixed; tfidf=partially_fixed,regressed_label;weak_model_support;low_confidence;high_model_disagreement,"Verify the alleged regression is caused by the response/revision, not just an unresolved original concern.","# Response to Reviewer XQou We are grateful for your review and positive feedback. We will address each of the weaknesses and questions raised (in a combined way) in detail below. We will be happy to answer any further question. ## Q1. ""Can you provide more details on the computational requirements of the proposed algorithm? Specifically, how does its performance scale with increasing dimensionality and size of the...","[weaknesses] Computational Complexity: Algorithm Efficiency: One potential weakness of the paper is the computational complexity of the proposed algorithm. As noted by the authors, the algorithm can be computationally intensive in...",# Response to Reviewer XQou We are grateful for your review and positive feedback. We will address each of the weaknesses and questions raised (in a combined way) in detail below. We will be happy to answer any further question. ## Q1....,# Response to Reviewer XQou We are grateful for your review and positive feedback. We will address each of the weaknesses and questions raised (in a combined way) in detail below. We will be happy to answer any further question. ## Q1....
2,77,NeurIPS 2024 limit100 active frontier,provisional_assistant_adjudication_not_human_validation,BRZYhVHvSg__r03,Multi-Group Proportional Representation in Retrieval,regressed,low,revision_summary,1,mpnet,issue_ledger=partially_fixed; modernbert=fixed; mpnet=regressed; structured=fixed; tfidf=partially_fixed,regressed_label;weak_model_support;low_confidence;high_model_disagreement,"Verify the alleged regression is caused by the response/revision, not just an unresolved original concern.","# Response to Reviewer XQou We are grateful for your review and positive feedback. We will address each of the weaknesses and questions raised (in a combined way) in detail below. We will be happy to answer any further question. ## Q1. ""Can you provide more details on the computational requirements of the proposed algorithm? Specifically, how does its performance scale with increasing dimensionality and size of the...","[weaknesses] A) This method is still extremely inefficient. Aside from making it difficult to use in practice, the results are only on 10 queries--this is very few and not great in terms of statistical significance B) Despite acknowledging...","# Response to Reviewer 4ELS We thank the reviewer for their careful review and valuable feedback and for raising the issue of the computational efficiency of our method. We have addressed this issue in our response below, in the general...",# Response to Reviewer XQou We are grateful for your review and positive feedback. We will address each of the weaknesses and questions raised (in a combined way) in detail below. We will be happy to answer any further question. ## Q1....
3,77,NeurIPS 2024 limit100 active frontier,provisional_assistant_adjudication_not_human_validation,DAO2BFzMfy__r04,Interpreting the Weight Space of Customized Diffusion Models,regressed,low,revision_summary,1,mpnet,issue_ledger=partially_fixed; modernbert=fixed; mpnet=regressed; structured=fixed; tfidf=partially_fixed,regressed_label;weak_model_support;low_confidence;high_model_disagreement,"Verify the alleged regression is caused by the response/revision, not just an unresolved original concern.","**“The overall idea of this paper is more similar to [1]...I suggest the authors could discuss more about the differences between this paper and [1].”** Although these two papers share the use of PCA and the application to personalization, there are fundamental differences. Many works have found subspaces in the *input space*, such as text embeddings [1], to produce meaningful linear interpolations. But as you point...","[weaknesses] - The paper lacks a comprehensive comparison with prior literature, resulting in inaccurate claims on “Alas, in multi-step generative models, like diffusion models, such a linear latent space is yet to be found”. In [a], it...","**“...editing and inverting have been widely studied in the field (see Weaknesses)”** and **“These methods have covered the scenarios including latent sampling, editing, and inverting and thus should be discussed”** and **“The...","**“The overall idea of this paper is more similar to [1]...I suggest the authors could discuss more about the differences between this paper and [1].”** Although these two papers share the use of PCA and the application to personalization,..."
4,52,NeurIPS 2024 limit100 active frontier,provisional_assistant_adjudication_not_human_validation,3BNPUDvqMt__r01,Better by default: Strong pre-tuned MLPs and boosted trees on tabular data,unresolved,low,aligned_response_excerpt,1,issue_ledger,issue_ledger=unresolved; modernbert=fixed; mpnet=partially_fixed; structured=partially_fixed; tfidf=partially_fixed,weak_model_support;low_confidence;high_model_disagreement,Check whether aligned response or revision summary contains a concrete fix that should change the label.,"We thank the reviewer for the constructive feedback. Weaknesses: 1. While we agree that such experiments would be interesting, they would be very costly and are not central to the research question we want to answer in the paper (how good can we make MLPs and GBDTs with default parameters?). We would argue that the existing results should already be interesting to readers and that our paper's ability to pose many...",[weaknesses] 1. One of the main contributions of the paper is the different DL techniques from Figure 1 that have been added to MLP. Although there are enough useful experiments and ablations on these techniques for RealMLP (Figure 1 and...,"We thank the reviewer for the constructive feedback. Weaknesses: 1. While we agree that such experiments would be interesting, they would be very costly and are not central to the research question we want to answer in the paper (how good...","We thank the reviewer for the constructive feedback. Major weaknesses: 1. - We meant to write “is competitive with GBDTs in terms of benchmark scores”, we will update this sentence. Of course, GBDTs are faster on most datasets with our..."
5,52,NeurIPS 2024 limit100 active frontier,provisional_assistant_adjudication_not_human_validation,3BNPUDvqMt__r02,Better by default: Strong pre-tuned MLPs and boosted trees on tabular data,unresolved,low,aligned_response_excerpt,1,issue_ledger,issue_ledger=unresolved; modernbert=fixed; mpnet=partially_fixed; structured=partially_fixed; tfidf=partially_fixed,weak_model_support;low_confidence;high_model_disagreement,Check whether aligned response or revision summary contains a concrete fix that should change the label.,"We thank the reviewer for the constructive feedback. Weaknesses: 1. **[1] was uploaded on 13th of July 2024**, so this paper cannot be used to question our novelty. (Besides, it also uses a mix of architectures, while we consider algorithm selection / ensembling.) Regarding ensembles, we do not claim to rediscover ensembles. Rather, we try to see how meta-learning better defaults affects the trade-off between...","[weaknesses] 1. The finding presented in this work is not entirely novel. Similar conclusions have been reached by Tree-hybrid MLPs `[1]`, although the methods are not quite the same. Moreover, ensemble different methods, including...","We thank the reviewer for the constructive feedback. Weaknesses: 1. **[1] was uploaded on 13th of July 2024**, so this paper cannot be used to question our novelty. (Besides, it also uses a mix of architectures, while we consider algorithm...","We thank the reviewer for the constructive feedback. Major weaknesses: 1. - We meant to write “is competitive with GBDTs in terms of benchmark scores”, we will update this sentence. Of course, GBDTs are faster on most datasets with our..."
6,52,NeurIPS 2024 limit100 active frontier,provisional_assistant_adjudication_not_human_validation,3ZAfFoAcUI__r01,On the Inductive Bias of Stacking Towards Improving Reasoning,unresolved,low,aligned_response_excerpt,1,modernbert,issue_ledger=fixed; modernbert=unresolved; mpnet=fixed; structured=fixed; tfidf=partially_fixed,weak_model_support;low_confidence;high_model_disagreement,Check whether aligned response or revision summary contains a concrete fix that should change the label.,"Thank you for the positive feedback and insightful questions. **Q1**: *the improvement of MIDAS on downstream tasks (open book QA and math word problems) is marginal compared to the improvements on these tasks [reasoning primitives].* A: While the improvement on these benchmarks is lower compared to improvement on primitives, the absolute magnitude of improvement is still quite high. For instance, for the 1B model,...","[weaknesses] - In section 5, the paper conjectures that induction copying, variable assignment, and pre-school math tasks are some of the core capabilities of contextual reasoning that can help characterize the inductive bias of the...",Thank you for the positive feedback and insightful questions. **Q1**: *the improvement of MIDAS on downstream tasks (open book QA and math word problems) is marginal compared to the improvements on these tasks [reasoning primitives].* A:...,"Thank you for the feedback and many suggestions. We tried to address them below by running new experiments. **Q1**: *The benchmarked models of size 1B and 2B are small compared to commonly used models like 7B, 13B etc. It’s hard to..."
7,52,NeurIPS 2024 limit100 active frontier,provisional_assistant_adjudication_not_human_validation,3ZAfFoAcUI__r02,On the Inductive Bias of Stacking Towards Improving Reasoning,unresolved,low,aligned_response_excerpt,1,modernbert,issue_ledger=partially_fixed; modernbert=unresolved; mpnet=fixed; structured=fixed; tfidf=partially_fixed,weak_model_support;low_confidence;high_model_disagreement,Check whether aligned response or revision summary contains a concrete fix that should change the label.,"Thank you for the positive feedback and suggestions. **Q1**: *I think at least one more reasoning benchmark is needed in each category in order to justify that the improvement difference is indeed due to memorization instead of some dataset artifacts.* A: Based on the reviewer’s suggestion, we evaluated MIDAS and baseline models on another category of tasks called “story completion”, which includes tasks like...","[weaknesses] The authors showed empirical evidence that the proposed algorithm improves reasoning, but reduces memorization. However, the experiments are done on four distinct categories of reasoning benchmarks. I think at least one more...",Thank you for the positive feedback and suggestions. **Q1**: *I think at least one more reasoning benchmark is needed in each category in order to justify that the improvement difference is indeed due to memorization instead of some...,"Thank you for the feedback and many suggestions. We tried to address them below by running new experiments. **Q1**: *The benchmarked models of size 1B and 2B are small compared to commonly used models like 7B, 13B etc. It’s hard to..."
8,52,NeurIPS 2024 limit100 active frontier,provisional_assistant_adjudication_not_human_validation,3ZAfFoAcUI__r03,On the Inductive Bias of Stacking Towards Improving Reasoning,unresolved,low,aligned_response_excerpt,1,modernbert,issue_ledger=fixed; modernbert=unresolved; mpnet=fixed; structured=fixed; tfidf=partially_fixed,weak_model_support;low_confidence;high_model_disagreement,Check whether aligned response or revision summary contains a concrete fix that should change the label.,"Thank you for the feedback and suggestions. We tried to address them below by running new experiments. **Q1**: *Can the authors evaluate on more reasoning and common-sense questions for better comparison, such as tasks tested in the Llama paper?* A: Based on the reviewer’s suggestion, we run evaluations on common sense reasoning benchmarks PiQA, HellaSwag, Winogrande, ARC-E, ARC-C from the Llama paper. | Model |...","[weaknesses] Can the authors evaluate on more reasoning and common-sense questions for better comparison, such as tasks tested in the Llama paper? Minor: In line 105, “For simplicity, we L is divisible by k” should be “For simplicity, L is...","Thank you for the feedback and suggestions. We tried to address them below by running new experiments. **Q1**: *Can the authors evaluate on more reasoning and common-sense questions for better comparison, such as tasks tested in the Llama...","Thank you for the feedback and many suggestions. We tried to address them below by running new experiments. **Q1**: *The benchmarked models of size 1B and 2B are small compared to commonly used models like 7B, 13B etc. It’s hard to..."
9,52,NeurIPS 2024 limit100 active frontier,provisional_assistant_adjudication_not_human_validation,9uolDxbYLm__r01,Model Reconstruction Using Counterfactual Explanations: A Perspective From Polytope Theory,unresolved,low,aligned_response_excerpt,1,issue_ledger,issue_ledger=unresolved; modernbert=fixed; mpnet=fixed; structured=fixed; tfidf=partially_fixed,weak_model_support;low_confidence;high_model_disagreement,Check whether aligned response or revision summary contains a concrete fix that should change the label.,"We thank the reviewer for taking out the time to review this paper, and appreciate their acknowledgement of the novelty of our work. **_On significance and limitations of theoretical results:_** Deriving theoretical bounds for model reconstruction using counterfactuals under general non-convex decision boundaries is a challenging problem. Our work proposes a novel non-trivial approach towards solving this problem...","[weaknesses] *Missing variety of recourse methods*: The paper would greatly benefit from a more comprehensive set of experiments that examine the viability of model reconstruction under various recourse settings. Specifically,...","We thank the reviewer for taking out the time to review this paper, and appreciate their acknowledgement of the novelty of our work. **_On significance and limitations of theoretical results:_** Deriving theoretical bounds for model...","We are grateful for the detailed review and the important suggestions. **_Dependency on counterfactual generating method:_** The performance of the proposed method does not depend on the specific counterfactual generating method, except..."
10,52,NeurIPS 2024 limit100 active frontier,provisional_assistant_adjudication_not_human_validation,9uolDxbYLm__r03,Model Reconstruction Using Counterfactual Explanations: A Perspective From Polytope Theory,unresolved,low,aligned_response_excerpt,1,issue_ledger,issue_ledger=unresolved; modernbert=fixed; mpnet=fixed; structured=fixed; tfidf=partially_fixed,weak_model_support;low_confidence;high_model_disagreement,Check whether aligned response or revision summary contains a concrete fix that should change the label.,"We thank the reviewer for taking out the time to review this paper, and appreciate their acknowledgement of the novelty of our work. **_On significance and limitations of theoretical results:_** Deriving theoretical bounds for model reconstruction using counterfactuals under general non-convex decision boundaries is a challenging problem. Our work proposes a novel non-trivial approach towards solving this problem...","[weaknesses] The key limitation of this paper is that all the theories hold if the counterfactuals are the closest ones to the observations, which is difficult to be guaranteed utilizing counterfactual explanations algorithms. One way to...","We thank the reviewer for taking out the time to review this paper, and appreciate their acknowledgement of the novelty of our work. **_On significance and limitations of theoretical results:_** Deriving theoretical bounds for model...","We are grateful for the detailed review and the important suggestions. **_Dependency on counterfactual generating method:_** The performance of the proposed method does not depend on the specific counterfactual generating method, except..."
11,52,NeurIPS 2024 limit100 active frontier,provisional_assistant_adjudication_not_human_validation,IfZwSRpqHl__r04,Dynamic Rescaling for Training GNNs,unresolved,low,aligned_response_excerpt,1,issue_ledger,issue_ledger=unresolved; modernbert=fixed; mpnet=fixed; structured=fixed; tfidf=partially_fixed,weak_model_support;low_confidence;high_model_disagreement,Check whether aligned response or revision summary contains a concrete fix that should change the label.,We thank the reviewers for their encouraging comments and constructive suggestions that we have incorporated to improve the paper. We jointly answer some key common questions of the reviewers here in two parts regarding i) additional insights and ii) limitations. **Further insights and additional experiments:** 1. We discover trends regarding homophily and heterophily in the training dynamics of GATs. *...,"[weaknesses] 1. As preliminary is integrated into the approach, it is hard to parse which part is novel. It would be beneficial to more clearly compare the contributions of this paper and previous papers on training dynamics, especially...",We thank the reviewers for their encouraging comments and constructive suggestions that we have incorporated to improve the paper. We jointly answer some key common questions of the reviewers here in two parts regarding i) additional...,"Thank you for your response. As the reviewer has acknowledged our point-by-point answers to the questions that were put forth as a guideline for us to enhance the readability, and will eventually be included in the revised version of the..."
12,52,NeurIPS 2024 limit100 active frontier,provisional_assistant_adjudication_not_human_validation,JO6T4rEJ32__r02,Binding in hippocampal-entorhinal circuits enables compositionality in cognitive maps,unresolved,low,aligned_response_excerpt,1,issue_ledger,issue_ledger=unresolved; modernbert=fixed; mpnet=partially_fixed; structured=partially_fixed; tfidf=partially_fixed,weak_model_support;low_confidence;high_model_disagreement,Check whether aligned response or revision summary contains a concrete fix that should change the label.,"Thank you for your thoughtful review. We appreciate your agreement about the rigor and suitability of the mathematical framework. Apologies if responses seem terse, we've tried to give clear explanations within the word count. > To make a better job ... What is it that main thing that it bring to the table? Apart from mathematical elegance. Our work gives a theory of computations (representations and algorithms) in...","[weaknesses] * The task on which the model is tested (inputs, output, goals) was not clearly defined in the paper, from Section 4 we know that it is about path integrations and there are simulated trajectories (generated according to...","Thank you for your thoughtful review. We appreciate your agreement about the rigor and suitability of the mathematical framework. Apologies if responses seem terse, we've tried to give clear explanations within the word count. > To make a...","Thank you very much for your thoughtful review and accurate summary of its main points. We concur that the strengths listed: theory (proofs and experimental validation) for every part of the RNS model, in addition to testable hypotheses..."
13,52,NeurIPS 2024 limit100 active frontier,provisional_assistant_adjudication_not_human_validation,LxxIiInmuF__r02,Paths to Equilibrium in Games,unresolved,low,aligned_response_excerpt,1,issue_ledger,issue_ledger=unresolved; modernbert=partially_fixed; mpnet=fixed; structured=partially_fixed; tfidf=partially_fixed,weak_model_support;low_confidence;high_model_disagreement,Check whether aligned response or revision summary contains a concrete fix that should change the label.,"Thank you for your kind words and for your questions. Efficiency and practical performance are important considerations for work on MARL. Our theoretical study here is somewhat orthogonal to efficiency, and we do not take a position on the exploratory (""lose-shift"") mechanism used by any particular satisficing-based MARL algorithm, but we can say a few things about the connections between this theory and efficiency....","[weaknesses] I have one main complaint, and this is related to my disagreement with the following sentence at the beginning of section 3.2: ``Theorem 1 shows that play will be driven along satisficing paths to an equilibrium"".'' I...","Thank you for your kind words and for your questions. Efficiency and practical performance are important considerations for work on MARL. Our theoretical study here is somewhat orthogonal to efficiency, and we do not take a position on the...","Thank you for your engaged reading and review of our paper! Our aim with the original wording at the beginning of Section 3.2 was to contrast approaches based on satisficing with approaches based (for instance) on best responding, where in..."
14,52,NeurIPS 2024 limit100 active frontier,provisional_assistant_adjudication_not_human_validation,LxxIiInmuF__r03,Paths to Equilibrium in Games,unresolved,low,aligned_response_excerpt,1,issue_ledger,issue_ledger=unresolved; modernbert=partially_fixed; mpnet=fixed; structured=partially_fixed; tfidf=partially_fixed,weak_model_support;low_confidence;high_model_disagreement,Check whether aligned response or revision summary contains a concrete fix that should change the label.,"Thank you for your kind words and for your questions. Efficiency and practical performance are important considerations for work on MARL. Our theoretical study here is somewhat orthogonal to efficiency, and we do not take a position on the exploratory (""lose-shift"") mechanism used by any particular satisficing-based MARL algorithm, but we can say a few things about the connections between this theory and efficiency....","[weaknesses] 1. Although this paper provides extensive theoretical results, it lacks empirical validation. Including experimental results or simulations, even a simple example, to demonstrate the practical applicability and performance of...","Thank you for your kind words and for your questions. Efficiency and practical performance are important considerations for work on MARL. Our theoretical study here is somewhat orthogonal to efficiency, and we do not take a position on the...","Thank you for your engaged reading and review of our paper! Our aim with the original wording at the beginning of Section 3.2 was to contrast approaches based on satisficing with approaches based (for instance) on best responding, where in..."
15,52,NeurIPS 2024 limit100 active frontier,provisional_assistant_adjudication_not_human_validation,LxxIiInmuF__r04,Paths to Equilibrium in Games,unresolved,low,aligned_response_excerpt,1,issue_ledger,issue_ledger=unresolved; modernbert=partially_fixed; mpnet=fixed; structured=partially_fixed; tfidf=partially_fixed,weak_model_support;low_confidence;high_model_disagreement,Check whether aligned response or revision summary contains a concrete fix that should change the label.,"Thank you for your kind words and for your questions. Efficiency and practical performance are important considerations for work on MARL. Our theoretical study here is somewhat orthogonal to efficiency, and we do not take a position on the exploratory (""lose-shift"") mechanism used by any particular satisficing-based MARL algorithm, but we can say a few things about the connections between this theory and efficiency....","[weaknesses] Remark 1 suggests the algorithm is centralized rather than decentralized and learning-based. Under Case 1 you say ""fix an arbitrary Nash equilibrium $z^*$.'' How does one discover ""z^*?"" Isn't the point of using MARL...","Thank you for your kind words and for your questions. Efficiency and practical performance are important considerations for work on MARL. Our theoretical study here is somewhat orthogonal to efficiency, and we do not take a position on the...","Thank you for your engaged reading and review of our paper! Our aim with the original wording at the beginning of Section 3.2 was to contrast approaches based on satisficing with approaches based (for instance) on best responding, where in..."
16,52,NeurIPS 2024 limit100 active frontier,provisional_assistant_adjudication_not_human_validation,MQIET1VfoV__r02,Boosting Sample Efficiency and Generalization in Multi-agent Reinforcement Learning via Equivariance,unresolved,low,aligned_response_excerpt,1,issue_ledger,issue_ledger=unresolved; modernbert=fixed; mpnet=fixed; structured=fixed; tfidf=partially_fixed,weak_model_support;low_confidence;high_model_disagreement,Check whether aligned response or revision summary contains a concrete fix that should change the label.,"Thank you for your thorough review. We appreciate the time you took to dive into the details of our work and provide specific advice for improving these results. We tried to take your feedback into account in our updated results. We increased the number of seeds up to 10, and we added a new baseline (see the global rebuttal for those charts) from [20]. We will remove the language regarding ""up to 10x improvement in...",[weaknesses] Clarity * In the abstract the main claims are 10x improvements in sample efficiency and final reward. This is just unnecessarily exaggerated and possibly misleading. I think the paper would benefit from a clear depiction of...,Thank you for your thorough review. We appreciate the time you took to dive into the details of our work and provide specific advice for improving these results. We tried to take your feedback into account in our updated results. We...,"Thanks for responding! 1. Note that our paper was written contemporary to [20]. We had much of our results before they published. However, we did add an empirical comparison with [20] and note that our approach E2GN2 (see the pdf in the..."
17,52,NeurIPS 2024 limit100 active frontier,provisional_assistant_adjudication_not_human_validation,N2RaC7LO6k__r03,Geometry of naturalistic object representations in recurrent neural network models of working memory,unresolved,low,aligned_response_excerpt,1,issue_ledger,issue_ledger=unresolved; modernbert=fixed; mpnet=partially_fixed; structured=partially_fixed; tfidf=partially_fixed,weak_model_support;low_confidence;high_model_disagreement,Check whether aligned response or revision summary contains a concrete fix that should change the label.,We thank the reviewer for recognizing the importance of our study. We have carefully considered the reviewer's comments and have provided the following response: * __Typos.__ We sincerely thank the reviewer for carefully listing all of the typos in our original draft. We will fix them and more thoroughly review the revised manuscript to ensure clarity. * __Missing details about model training.__ Thank you for...,"[weaknesses] - Some relevant citations are missing, please see below. - The presentation, for me, was a bit dense. I was not fully able to follow Section 4.3, though I believe I understood the general takeaways. The authors should work...",We thank the reviewer for recognizing the importance of our study. We have carefully considered the reviewer's comments and have provided the following response: * __Typos.__ We sincerely thank the reviewer for carefully listing all of the...,"We understand the reviewer's continuing concern in terms of the clarity of the revised text given that updates to the manuscript are not allowed at this stage. To help the reviewer with their judgement, below we include all of the text..."
18,52,NeurIPS 2024 limit100 active frontier,provisional_assistant_adjudication_not_human_validation,NfOFbPpYII__r03,Non-asymptotic Convergence of Training Transformers for Next-token Prediction,unresolved,low,aligned_response_excerpt,1,issue_ledger,issue_ledger=unresolved; modernbert=partially_fixed; mpnet=fixed; structured=partially_fixed; tfidf=partially_fixed,weak_model_support;low_confidence;high_model_disagreement,Check whether aligned response or revision summary contains a concrete fix that should change the label.,"We thank the reviewer for the helpful comments, and would like to provide the following responses. **Q1:** How would you change the manuscript to make it more easy to understand your definitions and motivation behind the mathematics? For example, the example dataset provides some additional insights, but does not clarify why these properties are important, how this leads to zero training loss in the limit, etc....","[weaknesses] The paper completely lacks a discussion of how general the obtained insights are; i.e., what the paper contributes beyond the setting of the simple network architecture, custom dataset and custom training method used to derive...","We thank the reviewer for the helpful comments, and would like to provide the following responses. **Q1:** How would you change the manuscript to make it more easy to understand your definitions and motivation behind the mathematics? For...","We thank the reviewer for the helpful comments, and would like to provide the following responses. **Q1:** Some of the mathematical concepts, particularly the query-dependent partial orders, are complex and could be better explained...."
19,52,NeurIPS 2024 limit100 active frontier,provisional_assistant_adjudication_not_human_validation,NfOFbPpYII__r04,Non-asymptotic Convergence of Training Transformers for Next-token Prediction,unresolved,low,aligned_response_excerpt,1,issue_ledger,issue_ledger=unresolved; modernbert=partially_fixed; mpnet=fixed; structured=partially_fixed; tfidf=partially_fixed,weak_model_support;low_confidence;high_model_disagreement,Check whether aligned response or revision summary contains a concrete fix that should change the label.,"We thank the reviewer for the helpful comments, and would like to provide the following responses. **Q1:** How is the loss function between lines 227 and 228 obtained? Why is its form different from Eq. 1? **A1:** The loss in Eq.\ (1) is for the general-length case. The loss between lines 227 and 228 is for the training stage 1 (i.e., training of feed-forward layer), where the inputs are one-token sentences. We note...","[weaknesses] 1. How is the loss function between lines 227 and 288 obtained? Why is its form different from Eq. 1? 2. In Section 6, the authors theoretically prove the generalization ability of the trained Transformer. Can the...","We thank the reviewer for the helpful comments, and would like to provide the following responses. **Q1:** How is the loss function between lines 227 and 228 obtained? Why is its form different from Eq. 1? **A1:** The loss in Eq.\ (1) is...","We thank the reviewer for the helpful comments, and would like to provide the following responses. **Q1:** Some of the mathematical concepts, particularly the query-dependent partial orders, are complex and could be better explained...."
20,52,NeurIPS 2024 limit100 active frontier,provisional_assistant_adjudication_not_human_validation,UwvjJZWjPT__r01,Inductive biases of multi-task learning and finetuning: multiple regimes of feature reuse,unresolved,low,aligned_response_excerpt,1,issue_ledger,issue_ledger=unresolved; modernbert=fixed; mpnet=partially_fixed; structured=partially_fixed; tfidf=partially_fixed,weak_model_support;low_confidence;high_model_disagreement,Check whether aligned response or revision summary contains a concrete fix that should change the label.,"Thank you very much for your positive feedback and your helpful comments. Below we respond to your questions. > This paper seems somewhat related to the PT + FT setting. Mainly out of curiosity, as I think the settings are a little different, do you see any connections? We agree that this paper is related. This paper (which focuses on classification, though see Evron et al. (2022), which focuses on regression) also...","[weaknesses] A good paper overall. See some questions below. [questions] * This paper seems somewhat related to the PT + FT setting. Mainly out of curiosity, as I think the settings are a little different, do you see any connections?...","Thank you very much for your positive feedback and your helpful comments. Below we respond to your questions. > This paper seems somewhat related to the PT + FT setting. Mainly out of curiosity, as I think the settings are a little...","Thank you very much for your helpful review. Below we respond to your comments and questions. (Due to the character limit on the rebuttal, we focus here on the most important responses and have relegated additional responses to a comment.)..."
21,52,NeurIPS 2024 limit100 active frontier,provisional_assistant_adjudication_not_human_validation,UwvjJZWjPT__r03,Inductive biases of multi-task learning and finetuning: multiple regimes of feature reuse,unresolved,low,aligned_response_excerpt,1,issue_ledger,issue_ledger=unresolved; modernbert=fixed; mpnet=partially_fixed; structured=partially_fixed; tfidf=partially_fixed,weak_model_support;low_confidence;high_model_disagreement,Check whether aligned response or revision summary contains a concrete fix that should change the label.,"Below, we are providing some additional responses that we did not have space for in our rebuttal: > Lines 85-89: I would do a better job of defining “large initialization” vs “small initialization” for the reader without requiring a reference check by the reader. Thank you for pointing this out! We will change ""large/small initialization"" to ""large/small initial weight magnitude"". > Lines 103-111: The notation in...","[weaknesses] I think some of the notation needs to be cleaned-up to have this important work reach as broad an audience as possible. Much is left to the appendix and when it is the references are usually there, but I would make sure they...","Below, we are providing some additional responses that we did not have space for in our rebuttal: > Lines 85-89: I would do a better job of defining “large initialization” vs “small initialization” for the reader without requiring a...","Thank you very much for your helpful review. Below we respond to your comments and questions. (Due to the character limit on the rebuttal, we focus here on the most important responses and have relegated additional responses to a comment.)..."
22,52,NeurIPS 2024 limit100 active frontier,provisional_assistant_adjudication_not_human_validation,YO6GVPUrKN__r01,On the Limitations of Fractal Dimension as a Measure of Generalization,unresolved,low,aligned_response_excerpt,1,modernbert,issue_ledger=fixed; modernbert=unresolved; mpnet=fixed; structured=fixed; tfidf=partially_fixed,weak_model_support;low_confidence;high_model_disagreement,Check whether aligned response or revision summary contains a concrete fix that should change the label.,"We thank this reviewer for the careful review provided. We are very happy to see that they also appreciated the importance of evaluating existing work to “build upon solid foundations”. We would like to begin by addressing the weaknesses they identify. 1. **Discrepancy between our correlation coefficients and those in Dupuis et al. \[2023\]**: We appreciate the reviewer's observation, which prompted us to revise the...","[weaknesses] Lack of theorical results. [questions] No questions. [summary] The paper investigates the effectiveness of using fractal dimensions, particularly the Hausdorff dimension and persistent homology dimension, as measures for...",We thank this reviewer for the careful review provided. We are very happy to see that they also appreciated the importance of evaluating existing work to “build upon solid foundations”. We would like to begin by addressing the weaknesses...,We thank this reviewer for their feedback and are happy to see that they found our conclusions “well-supported” and the text “well-written and organized.” We would like to first address the concern regarding the clarity of the PH dimension...
23,52,NeurIPS 2024 limit100 active frontier,provisional_assistant_adjudication_not_human_validation,axW8xvQPkF__r04,Fairness in Social Influence Maximization via Optimal Transport,unresolved,low,aligned_response_excerpt,1,issue_ledger,issue_ledger=unresolved; modernbert=partially_fixed; mpnet=fixed; structured=partially_fixed; tfidf=partially_fixed,weak_model_support;low_confidence;high_model_disagreement,Check whether aligned response or revision summary contains a concrete fix that should change the label.,"# W1 Thanks for pointing this out. We made the proposed correction in the manuscript. # W2 Strategy A and Strategy B have the same mutual fairness score since they are equally (un)fair. Namely, they have the same distance from the diagonal. On the other hand, transporting Strategy A onto Strategy B has the highest cost as they are at a maximum (Euclidean) distance apart from each other. In a sense, the two...","[weaknesses] 1. In Definition 2.1, V is the network. Late in section 3.2, V is the set of nodes. 2. Consider two influence strategies, A and B, for a population of two groups, I and II. Strategy A always informs everyone in Group I while...","# W1 Thanks for pointing this out. We made the proposed correction in the manuscript. # W2 Strategy A and Strategy B have the same mutual fairness score since they are equally (un)fair. Namely, they have the same distance from the...","# W1 We agree that the multi-group case requires more detail. We will include a dedicated appendix. With $m$ groups, the outreach distribution is a distribution $\gamma$ on $[0,1]^m$. The reference distribution is again the ``ideal''..."
24,52,NeurIPS 2024 limit100 active frontier,provisional_assistant_adjudication_not_human_validation,cknAewsBhD__r02,EGSST: Event-based Graph Spatiotemporal Sensitive Transformer for Object Detection,unresolved,low,aligned_response_excerpt,1,issue_ledger,issue_ledger=unresolved; modernbert=fixed; mpnet=partially_fixed; structured=partially_fixed; tfidf=partially_fixed,weak_model_support;low_confidence;high_model_disagreement,Check whether aligned response or revision summary contains a concrete fix that should change the label.,"**W1.** Thank you for your attention to our choice of datasets. We acknowledge that N-CARS [7] is a significant dataset for event classification tasks. However, our research focuses on event-based object detection, which is distinct from event classification. Literature [1,2,3,4] supports our use of the Gen1 and 1Mpx datasets, which are well-established in object detection research, hence their selection for our...","[weaknesses] 1. Insufficient experiment. The Gen1 and 1Mpx datasets used in this paper are not the most widely used datasets for event classification tasks. Even with a focus on driving scenarios, the N-CARS [HATS: Histograms of averaged...","**W1.** Thank you for your attention to our choice of datasets. We acknowledge that N-CARS [7] is a significant dataset for event classification tasks. However, our research focuses on event-based object detection, which is distinct from...","**W1.** We greatly appreciate your evaluation and suggestions regarding our integration of Graph and Transformer technologies. In our integrated framework, there are two key aspects: 1) Interaction Mechanism between SSM and TAC: The..."
25,52,NeurIPS 2024 limit100 active frontier,provisional_assistant_adjudication_not_human_validation,cknAewsBhD__r04,EGSST: Event-based Graph Spatiotemporal Sensitive Transformer for Object Detection,unresolved,low,aligned_response_excerpt,1,issue_ledger,issue_ledger=unresolved; modernbert=fixed; mpnet=partially_fixed; structured=partially_fixed; tfidf=partially_fixed,weak_model_support;low_confidence;high_model_disagreement,Check whether aligned response or revision summary contains a concrete fix that should change the label.,"Thank you for your constructive feedback. We have carefully revised the manuscript based on your suggestions, particularly regarding the clarity of function definitions and the roles of specific modules. We hope these revisions meet your expectations and ask for your reconsideration during the review process. We are committed to addressing any further questions or requirements during the discussion period. **W1.**...","[weaknesses] 1. In section 3.3, the author claims that the SSM module mimics the human eye to output the degree of object dynamics in the event stream. This metric is measured by the number of events and the time span of each subgraph...","Thank you for your constructive feedback. We have carefully revised the manuscript based on your suggestions, particularly regarding the clarity of function definitions and the roles of specific modules. We hope these revisions meet your...","**W1.** We greatly appreciate your evaluation and suggestions regarding our integration of Graph and Transformer technologies. In our integrated framework, there are two key aspects: 1) Interaction Mechanism between SSM and TAC: The..."
26,52,NeurIPS 2024 limit100 active frontier,provisional_assistant_adjudication_not_human_validation,cuO0DenqMl__r01,Wasserstein Gradient Boosting: A Framework for Distribution-Valued Supervised Learning,unresolved,low,aligned_response_excerpt,1,issue_ledger,issue_ledger=unresolved; modernbert=partially_fixed; mpnet=fixed; structured=partially_fixed; tfidf=partially_fixed,weak_model_support;low_confidence;high_model_disagreement,Check whether aligned response or revision summary contains a concrete fix that should change the label.,"Thank you for your strong endorsement of our work. We also believe that WGBoost is a promising direction that connects Wasserstein dynamics and gradient boosting ensemble for the first time. &nbsp; > Authors did not specify details about the hyperparameter selection for Conditional Density Estimation, Classification and OOD Detection tasks. Thank you for raising this point. We will add a clarification about the...","[weaknesses] Authors did not specify details about the hyperparameter selection for Conditional Density Estimation, Classification and OOD Detection tasks. Misc: There is a typo in the line no 284, root is written as room. [questions] I...",Thank you for your strong endorsement of our work. We also believe that WGBoost is a promising direction that connects Wasserstein dynamics and gradient boosting ensemble for the first time. &nbsp; > Authors did not specify details about...,"Thank you for your constructive feedback to our work. We respond to each of your comments and concerns below. We hope that these responses will open up room for an upward revision of the score of our work. (In our response below, citation..."
27,52,NeurIPS 2024 limit100 active frontier,provisional_assistant_adjudication_not_human_validation,cuO0DenqMl__r02,Wasserstein Gradient Boosting: A Framework for Distribution-Valued Supervised Learning,unresolved,low,aligned_response_excerpt,1,issue_ledger,issue_ledger=unresolved; modernbert=fixed; mpnet=fixed; structured=fixed; tfidf=partially_fixed,weak_model_support;low_confidence;high_model_disagreement,Check whether aligned response or revision summary contains a concrete fix that should change the label.,"Thank you for your constructive feedback to our work. We respond to each of your comments and concerns below. We hope that these responses will open up room for an upward revision of the score of our work. (In our response below, citation numbers such as [9] and [10] correspond to references in our manuscript.) &nbsp; > For a paper on trees, I find the experiments quite small scale and limited ... / ... large scale...","[weaknesses] Originality: - Nothing really noted. Being a straightforward application of some machinery is totally fine. Quality: - For a paper on trees, I find the experiments quite small scale and limited. I would have expected NLL...","Thank you for your constructive feedback to our work. We respond to each of your comments and concerns below. We hope that these responses will open up room for an upward revision of the score of our work. (In our response below, citation...","Thank you for your constructive feedback to our work. We respond to each of your comments and concerns below. We hope that these responses will open up room for an upward revision of the score of our work. (In our response below, citation..."
28,52,NeurIPS 2024 limit100 active frontier,provisional_assistant_adjudication_not_human_validation,cuO0DenqMl__r04,Wasserstein Gradient Boosting: A Framework for Distribution-Valued Supervised Learning,unresolved,low,aligned_response_excerpt,1,issue_ledger,issue_ledger=unresolved; modernbert=fixed; mpnet=fixed; structured=fixed; tfidf=partially_fixed,weak_model_support;low_confidence;high_model_disagreement,Check whether aligned response or revision summary contains a concrete fix that should change the label.,"Thank you for your strong endorsement of our work. We are delighted that you have found our methodology well-written and intriguing. &nbsp; > Did you compare between the different algorithms (i.e. with and without Wasserstein Hessian preconditioner, and Kernel vs Langevin approximation) on the benchmark of Section 4.2? Thank you for raising this point. So far we have compared them only through the simulation study...","[weaknesses] The paper is good overall in my opinion, but still has some weaknesses. - Experiments focus on KL divergence functional. - No theoretical analysis [questions] Did you compare between the different algorithms (i.e. with and...",Thank you for your strong endorsement of our work. We are delighted that you have found our methodology well-written and intriguing. &nbsp; > Did you compare between the different algorithms (i.e. with and without Wasserstein Hessian...,"Thank you for your constructive feedback to our work. We respond to each of your comments and concerns below. We hope that these responses will open up room for an upward revision of the score of our work. (In our response below, citation..."
29,52,NeurIPS 2024 limit100 active frontier,provisional_assistant_adjudication_not_human_validation,gcpeEg88R3__r04,Quasi-Bayes meets Vines,unresolved,low,aligned_response_excerpt,1,issue_ledger,issue_ledger=unresolved; modernbert=fixed; mpnet=partially_fixed; structured=partially_fixed; tfidf=partially_fixed,weak_model_support;low_confidence;high_model_disagreement,Check whether aligned response or revision summary contains a concrete fix that should change the label.,"# Reply 1: We did not mean to alienate readers, and will modify the text according to your suggestions. For the camera ready, we will use your phrasing for the abstract and use more neutral expressions in the introduction, citing papers emanating from [25] as evidence of an active area of research instead. Reply 2: Please see point 1 in the main reply. # Reply 3,5,6,14: We appreciate your judgement and removed the...","[weaknesses] ## Major 1. p1 L1 I would avoid flattering formulations like ""[25] initiated a new era of Bayesian computation"" and L33 ""[25] heralded a revolution in Bayesian methods"", ""liberating Bayes"". While you are free to think it and...","# Reply 1: We did not mean to alienate readers, and will modify the text according to your suggestions. For the camera ready, we will use your phrasing for the abstract and use more neutral expressions in the introduction, citing papers...","# Reply to weakness 1 We appreciate your recommendation on this. Following your and other reviewer's comments, we have (1) interchanged subscripts and superscripts between dimension and predictive step, (2) added an introduction of vines..."
30,52,NeurIPS 2024 limit100 active frontier,provisional_assistant_adjudication_not_human_validation,hOcsUrOY0D__r04,Attack-Aware Noise Calibration for Differential Privacy,unresolved,low,aligned_response_excerpt,1,issue_ledger,issue_ledger=unresolved; modernbert=fixed; mpnet=partially_fixed; structured=partially_fixed; tfidf=partially_fixed,weak_model_support;low_confidence;high_model_disagreement,Check whether aligned response or revision summary contains a concrete fix that should change the label.,"> The neighbourhood relation is inconsistent: Section 2.1 describes substitute neighbourhood, while Section 2.2 describes add/remove neighbourhood. Thank you for pointing this out! Our analyses are independent of the choice of the neighborhood relation, and our experiments are done with the add-remove relation. We will remove the substitution relation in Section 2.1 paragraph “Setup and notation”, mention that we...","[weaknesses] Some parts of the proof of Theorem 3.4, the main theorem of the work, are not fully clear, and could be missing details needed to make them fully correct. I've collected these points in the Questions section. I think the...","> The neighbourhood relation is inconsistent: Section 2.1 describes substitute neighbourhood, while Section 2.2 describes add/remove neighbourhood. Thank you for pointing this out! Our analyses are independent of the choice of the...","We would like to thank all the reviewers for their time and feedback. We are glad the reviews found that our framework addresses an important technical problem (pcXQ), provides significant theoretical contributions (pcXQ), and compelling..."
31,52,NeurIPS 2024 limit100 active frontier,provisional_assistant_adjudication_not_human_validation,iEeiZlTbts__r01,No Regrets: Investigating and Improving Regret Approximations for Curriculum Discovery,unresolved,low,aligned_response_excerpt,1,issue_ledger,issue_ledger=unresolved; modernbert=partially_fixed; mpnet=fixed; structured=partially_fixed; tfidf=partially_fixed,weak_model_support;low_confidence;high_model_disagreement,Check whether aligned response or revision summary contains a concrete fix that should change the label.,"Dear reviewer, thank you for your thorough review and helpful suggestions! We also appreciate you mentioning that our paper ""includes many contributions"" and ""could help to move further ACL research toward more promising directions."" Please find our responses and changes below. # Hyperparameters and UED underperformance As rightfully requested by the reviewer, we have performed extensive hyperparameter tuning for...","[weaknesses] The main weakness of the paper is the claim that domain randomization and their new heuristic outperform all UED algorithms, which is not entirely convincing from the results. The PLR hyperparameters used in this work are...","Dear reviewer, thank you for your thorough review and helpful suggestions! We also appreciate you mentioning that our paper ""includes many contributions"" and ""could help to move further ACL research toward more promising directions.""...","Thank you for your positive review, particularly highlighting that our paper is ""technically sound"" and that the learnability score is ""original"". Please find our responses to your comments below. > Lines 15-17. Suggest to delete spurious..."
32,52,NeurIPS 2024 limit100 active frontier,provisional_assistant_adjudication_not_human_validation,m5dyKArVn8__r03,How many classifiers do we need?,unresolved,low,aligned_response_excerpt,1,issue_ledger,issue_ledger=unresolved; modernbert=fixed; mpnet=partially_fixed; structured=partially_fixed; tfidf=partially_fixed,weak_model_support;low_confidence;high_model_disagreement,Check whether aligned response or revision summary contains a concrete fix that should change the label.,"Thank you for your positive review of our paper; we greatly appreciate your comments and questions. [Weakness 1] Please see the general response: we hope that the newly presented form of Theorem 1 addresses your concerns. In the original wording, we state that an $\eta$ greater than the stated lower bound is guaranteed. This is true, but one should pick the best possible $\eta$ for the task, which is what the newly...","[weaknesses] The conjecture of the neural polarity is somewhat lacking in evidence given the generality of the statement. While Figure 1 provides some empirical evidence for a variety of models and hyperparameters, only the relatively...",Thank you for your positive review of our paper; we greatly appreciate your comments and questions. [Weakness 1] Please see the general response: we hope that the newly presented form of Theorem 1 addresses your concerns. In the original...,Thank you for your positive review of our paper; we greatly appreciate your comments and questions. [Weakness 1] Please see the general response: we hope that the newly presented form of Theorem 1 addresses your concerns. In the original...
33,52,NeurIPS 2024 limit100 active frontier,provisional_assistant_adjudication_not_human_validation,m6pVpdIN0y__r03,Neglected Hessian component explains mysteries in sharpness regularization,unresolved,low,aligned_response_excerpt,1,issue_ledger,issue_ledger=unresolved; modernbert=fixed; mpnet=fixed; structured=fixed; tfidf=partially_fixed,weak_model_support;low_confidence;high_model_disagreement,Check whether aligned response or revision summary contains a concrete fix that should change the label.,"We thank the reviewer for their comments, and will fix the errors noted. We address some selected concerns below. _In terms of the use of second derivatives the manuscript sends a bit of a mixed message._ The overall point about second derivatives is a bit subtle; our work suggests that second derivatives in the _update rule_ are helpful (get full NME information in HVP). In contrast, the full Hessian trace penalty...",[weaknesses] In terms of the use of second derivatives the manuscript sends a bit of a mixed message. The initial experiment in Section 4 seems to show that accurate second-order information of the model is useful when using gradient...,"We thank the reviewer for their comments, and will fix the errors noted. We address some selected concerns below. _In terms of the use of second derivatives the manuscript sends a bit of a mixed message._ The overall point about second...",We would like to thank the reviewer for their insightful review. We address the reviewer's questions and suggestions below. _How do you solve SAM? Have you also neglected the second-order term in your empirical analysis? What would be the...
34,52,NeurIPS 2024 limit100 active frontier,provisional_assistant_adjudication_not_human_validation,nF34qXcY0b__r04,Identification of Analytic Nonlinear Dynamical Systems with Non-asymptotic Guarantees,unresolved,low,aligned_response_excerpt,1,issue_ledger,issue_ledger=unresolved; modernbert=fixed; mpnet=fixed; structured=fixed; tfidf=partially_fixed,weak_model_support;low_confidence;high_model_disagreement,Check whether aligned response or revision summary contains a concrete fix that should change the label.,"Thanks for your valuable comments! --- `Q1`: **Bounded noises/inputs** `A`: First, we politely point out that, though **linear** control usually considers unbounded noises/inputs, bounded noises/inputs are commonly studied in many **nonlinear** control literature (Mania et al. 2022, Shi et al. 2021, Kim et al. 2024). Second, even for nonlinear control papers with unbounded noises/inputs, they usually impose...","[weaknesses] - Many of the assumptions are restrictive, such as bounded noises and inputs. Moreover, the inputs should also be i.i.d. (or should have an additive i.i.d. exploration noise, for the closed-loop case) which is unrealistic. -...","Thanks for your valuable comments! --- `Q1`: **Bounded noises/inputs** `A`: First, we politely point out that, though **linear** control usually considers unbounded noises/inputs, bounded noises/inputs are commonly studied in many...","Thank you very much for your helpful suggestions! We discuss your concerns and suggestions below. (For figures, please refer to rebuttal.pdf) ----- `Weakness 1 & Limitation`: **On actively designing experiments in certain scenarios** `A:`..."
35,52,NeurIPS 2024 limit100 active frontier,provisional_assistant_adjudication_not_human_validation,owuEcT6BTl__r02,Emergence of Hidden Capabilities: Exploring Learning Dynamics in Concept Space,unresolved,low,aligned_response_excerpt,1,issue_ledger,issue_ledger=unresolved; modernbert=fixed; mpnet=partially_fixed; structured=partially_fixed; tfidf=partially_fixed,weak_model_support;low_confidence;high_model_disagreement,Check whether aligned response or revision summary contains a concrete fix that should change the label.,"Dear reviewer G81k, We thank the reviewer for their very detailed feedback. We are happy you found our findings in 4.4 “surprising and notable”, just the way we felt, and 5. and 4.2 “helpful” and “useful”. In response to your comments and concerns, we have added:\ (i) A clear definition and clarification of ``Capability” in Sec. 3.\ (ii) A demonstration that turns in concept space corresponds to emergence of...","[weaknesses] As noted above, I think there are several interesting findings in this manuscript. However, in its current stage, I believe that it falls short of its stated goals. More specifically: 1. As far as I can tell, sections 4.1-4.3...","Dear reviewer G81k, We thank the reviewer for their very detailed feedback. We are happy you found our findings in 4.4 “surprising and notable”, just the way we felt, and 5. and 4.2 “helpful” and “useful”. In response to your comments and...","Dear Reviewers, We would like to thank the reviewers for their thoughtful feedback and for recognizing the value of our work. We are pleased that all reviewers found our main contributions, particularly the introduction of the “concept..."
36,52,NeurIPS 2024 limit100 active frontier,provisional_assistant_adjudication_not_human_validation,qOSFiJdVkZ__r02,Continual learning with the neural tangent ensemble,unresolved,low,aligned_response_excerpt,1,modernbert,issue_ledger=fixed; modernbert=unresolved; mpnet=fixed; structured=fixed; tfidf=partially_fixed,weak_model_support;low_confidence;high_model_disagreement,Check whether aligned response or revision summary contains a concrete fix that should change the label.,"Thank you for appreciating the theoretical novelty and generality of the NTE idea. Following these suggestions, we have implemented several more empirical characterizations with modern CNN architectures and the more complicated CIFAR-100 incremental learning task. We would like to emphasize that the contributions of our theoretical work can be somewhat separated from the experiments. Our theory provides a rigorous...","[weaknesses] To me, the largest limitation of this paper is the empirical validation. Although the paper includes empirical results that support the theoretical claims, the scope of experiments could be expanded. The experiment is...","Thank you for appreciating the theoretical novelty and generality of the NTE idea. Following these suggestions, we have implemented several more empirical characterizations with modern CNN architectures and the more complicated CIFAR-100...","For Q1 and Q2, there are really two possible statements in question. The first is whether a particular network at any single moment in time can be seen as an ensemble of valid classifiers. Theorem 1 describes how this is always the case as..."
37,52,NeurIPS 2024 limit100 active frontier,provisional_assistant_adjudication_not_human_validation,qOSFiJdVkZ__r03,Continual learning with the neural tangent ensemble,unresolved,low,aligned_response_excerpt,1,issue_ledger,issue_ledger=unresolved; modernbert=fixed; mpnet=fixed; structured=fixed; tfidf=partially_fixed,weak_model_support;low_confidence;high_model_disagreement,Check whether aligned response or revision summary contains a concrete fix that should change the label.,"For Q1 and Q2, there are really two possible statements in question. The first is whether a particular network at any single moment in time can be seen as an ensemble of valid classifiers. Theorem 1 describes how this is always the case as long as the network is Lipschitz, as one could construct a seed point for the Taylor expansion arbitrarily close to the network. This result stands alone, and could be used in...","[weaknesses] I feel that the contribution is valuable, but some settings might be difficult to realize in the context of NTK, even with an infinite limit. I might be able to deepen my understanding through the answers to the questions, so...","For Q1 and Q2, there are really two possible statements in question. The first is whether a particular network at any single moment in time can be seen as an ensemble of valid classifiers. Theorem 1 describes how this is always the case as...","For Q1 and Q2, there are really two possible statements in question. The first is whether a particular network at any single moment in time can be seen as an ensemble of valid classifiers. Theorem 1 describes how this is always the case as..."
38,52,NeurIPS 2024 limit100 active frontier,provisional_assistant_adjudication_not_human_validation,qOSFiJdVkZ__r04,Continual learning with the neural tangent ensemble,unresolved,low,aligned_response_excerpt,1,modernbert,issue_ledger=fixed; modernbert=unresolved; mpnet=fixed; structured=fixed; tfidf=partially_fixed,weak_model_support;low_confidence;high_model_disagreement,Check whether aligned response or revision summary contains a concrete fix that should change the label.,">The claim that Bayesian ensembles of fixed functions are natural continual learners does not seem obvious to me.... We have added a Lemma that describes more precisely why weighing fixed functions according to their posterior probability is a learning strategy which does not depend on the order of the data. To your second point, since the weights reflect the posterior probability, they must sum to 1. This makes it...","[weaknesses] The claim that Bayesian ensembles of fixed functions are natural continual learners does not seem obvious to me. In the infinite-width I buy it, but for finite networks, it seems like it would be possible to prune all of the...",>The claim that Bayesian ensembles of fixed functions are natural continual learners does not seem obvious to me.... We have added a Lemma that describes more precisely why weighing fixed functions according to their posterior probability...,"For Q1 and Q2, there are really two possible statements in question. The first is whether a particular network at any single moment in time can be seen as an ensemble of valid classifiers. Theorem 1 describes how this is always the case as..."
39,52,NeurIPS 2024 limit100 active frontier,provisional_assistant_adjudication_not_human_validation,qo7NtGMr2u__r01,Symmetry Discovery Beyond Affine Transformations,unresolved,low,aligned_response_excerpt,1,issue_ledger,issue_ledger=unresolved; modernbert=fixed; mpnet=partially_fixed; structured=partially_fixed; tfidf=partially_fixed,weak_model_support;low_confidence;high_model_disagreement,Check whether aligned response or revision summary contains a concrete fix that should change the label.,"We thank the reviewer for their comments. We have responded below to the concerns raised. **Pre-determined models**: We believe that we are the first to detect continuous symmetries in the context of machine learning beyond the affine group, despite work on the subject spanning decades. Our method of estimating vector fields is regression with general additive models, where the coefficients of the model features are...","[weaknesses] While the title of the manuscript is quite general, their method seems to highly rely on choice of pre-determined models for machine learning functions (Sec. 3.1) and vector fields (Sec. 3.2). However, no experiment addresses...",We thank the reviewer for their comments. We have responded below to the concerns raised. **Pre-determined models**: We believe that we are the first to detect continuous symmetries in the context of machine learning beyond the affine...,"We thank the reviewer for their response. First, we acknowledge the reviewer's point that the cosine similarity evaluation metric used in the non-affine symmetry detection experiment is incomplete. When a GT vector field is not strictly..."
40,52,NeurIPS 2024 limit100 active frontier,provisional_assistant_adjudication_not_human_validation,rniiAVjHi5__r03,"Universality of AdaGrad Stepsizes for Stochastic Optimization: Inexact Oracle, Acceleration and Variance Reduction",unresolved,low,aligned_response_excerpt,1,issue_ledger,issue_ledger=unresolved; modernbert=fixed; mpnet=fixed; structured=fixed; tfidf=partially_fixed,weak_model_support;low_confidence;high_model_disagreement,Check whether aligned response or revision summary contains a concrete fix that should change the label.,"Thanks for the positive evaluation! ## Major remarks 1. It seems there is a certain misunderstanding of Ass. 6, which we hope to clarify. Basically, Ass. 6 is satisfied for finite-sum problems with (Hölder) smooth components (see also lines 186-194 in the paper for a more general example). The motivation is as follows. Ass. 6 is the generalization of $\mathbb{E}\_{\xi}[\\| g(x, \xi) - g(y, \xi) \\|^2] \leq 2 L...","[weaknesses] - The contributions are fairly niche. Universality of (accelerated) SGD with modified AdaGrad step-sizes is known [14], Adagrad is known to converge without bounded variance [2], and AdaGrad step-sizes have been used with...","Thanks for the positive evaluation! ## Major remarks 1. It seems there is a certain misunderstanding of Ass. 6, which we hope to clarify. Basically, Ass. 6 is satisfied for finite-sum problems with (Hölder) smooth components (see also...",Thank you for the positive evaluation of our work. Below you can find the answers to your questions / comments. > The prior knowledge is also not required in UniXGrad[28] and AcceleGrad[32]. > What is the difference between them and the...
41,52,NeurIPS 2024 limit100 active frontier,provisional_assistant_adjudication_not_human_validation,uSKzEaj9zJ__r01,Nonlocal Attention Operator: Materializing Hidden Knowledge Towards Interpretable Physics Discovery,unresolved,low,aligned_response_excerpt,1,issue_ledger,issue_ledger=unresolved; modernbert=fixed; mpnet=partially_fixed; structured=partially_fixed; tfidf=partially_fixed,weak_model_support;low_confidence;high_model_disagreement,Check whether aligned response or revision summary contains a concrete fix that should change the label.,"We thank the reviewer for the valuable comments and suggestions. Our response: **Number of trainable parameters and computational complexity**: Denoting $(N,d,d_k,L,n_{train})$ as the size of the spatial mesh, the number of data pairs in each training model, the column width of the query/key weight matrices $W^Q$ and $W^K$, the number of layers, and the number of training models, the number of trainable parameters...","[weaknesses] 1. The experimental evaluation is limited to relatively simple PDE systems. It's unclear how well NAO would scale to more complex, high-dimensional PDEs encountered in real-world applications. 2. The interpretability claims...","We thank the reviewer for the valuable comments and suggestions. Our response: **Number of trainable parameters and computational complexity**: Denoting $(N,d,d_k,L,n_{train})$ as the size of the spatial mesh, the number of data pairs in...","We thank the reviewer for their valuable time and constructive suggestions. We have generated more families of kernels, and performed additional tests on three different training settings (diverse tasks, single task with diverse function..."
42,52,NeurIPS 2024 limit100 active frontier,provisional_assistant_adjudication_not_human_validation,yCh1z6Dcto__r01,Stepping Forward on the Last Mile,unresolved,low,aligned_response_excerpt,1,issue_ledger,issue_ledger=unresolved; modernbert=fixed; mpnet=partially_fixed; structured=partially_fixed; tfidf=partially_fixed,weak_model_support;low_confidence;high_model_disagreement,Check whether aligned response or revision summary contains a concrete fix that should change the label.,"We would like to express our gratitude to the reviewers for their careful review of our paper, and their interest in the core idea of our work. We appreciate all the feedback, valuable suggestions and recommendations. The comments regarding notations, technical discussions, experimental clarifications are well taken, and the manuscript will be revised accordingly. Our responses to each reviewer’s questions are...","[weaknesses] 1- The author are recommended to discuss the accuracy degradation of quantized forward gradients compared to the backpropagation algorithm. In some cases, the accuracy degradation is high (more than 5%). A comparison of...","We would like to express our gratitude to the reviewers for their careful review of our paper, and their interest in the core idea of our work. We appreciate all the feedback, valuable suggestions and recommendations. The comments...","We would like to express our gratitude to the reviewers for their careful review of our paper, their interest in the core idea of our work, and valuable suggestions. The comments regarding the motivation, novelty, impact of our work, and..."
43,52,NeurIPS 2024 limit100 active frontier,provisional_assistant_adjudication_not_human_validation,yCh1z6Dcto__r04,Stepping Forward on the Last Mile,unresolved,low,aligned_response_excerpt,1,issue_ledger,issue_ledger=unresolved; modernbert=fixed; mpnet=partially_fixed; structured=partially_fixed; tfidf=partially_fixed,weak_model_support;low_confidence;high_model_disagreement,Check whether aligned response or revision summary contains a concrete fix that should change the label.,"We would like to express our gratitude to the reviewers for their careful review of our paper, their interest in the core idea of our work, and valuable suggestions. The comments regarding the detailed experimental setups, precision used in the algorithm, explanations of enhancement mechanisms and notations are well taken, and the manuscript will be revised accordingly. Given the large number of experiments across...","[weaknesses] - It is unclear what is kept in full precision in the proposed procedure (see my questions below). - On a related note, it is also unclear that the proposed algorithm enhancements don't offset the advantages of manipulating...","We would like to express our gratitude to the reviewers for their careful review of our paper, their interest in the core idea of our work, and valuable suggestions. The comments regarding the detailed experimental setups, precision used...","We would like to express our gratitude to the reviewers for their careful review of our paper, their interest in the core idea of our work, and valuable suggestions. The comments regarding the motivation, novelty, impact of our work, and..."
44,35,NeurIPS 2024 limit100 active frontier,provisional_assistant_adjudication_not_human_validation,eHzIwAhj06__r03,The Group Robustness is in the Details: Revisiting Finetuning under Spurious Correlations,regressed,low_medium,revision_summary,2,"mpnet,issue_ledger",issue_ledger=regressed; modernbert=fixed; mpnet=regressed; structured=fixed; tfidf=partially_fixed,regressed_label;high_model_disagreement,"Verify the alleged regression is caused by the response/revision, not just an unresolved original concern.","We graciously thank Reviewer E5Mf for their insightful comments and questions. We appreciate that the reviewer recognizes our comprehensive experiments which challenge existing notions in the literature and leverage previously unknown nuances to improve model performance. Below, we provide responses to each of the reviewer’s points, combining weaknesses and questions as appropriate. ## Weakness 1, Question 3 We...","[weaknesses] Limited empirical Evidence: Although the benchmark datasets are taken from prior work (Idrissi et. al) and indeed popular, most of the claims are substantiated by experiments on only three settings, in which the two baseline...",We graciously thank Reviewer E5Mf for their insightful comments and questions. We appreciate that the reviewer recognizes our comprehensive experiments which challenge existing notions in the literature and leverage previously unknown...,We graciously thank Reviewer E5Mf for their insightful comments and questions. We appreciate that the reviewer recognizes our comprehensive experiments which challenge existing notions in the literature and leverage previously unknown...
45,10,NeurIPS 2024 limit100 active frontier,provisional_assistant_adjudication_not_human_validation,FZQYfmsmX9__r03,A Critical Evaluation of AI Feedback for Aligning Large Language Models,unresolved,low_medium,aligned_response_excerpt,2,"mpnet,issue_ledger",issue_ledger=unresolved; modernbert=fixed; mpnet=unresolved; structured=fixed; tfidf=partially_fixed,high_model_disagreement,Check whether aligned response or revision summary contains a concrete fix that should change the label.,"Thanks for finding our paper well written, and our contributions for experimental design vital. We address your concerns and questions below: > However, it seems some of the take aways discussed in ""Current base LLMs are insufficiently responsive to AI feedback"" (pg. 7) could apply to LHF. Using strong LLMs as a proxy for humans is valid, and when the experiments are looked at from the perspective of the LAIF as...","[weaknesses] - Some of the motivation for the experiment set up is incongruous. The authors motivate the paper around the LAIF paradigm (not using LLMs as human proxies for algorithm development), and call out why the claims in the paper...","Thanks for finding our paper well written, and our contributions for experimental design vital. We address your concerns and questions below: > However, it seems some of the take aways discussed in ""Current base LLMs are insufficiently...",> 10% rule doesn’t always hold > Figures 4 and 7 show that the 10% threshold is ideal for certain models and settings. Have you experimented with a different percentage threshold? Thanks for noting this. Using an increasingly larger split...
46,10,NeurIPS 2024 limit100 active frontier,provisional_assistant_adjudication_not_human_validation,JO6T4rEJ32__r04,Binding in hippocampal-entorhinal circuits enables compositionality in cognitive maps,unresolved,low_medium,aligned_response_excerpt,2,"mpnet,issue_ledger",issue_ledger=unresolved; modernbert=fixed; mpnet=unresolved; structured=fixed; tfidf=partially_fixed,high_model_disagreement,Check whether aligned response or revision summary contains a concrete fix that should change the label.,"Thank you very much for your thoughtful review and accurate summary of its main points. We concur that the strengths listed: theory (proofs and experimental validation) for every part of the RNS model, in addition to testable hypotheses for experimental neuroscience, are the core results of the paper. We would like to clarify a few points regarding weaknesses/limitations of the paper and answer your questions. >...","[weaknesses] - There were several mention of compositionally as the motivation, but there is no direct analyses to show the effectiveness of model in compositionally - There is virtually no comparison to other models in terms of coding...","Thank you very much for your thoughtful review and accurate summary of its main points. We concur that the strengths listed: theory (proofs and experimental validation) for every part of the RNS model, in addition to testable hypotheses...","Thank you very much for your thoughtful review and accurate summary of its main points. We concur that the strengths listed: theory (proofs and experimental validation) for every part of the RNS model, in addition to testable hypotheses..."
47,10,NeurIPS 2024 limit100 active frontier,provisional_assistant_adjudication_not_human_validation,YO6GVPUrKN__r03,On the Limitations of Fractal Dimension as a Measure of Generalization,unresolved,low_medium,aligned_response_excerpt,2,"modernbert,issue_ledger",issue_ledger=unresolved; modernbert=unresolved; mpnet=fixed; structured=fixed; tfidf=partially_fixed,high_model_disagreement,Check whether aligned response or revision summary contains a concrete fix that should change the label.,"We thank this reviewer for the careful review provided. We are very happy to see that they also appreciated the importance of evaluating existing work to “build upon solid foundations”. We would like to begin by addressing the weaknesses they identify. 1. **Discrepancy between our correlation coefficients and those in Dupuis et al. \[2023\]**: We appreciate the reviewer's observation, which prompted us to revise the...","[weaknesses] - In section 4.1, the experiments from [1] are carefully replicated. However, the observations do not match the ones from [1]. For example, for FCN-5 on CHD, a *negative* correlation score of $\rho = -0.7622$ is reported,...",We thank this reviewer for the careful review provided. We are very happy to see that they also appreciated the importance of evaluating existing work to “build upon solid foundations”. We would like to begin by addressing the weaknesses...,We thank this reviewer for their feedback and are happy to see that they found our conclusions “well-supported” and the text “well-written and organized.” We would like to first address the concern regarding the clarity of the PH dimension...
48,10,NeurIPS 2024 limit100 active frontier,provisional_assistant_adjudication_not_human_validation,YO6GVPUrKN__r04,On the Limitations of Fractal Dimension as a Measure of Generalization,unresolved,low_medium,aligned_response_excerpt,2,"modernbert,issue_ledger",issue_ledger=unresolved; modernbert=unresolved; mpnet=fixed; structured=fixed; tfidf=partially_fixed,high_model_disagreement,Check whether aligned response or revision summary contains a concrete fix that should change the label.,"We thank this referee for their careful, detailed feedback. We are pleased to see that they found our experiments “conducted with high quality”, the results “insightful”, “useful” and “relevant” to the community, and that they appreciated our discussion on limitations as a “role-model” on how these should be discussed. We now address the weaknesses identified. **W1. Readability.** We acknowledge that our study...",[weaknesses] W1- Readability. The work is not self-contained and heavily depends on information from other papers. This makes it tedious to study this work and requires the reader to frequently switch back and forth between multiple...,"We thank this referee for their careful, detailed feedback. We are pleased to see that they found our experiments “conducted with high quality”, the results “insightful”, “useful” and “relevant” to the community, and that they appreciated...",We thank this reviewer for their feedback and are happy to see that they found our conclusions “well-supported” and the text “well-written and organized.” We would like to first address the concern regarding the clarity of the PH dimension...
49,10,NeurIPS 2024 limit100 active frontier,provisional_assistant_adjudication_not_human_validation,Yu7H8ZOuI2__r02,Sample-Efficient Geometry Reconstruction from Euclidean Distances using Non-Convex Optimization,unresolved,low_medium,aligned_response_excerpt,2,"mpnet,issue_ledger",issue_ledger=unresolved; modernbert=fixed; mpnet=unresolved; structured=fixed; tfidf=partially_fixed,high_model_disagreement,Check whether aligned response or revision summary contains a concrete fix that should change the label.,"We appreciate your constructive and very detailed feedback to our submission. A point-by-point response and clarification regarding your comments follows below. **Weaknesses** > 1. The paper compares the proposed method with a few state-of-the-art algorithms. Including more diverse comparisons, particularly with newer methods covered in the existing literature, would provide a more comprehensive evaluation. We tried...","[weaknesses] 1. The paper compares the proposed method with a few state-of-the-art algorithms. Including more diverse comparisons, particularly with newer methods covered in the existing literature, would provide a more comprehensive...",We appreciate your constructive and very detailed feedback to our submission. A point-by-point response and clarification regarding your comments follows below. **Weaknesses** > 1. The paper compares the proposed method with a few...,"We appreciate your constructive reviews our submission. We address your questions below. > While number of steps/time to convergence is shown for ill-conditioned matrix experiments, they are not shown for real data experiments. How much..."
50,10,NeurIPS 2024 limit100 active frontier,provisional_assistant_adjudication_not_human_validation,hGgkdFF2hR__r02,Low-Rank Optimal Transport through Factor Relaxation with Latent Coupling,unresolved,low_medium,aligned_response_excerpt,2,"mpnet,issue_ledger",issue_ledger=unresolved; modernbert=fixed; mpnet=unresolved; structured=fixed; tfidf=partially_fixed,high_model_disagreement,Check whether aligned response or revision summary contains a concrete fix that should change the label.,"We thank reviewer pnTm for their careful reading of our work, and for their feedback. > While the empirical results are good, the paper could benefit from more extensive comparisons with additional baseline methods to solidify the claims of superiority. The only OT methods solving for a low-rank plan that we are aware of are Factored Coupling [Forrow et al. (2019)](http://proceedings.mlr.press/v89/forrow19a), LOT...","[weaknesses] While the empirical results are good, the paper could benefit from more extensive comparisons with additional baseline methods to solidify the claims of superiority. The theoretical results are limited in that, even though...","We thank reviewer pnTm for their careful reading of our work, and for their feedback. > While the empirical results are good, the paper could benefit from more extensive comparisons with additional baseline methods to solidify the claims...","We thank reviewer pnTm for their careful reading of our work, and for their feedback. > While the empirical results are good, the paper could benefit from more extensive comparisons with additional baseline methods to solidify the claims..."
51,10,NeurIPS 2024 limit100 active frontier,provisional_assistant_adjudication_not_human_validation,lwpfH9wVkO__r02,Controlling Multiple Errors Simultaneously with a PAC-Bayes Bound,unresolved,low_medium,aligned_response_excerpt,2,"mpnet,issue_ledger",issue_ledger=unresolved; modernbert=fixed; mpnet=unresolved; structured=fixed; tfidf=partially_fixed,high_model_disagreement,Check whether aligned response or revision summary contains a concrete fix that should change the label.,"Thank you kindly for taking the time to carefully review our paper. Thank you especially for pointing out the unfortunate omission of Wu, Y. S., & Seldin, Y. (2022) from our related work section! The paper is indeed very related and we have now incorporated a discussion of it into our paper. As for the main contributions of our paper, we emphasise that these are **Theorems 1 and 2**, not Proposition 4. We hope that...",[weaknesses] 1- The proof techniques and the main contribution (Proposition 4) are straightforward extensions of scalar kl-bounds to the multidimensional case. I fear this contribution alone might not be significant enough. 2- The...,"Thank you kindly for taking the time to carefully review our paper. Thank you especially for pointing out the unfortunate omission of Wu, Y. S., & Seldin, Y. (2022) from our related work section! The paper is indeed very related and we...","Thank you kindly for taking the time to carefully review our paper. Thank you especially for pointing out the unfortunate omission of Wu, Y. S., & Seldin, Y. (2022) from our related work section! The paper is indeed very related and we..."
52,10,NeurIPS 2024 limit100 active frontier,provisional_assistant_adjudication_not_human_validation,lwpfH9wVkO__r04,Controlling Multiple Errors Simultaneously with a PAC-Bayes Bound,unresolved,low_medium,aligned_response_excerpt,2,"mpnet,issue_ledger",issue_ledger=unresolved; modernbert=fixed; mpnet=unresolved; structured=fixed; tfidf=partially_fixed,high_model_disagreement,Check whether aligned response or revision summary contains a concrete fix that should change the label.,"Thank you so much for your thorough review and many insightful comments! We are especially glad you find our results creative and the paper well-written. You mention the paper would be better motivated by an explicit example showing the utility of our method above existing ones. We did not initially believe a comparison to existing methods could be made, since - existing methods bound simply the error rate (lumping...",[weaknesses] - The framework considered would be better motivated by providing a specific example (ideally with an experiment) indicating the usefulness of the method (and illustrating why existing approaches with a union bound are...,Thank you so much for your thorough review and many insightful comments! We are especially glad you find our results creative and the paper well-written. You mention the paper would be better motivated by an explicit example showing the...,"Thank you kindly for taking the time to carefully review our paper. Thank you especially for pointing out the unfortunate omission of Wu, Y. S., & Seldin, Y. (2022) from our related work section! The paper is indeed very related and we..."
53,10,NeurIPS 2024 limit100 active frontier,provisional_assistant_adjudication_not_human_validation,owuEcT6BTl__r01,Emergence of Hidden Capabilities: Exploring Learning Dynamics in Concept Space,unresolved,low_medium,aligned_response_excerpt,2,"mpnet,issue_ledger",issue_ledger=unresolved; modernbert=fixed; mpnet=unresolved; structured=fixed; tfidf=partially_fixed,high_model_disagreement,Check whether aligned response or revision summary contains a concrete fix that should change the label.,"Dear reviewer cQgr, We thank the reviewer for their detailed feedback. We are excited that you found our work provides a novel lens for analyzing learning dynamics of diffusion models, yielding claims that are interesting, clear, and well-backed. In response, we have added:\ (i) A major experiment on CelebA generalizing our findings to more realistic data, Fig. R1\ (ii) A test on Stable Diffusion v2.1(SD), Fig R2b\...",[weaknesses] Significance: - Overall the setup is too simplistic to have the claims be transferable to a broader set of generative models or even diffusion models. All the experiments use a simplified synthetic dataset with 2D objects and...,"Dear reviewer cQgr, We thank the reviewer for their detailed feedback. We are excited that you found our work provides a novel lens for analyzing learning dynamics of diffusion models, yielding claims that are interesting, clear, and...","Dear Reviewers, We would like to thank the reviewers for their thoughtful feedback and for recognizing the value of our work. We are pleased that all reviewers found our main contributions, particularly the introduction of the “concept..."
54,10,NeurIPS 2024 limit100 active frontier,provisional_assistant_adjudication_not_human_validation,owuEcT6BTl__r04,Emergence of Hidden Capabilities: Exploring Learning Dynamics in Concept Space,unresolved,low_medium,aligned_response_excerpt,2,"mpnet,issue_ledger",issue_ledger=unresolved; modernbert=fixed; mpnet=unresolved; structured=fixed; tfidf=partially_fixed,high_model_disagreement,Check whether aligned response or revision summary contains a concrete fix that should change the label.,"Dear reviewer o8es, Thank you so much for thoroughly understanding, and positively evaluating our work. We are glad to hear that you enjoyed our work, and found all of our three main findings to be “quite novel and could provide many insights to the community”. We thank you also for your very insightful and actionable suggestions to robustify our claims. In response to your thoughtful suggestions, we addressed your...","[weaknesses] - In Section 3, it is a little hard to understand the relationships between different variables and functions. A diagram like Figure 1 in [2] might be helpful. - Although the experiments and analysis of the paper are very...","Dear reviewer o8es, Thank you so much for thoroughly understanding, and positively evaluating our work. We are glad to hear that you enjoyed our work, and found all of our three main findings to be “quite novel and could provide many...","Dear Reviewers, We would like to thank the reviewers for their thoughtful feedback and for recognizing the value of our work. We are pleased that all reviewers found our main contributions, particularly the introduction of the “concept..."
55,10,NeurIPS 2024 limit100 active frontier,provisional_assistant_adjudication_not_human_validation,wDirCeTIoz__r03,Communication Efficient Distributed Training with Distributed Lion,unresolved,low_medium,aligned_response_excerpt,2,"mpnet,issue_ledger",issue_ledger=unresolved; modernbert=fixed; mpnet=unresolved; structured=fixed; tfidf=partially_fixed,high_model_disagreement,Check whether aligned response or revision summary contains a concrete fix that should change the label.,"**1. Comparison to quantization methods.** The actual update on each worker is actually not the gradient, but rather the Lion’s update (the sign() plus weight decay). To our knowledge, the quantization methods often quantize the gradients before feeding the quantized gradient to the optimizer. In our case, the sign() operation is applied to the reweighted momentum, which is computed using exact gradients. Moreover,...","[weaknesses] 1. The actual updating on local worker parameters is gradients, while the communicated message is signs. While the theoretical analysis shows this updating can guarantee the convergence, the actual updating style looks like...","**1. Comparison to quantization methods.** The actual update on each worker is actually not the gradient, but rather the Lion’s update (the sign() plus weight decay). To our knowledge, the quantization methods often quantize the gradients...","We sincerely thank the reviewers for their valuable feedback. In the following, we provide the general response and address individual concerns separately in individual responses. **1. Wall-clock time comparison.** Several reviewers have..."
56,10,NeurIPS 2024 limit100 active frontier,provisional_assistant_adjudication_not_human_validation,IfZwSRpqHl__r03,Dynamic Rescaling for Training GNNs,unresolved,medium,aligned_response_excerpt,3,"modernbert,issue_ledger,structured",issue_ledger=unresolved; modernbert=unresolved; mpnet=fixed; structured=unresolved; tfidf=partially_fixed,high_model_disagreement,Check whether aligned response or revision summary contains a concrete fix that should change the label.,We thank the reviewers for their encouraging comments and constructive suggestions that we have incorporated to improve the paper. We jointly answer some key common questions of the reviewers here in two parts regarding i) additional insights and ii) limitations. **Further insights and additional experiments:** 1. We discover trends regarding homophily and heterophily in the training dynamics of GATs. *...,"[weaknesses] - From algorithimic side, my main concern is that the proposed dynamical scaling does not induce a consistent improvement over the tasks the authors have considered. This brings the skeptism whether this strategy works or not....",We thank the reviewers for their encouraging comments and constructive suggestions that we have incorporated to improve the paper. We jointly answer some key common questions of the reviewers here in two parts regarding i) additional...,"Thank you for your response. As the reviewer has acknowledged our point-by-point answers to the questions that were put forth as a guideline for us to enhance the readability, and will eventually be included in the revised version of the..."
57,10,NeurIPS 2024 limit100 active frontier,provisional_assistant_adjudication_not_human_validation,JO6T4rEJ32__r03,Binding in hippocampal-entorhinal circuits enables compositionality in cognitive maps,unresolved,medium,aligned_response_excerpt,3,"mpnet,issue_ledger,structured",issue_ledger=unresolved; modernbert=fixed; mpnet=unresolved; structured=unresolved; tfidf=partially_fixed,high_model_disagreement,Check whether aligned response or revision summary contains a concrete fix that should change the label.,"Thank you for your accurate summary of our work and fair assessment of its strengths, weaknesses, and limitations. We appreciate that you found the ideas to be interesting and comprehensive. We agree that our modeling approach is ""relatively high-level"", and that such an approach comes with strengths and weaknesses. We would emphasize that our motivation for this abstraction is to include all of the components of...","[weaknesses] While theoretically valuable, the approach remains relatively high-level without a realistic evaluation and comparison with behavioral or neural data. [questions] Can you clarify what you mean by ""carry-free"" hexagonal coding?...","Thank you for your accurate summary of our work and fair assessment of its strengths, weaknesses, and limitations. We appreciate that you found the ideas to be interesting and comprehensive. We agree that our modeling approach is...","Thank you very much for your thoughtful review and accurate summary of its main points. We concur that the strengths listed: theory (proofs and experimental validation) for every part of the RNS model, in addition to testable hypotheses..."
58,10,NeurIPS 2024 limit100 active frontier,provisional_assistant_adjudication_not_human_validation,LxxIiInmuF__r01,Paths to Equilibrium in Games,unresolved,medium,aligned_response_excerpt,3,"modernbert,issue_ledger,structured",issue_ledger=unresolved; modernbert=unresolved; mpnet=fixed; structured=unresolved; tfidf=partially_fixed,high_model_disagreement,Check whether aligned response or revision summary contains a concrete fix that should change the label.,"1. Our theoretical results have some practical consequences for MARL algorithms. First, they can be used to justify and analyze existing algorithms (such as those of references [19], [20], [33], and others) beyond the narrower classes of games for which they were designed. Second, our results inform algorithm design in MARL to break cycles, as described in Lines 298-308 of our paper. In particular, one can combine...","[weaknesses] 1. The paper is theoretical, and it's unclear how the insights would translate into practical MARL algorithms without empirical validation. [questions] 1. How can the theoretical results be practically implemented in MARL...","1. Our theoretical results have some practical consequences for MARL algorithms. First, they can be used to justify and analyze existing algorithms (such as those of references [19], [20], [33], and others) beyond the narrower classes of...","Thank you for your engaged reading and review of our paper! Our aim with the original wording at the beginning of Section 3.2 was to contrast approaches based on satisficing with approaches based (for instance) on best responding, where in..."
59,10,NeurIPS 2024 limit100 active frontier,provisional_assistant_adjudication_not_human_validation,NfOFbPpYII__r02,Non-asymptotic Convergence of Training Transformers for Next-token Prediction,unresolved,medium,aligned_response_excerpt,3,"modernbert,issue_ledger,structured",issue_ledger=unresolved; modernbert=unresolved; mpnet=fixed; structured=unresolved; tfidf=partially_fixed,high_model_disagreement,Check whether aligned response or revision summary contains a concrete fix that should change the label.,"We thank the reviewer for the helpful comments, and would like to provide the following responses. **Q1:** Some of the mathematical concepts, particularly the query-dependent partial orders, are complex and could be better explained. **A1:** We appreciate the feedback on the complexity of the mathematical concepts. To address this, we will provide more intuitive explanations and examples in the revised manuscript....","[weaknesses] 1. Some of the mathematical concepts, particularly the query-dependent partial orders, are complex and could be better explained. 2. While the theoretical results are strong, additional empirical studies, particularly on...","We thank the reviewer for the helpful comments, and would like to provide the following responses. **Q1:** Some of the mathematical concepts, particularly the query-dependent partial orders, are complex and could be better explained....","We thank the reviewer for the helpful comments, and would like to provide the following responses. **Q1:** Some of the mathematical concepts, particularly the query-dependent partial orders, are complex and could be better explained...."
60,10,NeurIPS 2024 limit100 active frontier,provisional_assistant_adjudication_not_human_validation,qOSFiJdVkZ__r01,Continual learning with the neural tangent ensemble,unresolved,medium,aligned_response_excerpt,3,"modernbert,issue_ledger,structured",issue_ledger=unresolved; modernbert=unresolved; mpnet=fixed; structured=unresolved; tfidf=partially_fixed,high_model_disagreement,Check whether aligned response or revision summary contains a concrete fix that should change the label.,"Thank you for your review and recognition of the novelty of our work. We would like to clarify some points raised under the weakness section before addressing specific questions. The first two bullet points raised the possibility that, although the infinite-width limit does not forget past tasks, this might not be overly surprising because networks in this limit do not learn much anyways. We partially agree, but in...","[weaknesses] - It is unclear to me, under the Neural Tangent Ensemble theory, how far can the model change from the initialization, if the model is not changing too much, then it is not surprising that the model is not forgetting, since it...","Thank you for your review and recognition of the novelty of our work. We would like to clarify some points raised under the weakness section before addressing specific questions. The first two bullet points raised the possibility that,...","For Q1 and Q2, there are really two possible statements in question. The first is whether a particular network at any single moment in time can be seen as an ensemble of valid classifiers. Theorem 1 describes how this is always the case as..."
61,0,NeurIPS 2024 limit100 active frontier,provisional_assistant_adjudication_not_human_validation,B3rZZRALhk__r02,On improved Conditioning Mechanisms and Pre-training Strategies for Diffusion Models,unresolved,low_medium,aligned_response_excerpt,2,"mpnet,issue_ledger",issue_ledger=unresolved; modernbert=partially_fixed; mpnet=unresolved; structured=partially_fixed; tfidf=partially_fixed,,Check whether aligned response or revision summary contains a concrete fix that should change the label.,"We appreciate the thorough feedback. In the following we address it: - **Design choices** - **Noisy replicate padding has minor impact.** In addition to slightly improving the FID and CLIPScore (0.54 and 0.58, respectively), the added noisy replicate can serve as a regularizer with no added cost during training. The intuition is that it disincentivizes the model from ignoring the later copies in the attention, as it...","[weaknesses] 1. Unorganized Experiment Result Presentation - One of the key results of this study is Imagenet-1K FID 1.59, CC12M FID 6.79, and 8.64. - However, it is difficult to understand how each element claimed by this study...","We appreciate the thorough feedback. In the following we address it: - **Design choices** - **Noisy replicate padding has minor impact.** In addition to slightly improving the FID and CLIPScore (0.54 and 0.58, respectively), the added...","We appreciate the thorough feedback. In the following we address it: - **Design choices** - **Noisy replicate padding has minor impact.** In addition to slightly improving the FID and CLIPScore (0.54 and 0.58, respectively), the added..."
62,0,NeurIPS 2024 limit100 active frontier,provisional_assistant_adjudication_not_human_validation,JO6T4rEJ32__r01,Binding in hippocampal-entorhinal circuits enables compositionality in cognitive maps,unresolved,low_medium,aligned_response_excerpt,2,"mpnet,issue_ledger",issue_ledger=unresolved; modernbert=partially_fixed; mpnet=unresolved; structured=partially_fixed; tfidf=partially_fixed,,Check whether aligned response or revision summary contains a concrete fix that should change the label.,"Thank you for accurately summarizing our study and capturing the core strengths of the paper. We appreciate your questions, as we think they get at the fundamental context surrounding the paper. We've done our best to address each of them fully and concisely below. >The model’s complexity might pose challenges for practical implementation and experimental validation in biological systems. - We provided code, which...","[weaknesses] The model’s complexity might pose challenges for practical implementation and experimental validation in biological systems. While the model is comprehensive, it remains a high-level abstraction of spiking neural circuits,...","Thank you for accurately summarizing our study and capturing the core strengths of the paper. We appreciate your questions, as we think they get at the fundamental context surrounding the paper. We've done our best to address each of them...","Thank you very much for your thoughtful review and accurate summary of its main points. We concur that the strengths listed: theory (proofs and experimental validation) for every part of the RNS model, in addition to testable hypotheses..."
63,0,NeurIPS 2024 limit100 active frontier,provisional_assistant_adjudication_not_human_validation,axW8xvQPkF__r01,Fairness in Social Influence Maximization via Optimal Transport,unresolved,low_medium,aligned_response_excerpt,2,"mpnet,issue_ledger",issue_ledger=unresolved; modernbert=partially_fixed; mpnet=unresolved; structured=partially_fixed; tfidf=partially_fixed,,Check whether aligned response or revision summary contains a concrete fix that should change the label.,"# W1 We agree that the multi-group case requires more detail. We will include a dedicated appendix. With $m$ groups, the outreach distribution is a distribution $\gamma$ on $[0,1]^m$. The reference distribution is again the ``ideal'' distribution $\gamma^\ast=\delta_{(1,\ldots,1)}$ which encodes the case in which all members of all groups receive the information. As for the transportation cost, we can define it to...","[weaknesses] **W1**: In this paper, the authors only consider $m=2$ groups and claim the framework is easily generalizable to more groups. I doubt about this in two aspects. On the one hand, the case would become much more complex (growing...","# W1 We agree that the multi-group case requires more detail. We will include a dedicated appendix. With $m$ groups, the outreach distribution is a distribution $\gamma$ on $[0,1]^m$. The reference distribution is again the ``ideal''...","# W1 We agree that the multi-group case requires more detail. We will include a dedicated appendix. With $m$ groups, the outreach distribution is a distribution $\gamma$ on $[0,1]^m$. The reference distribution is again the ``ideal''..."
64,0,NeurIPS 2024 limit100 active frontier,provisional_assistant_adjudication_not_human_validation,doaJTihgIZ__r01,Dynamics of Supervised and Reinforcement Learning in the Non-Linear Perceptron,unresolved,low_medium,aligned_response_excerpt,2,"mpnet,issue_ledger",issue_ledger=unresolved; modernbert=partially_fixed; mpnet=unresolved; structured=partially_fixed; tfidf=partially_fixed,,Check whether aligned response or revision summary contains a concrete fix that should change the label.,"We thank the reviewer for their feedback, but we disagree with their conclusion that our paper should not be accepted based on the fact that our theory is applied only to binary classification in a single-layer system. Indeed, according to the other reviewers, our work “addresses an important open question” (m7rp), and “This paper’s strengths are its impact and novelty… Because nonlinear perceptrons comprise the...",[weaknesses] The theory is tested only in binary classification task. [questions] Why is the probabilistic output is considered as reinforcement learning? It should be driven by reward signal. [summary] This paper analyzes the weight...,"We thank the reviewer for their feedback, but we disagree with their conclusion that our paper should not be accepted based on the fact that our theory is applied only to binary classification in a single-layer system. Indeed, according to...","We are grateful to the reviewers for their comments and suggestions on our work. We were encouraged by their recognition of the work’s novelty and impact, as well as its soundness and exposition. We have made numerous revisions to our..."
65,0,NeurIPS 2024 limit100 active frontier,provisional_assistant_adjudication_not_human_validation,doaJTihgIZ__r02,Dynamics of Supervised and Reinforcement Learning in the Non-Linear Perceptron,unresolved,low_medium,aligned_response_excerpt,2,"mpnet,issue_ledger",issue_ledger=unresolved; modernbert=partially_fixed; mpnet=unresolved; structured=partially_fixed; tfidf=partially_fixed,,Check whether aligned response or revision summary contains a concrete fix that should change the label.,"# Primary questions and comments - Flow equation derivation. In deriving our continuous-time flow equation, we don’t make a priori assumptions about the nature of the noise, but rather derive the FPE-like equation directly from the weight-update equation. Although this is not yet realized in the current work, a motivation for this approach is the non-Gaussian noise inherent in non-linear models even for Gaussian...",[weaknesses] In my view the paper’s primary weaknesses is its clarity. There are many points in the paper where equations are derived and the sub-steps are not thoroughly explained. This might be less of a problem in a physics or...,"# Primary questions and comments - Flow equation derivation. In deriving our continuous-time flow equation, we don’t make a priori assumptions about the nature of the noise, but rather derive the FPE-like equation directly from the...","We are grateful to the reviewers for their comments and suggestions on our work. We were encouraged by their recognition of the work’s novelty and impact, as well as its soundness and exposition. We have made numerous revisions to our..."
66,0,NeurIPS 2024 limit100 active frontier,provisional_assistant_adjudication_not_human_validation,doaJTihgIZ__r03,Dynamics of Supervised and Reinforcement Learning in the Non-Linear Perceptron,unresolved,low_medium,aligned_response_excerpt,2,"mpnet,issue_ledger",issue_ledger=unresolved; modernbert=partially_fixed; mpnet=unresolved; structured=partially_fixed; tfidf=partially_fixed,,Check whether aligned response or revision summary contains a concrete fix that should change the label.,"# Questions - Setting the weight covariance to zero. We found that Cov(w) approaches 0, which is equivalent to saying that all initial conditions $w^0$ converge to the same fixed point. Because the results mentioned above do not depend qualitatively on the initial condition, including Cov(w) > 0 would effectively average over an ensemble of trajectories w(t) with different initial conditions, which would give the...","[weaknesses] The work is seemingly presented as a general theory of learning in non-linear perceptrons; however, the assumptions are very strong and far from practical settings. The assumptions might even render the learning dynamics...","# Questions - Setting the weight covariance to zero. We found that Cov(w) approaches 0, which is equivalent to saying that all initial conditions $w^0$ converge to the same fixed point. Because the results mentioned above do not depend...","We are grateful to the reviewers for their comments and suggestions on our work. We were encouraged by their recognition of the work’s novelty and impact, as well as its soundness and exposition. We have made numerous revisions to our..."
67,0,NeurIPS 2024 limit100 active frontier,provisional_assistant_adjudication_not_human_validation,hB5NkiET32__r04,Detecting Bugs with Substantial Monetary Consequences by LLM and Rule-based Reasoning,unresolved,low_medium,aligned_response_excerpt,2,"modernbert,issue_ledger",issue_ledger=unresolved; modernbert=unresolved; mpnet=partially_fixed; structured=partially_fixed; tfidf=partially_fixed,,Check whether aligned response or revision summary contains a concrete fix that should change the label.,"## Response to Reviewer 2yGP ### Answers to Questions of Reviewer 2yGP **Q1. How were the rules derived?** &nbsp;&nbsp;&nbsp;&nbsp;&nbsp;&nbsp;We are smart contract auditors with years of experience. We have studied many business models (and their variants). These rules are invariants (i.e., properties held across different business models) we manually summarized. We really appreciate the pointer to the inspiring...","[weaknesses] - The proposed approach's generalizability is not clearly proved. The evaluation of the new smart contact bug is rather minor, with only six true positive bugs. - The proposed technique uses GPT3.5-Turbo rather than LLM...",## Response to Reviewer 2yGP ### Answers to Questions of Reviewer 2yGP **Q1. How were the rules derived?** &nbsp;&nbsp;&nbsp;&nbsp;&nbsp;&nbsp;We are smart contract auditors with years of experience. We have studied many business models...,"We thank all the reviewers for their time and insightful comments. ## Common Concerns **C1. Baselines** &nbsp;&nbsp;&nbsp;&nbsp;&nbsp;&nbsp;According to [1] published in 2023, accounting bugs are beyond existing tools. That is why we did..."
68,0,NeurIPS 2024 limit100 active frontier,provisional_assistant_adjudication_not_human_validation,me1MpmENpw__r02,Semantics and Spatiality of Emergent Communication,unresolved,low_medium,aligned_response_excerpt,2,"modernbert,issue_ledger",issue_ledger=unresolved; modernbert=unresolved; mpnet=partially_fixed; structured=partially_fixed; tfidf=partially_fixed,,Check whether aligned response or revision summary contains a concrete fix that should change the label.,"Thank you for this insightful review. We are glad you have found the theoretical part innovative and well structured. Following your feedback and others, we have prepared some major modifications to be added in the next revision. We would now like to address your comments one by one. **Comment 1: The paper could benefit from additional experiments with more diverse datasets or more complex tasks to further validate...",[weaknesses] - The empirical validation using the MNIST dataset is a good start but may not fully capture the complexity of real-world applications. The paper could benefit from additional experiments with more diverse datasets or more...,"Thank you for this insightful review. We are glad you have found the theoretical part innovative and well structured. Following your feedback and others, we have prepared some major modifications to be added in the next revision. We would...","Thank you for this insightful review. We are glad you have found the theoretical part innovative and well structured. Following your feedback and others, we have prepared some major modifications to be added in the next revision. We would..."
69,0,NeurIPS 2024 limit100 active frontier,provisional_assistant_adjudication_not_human_validation,nw4TWuEPGx__r01,Discovering plasticity rules that organize and maintain neural circuits,unresolved,low_medium,aligned_response_excerpt,2,"mpnet,issue_ledger",issue_ledger=unresolved; modernbert=partially_fixed; mpnet=unresolved; structured=partially_fixed; tfidf=partially_fixed,,Check whether aligned response or revision summary contains a concrete fix that should change the label.,"We thank the reviewer for their careful reading of our paper and their comments. We agree with the reviewer that this promising methodology should be used to study the self-organization of other computational motifs, such as line and ring attractors, and we hope that this paper provides a path for doing so. We have added a line in the introduction highlighting this potential future direction. It reads: “Though the...","[weaknesses] One of the main limitations of the paper is that this very promising and flexible set-up is only applied to one very idiosyncratic task of elapsed time decoding. This is a very specific task, and not one that brains do...","We thank the reviewer for their careful reading of our paper and their comments. We agree with the reviewer that this promising methodology should be used to study the self-organization of other computational motifs, such as line and ring...","We thank the reviewer for their careful reading of our paper and their comments. We agree with the reviewer that this promising methodology should be used to study the self-organization of other computational motifs, such as line and ring..."
70,0,NeurIPS 2024 limit100 active frontier,provisional_assistant_adjudication_not_human_validation,nw4TWuEPGx__r02,Discovering plasticity rules that organize and maintain neural circuits,unresolved,low_medium,aligned_response_excerpt,2,"mpnet,issue_ledger",issue_ledger=unresolved; modernbert=partially_fixed; mpnet=unresolved; structured=partially_fixed; tfidf=partially_fixed,,Check whether aligned response or revision summary contains a concrete fix that should change the label.,"We thank all reviewers for their thoughtful feedback. We appreciate their overall support of the manuscript and their constructive criticism. Below, we address their major concerns. R1 and R4 noted that the paper lacked a demonstration that the learned plasticity rule accelerated the ability of the self-organized sequential dynamics to support supervised learning of a downstream output pattern. We chose to focus on...","[weaknesses] - Unclear novelty: there have been many studies that evolved plasticity rules using some form of evolutionary computation and biological plausible rules. In fact, evolution of Hebbian-like rules has been a popular area of...","We thank all reviewers for their thoughtful feedback. We appreciate their overall support of the manuscript and their constructive criticism. Below, we address their major concerns. R1 and R4 noted that the paper lacked a demonstration...","We thank the reviewer for their careful reading of our paper and their comments. We agree with the reviewer that this promising methodology should be used to study the self-organization of other computational motifs, such as line and ring..."
71,0,NeurIPS 2024 limit100 active frontier,provisional_assistant_adjudication_not_human_validation,nw4TWuEPGx__r03,Discovering plasticity rules that organize and maintain neural circuits,unresolved,low_medium,aligned_response_excerpt,2,"mpnet,issue_ledger",issue_ledger=unresolved; modernbert=partially_fixed; mpnet=unresolved; structured=partially_fixed; tfidf=partially_fixed,,Check whether aligned response or revision summary contains a concrete fix that should change the label.,"We thank all reviewers for their thoughtful feedback. We appreciate their overall support of the manuscript and their constructive criticism. Below, we address their major concerns. R1 and R4 noted that the paper lacked a demonstration that the learned plasticity rule accelerated the ability of the self-organized sequential dynamics to support supervised learning of a downstream output pattern. We chose to focus on...",[weaknesses] **Wiring vs plasticity**: It seems like an assumption of this work is that the sequence generating structure of HVC neural circuits emerges largely due to activity-dependent plasticity in a network with initially random...,"We thank all reviewers for their thoughtful feedback. We appreciate their overall support of the manuscript and their constructive criticism. Below, we address their major concerns. R1 and R4 noted that the paper lacked a demonstration...","We thank the reviewer for their careful reading of our paper and their comments. We agree with the reviewer that this promising methodology should be used to study the self-organization of other computational motifs, such as line and ring..."
72,0,NeurIPS 2024 limit100 active frontier,provisional_assistant_adjudication_not_human_validation,nw4TWuEPGx__r04,Discovering plasticity rules that organize and maintain neural circuits,unresolved,low_medium,aligned_response_excerpt,2,"mpnet,issue_ledger",issue_ledger=unresolved; modernbert=partially_fixed; mpnet=unresolved; structured=partially_fixed; tfidf=partially_fixed,,Check whether aligned response or revision summary contains a concrete fix that should change the label.,"We thank the reviewer for their careful evaluation of our manuscript. We have worked to address all comments and rewrite our paper accordingly. We now provide a rationale for why the second term in Eq. 4 loses its significance in the perturbed context. We have added the following to Sec. 2.2: “We additionally note that Eq. 6 does not contain $-x_i \tilde{x}_j$, which appeared in the reduced rule learned in the...","[weaknesses] The manuscript occasionally feels unfinished and rushed, particularly in section 2.3.1. The references to Figure 3 (blue circles, green stars?) and the lack of references to Figure 4 in the text were often frustrating....",We thank the reviewer for their careful evaluation of our manuscript. We have worked to address all comments and rewrite our paper accordingly. We now provide a rationale for why the second term in Eq. 4 loses its significance in the...,"We thank the reviewer for their careful reading of our paper and their comments. We agree with the reviewer that this promising methodology should be used to study the self-organization of other computational motifs, such as line and ring..."
73,0,NeurIPS 2024 limit100 active frontier,provisional_assistant_adjudication_not_human_validation,nw4TWuEPGx__r05,Discovering plasticity rules that organize and maintain neural circuits,unresolved,low_medium,aligned_response_excerpt,2,"mpnet,issue_ledger",issue_ledger=unresolved; modernbert=partially_fixed; mpnet=unresolved; structured=partially_fixed; tfidf=partially_fixed,,Check whether aligned response or revision summary contains a concrete fix that should change the label.,"We thank all reviewers for their thoughtful feedback. We appreciate their overall support of the manuscript and their constructive criticism. Below, we address their major concerns. R1 and R4 noted that the paper lacked a demonstration that the learned plasticity rule accelerated the ability of the self-organized sequential dynamics to support supervised learning of a downstream output pattern. We chose to focus on...","[weaknesses] - Though I appreciate the novel problem statement using meta-learned plasticity rules, I could not find technical novelties in the paper. In other words, my primary concern is if this paper presents any novel insights in...","We thank all reviewers for their thoughtful feedback. We appreciate their overall support of the manuscript and their constructive criticism. Below, we address their major concerns. R1 and R4 noted that the paper lacked a demonstration...","We thank the reviewer for their careful reading of our paper and their comments. We agree with the reviewer that this promising methodology should be used to study the self-organization of other computational motifs, such as line and ring..."
74,0,NeurIPS 2024 limit100 active frontier,provisional_assistant_adjudication_not_human_validation,te6VagJf6G__r01,"Learning to Reason via Program Generation, Emulation, and Search",unresolved,low_medium,aligned_response_excerpt,2,"mpnet,issue_ledger",issue_ledger=unresolved; modernbert=partially_fixed; mpnet=unresolved; structured=partially_fixed; tfidf=partially_fixed,,Check whether aligned response or revision summary contains a concrete fix that should change the label.,"We sincerely thank you for the constructive feedback on our submission. We are glad that you found our approach neat, our ablations useful, and our writing clear. We aim to address your concerns below. > W1: The authors don't report statistical significance (e.g. through bootstrapping) or variance across runs with different subsamplings of training data. Thank you for pointing this out, due to the limited time of...","[weaknesses] 1. The authors don't report statistical significance (e.g. through bootstrapping) or variance across runs with different subsamplings of training data. 2. As far as I can tell, the reported experiments don't really include...","We sincerely thank you for the constructive feedback on our submission. We are glad that you found our approach neat, our ablations useful, and our writing clear. We aim to address your concerns below. > W1: The authors don't report...","We greatly appreciate your feedback on our draft. We are excited that you have found our approach useful and flexible. We aim to address your concerns below: > W1: The ideas do not strike me as particularly novel. As noted in the paper,..."
75,0,NeurIPS 2024 limit100 active frontier,provisional_assistant_adjudication_not_human_validation,te6VagJf6G__r02,"Learning to Reason via Program Generation, Emulation, and Search",unresolved,low_medium,aligned_response_excerpt,2,"mpnet,issue_ledger",issue_ledger=unresolved; modernbert=partially_fixed; mpnet=unresolved; structured=partially_fixed; tfidf=partially_fixed,,Check whether aligned response or revision summary contains a concrete fix that should change the label.,"Thank you for your elaborate review and feedback on our submission. We aim to address your concerns below: > Motivation: While in general I like the idea of pseudo-programs, but I don’t think it is very well motivated or explained in the paper. For this relatively new concept to be introduced, I would like to see a more precise definition that describes each type of reasoning, whether its intuition based with no...",[weaknesses] I would consider raising my score if a fair number of the following weaknesses can be fixed by the authors. Many of them should be doable without extra experiments. - Motivation: While in general I like the idea of...,"Thank you for your elaborate review and feedback on our submission. We aim to address your concerns below: > Motivation: While in general I like the idea of pseudo-programs, but I don’t think it is very well motivated or explained in the...","We greatly appreciate your feedback on our draft. We are excited that you have found our approach useful and flexible. We aim to address your concerns below: > W1: The ideas do not strike me as particularly novel. As noted in the paper,..."
76,0,NeurIPS 2024 limit100 active frontier,provisional_assistant_adjudication_not_human_validation,te6VagJf6G__r03,"Learning to Reason via Program Generation, Emulation, and Search",unresolved,low_medium,aligned_response_excerpt,2,"mpnet,issue_ledger",issue_ledger=unresolved; modernbert=partially_fixed; mpnet=unresolved; structured=partially_fixed; tfidf=partially_fixed,,Check whether aligned response or revision summary contains a concrete fix that should change the label.,"We greatly appreciate your feedback on our draft. We are excited that you have found our approach useful and flexible. We aim to address your concerns below: > W1: The ideas do not strike me as particularly novel. As noted in the paper, using LLMs to generate code is not new, and neither is using language models to simulate program executors. CoTACS is simply a top-k search. This work shows how a code execution...","[weaknesses] 1. The ideas do not strike me as particularly novel. As noted in the paper, using LLMs to generate code is not new, and neither is using language models to simulate program executors. CoTACS is simply a top-k search. 2. It...","We greatly appreciate your feedback on our draft. We are excited that you have found our approach useful and flexible. We aim to address your concerns below: > W1: The ideas do not strike me as particularly novel. As noted in the paper,...","We greatly appreciate your feedback on our draft. We are excited that you have found our approach useful and flexible. We aim to address your concerns below: > W1: The ideas do not strike me as particularly novel. As noted in the paper,..."
77,0,NeurIPS 2024 limit100 active frontier,provisional_assistant_adjudication_not_human_validation,wDirCeTIoz__r02,Communication Efficient Distributed Training with Distributed Lion,unresolved,low_medium,aligned_response_excerpt,2,"mpnet,issue_ledger",issue_ledger=unresolved; modernbert=partially_fixed; mpnet=unresolved; structured=partially_fixed; tfidf=partially_fixed,,Check whether aligned response or revision summary contains a concrete fix that should change the label.,"**1. Comparison to quantization methods.** The actual update on each worker is actually not the gradient, but rather the Lion’s update (the sign() plus weight decay). To our knowledge, the quantization methods often quantize the gradients before feeding the quantized gradient to the optimizer. In our case, the sign() operation is applied to the reweighted momentum, which is computed using exact gradients. Moreover,...","[weaknesses] The proposed method is a trivial extension of Lion to data parallel distributed training, so the only interesting contribution seems to be the convergence analysis. The main contribution of this work is supposed to be the...","**1. Comparison to quantization methods.** The actual update on each worker is actually not the gradient, but rather the Lion’s update (the sign() plus weight decay). To our knowledge, the quantization methods often quantize the gradients...","We sincerely thank the reviewers for their valuable feedback. In the following, we provide the general response and address individual concerns separately in individual responses. **1. Wall-clock time comparison.** Several reviewers have..."
78,0,NeurIPS 2024 limit100 active frontier,provisional_assistant_adjudication_not_human_validation,wDirCeTIoz__r04,Communication Efficient Distributed Training with Distributed Lion,unresolved,low_medium,aligned_response_excerpt,2,"mpnet,issue_ledger",issue_ledger=unresolved; modernbert=partially_fixed; mpnet=unresolved; structured=partially_fixed; tfidf=partially_fixed,,Check whether aligned response or revision summary contains a concrete fix that should change the label.,"**1. Incompatible with all reduce.** Our current algorithm indeed requires a customized all_reduce, but we believe the code should be relatively simple to apply to various real-world applications. Additionally, we are exploring ways to optimize the communication process for low-bit information. You are right, due to the limited operator support in practical all reduce such as PyTorch, which is ring-based reduce, it...","[weaknesses] - Incompatible with Allreduce: after converting the gradients to binary or low-precision, Allreduce cannot be used for gradient synchronization. One of my concerns is about its communication efficiency in real-world...","**1. Incompatible with all reduce.** Our current algorithm indeed requires a customized all_reduce, but we believe the code should be relatively simple to apply to various real-world applications. Additionally, we are exploring ways to...","We sincerely thank the reviewers for their valuable feedback. In the following, we provide the general response and address individual concerns separately in individual responses. **1. Wall-clock time comparison.** Several reviewers have..."
79,0,NeurIPS 2024 limit100 active frontier,provisional_assistant_adjudication_not_human_validation,wZgw4CrxwK__r01,Incentivizing Quality Text Generation via Statistical Contracts,unresolved,low_medium,aligned_response_excerpt,2,"mpnet,issue_ledger",issue_ledger=unresolved; modernbert=partially_fixed; mpnet=unresolved; structured=partially_fixed; tfidf=partially_fixed,,Check whether aligned response or revision summary contains a concrete fix that should change the label.,"Thanks for the insightful review! We address the points below: > **In practice, each company pricing its own AIs, so who should be the principal? In other words, the paper assumes there is a trust-worthy third party who can run the quality-detector and commits to a contract with the LLM companies.** Thank you for this question. One application our solution applies to is cases in which the principal (a consumer, or a...","[weaknesses] Although I believe contract design can speak with the production of LLMs, I’m not fully convinced that the proposed model is a good idea to solve the considered problem. * In practice, each company pricing its own AIs, so who...","Thanks for the insightful review! We address the points below: > **In practice, each company pricing its own AIs, so who should be the principal? In other words, the paper assumes there is a trust-worthy third party who can run the...",Thank you for the thoughtful response! We address your remarks below: > **Do you make any assumption on the outcome distributions related to actions with different costs? Or do you just refer the action with the highest quality to the...
80,0,NeurIPS 2024 limit100 active frontier,provisional_assistant_adjudication_not_human_validation,wZgw4CrxwK__r03,Incentivizing Quality Text Generation via Statistical Contracts,unresolved,low_medium,aligned_response_excerpt,2,"mpnet,issue_ledger",issue_ledger=unresolved; modernbert=partially_fixed; mpnet=unresolved; structured=partially_fixed; tfidf=partially_fixed,,Check whether aligned response or revision summary contains a concrete fix that should change the label.,"Thank you for the insightful and encouraging review! We address your questions and remarks below: > **The main issue is the theoretical setup does require an assumption that the bounds on cost are known, which seems somewhat impractical.** This is a very good point. We note that virtually all robust optimality results in the mechanism design literature assume the principal knows something about the setting (e.g., a...","[weaknesses] The main issue is the theoretical setup does require an assumption that the bounds on cost are known, which seems somewhat impractical. It might be useful to explicitly comment on how the different metrics degrade with...","Thank you for the insightful and encouraging review! We address your questions and remarks below: > **The main issue is the theoretical setup does require an assumption that the bounds on cost are known, which seems somewhat impractical.**...",Thank you for the thoughtful response! We address your remarks below: > **Do you make any assumption on the outcome distributions related to actions with different costs? Or do you just refer the action with the highest quality to the...
