issue_id	source_packet	assistant_label	first_pass_label	first_pass_confidence	first_pass_evidence_span	first_pass_notes	selection_score	selection_reason	audit_bucket	audit_score	priority_score	original_assistant_label	suggested_label	silver_label	heuristic_label	tfidf_label	modernbert_label	mpnet_label	issue_ledger_label	structured_label	assistant_evidence_span	assistant_notes
hChYEyebNm1__r03	ICLR 2023 random80 v1	unresolved	unresolved	3	We thank the reviewer for their comments and we would like to address the concerns. **I’m assuming things like theta are also trained end-to-end in equation (8). If so, this should be stated more explicitly.** The reviewer is correct, the proposed framework is trained end-to-end in a meta learning fashion. We have clarified this in the updated version of the paper. **For the “context” variant for example, does the...	User-confirmed single-pass standard validation; User confirmed ICLR 2023 random80 resolved candidate labels in Codex chat on 2026-04-29. source=resolved-label candidate reviewed by user; not an independent two-annotator IAA pass. Resolution action: keep_weak_unresolved. Resolution reason: Weak unresolved draft has insufficient concrete fix evidence for promotion.	314.800	label=unresolved; bucket=minority_unresolved; disagreement=1; audit_score=106.600	minority_unresolved	106.600	996.000	unresolved	unresolved			partially_fixed			unresolved			"{""sampling"": ""random_stratified"", ""disagreement_models"": [""tfidf""], ""source"": ""iclr2023_limit80_complete_subpool""}"
ejR4E1jaH9k__r03	ICLR 2023 random80 v1	unresolved	unresolved	3	We thank the reviewer for the feedback and address all concerns below. First we would like to clarify a crucial difference between weak MVI and MVI, since we believe there might be a misunderstanding. In the unconstrained case the conditions relates as follows: - $\langle {Fz-Fz', z-z'} \rangle \geq 0$ (monotone) - $\langle {Fz, z-z^\star} \rangle \geq 0$ (MVI) This relaxes the monotone condition by only requiring...	User-confirmed single-pass standard validation; User confirmed ICLR 2023 random80 resolved candidate labels in Codex chat on 2026-04-29. source=resolved-label candidate reviewed by user; not an independent two-annotator IAA pass. Resolution action: keep_weak_unresolved. Resolution reason: Weak unresolved draft has insufficient concrete fix evidence for promotion.	313.600	label=unresolved; bucket=minority_unresolved; disagreement=1; audit_score=106.200	minority_unresolved	106.200	992.000	unresolved	unresolved			partially_fixed			unresolved			"{""sampling"": ""random_stratified"", ""disagreement_models"": [""tfidf""], ""source"": ""iclr2023_limit80_complete_subpool""}"
1FsdIfRngtw__r01	ICLR 2023 random80 v1	unresolved	unresolved	3	We thank the reviewer for the valuable comments. Please find our response below: ## Remove the class token and compare their performance on the downstream tasks. We thank the reviewer for the comments about the similar results of various handcrafted prompts. We agree with this analysis. We compare various handcrafted prompts for zero-shot setting, where the {CLASS} token is the only information to distinguish...	User-confirmed single-pass standard validation; User confirmed ICLR 2023 random80 resolved candidate labels in Codex chat on 2026-04-29. source=resolved-label candidate reviewed by user; not an independent two-annotator IAA pass. Resolution action: keep_weak_unresolved. Resolution reason: Weak unresolved draft has insufficient concrete fix evidence for promotion.	312.700	label=unresolved; bucket=minority_unresolved; disagreement=1; audit_score=105.900	minority_unresolved	105.900	989.000	unresolved	unresolved			partially_fixed			unresolved			"{""sampling"": ""random_stratified"", ""disagreement_models"": [""tfidf""], ""source"": ""iclr2023_limit80_complete_subpool""}"
mhnHqRqcjYU__r03	ICLR 2023 random80 v1	unresolved	unresolved	3	Dear Reviewer gfw2, We thank you for your valuable feedback and that you find strength in our problem statement and methodology. We agree that this is an under-considered problem. We respond to your comments below. 1. **The proposed BGSC algorithm seems quite computationally expensive. While there is an analysis of the time complexity, it would be nice to also report the practical time taken to run the algorithm in...	User-confirmed single-pass standard validation; User confirmed ICLR 2023 random80 resolved candidate labels in Codex chat on 2026-04-29. source=resolved-label candidate reviewed by user; not an independent two-annotator IAA pass. Resolution action: keep_weak_unresolved. Resolution reason: Weak unresolved draft has insufficient concrete fix evidence for promotion.	311.500	label=unresolved; bucket=minority_unresolved; disagreement=1; audit_score=105.500	minority_unresolved	105.500	985.000	unresolved	unresolved			partially_fixed			unresolved			"{""sampling"": ""random_stratified"", ""disagreement_models"": [""tfidf""], ""source"": ""iclr2023_limit80_complete_subpool""}"
HqVp0rNC8jn__r01	ICLR 2023 random80 v1	unresolved	unresolved	3	We wish to thank the reviewer for the comments and the constructive criticism. We would like to comment on some of the points raised in the review. **It is unclear how the method generalizes to states without a shared geometric grounding between them, such as object properties.** Our work addresses the problem of extracting only the geometric position of the agent and the object. The applications we have in mind are...	User-confirmed single-pass standard validation; User confirmed ICLR 2023 random80 resolved candidate labels in Codex chat on 2026-04-29. source=resolved-label candidate reviewed by user; not an independent two-annotator IAA pass. Resolution action: keep_weak_unresolved. Resolution reason: Weak unresolved draft has insufficient concrete fix evidence for promotion.	311.200	label=unresolved; bucket=minority_unresolved; disagreement=1; audit_score=105.400	minority_unresolved	105.400	984.000	unresolved	unresolved			partially_fixed			unresolved			"{""sampling"": ""random_stratified"", ""disagreement_models"": [""tfidf""], ""source"": ""iclr2023_limit80_complete_subpool""}"
m3DmIL7wHDW__r04	ICLR 2023 random80 v1	unresolved	unresolved	3	Thank you for your review. **Comparison with AlphaZero**: We are well aware of the AlphaZero paper (Silver et al. 2017), and although we share some common principles with this algorithm, our approach is still based on significant differences that we tried to explain in Section 2: - First, AlphaZero is a model-free approach and relies on many system access steps (typically millions vs thousands in MBRL). It is...	User-confirmed single-pass standard validation; User confirmed ICLR 2023 random80 resolved candidate labels in Codex chat on 2026-04-29. source=resolved-label candidate reviewed by user; not an independent two-annotator IAA pass. Resolution action: keep_weak_unresolved. Resolution reason: Weak unresolved draft has insufficient concrete fix evidence for promotion.	309.100	label=unresolved; bucket=minority_unresolved; disagreement=1; audit_score=104.700	minority_unresolved	104.700	977.000	unresolved	unresolved			partially_fixed			unresolved			"{""sampling"": ""random_stratified"", ""disagreement_models"": [""tfidf""], ""source"": ""iclr2023_limit80_complete_subpool""}"
UPQualDj1oo__r02	ICLR 2023 random80 v1	unresolved	unresolved	3	8. [*I don’t see what it has to do with “being right for the right reasons.*] We do not think reasons can only be manifested by post-hoc model explanations, and we believe model explanations are not always good proxies of reasons. Intuitively, reasons used by an ML model are the features heavily relied on in their decision-making mechanisms. In our paper, we define reasons as a subset of important input features....	User-confirmed single-pass standard validation; User confirmed ICLR 2023 random80 resolved candidate labels in Codex chat on 2026-04-29. source=resolved-label candidate reviewed by user; not an independent two-annotator IAA pass. Resolution action: keep_weak_unresolved. Resolution reason: Weak unresolved draft has insufficient concrete fix evidence for promotion.	308.500	label=unresolved; bucket=minority_unresolved; disagreement=1; audit_score=104.500	minority_unresolved	104.500	975.000	unresolved	unresolved			partially_fixed			unresolved			"{""sampling"": ""random_stratified"", ""disagreement_models"": [""tfidf""], ""source"": ""iclr2023_limit80_complete_subpool""}"
ywAjQw-spmY__r02	ICLR 2023 random80 v1	unresolved	unresolved	3	We genuinely thank the reviewers for taking the time to review our submission and for their valuable suggestions on improving the paper's presentation. There are a few points, however, where we disagree with the assessment of our submission: 1) The datasets are unrepresentative of natural language: The datasets for regex and FOL are based on natural language snippets and standard datasets. Considering the...	User-confirmed single-pass standard validation; User confirmed ICLR 2023 random80 resolved candidate labels in Codex chat on 2026-04-29. source=resolved-label candidate reviewed by user; not an independent two-annotator IAA pass. Resolution action: keep_weak_unresolved. Resolution reason: Weak unresolved draft has insufficient concrete fix evidence for promotion.	308.200	label=unresolved; bucket=minority_unresolved; disagreement=1; audit_score=104.400	minority_unresolved	104.400	974.000	unresolved	unresolved			partially_fixed			unresolved			"{""sampling"": ""random_stratified"", ""disagreement_models"": [""tfidf""], ""source"": ""iclr2023_limit80_complete_subpool""}"
AqX3oSbzyQ1__r02	ICLR 2023 random80 v1	unresolved	unresolved	3	Thank you for the detailed review and insightful comments. **W1:** Soundness: while the idea of using Gaussian mixture models for clustering features is interesting, in practice the authors perform a very different operation according to algorithm 1. Even though it is claimed that the model performs expectation-maximization, from the algorithm it does not seem like it. Additionally, the slots are represented as...	User-confirmed single-pass standard validation; User confirmed ICLR 2023 random80 resolved candidate labels in Codex chat on 2026-04-29. source=resolved-label candidate reviewed by user; not an independent two-annotator IAA pass. Resolution action: keep_weak_unresolved. Resolution reason: Weak unresolved draft has insufficient concrete fix evidence for promotion.	306.100	label=unresolved; bucket=minority_unresolved; disagreement=1; audit_score=103.700	minority_unresolved	103.700	967.000	unresolved	unresolved			partially_fixed			unresolved			"{""sampling"": ""random_stratified"", ""disagreement_models"": [""tfidf""], ""source"": ""iclr2023_limit80_complete_subpool""}"
NOKUQ9JMohJ__r01	ICLR 2023 random80 v1	fixed	fixed	3	Thank you for your valuable comments, especially about the paper we do not discussed and the unseen states. We address your concerns accordingly and upload the rebuttal revision. Q1: The motivation for Assumption 1 R1: We agree that our assumption is much stronger than the weakly communicating assumption and the latter is more desirable. However, this problem is quite difficult, so we make assumption 1 for...	User-confirmed single-pass standard validation; User confirmed ICLR 2023 random80 resolved candidate labels in Codex chat on 2026-04-29. source=resolved-label candidate reviewed by user; not an independent two-annotator IAA pass. Resolution action: keep. Resolution reason: Draft label has sufficient support for review-stage use.	305.700	label=fixed; bucket=label_stratum; disagreement=0; audit_score=100.900	label_stratum	100.900	999.000	fixed	fixed			fixed			fixed			"{""sampling"": ""random_stratified"", ""disagreement_models"": [], ""source"": ""iclr2023_limit80_complete_subpool""}"
QN_VgTeOYGl__r02	ICLR 2023 random80 v1	fixed	fixed	3	Thank you for your time spent reviewing our paper and providing helpful feedback. Further, thank you for acknowledging our contribution of identifying the unique aspects of data leakage on tabular data; which we believe is an important feat for any inaugural work in a new setting. We also highly appreciate your acknowledgement of the good and easy-to-follow writing style, correctness, and the reproducibility of the...	User-confirmed single-pass standard validation; User confirmed ICLR 2023 random80 resolved candidate labels in Codex chat on 2026-04-29. source=resolved-label candidate reviewed by user; not an independent two-annotator IAA pass. Resolution action: keep. Resolution reason: Draft label has sufficient support for review-stage use.	305.400	label=fixed; bucket=label_stratum; disagreement=0; audit_score=100.800	label_stratum	100.800	998.000	fixed	fixed			fixed			fixed			"{""sampling"": ""random_stratified"", ""disagreement_models"": [], ""source"": ""iclr2023_limit80_complete_subpool""}"
8foynpwwRb__r02	ICLR 2023 random80 v1	unresolved	unresolved	3	`Q: The novelty of this paper is my only concern. The idea of applying SAM to a subset of parameters or iterations has been explored in several papers [Mi et al. 2022, Liu et al. 2022, Du et al. 2022]. For example, Liu et al. 2022 propose to only periodically calculate the inner gradient ascent across the training iterations; Liu et al. 2022 and Du et al. 2022 propose to select a subset of parameters to calculate...	User-confirmed single-pass standard validation; User confirmed ICLR 2023 random80 resolved candidate labels in Codex chat on 2026-04-29. source=resolved-label candidate reviewed by user; not an independent two-annotator IAA pass. Resolution action: keep_weak_unresolved. Resolution reason: Weak unresolved draft has insufficient concrete fix evidence for promotion.	304.900	label=unresolved; bucket=minority_unresolved; disagreement=1; audit_score=103.300	minority_unresolved	103.300	963.000	unresolved	unresolved			partially_fixed			unresolved			"{""sampling"": ""random_stratified"", ""disagreement_models"": [""tfidf""], ""source"": ""iclr2023_limit80_complete_subpool""}"
m3DmIL7wHDW__r03	ICLR 2023 random80 v1	unresolved	unresolved	3	Thank you for your review. **It is hard to see how performance on cartpole and acrobot relate at all to the motivating example of a telecommunications engineer; cartpole and acrobot do not seem to reflect the considerations listed in section 1**: We use Acrobot and Cartpole to show the performance of our method on well-known open sourced benchmarks on which we can compare to previous state-of-the-art results. The...	User-confirmed single-pass standard validation; User confirmed ICLR 2023 random80 resolved candidate labels in Codex chat on 2026-04-29. source=resolved-label candidate reviewed by user; not an independent two-annotator IAA pass. Resolution action: keep_weak_unresolved. Resolution reason: Weak unresolved draft has insufficient concrete fix evidence for promotion.	303.700	label=unresolved; bucket=minority_unresolved; disagreement=1; audit_score=102.900	minority_unresolved	102.900	959.000	unresolved	unresolved			partially_fixed			unresolved			"{""sampling"": ""random_stratified"", ""disagreement_models"": [""tfidf""], ""source"": ""iclr2023_limit80_complete_subpool""}"
o3Q4m8jg4BR__r03	ICLR 2023 random80 v1	fixed	fixed	3	We thank the reviewer for his very precise feedback and for correcting many details helping us to improve the overall quality of our work. We take particular care to address every point raised by the reviewer. We hope that this helps clarify our contribution, improving the readability of our work. In the following, we respond to every point raised by the reviewer. To address the concerns of the reviewer we will...	User-confirmed single-pass standard validation; User confirmed ICLR 2023 random80 resolved candidate labels in Codex chat on 2026-04-29. source=resolved-label candidate reviewed by user; not an independent two-annotator IAA pass. Resolution action: keep. Resolution reason: Draft label has sufficient support for review-stage use.	303.000	label=fixed; bucket=label_stratum; disagreement=0; audit_score=100.000	label_stratum	100.000	990.000	fixed	fixed			fixed			fixed			"{""sampling"": ""random_stratified"", ""disagreement_models"": [], ""source"": ""iclr2023_limit80_complete_subpool""}"
yqe0BZeN_xH__r03	ICLR 2023 random80 v1	unresolved	unresolved	3	Q1:. It seems that the paper claims its novelty as using Swin Transformer, however, Swin Transformer has been widely used in CV community, and simply adopting it as the backbone is not novel. A1: Actually, it is not easy to use the swin transformer to ZS3. There are at least three questions to get good reasonable and good results. (1) For the pixel-text feature aligning work, what the network should be modified? For...	User-confirmed single-pass standard validation; User confirmed ICLR 2023 random80 resolved candidate labels in Codex chat on 2026-04-29. source=resolved-label candidate reviewed by user; not an independent two-annotator IAA pass. Resolution action: keep_weak_unresolved. Resolution reason: Weak unresolved draft has insufficient concrete fix evidence for promotion.	302.200	label=unresolved; bucket=minority_unresolved; disagreement=1; audit_score=102.400	minority_unresolved	102.400	954.000	unresolved	unresolved			partially_fixed			unresolved			"{""sampling"": ""random_stratified"", ""disagreement_models"": [""tfidf""], ""source"": ""iclr2023_limit80_complete_subpool""}"
yqe0BZeN_xH__r02	ICLR 2023 random80 v1	unresolved	unresolved	3	Q1: The structure of Language Encoder. A1: The Language Encoder which we use in paper is just an MLP layer. We have add this explanation on our paper. Thanks for your advice! Q2: There are many problems with the layout and writing of the article. For example, there is incorrect capitalization in the first line of section 3.1 and missing spaces in line 4. There is confusion about the case of symbols in section 3.4....	User-confirmed single-pass standard validation; User confirmed ICLR 2023 random80 resolved candidate labels in Codex chat on 2026-04-29. source=resolved-label candidate reviewed by user; not an independent two-annotator IAA pass. Resolution action: keep_weak_unresolved. Resolution reason: Weak unresolved draft has insufficient concrete fix evidence for promotion.	301.900	label=unresolved; bucket=minority_unresolved; disagreement=1; audit_score=102.300	minority_unresolved	102.300	953.000	unresolved	unresolved			partially_fixed			unresolved			"{""sampling"": ""random_stratified"", ""disagreement_models"": [""tfidf""], ""source"": ""iclr2023_limit80_complete_subpool""}"
6iEoTr-jeB7__r03	ICLR 2023 random80 v1	unresolved	unresolved	3	We thank the reviewer for providing valuable feedback to improve the work. We will address concerns and questions from the reviewer, and answer them individually. 1. Discuss the limitation on continuous normalizing flows and the roadmap for scaling up to high-dimensional datasets like ImageNet or FFHQ: As the reviewer pointed out, CNF faces some difficulties in general to scale up for high-dimensional data due to...	User-confirmed single-pass standard validation; User confirmed ICLR 2023 random80 resolved candidate labels in Codex chat on 2026-04-29. source=resolved-label candidate reviewed by user; not an independent two-annotator IAA pass. Resolution action: keep_weak_unresolved. Resolution reason: Weak unresolved draft has insufficient concrete fix evidence for promotion.	301.600	label=unresolved; bucket=minority_unresolved; disagreement=1; audit_score=102.200	minority_unresolved	102.200	952.000	unresolved	unresolved			partially_fixed			unresolved			"{""sampling"": ""random_stratified"", ""disagreement_models"": [""tfidf""], ""source"": ""iclr2023_limit80_complete_subpool""}"
ywAjQw-spmY__r03	ICLR 2023 random80 v1	partially_fixed	partially_fixed	3	We genuinely thank the reviewers for taking the time to review our submission and for their valuable suggestions on improving the paper's presentation. There are a few points, however, where we disagree with the assessment of our submission: 1) The datasets are unrepresentative of natural language: The datasets for regex and FOL are based on natural language snippets and standard datasets. Considering the...	User-confirmed single-pass standard validation; User confirmed ICLR 2023 random80 resolved candidate labels in Codex chat on 2026-04-29. source=resolved-label candidate reviewed by user; not an independent two-annotator IAA pass. Resolution action: keep. Resolution reason: Draft label has sufficient support for review-stage use.	301.100	label=partially_fixed; bucket=label_stratum; disagreement=0; audit_score=100.700	label_stratum	100.700	997.000	partially_fixed	partially_fixed			partially_fixed			partially_fixed			"{""sampling"": ""random_stratified"", ""disagreement_models"": [], ""source"": ""iclr2023_limit80_complete_subpool""}"
-UsbRlXzMG__r02	ICLR 2023 random80 v1	partially_fixed	partially_fixed	3	Thank you for your comments. > I think the paper would be much stronger if the metrics were validated using some human analysis. For example, can you select some groups and show that humans find the representation score appropriate? Moreover, can you select 10-100 samples that are both analyzed by humans and the automated scores and show that the scores match the human evaluation? We designed our scores in such a...	User-confirmed single-pass standard validation; User confirmed ICLR 2023 random80 resolved candidate labels in Codex chat on 2026-04-29. source=resolved-label candidate reviewed by user; not an independent two-annotator IAA pass. Resolution action: keep. Resolution reason: Draft label has sufficient support for review-stage use.	300.500	label=partially_fixed; bucket=label_stratum; disagreement=0; audit_score=100.500	label_stratum	100.500	995.000	partially_fixed	partially_fixed			partially_fixed			partially_fixed			"{""sampling"": ""random_stratified"", ""disagreement_models"": [], ""source"": ""iclr2023_limit80_complete_subpool""}"
ejR4E1jaH9k__r02	ICLR 2023 random80 v1	unresolved	unresolved	3	We thank the reviewer for a very thorough and positive review. We address all comments below. Main concerns: - **Contribution is important even in the monotone case** We thank the reviewer for bringing this to our attention. We have added more accurate context under related work (Section 2) and clarified this additional contribution in the introduction. - **Motivation for metric in constrained case** In the...	User-confirmed single-pass standard validation; User confirmed ICLR 2023 random80 resolved candidate labels in Codex chat on 2026-04-29. source=resolved-label candidate reviewed by user; not an independent two-annotator IAA pass. Resolution action: keep_weak_unresolved. Resolution reason: Weak unresolved draft has insufficient concrete fix evidence for promotion.	300.400	label=unresolved; bucket=minority_unresolved; disagreement=1; audit_score=101.800	minority_unresolved	101.800	948.000	unresolved	unresolved			partially_fixed			unresolved			"{""sampling"": ""random_stratified"", ""disagreement_models"": [""tfidf""], ""source"": ""iclr2023_limit80_complete_subpool""}"
gNI4_85Cyve__r03	ICLR 2023 random80 v1	partially_fixed	partially_fixed	3	Thank you very much for your helpful review. We are glad you find our paper to be interesting, well-written, and easy to follow, and recognize our innovation in adopting question-answering for the challenging ID classification task together with our use of Intent names for extra supervision signals. We are happy you think that our experiments are detailed, interesting, and insightful, especially the result that...	User-confirmed single-pass standard validation; User confirmed ICLR 2023 random80 resolved candidate labels in Codex chat on 2026-04-29. source=resolved-label candidate reviewed by user; not an independent two-annotator IAA pass. Resolution action: keep. Resolution reason: Draft label has sufficient support for review-stage use.	300.200	label=partially_fixed; bucket=label_stratum; disagreement=0; audit_score=100.400	label_stratum	100.400	994.000	partially_fixed	partially_fixed			partially_fixed			partially_fixed			"{""sampling"": ""random_stratified"", ""disagreement_models"": [], ""source"": ""iclr2023_limit80_complete_subpool""}"
oJpVVGXu9i__r04	ICLR 2023 random80 v1	partially_fixed	partially_fixed	3	> Corollary 5.1 is not solid. It claims a lower bound but we only have an upper bound for the utility in Theorem 5.1. This can be revised and needs to be corrected. We apologize for the confusion caused by Corollary 5.1. We are **not** establishing a lower bound on the DP budget $\epsilon_{dp}$. Instead, Corollary 5.1 states that CENTUAR outputs a solution that **provably** achieves an $\epsilon_a$ utility within an...	User-confirmed single-pass standard validation; User confirmed ICLR 2023 random80 resolved candidate labels in Codex chat on 2026-04-29. source=resolved-label candidate reviewed by user; not an independent two-annotator IAA pass. Resolution action: keep. Resolution reason: Draft label has sufficient support for review-stage use.	299.900	label=partially_fixed; bucket=label_stratum; disagreement=0; audit_score=100.300	label_stratum	100.300	993.000	partially_fixed	partially_fixed			partially_fixed			partially_fixed			"{""sampling"": ""random_stratified"", ""disagreement_models"": [], ""source"": ""iclr2023_limit80_complete_subpool""}"
x-mXzBgCX3a__r03	ICLR 2023 random80 v1	partially_fixed	partially_fixed	3	We thank the reviewers for taking the time to review our work and for the thoughtful constructive feedback that helped us to revise our paper according to recommendations and criticisms. We are very glad that all reviewers found our paper well written and well motivated. Additionally, reviewers pointed out the strong formalization of our proposed framework (Reviewer MVBV) or the soundness of our solution (Reviewer...	User-confirmed single-pass standard validation; User confirmed ICLR 2023 random80 resolved candidate labels in Codex chat on 2026-04-29. source=resolved-label candidate reviewed by user; not an independent two-annotator IAA pass. Resolution action: keep. Resolution reason: Draft label has sufficient support for review-stage use.	299.300	label=partially_fixed; bucket=label_stratum; disagreement=0; audit_score=100.100	label_stratum	100.100	991.000	partially_fixed	partially_fixed			partially_fixed			partially_fixed			"{""sampling"": ""random_stratified"", ""disagreement_models"": [], ""source"": ""iclr2023_limit80_complete_subpool""}"
17RDXeF-skZ__r02	ICLR 2023 random80 v1	unresolved	unresolved	3	First of all, we would like to thank you for your kind words about the quality and presentation of our paper. We have taken care and effort to ensure that our method and experimental results are technically sound and clearly presented, as you noted in your review. We would like to address each of the points or questions that you raised below. **We have added new experimental results where relevant to back up our...	User-confirmed single-pass standard validation; User confirmed ICLR 2023 random80 resolved candidate labels in Codex chat on 2026-04-29. source=resolved-label candidate reviewed by user; not an independent two-annotator IAA pass. Resolution action: keep_weak_unresolved. Resolution reason: Weak unresolved draft has insufficient concrete fix evidence for promotion.	298.900	label=unresolved; bucket=minority_unresolved; disagreement=1; audit_score=101.300	minority_unresolved	101.300	943.000	unresolved	unresolved			partially_fixed			unresolved			"{""sampling"": ""random_stratified"", ""disagreement_models"": [""tfidf""], ""source"": ""iclr2023_limit80_complete_subpool""}"
x-mXzBgCX3a__r02	ICLR 2023 random80 v1	partially_fixed	partially_fixed	3	We thank the reviewers for taking the time to review our work and for the thoughtful constructive feedback that helped us to revise our paper according to recommendations and criticisms. We are very glad that all reviewers found our paper well written and well motivated. Additionally, reviewers pointed out the strong formalization of our proposed framework (Reviewer MVBV) or the soundness of our solution (Reviewer...	User-confirmed single-pass standard validation; User confirmed ICLR 2023 random80 resolved candidate labels in Codex chat on 2026-04-29. source=resolved-label candidate reviewed by user; not an independent two-annotator IAA pass. Resolution action: keep. Resolution reason: Draft label has sufficient support for review-stage use.	298.400	label=partially_fixed; bucket=label_stratum; disagreement=0; audit_score=99.800	label_stratum	99.800	988.000	partially_fixed	partially_fixed			partially_fixed			partially_fixed			"{""sampling"": ""random_stratified"", ""disagreement_models"": [], ""source"": ""iclr2023_limit80_complete_subpool""}"
BO5_Lm7iD___r03	ICLR 2023 random80 v1	unresolved	unresolved	3	We agree with the reviewer that, when employing computational models to reproduce human behaviors, one needs to emphasize how artificial and human agents differ in the ways they learn and communicate. We would like to note however that, compared to previous computational studies where an agent maintained a belief (a value between 0 and 1) and adopted the belief of the majority in its neighborhood, our computational...	User-confirmed single-pass standard validation; User confirmed ICLR 2023 random80 resolved candidate labels in Codex chat on 2026-04-29. source=resolved-label candidate reviewed by user; not an independent two-annotator IAA pass. Resolution action: keep_weak_unresolved. Resolution reason: Weak unresolved draft has insufficient concrete fix evidence for promotion.	298.300	label=unresolved; bucket=minority_unresolved; disagreement=1; audit_score=101.100	minority_unresolved	101.100	941.000	unresolved	unresolved			partially_fixed			unresolved			"{""sampling"": ""random_stratified"", ""disagreement_models"": [""tfidf""], ""source"": ""iclr2023_limit80_complete_subpool""}"
17RDXeF-skZ__r03	ICLR 2023 random80 v1	partially_fixed	partially_fixed	3	_**(4)** The model has a few possible variations: being sequential/joint, which is addressed by results in table 2. However, the two proposed loss components are not further studied beyond the hyperparameter comments on the appendices._ In light of your concern, we include additional experimental results below, where we ablate for the two terms in Equation (7) of our paper. | Acc. on ColoredMNIST | Training...	User-confirmed single-pass standard validation; User confirmed ICLR 2023 random80 resolved candidate labels in Codex chat on 2026-04-29. source=resolved-label candidate reviewed by user; not an independent two-annotator IAA pass. Resolution action: keep. Resolution reason: Draft label has sufficient support for review-stage use.	298.100	label=partially_fixed; bucket=label_stratum; disagreement=0; audit_score=99.700	label_stratum	99.700	987.000	partially_fixed	partially_fixed			partially_fixed			partially_fixed			"{""sampling"": ""random_stratified"", ""disagreement_models"": [], ""source"": ""iclr2023_limit80_complete_subpool""}"
tmIiMPl4IPa__r04	ICLR 2023 random80 v1	partially_fixed	partially_fixed	3	Thank you for the feedback on Figure A.3 in the Appendix. > A.3 is not self-contained The heatmaps in this figure represent the surface of a torus mapped onto a 2D grid. The color in the heat maps represents the vorticity (the spinning motion) of the fluid on the torus. We will add these details to the figure caption. > Why F-FNO 128X128 is correlated to DNS 2048X2048, not to DNS 128X128? DNS 2048x2048 is treated as...	User-confirmed single-pass standard validation; User confirmed ICLR 2023 random80 resolved candidate labels in Codex chat on 2026-04-29. source=resolved-label candidate reviewed by user; not an independent two-annotator IAA pass. Resolution action: keep. Resolution reason: Draft label has sufficient support for review-stage use.	297.800	label=partially_fixed; bucket=label_stratum; disagreement=0; audit_score=99.600	label_stratum	99.600	986.000	partially_fixed	partially_fixed			partially_fixed			partially_fixed			"{""sampling"": ""random_stratified"", ""disagreement_models"": [], ""source"": ""iclr2023_limit80_complete_subpool""}"
N3kGYG3ZcTi__r02	ICLR 2023 random80 v1	unresolved	unresolved	3	Thank you for your time and valuable comments. Idea comes shortly before the initial submission, and we try to present the preliminary results for other researchers. Our paper is about lateral inhibition inspired structure. We have obtained the code from authors of [1] (ICLR 2022), according to some reviewers' opinion, and outperform related methods by a large margin. - **The authors claim some gain in their...	User-confirmed single-pass standard validation; User confirmed ICLR 2023 random80 resolved candidate labels in Codex chat on 2026-04-29. source=resolved-label candidate reviewed by user; not an independent two-annotator IAA pass. Resolution action: keep_weak_unresolved. Resolution reason: Weak unresolved draft has insufficient concrete fix evidence for promotion.	297.700	label=unresolved; bucket=minority_unresolved; disagreement=1; audit_score=100.900	minority_unresolved	100.900	939.000	unresolved	unresolved			partially_fixed			unresolved			"{""sampling"": ""random_stratified"", ""disagreement_models"": [""tfidf""], ""source"": ""iclr2023_limit80_complete_subpool""}"
8Ygoj2IeXfW__r03	ICLR 2023 random80 v1	unresolved	unresolved	3	Dear reviewer 3y4o, Thank you sincerely for your time and efforts in reviewing our paper and comprehensive and valuable comments. Please kindly find our responses to your raised questions below. We hope our response can address your concerns. >### 1. Some of the design decisions are not very clearly motivated and not ablated, in particular the use of invDANN & Methodologically, it wasn't clear to me why we need to...	User-confirmed single-pass standard validation; User confirmed ICLR 2023 random80 resolved candidate labels in Codex chat on 2026-04-29. source=resolved-label candidate reviewed by user; not an independent two-annotator IAA pass. Resolution action: keep_weak_unresolved. Resolution reason: Weak unresolved draft has insufficient concrete fix evidence for promotion.	297.400	label=unresolved; bucket=minority_unresolved; disagreement=1; audit_score=100.800	minority_unresolved	100.800	938.000	unresolved	unresolved			partially_fixed			unresolved			"{""sampling"": ""random_stratified"", ""disagreement_models"": [""tfidf""], ""source"": ""iclr2023_limit80_complete_subpool""}"
tPKKXeW33YU__r03	ICLR 2023 random80 v1	unresolved	unresolved	3	We thank reviewer oi9G for providing a thorough review of our paper. Overall, we are glad that the reviewers generally find the problem/method novel (sfBb, oi9G, YoPQ, emnY), the paper clearly written (sfBb, oi9G, emnY), and accompanied with good evaluation results (sfBb, oi9G, emnY). We equally appreciate the concerns and suggestions raised by reviewers, which we try to address here and by revising the paper...	User-confirmed single-pass standard validation; User confirmed ICLR 2023 random80 resolved candidate labels in Codex chat on 2026-04-29. source=resolved-label candidate reviewed by user; not an independent two-annotator IAA pass. Resolution action: keep_weak_unresolved. Resolution reason: Weak unresolved draft has insufficient concrete fix evidence for promotion.	297.100	label=unresolved; bucket=minority_unresolved; disagreement=1; audit_score=100.700	minority_unresolved	100.700	937.000	unresolved	unresolved			partially_fixed			unresolved			"{""sampling"": ""random_stratified"", ""disagreement_models"": [""tfidf""], ""source"": ""iclr2023_limit80_complete_subpool""}"
7YfHla7IxBJ__r02	ICLR 2023 random80 v1	partially_fixed	partially_fixed	3	(Empirical Gap). In Section B.2, we have conducted a synthetic experiment to evaluate the performance of linear RNNs when there is nonlinearity in the data. We first generate the data by using a two-layer nonlinear RNN model where the first layer has the form of $$ \mathbf{z}_t = \alpha \mathbf{g}_t + (1-\alpha) \mathbf{h}_t \hspace{3mm}\text{with}\hspace{3mm} \mathbf{h}_t = \mathbf{W}_h \mathbf{z}\_{t-1} +...	User-confirmed single-pass standard validation; User confirmed ICLR 2023 random80 resolved candidate labels in Codex chat on 2026-04-29. source=resolved-label candidate reviewed by user; not an independent two-annotator IAA pass. Resolution action: keep. Resolution reason: Draft label has sufficient support for review-stage use.	296.900	label=partially_fixed; bucket=label_stratum; disagreement=0; audit_score=99.300	label_stratum	99.300	983.000	partially_fixed	partially_fixed			partially_fixed			partially_fixed			"{""sampling"": ""random_stratified"", ""disagreement_models"": [], ""source"": ""iclr2023_limit80_complete_subpool""}"
pW_jGk1D_Ww__r03	ICLR 2023 random80 v1	partially_fixed	partially_fixed	3	We thank the reviewer for the positive feedback. We respond to each of your comments as follows. **Q1) Motivation in Section 3.1 is not convincing for me. The correlation between AFA and ABA seems trivial, because both values are determined by the scale of network output. The affine parameters of batchnorm determine the scale of activation scale, so AFA and ABA may be determined by those affine parameters. For...	User-confirmed single-pass standard validation; User confirmed ICLR 2023 random80 resolved candidate labels in Codex chat on 2026-04-29. source=resolved-label candidate reviewed by user; not an independent two-annotator IAA pass. Resolution action: keep. Resolution reason: Draft label has sufficient support for review-stage use.	296.600	label=partially_fixed; bucket=label_stratum; disagreement=0; audit_score=99.200	label_stratum	99.200	982.000	partially_fixed	partially_fixed			partially_fixed			partially_fixed			"{""sampling"": ""random_stratified"", ""disagreement_models"": [], ""source"": ""iclr2023_limit80_complete_subpool""}"
QN_VgTeOYGl__r03	ICLR 2023 random80 v1	fixed	fixed	3	First of all, we would like to sincerely thank you for your extensive and detailed review. We highly appreciate your inputs, and believe they helped increase the quality of our paper. Further, we are glad that you recognised the simplicity and the portability of our method; we believe that this aspect of TabLeak highlights the high vulnerability of FL on tabular data. We are also thankful for your recognition of the...	User-confirmed single-pass standard validation; User confirmed ICLR 2023 random80 resolved candidate labels in Codex chat on 2026-04-29. source=resolved-label candidate reviewed by user; not an independent two-annotator IAA pass. Resolution action: keep. Resolution reason: Draft label has sufficient support for review-stage use.	296.400	label=fixed; bucket=label_stratum; disagreement=0; audit_score=97.800	label_stratum	97.800	968.000	fixed	fixed			fixed			fixed			"{""sampling"": ""random_stratified"", ""disagreement_models"": [], ""source"": ""iclr2023_limit80_complete_subpool""}"
me09xlTmm8__r03	ICLR 2023 random80 v1	partially_fixed	partially_fixed	3	We thank the reviewer for their comments on the manuscript and their supportive remarks on its applicability and experimental results. We summarize how we have addressed the issues raised in the review below. > Clarity The main concerns relate to the clarity of the manuscript. We now provide additional material on differential resampling in a new section in the appendix (App. D), and for a comprehensive introduction...	User-confirmed single-pass standard validation; User confirmed ICLR 2023 random80 resolved candidate labels in Codex chat on 2026-04-29. source=resolved-label candidate reviewed by user; not an independent two-annotator IAA pass. Resolution action: keep. Resolution reason: Draft label has sufficient support for review-stage use.	296.300	label=partially_fixed; bucket=label_stratum; disagreement=0; audit_score=99.100	label_stratum	99.100	981.000	partially_fixed	partially_fixed			partially_fixed			partially_fixed			"{""sampling"": ""random_stratified"", ""disagreement_models"": [], ""source"": ""iclr2023_limit80_complete_subpool""}"
tmIiMPl4IPa__r03	ICLR 2023 random80 v1	unresolved	unresolved	3	> (1) The main idea (of treating each dimension independently) is only testing for ONE family of PDEs and that too in just two dimensions. It is hard to know if factorizing will always perform better. For example, one scenario where it might not is for PDEs that have cross terms involving derivatives w.r.t different dimensions. Thank you for the opportunity to clarify. F-FNO is applied to three different PDEs and on...	User-confirmed single-pass standard validation; User confirmed ICLR 2023 random80 resolved candidate labels in Codex chat on 2026-04-29. source=resolved-label candidate reviewed by user; not an independent two-annotator IAA pass. Resolution action: keep_weak_unresolved. Resolution reason: Weak unresolved draft has insufficient concrete fix evidence for promotion.	296.200	label=unresolved; bucket=minority_unresolved; disagreement=1; audit_score=100.400	minority_unresolved	100.400	934.000	unresolved	unresolved			partially_fixed			unresolved			"{""sampling"": ""random_stratified"", ""disagreement_models"": [""tfidf""], ""source"": ""iclr2023_limit80_complete_subpool""}"
Y1J29OryQg__r01	ICLR 2023 random80 v1	partially_fixed	partially_fixed	3	"Thank you for your careful and detailed comments. We have polished the paper for a clearer statement. Q1: Abstract: ""our causal KGC models achieve better performance than traditional KGC models""-on what inputs? A1: We have modified it to “Our causal KGC models achieve better performance than traditional KGC models on three benchmark datasets.”. Q2: Introduction: ""the world is driven by causality rather than..."	User-confirmed single-pass standard validation; User confirmed ICLR 2023 random80 resolved candidate labels in Codex chat on 2026-04-29. source=resolved-label candidate reviewed by user; not an independent two-annotator IAA pass. Resolution action: keep. Resolution reason: Draft label has sufficient support for review-stage use.	296.000	label=partially_fixed; bucket=label_stratum; disagreement=0; audit_score=99.000	label_stratum	99.000	980.000	partially_fixed	partially_fixed			partially_fixed			partially_fixed			"{""sampling"": ""random_stratified"", ""disagreement_models"": [], ""source"": ""iclr2023_limit80_complete_subpool""}"
TZG_XsO4x6y__r01	ICLR 2023 random80 v1	partially_fixed	partially_fixed	3	--- **Q:** *It would be interesting to benchmark against a deterministic video prediction method in Table 1 to see if the considered datasets are sufficiently stochastic to warrant modeling of stochasticity.* **A:** We really like this suggestion; however, regretfully, we did not have enough time to implement this idea. --- **Q:** *Is there a way to report a measure of statistic significance of the proposed method's...	User-confirmed single-pass standard validation; User confirmed ICLR 2023 random80 resolved candidate labels in Codex chat on 2026-04-29. source=resolved-label candidate reviewed by user; not an independent two-annotator IAA pass. Resolution action: keep. Resolution reason: Draft label has sufficient support for review-stage use.	295.700	label=partially_fixed; bucket=label_stratum; disagreement=0; audit_score=98.900	label_stratum	98.900	979.000	partially_fixed	partially_fixed			partially_fixed			partially_fixed			"{""sampling"": ""random_stratified"", ""disagreement_models"": [], ""source"": ""iclr2023_limit80_complete_subpool""}"
cZM4iZmxzR7__r01	ICLR 2023 random80 v1	partially_fixed	partially_fixed	3	Thank you for pointing out interesting works. We of course will cite them accordingly. Kindly notice that the above two works are **supervised graph networks** (as far as we understand them correctly) while **we work with the family of unsupervised linear graph networks** which compete with **unsupervised and self-supervised graph representations** rather than fully-supervised networks (completely different working...	User-confirmed single-pass standard validation; User confirmed ICLR 2023 random80 resolved candidate labels in Codex chat on 2026-04-29. source=resolved-label candidate reviewed by user; not an independent two-annotator IAA pass. Resolution action: keep. Resolution reason: Draft label has sufficient support for review-stage use.	295.400	label=partially_fixed; bucket=label_stratum; disagreement=0; audit_score=98.800	label_stratum	98.800	978.000	partially_fixed	partially_fixed			partially_fixed			partially_fixed			"{""sampling"": ""random_stratified"", ""disagreement_models"": [], ""source"": ""iclr2023_limit80_complete_subpool""}"
o3Q4m8jg4BR__r02	ICLR 2023 random80 v1	fixed	fixed	3	We thank the reviewer for the insightful comments. We tried to resolve most of the concerns of the reviewer and truly believe that, among others, the suggested additional experiments on more complex tasks enhance the quality of our paper. We appreciate the time and effort put in by the reviewer. > The proposed method is evaluated on the MuJoCo benchmarks, but they are relatively easy for modern IRL methods. It is...	User-confirmed single-pass standard validation; User confirmed ICLR 2023 random80 resolved candidate labels in Codex chat on 2026-04-29. source=resolved-label candidate reviewed by user; not an independent two-annotator IAA pass. Resolution action: keep. Resolution reason: Draft label has sufficient support for review-stage use.	289.500	label=fixed; bucket=label_stratum; disagreement=0; audit_score=95.500	label_stratum	95.500	945.000	fixed	fixed			fixed			fixed			"{""sampling"": ""random_stratified"", ""disagreement_models"": [], ""source"": ""iclr2023_limit80_complete_subpool""}"
VNMJfBBUd5__r04	ICLR 2025 expanded80 v1	regressed	regressed	4	Dear Reviewer AHKK, We are truly thankful for the reviewer’s positive feedback. **Q1. The reason for using $\arccos$ in Eq.(2), while employing $\cos$ in Eq.(3) and Eq.(4).** **R1:** Thank you! We explain the reason for the definition of Gradient Circular Distribution (GCD) and various metrics. * **Equivalence from a computational perspective:** From a mathematical standpoint, Eq.(3) and (4) indeed directly compute...	"User-confirmed standard expanded80 validation on 2026-04-26; source=user-reviewed expanded80 assistant-adjudication draft; not an independent two-annotator IAA pass. Evidence source: aligned_response_excerpt. Source adjudication note: {""audit_bucket"": ""minority_regressed"", ""evidence_source"": ""aligned_response_excerpt"", ""model_labels"": {""issue_ledger"": ""regressed"", ""modernbert"": ""fixed"", ""mpnet"": ""regressed"", ""structured"": ""fixed"", ""tfidf"": ""partially_fixed""}, ""not_human_validated"": true, ""provenance"": ""provisional_assistant_adjudication_from_expanded80_frontier"", ""suggested_label"": ""regressed""}"	48.010	label=regressed; bucket=minority_regressed; disagreement=2; audit_score=26.670	minority_regressed	26.670	16.700	regressed	regressed			partially_fixed	fixed	regressed	regressed	fixed		"{""frontier"": ""multi_model"", ""anchor"": ""structured"", ""disagreement_models"": [""issue_ledger"", ""mpnet"", ""tfidf""], ""majority_label"": ""fixed"", ""risk_labels"": [""regressed""], ""all_labels"": {""structured"": ""fixed"", ""tfidf"": ""partially_fixed"", ""modernbert"": ""fixed"", ""mpnet"": ""regressed"", ""issue_ledger"": ""regressed""}}"
Nfd7z9d6Bb__r05	ICLR 2025 expanded80 v1	regressed	regressed	3	We thank the reviewer for this question and clarification. We have performed an experiment with a simple regression datasets based on Rosenbrock function, going from 10 to 20000 in feature dimension (due to computational constraints) and included the results in the appendix. From the results we observe that CP^2 does not provide any benefit over PCP for this type of dataset. As expected, performance of all methods...	"User-confirmed standard expanded80 validation on 2026-04-26; source=user-reviewed expanded80 assistant-adjudication draft; not an independent two-annotator IAA pass. Evidence source: aligned_response_excerpt. Source adjudication note: {""audit_bucket"": ""minority_regressed"", ""evidence_source"": ""aligned_response_excerpt"", ""model_labels"": {""issue_ledger"": ""unresolved"", ""modernbert"": ""fixed"", ""mpnet"": ""partially_fixed"", ""structured"": ""regressed"", ""tfidf"": ""partially_fixed""}, ""not_human_validated"": true, ""provenance"": ""provisional_assistant_adjudication_from_expanded80_frontier"", ""suggested_label"": ""regressed""}"	45.955	label=regressed; bucket=minority_regressed; disagreement=3; audit_score=21.318	minority_regressed	21.318	23.183	regressed	regressed			partially_fixed	fixed	partially_fixed	unresolved	regressed		"{""frontier"": ""multi_model"", ""anchor"": ""structured"", ""disagreement_models"": [""issue_ledger"", ""modernbert"", ""mpnet"", ""tfidf""], ""majority_label"": ""partially_fixed"", ""risk_labels"": [""regressed"", ""unresolved""], ""all_labels"": {""structured"": ""regressed"", ""tfidf"": ""partially_fixed"", ""modernbert"": ""fixed"", ""mpnet"": ""partially_fixed"", ""issue_ledger"": ""unresolved""}}"
GM7cmQfk2F__r03	ICLR 2025 expanded80 v1	regressed	regressed	3	"[weaknesses] 1. The authors could a clear definition of what they mean by ""neat"" in the context of their work, and highlight specific sections where they could elaborate on how their method contrasts with the complexity of existing approaches. 2. In the Methods section, while the structure of the proposed architecture is described, I would like to see a more detailed explanation of why each component is expected to..."	"User-confirmed standard expanded80 validation on 2026-04-26; source=user-reviewed expanded80 assistant-adjudication draft; not an independent two-annotator IAA pass. Evidence source: review_excerpt. Source adjudication note: {""audit_bucket"": ""minority_regressed"", ""evidence_source"": ""review_excerpt"", ""model_labels"": {""issue_ledger"": ""unresolved"", ""modernbert"": ""partially_fixed"", ""mpnet"": ""unresolved"", ""structured"": ""regressed"", ""tfidf"": ""partially_fixed""}, ""not_human_validated"": true, ""provenance"": ""provisional_assistant_adjudication_from_expanded80_frontier"", ""suggested_label"": ""regressed""}"	41.900	label=regressed; bucket=minority_regressed; disagreement=2; audit_score=19.300	minority_regressed	19.300	23.000	regressed	regressed			partially_fixed	partially_fixed	unresolved	unresolved	regressed		"{""frontier"": ""multi_model"", ""anchor"": ""structured"", ""disagreement_models"": [""issue_ledger"", ""modernbert"", ""mpnet"", ""tfidf""], ""majority_label"": ""partially_fixed"", ""risk_labels"": [""regressed"", ""unresolved""], ""all_labels"": {""structured"": ""regressed"", ""tfidf"": ""partially_fixed"", ""modernbert"": ""partially_fixed"", ""mpnet"": ""unresolved"", ""issue_ledger"": ""unresolved""}}"
TbTJJNjumY__r03	ICLR 2025 expanded80 v1	regressed	regressed	3	[weaknesses] - The Related work section is pushed to the appendix. I know there is a lot to say about the proposed method, but the related work should be in the main text. The related work is not very well written. To improve readability, please divide the text into subsections, each discussing a different approach to the problem. - The paper did not compare with strong baselines such as ELG (Gao et al., 2024), GLOP...	"User-confirmed standard expanded80 validation on 2026-04-26; source=user-reviewed expanded80 assistant-adjudication draft; not an independent two-annotator IAA pass. Evidence source: review_excerpt. Source adjudication note: {""audit_bucket"": ""minority_regressed"", ""evidence_source"": ""review_excerpt"", ""model_labels"": {""issue_ledger"": ""unresolved"", ""modernbert"": ""partially_fixed"", ""mpnet"": ""unresolved"", ""structured"": ""regressed"", ""tfidf"": ""partially_fixed""}, ""not_human_validated"": true, ""provenance"": ""provisional_assistant_adjudication_from_expanded80_frontier"", ""suggested_label"": ""regressed""}"	41.900	label=regressed; bucket=minority_regressed; disagreement=2; audit_score=19.300	minority_regressed	19.300	23.000	regressed	regressed			partially_fixed	partially_fixed	unresolved	unresolved	regressed		"{""frontier"": ""multi_model"", ""anchor"": ""structured"", ""disagreement_models"": [""issue_ledger"", ""modernbert"", ""mpnet"", ""tfidf""], ""majority_label"": ""partially_fixed"", ""risk_labels"": [""regressed"", ""unresolved""], ""all_labels"": {""structured"": ""regressed"", ""tfidf"": ""partially_fixed"", ""modernbert"": ""partially_fixed"", ""mpnet"": ""unresolved"", ""issue_ledger"": ""unresolved""}}"
TbTJJNjumY__r04	ICLR 2025 expanded80 v1	regressed	regressed	3	[weaknesses] 1) Although the paper compares against several state-of-the-art methods, a more detailed comparison with recent advancements in reinforcement learning-based approaches for VRPs could provide a more comprehensive evaluation. 2) An exploration of the limitations of the cross-attention mechanism and potential areas for improvement would enhance the paper's depth. [questions] 1) How does the proposed method...	"User-confirmed standard expanded80 validation on 2026-04-26; source=user-reviewed expanded80 assistant-adjudication draft; not an independent two-annotator IAA pass. Evidence source: review_excerpt. Source adjudication note: {""audit_bucket"": ""minority_regressed"", ""evidence_source"": ""review_excerpt"", ""model_labels"": {""issue_ledger"": ""unresolved"", ""modernbert"": ""partially_fixed"", ""mpnet"": ""unresolved"", ""structured"": ""regressed"", ""tfidf"": ""partially_fixed""}, ""not_human_validated"": true, ""provenance"": ""provisional_assistant_adjudication_from_expanded80_frontier"", ""suggested_label"": ""regressed""}"	41.900	label=regressed; bucket=minority_regressed; disagreement=2; audit_score=19.300	minority_regressed	19.300	23.000	regressed	regressed			partially_fixed	partially_fixed	unresolved	unresolved	regressed		"{""frontier"": ""multi_model"", ""anchor"": ""structured"", ""disagreement_models"": [""issue_ledger"", ""modernbert"", ""mpnet"", ""tfidf""], ""majority_label"": ""partially_fixed"", ""risk_labels"": [""regressed"", ""unresolved""], ""all_labels"": {""structured"": ""regressed"", ""tfidf"": ""partially_fixed"", ""modernbert"": ""partially_fixed"", ""mpnet"": ""unresolved"", ""issue_ledger"": ""unresolved""}}"
My7lkRNnL9__r01	ICLR 2024 v1	unresolved	unresolved	4	Authors acknowledge the theory remains limited to one-hidden-layer networks and only add discussion plus extra empirical clarifications.	User-reviewed standard human-validation signoff on 2026-04-26; source=human-reviewed AI-assisted signoff packet. Reviewed assistant note: The core concern about shallow theory not matching deeper-network experiments remains.	38.860	label=unresolved; bucket=minority_unresolved; disagreement=3; audit_score=24.620	minority_unresolved	24.620	6.200	unresolved	unresolved		regressed	partially_fixed	fixed	fixed	unresolved	partially_fixed	Authors acknowledge the theory remains limited to one-hidden-layer networks and only add discussion plus extra empirical clarifications.	The core concern about shallow theory not matching deeper-network experiments remains.
sLQb8q0sUi__r02	ICLR 2024 v1	unresolved	unresolved	4	Context fallback from aligned response context: ## Reply to Weakness 2 Thank you for your feedback regarding the technical novelty of our learning-based basis selection approach. We understand your concerns and appreciate the opportunity to emphasize our contributions: - We addressed an important problem rarely explored in the literature, that is, how to fairly value the contributions of different...	User-reviewed standard human-validation signoff on 2026-04-26; source=human-reviewed AI-assisted signoff packet. Reviewed assistant note: expanded experiments do not resolve the writing and notation concerns in the review	38.860	label=unresolved; bucket=minority_unresolved; disagreement=3; audit_score=24.620	minority_unresolved	24.620	6.200	unresolved	partially_fixed		regressed	partially_fixed	fixed	partially_fixed	unresolved	partially_fixed		expanded experiments do not resolve the writing and notation concerns in the review
BRZYhVHvSg__r02	NeurIPS 2024 limit100 v1	partially_fixed	partially_fixed	3	"# Response to Reviewer XQou We are grateful for your review and positive feedback. We will address each of the weaknesses and questions raised (in a combined way) in detail below. We will be happy to answer any further question. ## Q1. ""Can you provide more details on the computational requirements of the proposed algorithm? Specifically, how does its performance scale with increasing dimensionality and size of the..."	User-confirmed single-pass standard validation; User confirmed NeurIPS resolved candidate on 2026-04-28. source=resolved-label candidate reviewed by user; not an independent two-annotator IAA pass. Resolution action: downgrade_regressed. Resolution reason: Draft regressed lacks strict same-axis negative-change evidence; use conservative non-regression label.	38.650	label=partially_fixed; bucket=minority_regressed; disagreement=2; audit_score=26.550	minority_regressed	26.550	15.500	regressed	regressed			partially_fixed	fixed	regressed	partially_fixed	fixed		"{""frontier"": ""multi_model"", ""anchor"": ""structured"", ""disagreement_models"": [""issue_ledger"", ""mpnet"", ""tfidf""], ""majority_label"": ""fixed"", ""risk_labels"": [""regressed""], ""all_labels"": {""structured"": ""fixed"", ""tfidf"": ""partially_fixed"", ""modernbert"": ""fixed"", ""mpnet"": ""regressed"", ""issue_ledger"": ""partially_fixed""}}"
BRZYhVHvSg__r03	NeurIPS 2024 limit100 v1	partially_fixed	partially_fixed	3	"# Response to Reviewer XQou We are grateful for your review and positive feedback. We will address each of the weaknesses and questions raised (in a combined way) in detail below. We will be happy to answer any further question. ## Q1. ""Can you provide more details on the computational requirements of the proposed algorithm? Specifically, how does its performance scale with increasing dimensionality and size of the..."	User-confirmed single-pass standard validation; User confirmed NeurIPS resolved candidate on 2026-04-28. source=resolved-label candidate reviewed by user; not an independent two-annotator IAA pass. Resolution action: downgrade_regressed. Resolution reason: Draft regressed lacks strict same-axis negative-change evidence; use conservative non-regression label.	38.650	label=partially_fixed; bucket=minority_regressed; disagreement=2; audit_score=26.550	minority_regressed	26.550	15.500	regressed	regressed			partially_fixed	fixed	regressed	partially_fixed	fixed		"{""frontier"": ""multi_model"", ""anchor"": ""structured"", ""disagreement_models"": [""issue_ledger"", ""mpnet"", ""tfidf""], ""majority_label"": ""fixed"", ""risk_labels"": [""regressed""], ""all_labels"": {""structured"": ""fixed"", ""tfidf"": ""partially_fixed"", ""modernbert"": ""fixed"", ""mpnet"": ""regressed"", ""issue_ledger"": ""partially_fixed""}}"
DAO2BFzMfy__r04	NeurIPS 2024 limit100 v1	partially_fixed	partially_fixed	3	**“The overall idea of this paper is more similar to [1]...I suggest the authors could discuss more about the differences between this paper and [1].”** Although these two papers share the use of PCA and the application to personalization, there are fundamental differences. Many works have found subspaces in the *input space*, such as text embeddings [1], to produce meaningful linear interpolations. But as you point...	User-confirmed single-pass standard validation; User confirmed NeurIPS resolved candidate on 2026-04-28. source=resolved-label candidate reviewed by user; not an independent two-annotator IAA pass. Resolution action: downgrade_regressed. Resolution reason: Draft regressed lacks strict same-axis negative-change evidence; use conservative non-regression label.	38.650	label=partially_fixed; bucket=minority_regressed; disagreement=2; audit_score=26.550	minority_regressed	26.550	15.500	regressed	regressed			partially_fixed	fixed	regressed	partially_fixed	fixed		"{""frontier"": ""multi_model"", ""anchor"": ""structured"", ""disagreement_models"": [""issue_ledger"", ""mpnet"", ""tfidf""], ""majority_label"": ""fixed"", ""risk_labels"": [""regressed""], ""all_labels"": {""structured"": ""fixed"", ""tfidf"": ""partially_fixed"", ""modernbert"": ""fixed"", ""mpnet"": ""regressed"", ""issue_ledger"": ""partially_fixed""}}"
eHzIwAhj06__r03	NeurIPS 2024 limit100 v1	partially_fixed	partially_fixed	3	We graciously thank Reviewer E5Mf for their insightful comments and questions. We appreciate that the reviewer recognizes our comprehensive experiments which challenge existing notions in the literature and leverage previously unknown nuances to improve model performance. Below, we provide responses to each of the reviewer’s points, combining weaknesses and questions as appropriate. ## Weakness 1, Question 3 We...	User-confirmed single-pass standard validation; User confirmed NeurIPS resolved candidate on 2026-04-28. source=resolved-label candidate reviewed by user; not an independent two-annotator IAA pass. Resolution action: downgrade_regressed. Resolution reason: Draft regressed lacks strict same-axis negative-change evidence; use conservative non-regression label.	38.650	label=partially_fixed; bucket=minority_regressed; disagreement=2; audit_score=26.550	minority_regressed	26.550	15.500	regressed	regressed			partially_fixed	fixed	regressed	regressed	fixed		"{""frontier"": ""multi_model"", ""anchor"": ""structured"", ""disagreement_models"": [""issue_ledger"", ""mpnet"", ""tfidf""], ""majority_label"": ""fixed"", ""risk_labels"": [""regressed""], ""all_labels"": {""structured"": ""fixed"", ""tfidf"": ""partially_fixed"", ""modernbert"": ""fixed"", ""mpnet"": ""regressed"", ""issue_ledger"": ""regressed""}}"
1qP3lsatCR__r01	ICLR 2025 expanded80 v1	unresolved	unresolved	4	Thank you for your acknowledgment and insightful comments. Your feedback is extremely helpful, and we are committed to addressing each question you have raised. **** ### Weakness 1: Notations and problem formulation hard to follow. To address the reviewer's concern, in the revised manuscript, we have added a figure (Figure 3 on page 4) to present the overview of Section 3, which briefly includes the problem...	"User-confirmed standard expanded80 validation on 2026-04-26; source=user-reviewed expanded80 assistant-adjudication draft; not an independent two-annotator IAA pass. Evidence source: aligned_response_excerpt. Source adjudication note: {""audit_bucket"": ""minority_unresolved"", ""evidence_source"": ""aligned_response_excerpt"", ""model_labels"": {""issue_ledger"": ""unresolved"", ""modernbert"": ""fixed"", ""mpnet"": ""unresolved"", ""structured"": ""fixed"", ""tfidf"": ""partially_fixed""}, ""not_human_validated"": true, ""provenance"": ""provisional_assistant_adjudication_from_expanded80_frontier"", ""suggested_label"": ""unresolved""}"	38.010	label=unresolved; bucket=minority_unresolved; disagreement=2; audit_score=23.670	minority_unresolved	23.670	16.700	unresolved	unresolved			partially_fixed	fixed	unresolved	unresolved	fixed		"{""frontier"": ""multi_model"", ""anchor"": ""structured"", ""disagreement_models"": [""issue_ledger"", ""mpnet"", ""tfidf""], ""majority_label"": ""fixed"", ""risk_labels"": [""unresolved""], ""all_labels"": {""structured"": ""fixed"", ""tfidf"": ""partially_fixed"", ""modernbert"": ""fixed"", ""mpnet"": ""unresolved"", ""issue_ledger"": ""unresolved""}}"
DTqx3iqjkz__r02	ICLR 2025 expanded80 v1	unresolved	unresolved	4	**Q3. Regarding the definition of task similarity** - To the best of our knowledge, there is no single widely accepted definition of task similarity. In the well-studied continual linear **regression** setting, various notions of task similarity have been proposed by several previous works (Doan et al., 2021; Evron et al., 2022; Lin et al., 2023). The task similarity is of great interest in this line of work because...	"User-confirmed standard expanded80 validation on 2026-04-26; source=user-reviewed expanded80 assistant-adjudication draft; not an independent two-annotator IAA pass. Evidence source: aligned_response_excerpt. Source adjudication note: {""audit_bucket"": ""minority_unresolved"", ""evidence_source"": ""aligned_response_excerpt"", ""model_labels"": {""issue_ledger"": ""unresolved"", ""modernbert"": ""unresolved"", ""mpnet"": ""fixed"", ""structured"": ""fixed"", ""tfidf"": ""partially_fixed""}, ""not_human_validated"": true, ""provenance"": ""provisional_assistant_adjudication_from_expanded80_frontier"", ""suggested_label"": ""unresolved""}"	38.010	label=unresolved; bucket=minority_unresolved; disagreement=2; audit_score=23.670	minority_unresolved	23.670	16.700	unresolved	unresolved			partially_fixed	unresolved	fixed	unresolved	fixed		"{""frontier"": ""multi_model"", ""anchor"": ""structured"", ""disagreement_models"": [""issue_ledger"", ""modernbert"", ""tfidf""], ""majority_label"": ""fixed"", ""risk_labels"": [""unresolved""], ""all_labels"": {""structured"": ""fixed"", ""tfidf"": ""partially_fixed"", ""modernbert"": ""unresolved"", ""mpnet"": ""fixed"", ""issue_ledger"": ""unresolved""}}"
YO6GVPUrKN__r03	NeurIPS 2024 limit100 v1	unresolved	unresolved	3	We thank this reviewer for the careful review provided. We are very happy to see that they also appreciated the importance of evaluating existing work to “build upon solid foundations”. We would like to begin by addressing the weaknesses they identify. 1. **Discrepancy between our correlation coefficients and those in Dupuis et al. \[2023\]**: We appreciate the reviewer's observation, which prompted us to revise the...	User-confirmed single-pass standard validation; User confirmed NeurIPS resolved candidate on 2026-04-28. source=resolved-label candidate reviewed by user; not an independent two-annotator IAA pass. Resolution action: keep. Resolution reason: Draft label has sufficient support for review-stage use.	38.010	label=unresolved; bucket=minority_unresolved; disagreement=2; audit_score=23.670	minority_unresolved	23.670	16.700	unresolved	unresolved			partially_fixed	unresolved	fixed	unresolved	fixed		"{""frontier"": ""multi_model"", ""anchor"": ""structured"", ""disagreement_models"": [""issue_ledger"", ""modernbert"", ""tfidf""], ""majority_label"": ""fixed"", ""risk_labels"": [""unresolved""], ""all_labels"": {""structured"": ""fixed"", ""tfidf"": ""partially_fixed"", ""modernbert"": ""unresolved"", ""mpnet"": ""fixed"", ""issue_ledger"": ""unresolved""}}"
YO6GVPUrKN__r04	NeurIPS 2024 limit100 v1	unresolved	unresolved	3	We thank this referee for their careful, detailed feedback. We are pleased to see that they found our experiments “conducted with high quality”, the results “insightful”, “useful” and “relevant” to the community, and that they appreciated our discussion on limitations as a “role-model” on how these should be discussed. We now address the weaknesses identified. **W1. Readability.** We acknowledge that our study...	User-confirmed single-pass standard validation; User confirmed NeurIPS resolved candidate on 2026-04-28. source=resolved-label candidate reviewed by user; not an independent two-annotator IAA pass. Resolution action: keep. Resolution reason: Draft label has sufficient support for review-stage use.	38.010	label=unresolved; bucket=minority_unresolved; disagreement=2; audit_score=23.670	minority_unresolved	23.670	16.700	unresolved	unresolved			partially_fixed	unresolved	fixed	unresolved	fixed		"{""frontier"": ""multi_model"", ""anchor"": ""structured"", ""disagreement_models"": [""issue_ledger"", ""modernbert"", ""tfidf""], ""majority_label"": ""fixed"", ""risk_labels"": [""unresolved""], ""all_labels"": {""structured"": ""fixed"", ""tfidf"": ""partially_fixed"", ""modernbert"": ""unresolved"", ""mpnet"": ""fixed"", ""issue_ledger"": ""unresolved""}}"
dgR6i4TSng__r02	ICLR 2025 expanded80 v1	unresolved	unresolved	4	> Q4. How does Eq. 4 work? Eq. 4 demonstrates recursive cosine-sine decomposition (CSD) to construct a unitary matrix of arbitrary size by using multiple unitary matrices of smaller size. Tensor decomposition used in, e.g., QuanTA [4], is not readily compatible to arbitrary size of tensor. CSD overcomes this restriction. For example with $N=257=2^8+2^0$, CSD gives a way to use unitary representation with...	"User-confirmed standard expanded80 validation on 2026-04-26; source=user-reviewed expanded80 assistant-adjudication draft; not an independent two-annotator IAA pass. Evidence source: aligned_response_excerpt. Source adjudication note: {""audit_bucket"": ""minority_unresolved"", ""evidence_source"": ""aligned_response_excerpt"", ""model_labels"": {""issue_ledger"": ""unresolved"", ""modernbert"": ""fixed"", ""mpnet"": ""unresolved"", ""structured"": ""fixed"", ""tfidf"": ""partially_fixed""}, ""not_human_validated"": true, ""provenance"": ""provisional_assistant_adjudication_from_expanded80_frontier"", ""suggested_label"": ""unresolved""}"	38.010	label=unresolved; bucket=minority_unresolved; disagreement=2; audit_score=23.670	minority_unresolved	23.670	16.700	unresolved	unresolved			partially_fixed	fixed	unresolved	unresolved	fixed		"{""frontier"": ""multi_model"", ""anchor"": ""structured"", ""disagreement_models"": [""issue_ledger"", ""mpnet"", ""tfidf""], ""majority_label"": ""fixed"", ""risk_labels"": [""unresolved""], ""all_labels"": {""structured"": ""fixed"", ""tfidf"": ""partially_fixed"", ""modernbert"": ""fixed"", ""mpnet"": ""unresolved"", ""issue_ledger"": ""unresolved""}}"
nNiWRRj6r9__r04	ICLR 2025 expanded80 v1	unresolved	unresolved	4	We thank you for your valuable time and feedback. Here are our responses to your concerns. 1. **While the theoretical competitive ratios are well-established, there is little discussion on the real-world computational cost. Does the approach become impractical under frequent updates, and if so, what modifications could reduce the computational load?** **Response:** Since our paper largely focused on the online...	"User-confirmed standard expanded80 validation on 2026-04-26; source=user-reviewed expanded80 assistant-adjudication draft; not an independent two-annotator IAA pass. Evidence source: aligned_response_excerpt. Source adjudication note: {""audit_bucket"": ""minority_unresolved"", ""evidence_source"": ""aligned_response_excerpt"", ""model_labels"": {""issue_ledger"": ""unresolved"", ""modernbert"": ""partially_fixed"", ""mpnet"": ""unresolved"", ""structured"": ""partially_fixed"", ""tfidf"": ""fixed""}, ""not_human_validated"": true, ""provenance"": ""provisional_assistant_adjudication_from_expanded80_frontier"", ""suggested_label"": ""unresolved""}"	38.010	label=unresolved; bucket=minority_unresolved; disagreement=2; audit_score=23.670	minority_unresolved	23.670	16.700	unresolved	unresolved			fixed	partially_fixed	unresolved	unresolved	partially_fixed		"{""frontier"": ""multi_model"", ""anchor"": ""structured"", ""disagreement_models"": [""issue_ledger"", ""mpnet"", ""tfidf""], ""majority_label"": ""partially_fixed"", ""risk_labels"": [""unresolved""], ""all_labels"": {""structured"": ""partially_fixed"", ""tfidf"": ""fixed"", ""modernbert"": ""partially_fixed"", ""mpnet"": ""unresolved"", ""issue_ledger"": ""unresolved""}}"
owuEcT6BTl__r01	NeurIPS 2024 limit100 v1	unresolved	unresolved	3	Dear reviewer cQgr, We thank the reviewer for their detailed feedback. We are excited that you found our work provides a novel lens for analyzing learning dynamics of diffusion models, yielding claims that are interesting, clear, and well-backed. In response, we have added:\ (i) A major experiment on CelebA generalizing our findings to more realistic data, Fig. R1\ (ii) A test on Stable Diffusion v2.1(SD), Fig R2b\...	User-confirmed single-pass standard validation; User confirmed NeurIPS resolved candidate on 2026-04-28. source=resolved-label candidate reviewed by user; not an independent two-annotator IAA pass. Resolution action: keep. Resolution reason: Draft label has sufficient support for review-stage use.	38.010	label=unresolved; bucket=minority_unresolved; disagreement=2; audit_score=23.670	minority_unresolved	23.670	16.700	unresolved	unresolved			partially_fixed	fixed	unresolved	unresolved	fixed		"{""frontier"": ""multi_model"", ""anchor"": ""structured"", ""disagreement_models"": [""issue_ledger"", ""mpnet"", ""tfidf""], ""majority_label"": ""fixed"", ""risk_labels"": [""unresolved""], ""all_labels"": {""structured"": ""fixed"", ""tfidf"": ""partially_fixed"", ""modernbert"": ""fixed"", ""mpnet"": ""unresolved"", ""issue_ledger"": ""unresolved""}}"
owuEcT6BTl__r04	NeurIPS 2024 limit100 v1	unresolved	unresolved	3	Dear reviewer o8es, Thank you so much for thoroughly understanding, and positively evaluating our work. We are glad to hear that you enjoyed our work, and found all of our three main findings to be “quite novel and could provide many insights to the community”. We thank you also for your very insightful and actionable suggestions to robustify our claims. In response to your thoughtful suggestions, we addressed your...	User-confirmed single-pass standard validation; User confirmed NeurIPS resolved candidate on 2026-04-28. source=resolved-label candidate reviewed by user; not an independent two-annotator IAA pass. Resolution action: keep. Resolution reason: Draft label has sufficient support for review-stage use.	38.010	label=unresolved; bucket=minority_unresolved; disagreement=2; audit_score=23.670	minority_unresolved	23.670	16.700	unresolved	unresolved			partially_fixed	fixed	unresolved	unresolved	fixed		"{""frontier"": ""multi_model"", ""anchor"": ""structured"", ""disagreement_models"": [""issue_ledger"", ""mpnet"", ""tfidf""], ""majority_label"": ""fixed"", ""risk_labels"": [""unresolved""], ""all_labels"": {""structured"": ""fixed"", ""tfidf"": ""partially_fixed"", ""modernbert"": ""fixed"", ""mpnet"": ""unresolved"", ""issue_ledger"": ""unresolved""}}"
rpwGUtTeA5__r04	ICLR 2025 expanded80 v1	unresolved	unresolved	4	Dear Reviewer 8LCX, we sincerely thank you for your valuable feedback on our submission. Below is our responses to the concerns you raised. We have incorporated these contents into the updated version of our paper, which we believe will help enhance the quality of our submission. **Since this page cannot display images, we have provided a PDF version via an anonymous link for a clearer and more complete presentation...	"User-confirmed standard expanded80 validation on 2026-04-26; source=user-reviewed expanded80 assistant-adjudication draft; not an independent two-annotator IAA pass. Evidence source: aligned_response_excerpt. Source adjudication note: {""audit_bucket"": ""minority_unresolved"", ""evidence_source"": ""aligned_response_excerpt"", ""model_labels"": {""issue_ledger"": ""unresolved"", ""modernbert"": ""unresolved"", ""mpnet"": ""fixed"", ""structured"": ""fixed"", ""tfidf"": ""partially_fixed""}, ""not_human_validated"": true, ""provenance"": ""provisional_assistant_adjudication_from_expanded80_frontier"", ""suggested_label"": ""unresolved""}"	38.010	label=unresolved; bucket=minority_unresolved; disagreement=2; audit_score=23.670	minority_unresolved	23.670	16.700	unresolved	unresolved			partially_fixed	unresolved	fixed	unresolved	fixed		"{""frontier"": ""multi_model"", ""anchor"": ""structured"", ""disagreement_models"": [""issue_ledger"", ""modernbert"", ""tfidf""], ""majority_label"": ""fixed"", ""risk_labels"": [""unresolved""], ""all_labels"": {""structured"": ""fixed"", ""tfidf"": ""partially_fixed"", ""modernbert"": ""unresolved"", ""mpnet"": ""fixed"", ""issue_ledger"": ""unresolved""}}"
tNn6Hskmti__r02	ICLR 2025 expanded80 v1	unresolved	unresolved	4	We sincerely thank the reviewer for their time and effort. We address the reviewer's concerns regarding weaknesses and questions below. > The primary weakness lies in Assumption (A.3), which requires all Gaussian components in the Gaussian mixture model to be zero-centered. In my view, such a Gaussian mixture model does not introduce significant challenges, thus providing limited theoretical advancement in...	"User-confirmed standard expanded80 validation on 2026-04-26; source=user-reviewed expanded80 assistant-adjudication draft; not an independent two-annotator IAA pass. Evidence source: aligned_response_excerpt. Source adjudication note: {""audit_bucket"": ""minority_unresolved"", ""evidence_source"": ""aligned_response_excerpt"", ""model_labels"": {""issue_ledger"": ""unresolved"", ""modernbert"": ""fixed"", ""mpnet"": ""unresolved"", ""structured"": ""fixed"", ""tfidf"": ""partially_fixed""}, ""not_human_validated"": true, ""provenance"": ""provisional_assistant_adjudication_from_expanded80_frontier"", ""suggested_label"": ""unresolved""}"	38.010	label=unresolved; bucket=minority_unresolved; disagreement=2; audit_score=23.670	minority_unresolved	23.670	16.700	unresolved	unresolved			partially_fixed	fixed	unresolved	unresolved	fixed		"{""frontier"": ""multi_model"", ""anchor"": ""structured"", ""disagreement_models"": [""issue_ledger"", ""mpnet"", ""tfidf""], ""majority_label"": ""fixed"", ""risk_labels"": [""unresolved""], ""all_labels"": {""structured"": ""fixed"", ""tfidf"": ""partially_fixed"", ""modernbert"": ""fixed"", ""mpnet"": ""unresolved"", ""issue_ledger"": ""unresolved""}}"
tNn6Hskmti__r03	ICLR 2025 expanded80 v1	unresolved	unresolved	4	Thank you for your constructive feedback regarding the manuscript's engagement with the related literature. We appreciate your acknowledgment of our situating of the work within the broader context of recent studies on two-layer neural networks and Gaussian mixtures. However, we recognize that a more detailed comparison with prior technical results may strengthen our presentation. > The main weakness is the lack of...	"User-confirmed standard expanded80 validation on 2026-04-26; source=user-reviewed expanded80 assistant-adjudication draft; not an independent two-annotator IAA pass. Evidence source: aligned_response_excerpt. Source adjudication note: {""audit_bucket"": ""minority_unresolved"", ""evidence_source"": ""aligned_response_excerpt"", ""model_labels"": {""issue_ledger"": ""unresolved"", ""modernbert"": ""fixed"", ""mpnet"": ""unresolved"", ""structured"": ""fixed"", ""tfidf"": ""partially_fixed""}, ""not_human_validated"": true, ""provenance"": ""provisional_assistant_adjudication_from_expanded80_frontier"", ""suggested_label"": ""unresolved""}"	38.010	label=unresolved; bucket=minority_unresolved; disagreement=2; audit_score=23.670	minority_unresolved	23.670	16.700	unresolved	unresolved			partially_fixed	fixed	unresolved	unresolved	fixed		"{""frontier"": ""multi_model"", ""anchor"": ""structured"", ""disagreement_models"": [""issue_ledger"", ""mpnet"", ""tfidf""], ""majority_label"": ""fixed"", ""risk_labels"": [""unresolved""], ""all_labels"": {""structured"": ""fixed"", ""tfidf"": ""partially_fixed"", ""modernbert"": ""fixed"", ""mpnet"": ""unresolved"", ""issue_ledger"": ""unresolved""}}"
nNiWRRj6r9__r02	ICLR 2025 expanded80 v1	unresolved	unresolved	4	We thank the reviewer for their valuable feedback and comments, which helped us improve the quality of the manuscript. Here are our responses to your concerns. - **Can the authors extend their algorithms to work efficiently in higher dimensions, and if so, what are the expected challenges and potential solutions?** **Response:** We would like to highlight a prospective challenge for extending the theoretical...	"User-confirmed standard expanded80 validation on 2026-04-26; source=user-reviewed expanded80 assistant-adjudication draft; not an independent two-annotator IAA pass. Evidence source: aligned_response_excerpt. Source adjudication note: {""audit_bucket"": ""minority_unresolved"", ""evidence_source"": ""aligned_response_excerpt"", ""model_labels"": {""issue_ledger"": ""unresolved"", ""modernbert"": ""partially_fixed"", ""mpnet"": ""unresolved"", ""structured"": ""partially_fixed"", ""tfidf"": ""fixed""}, ""not_human_validated"": true, ""provenance"": ""provisional_assistant_adjudication_from_expanded80_frontier"", ""suggested_label"": ""unresolved""}"	37.992	label=unresolved; bucket=minority_unresolved; disagreement=2; audit_score=23.664	minority_unresolved	23.664	16.642	unresolved	unresolved			fixed	partially_fixed	unresolved	unresolved	partially_fixed		"{""frontier"": ""multi_model"", ""anchor"": ""structured"", ""disagreement_models"": [""issue_ledger"", ""mpnet"", ""tfidf""], ""majority_label"": ""partially_fixed"", ""risk_labels"": [""unresolved""], ""all_labels"": {""structured"": ""partially_fixed"", ""tfidf"": ""fixed"", ""modernbert"": ""partially_fixed"", ""mpnet"": ""unresolved"", ""issue_ledger"": ""unresolved""}}"
JO6T4rEJ32__r04	NeurIPS 2024 limit100 v1	unresolved	unresolved	3	Thank you very much for your thoughtful review and accurate summary of its main points. We concur that the strengths listed: theory (proofs and experimental validation) for every part of the RNS model, in addition to testable hypotheses for experimental neuroscience, are the core results of the paper. We would like to clarify a few points regarding weaknesses/limitations of the paper and answer your questions. >...	User-confirmed single-pass standard validation; User confirmed NeurIPS resolved candidate on 2026-04-28. source=resolved-label candidate reviewed by user; not an independent two-annotator IAA pass. Resolution action: keep. Resolution reason: Draft label has sufficient support for review-stage use.	37.981	label=unresolved; bucket=minority_unresolved; disagreement=2; audit_score=23.660	minority_unresolved	23.660	16.605	unresolved	unresolved			partially_fixed	fixed	unresolved	unresolved	fixed		"{""frontier"": ""multi_model"", ""anchor"": ""structured"", ""disagreement_models"": [""issue_ledger"", ""mpnet"", ""tfidf""], ""majority_label"": ""fixed"", ""risk_labels"": [""unresolved""], ""all_labels"": {""structured"": ""fixed"", ""tfidf"": ""partially_fixed"", ""modernbert"": ""fixed"", ""mpnet"": ""unresolved"", ""issue_ledger"": ""unresolved""}}"
5pd78GmXC6__r02	ICLR 2025 expanded80 v1	regressed	regressed	4	> Although the best combination shows performance benefits, its novelty is limited. The only differences between the best model and the existing state-of-the-art (IsoNet) are the interaction stage and non-linearity (which have been proposed in existing studies). Without providing principled rationales (as the first bullet), this could make the contributions appear incremental. Our key contribution is not providing...	"User-confirmed standard expanded80 validation on 2026-04-26; source=user-reviewed expanded80 assistant-adjudication draft; not an independent two-annotator IAA pass. Evidence source: aligned_response_excerpt. Source adjudication note: {""audit_bucket"": ""minority_regressed"", ""evidence_source"": ""aligned_response_excerpt"", ""model_labels"": {""issue_ledger"": ""regressed"", ""modernbert"": ""partially_fixed"", ""mpnet"": ""regressed"", ""structured"": ""partially_fixed"", ""tfidf"": ""partially_fixed""}, ""not_human_validated"": true, ""provenance"": ""provisional_assistant_adjudication_from_expanded80_frontier"", ""suggested_label"": ""regressed""}"	37.810	label=regressed; bucket=minority_regressed; disagreement=1; audit_score=19.270	minority_regressed	19.270	12.700	regressed	regressed			partially_fixed	partially_fixed	regressed	regressed	partially_fixed		"{""frontier"": ""multi_model"", ""anchor"": ""structured"", ""disagreement_models"": [""issue_ledger"", ""mpnet""], ""majority_label"": ""partially_fixed"", ""risk_labels"": [""regressed""], ""all_labels"": {""structured"": ""partially_fixed"", ""tfidf"": ""partially_fixed"", ""modernbert"": ""partially_fixed"", ""mpnet"": ""regressed"", ""issue_ledger"": ""regressed""}}"
FZQYfmsmX9__r03	NeurIPS 2024 limit100 v1	unresolved	unresolved	3	"Thanks for finding our paper well written, and our contributions for experimental design vital. We address your concerns and questions below: > However, it seems some of the take aways discussed in ""Current base LLMs are insufficiently responsive to AI feedback"" (pg. 7) could apply to LHF. Using strong LLMs as a proxy for humans is valid, and when the experiments are looked at from the perspective of the LAIF as..."	User-confirmed single-pass standard validation; User confirmed NeurIPS resolved candidate on 2026-04-28. source=resolved-label candidate reviewed by user; not an independent two-annotator IAA pass. Resolution action: keep. Resolution reason: Draft label has sufficient support for review-stage use.	37.650	label=unresolved; bucket=minority_unresolved; disagreement=2; audit_score=23.550	minority_unresolved	23.550	15.500	unresolved	unresolved			partially_fixed	fixed	unresolved	unresolved	fixed		"{""frontier"": ""multi_model"", ""anchor"": ""structured"", ""disagreement_models"": [""issue_ledger"", ""mpnet"", ""tfidf""], ""majority_label"": ""fixed"", ""risk_labels"": [""unresolved""], ""all_labels"": {""structured"": ""fixed"", ""tfidf"": ""partially_fixed"", ""modernbert"": ""fixed"", ""mpnet"": ""unresolved"", ""issue_ledger"": ""unresolved""}}"
ONfWFluZBI__r01	ICLR 2025 expanded80 v1	unresolved	unresolved	4	We want to thank all reviewers again for their insightful comments which enabled us to substantially improve the paper during the rebuttal phase. **So far, three reviewers already acknowledged our efforts, unanimously positive.** Thank you very much for the positive reception of our work. Given the substantial improvements to the paper during the first iteration and the tight reviewing timeline, **we understand that...	"User-confirmed standard expanded80 validation on 2026-04-26; source=user-reviewed expanded80 assistant-adjudication draft; not an independent two-annotator IAA pass. Evidence source: aligned_response_excerpt. Source adjudication note: {""audit_bucket"": ""minority_unresolved"", ""evidence_source"": ""aligned_response_excerpt"", ""model_labels"": {""issue_ledger"": ""unresolved"", ""modernbert"": ""fixed"", ""mpnet"": ""unresolved"", ""structured"": ""fixed"", ""tfidf"": ""partially_fixed""}, ""not_human_validated"": true, ""provenance"": ""provisional_assistant_adjudication_from_expanded80_frontier"", ""suggested_label"": ""unresolved""}"	37.650	label=unresolved; bucket=minority_unresolved; disagreement=2; audit_score=23.550	minority_unresolved	23.550	15.500	unresolved	unresolved			partially_fixed	fixed	unresolved	unresolved	fixed		"{""frontier"": ""multi_model"", ""anchor"": ""structured"", ""disagreement_models"": [""issue_ledger"", ""mpnet"", ""tfidf""], ""majority_label"": ""fixed"", ""risk_labels"": [""unresolved""], ""all_labels"": {""structured"": ""fixed"", ""tfidf"": ""partially_fixed"", ""modernbert"": ""fixed"", ""mpnet"": ""unresolved"", ""issue_ledger"": ""unresolved""}}"
ONfWFluZBI__r03	ICLR 2025 expanded80 v1	unresolved	unresolved	4	Dear reviewer, thanks again for your extensive comments. We used the days since publishing the first version of our revision to provide even stronger results relating to the concerns you raised. Most importantly, we would like to point you to the additions we made to **Appendix I on handling non-injective mixing functions**, including the partially observed / LQS setting you proposed. We now added an even more...	"User-confirmed standard expanded80 validation on 2026-04-26; source=user-reviewed expanded80 assistant-adjudication draft; not an independent two-annotator IAA pass. Evidence source: aligned_response_excerpt. Source adjudication note: {""audit_bucket"": ""minority_unresolved"", ""evidence_source"": ""aligned_response_excerpt"", ""model_labels"": {""issue_ledger"": ""unresolved"", ""modernbert"": ""fixed"", ""mpnet"": ""unresolved"", ""structured"": ""fixed"", ""tfidf"": ""partially_fixed""}, ""not_human_validated"": true, ""provenance"": ""provisional_assistant_adjudication_from_expanded80_frontier"", ""suggested_label"": ""unresolved""}"	37.650	label=unresolved; bucket=minority_unresolved; disagreement=2; audit_score=23.550	minority_unresolved	23.550	15.500	unresolved	unresolved			partially_fixed	fixed	unresolved	unresolved	fixed		"{""frontier"": ""multi_model"", ""anchor"": ""structured"", ""disagreement_models"": [""issue_ledger"", ""mpnet"", ""tfidf""], ""majority_label"": ""fixed"", ""risk_labels"": [""unresolved""], ""all_labels"": {""structured"": ""fixed"", ""tfidf"": ""partially_fixed"", ""modernbert"": ""fixed"", ""mpnet"": ""unresolved"", ""issue_ledger"": ""unresolved""}}"
Yu7H8ZOuI2__r02	NeurIPS 2024 limit100 v1	unresolved	unresolved	3	We appreciate your constructive and very detailed feedback to our submission. A point-by-point response and clarification regarding your comments follows below. **Weaknesses** > 1. The paper compares the proposed method with a few state-of-the-art algorithms. Including more diverse comparisons, particularly with newer methods covered in the existing literature, would provide a more comprehensive evaluation. We tried...	User-confirmed single-pass standard validation; User confirmed NeurIPS resolved candidate on 2026-04-28. source=resolved-label candidate reviewed by user; not an independent two-annotator IAA pass. Resolution action: keep. Resolution reason: Draft label has sufficient support for review-stage use.	37.650	label=unresolved; bucket=minority_unresolved; disagreement=2; audit_score=23.550	minority_unresolved	23.550	15.500	unresolved	unresolved			partially_fixed	fixed	unresolved	unresolved	fixed		"{""frontier"": ""multi_model"", ""anchor"": ""structured"", ""disagreement_models"": [""issue_ledger"", ""mpnet"", ""tfidf""], ""majority_label"": ""fixed"", ""risk_labels"": [""unresolved""], ""all_labels"": {""structured"": ""fixed"", ""tfidf"": ""partially_fixed"", ""modernbert"": ""fixed"", ""mpnet"": ""unresolved"", ""issue_ledger"": ""unresolved""}}"
hGgkdFF2hR__r02	NeurIPS 2024 limit100 v1	unresolved	unresolved	3	We thank reviewer pnTm for their careful reading of our work, and for their feedback. > While the empirical results are good, the paper could benefit from more extensive comparisons with additional baseline methods to solidify the claims of superiority. The only OT methods solving for a low-rank plan that we are aware of are Factored Coupling [Forrow et al. (2019)](http://proceedings.mlr.press/v89/forrow19a), LOT...	User-confirmed single-pass standard validation; User confirmed NeurIPS resolved candidate on 2026-04-28. source=resolved-label candidate reviewed by user; not an independent two-annotator IAA pass. Resolution action: keep. Resolution reason: Draft label has sufficient support for review-stage use.	37.650	label=unresolved; bucket=minority_unresolved; disagreement=2; audit_score=23.550	minority_unresolved	23.550	15.500	unresolved	unresolved			partially_fixed	fixed	unresolved	unresolved	fixed		"{""frontier"": ""multi_model"", ""anchor"": ""structured"", ""disagreement_models"": [""issue_ledger"", ""mpnet"", ""tfidf""], ""majority_label"": ""fixed"", ""risk_labels"": [""unresolved""], ""all_labels"": {""structured"": ""fixed"", ""tfidf"": ""partially_fixed"", ""modernbert"": ""fixed"", ""mpnet"": ""unresolved"", ""issue_ledger"": ""unresolved""}}"
lwpfH9wVkO__r02	NeurIPS 2024 limit100 v1	unresolved	unresolved	3	Thank you kindly for taking the time to carefully review our paper. Thank you especially for pointing out the unfortunate omission of Wu, Y. S., & Seldin, Y. (2022) from our related work section! The paper is indeed very related and we have now incorporated a discussion of it into our paper. As for the main contributions of our paper, we emphasise that these are **Theorems 1 and 2**, not Proposition 4. We hope that...	User-confirmed single-pass standard validation; User confirmed NeurIPS resolved candidate on 2026-04-28. source=resolved-label candidate reviewed by user; not an independent two-annotator IAA pass. Resolution action: keep. Resolution reason: Draft label has sufficient support for review-stage use.	37.650	label=unresolved; bucket=minority_unresolved; disagreement=2; audit_score=23.550	minority_unresolved	23.550	15.500	unresolved	unresolved			partially_fixed	fixed	unresolved	unresolved	fixed		"{""frontier"": ""multi_model"", ""anchor"": ""structured"", ""disagreement_models"": [""issue_ledger"", ""mpnet"", ""tfidf""], ""majority_label"": ""fixed"", ""risk_labels"": [""unresolved""], ""all_labels"": {""structured"": ""fixed"", ""tfidf"": ""partially_fixed"", ""modernbert"": ""fixed"", ""mpnet"": ""unresolved"", ""issue_ledger"": ""unresolved""}}"
lwpfH9wVkO__r04	NeurIPS 2024 limit100 v1	unresolved	unresolved	3	Thank you so much for your thorough review and many insightful comments! We are especially glad you find our results creative and the paper well-written. You mention the paper would be better motivated by an explicit example showing the utility of our method above existing ones. We did not initially believe a comparison to existing methods could be made, since - existing methods bound simply the error rate (lumping...	User-confirmed single-pass standard validation; User confirmed NeurIPS resolved candidate on 2026-04-28. source=resolved-label candidate reviewed by user; not an independent two-annotator IAA pass. Resolution action: keep. Resolution reason: Draft label has sufficient support for review-stage use.	37.650	label=unresolved; bucket=minority_unresolved; disagreement=2; audit_score=23.550	minority_unresolved	23.550	15.500	unresolved	unresolved			partially_fixed	fixed	unresolved	unresolved	fixed		"{""frontier"": ""multi_model"", ""anchor"": ""structured"", ""disagreement_models"": [""issue_ledger"", ""mpnet"", ""tfidf""], ""majority_label"": ""fixed"", ""risk_labels"": [""unresolved""], ""all_labels"": {""structured"": ""fixed"", ""tfidf"": ""partially_fixed"", ""modernbert"": ""fixed"", ""mpnet"": ""unresolved"", ""issue_ledger"": ""unresolved""}}"
rAoEub6Nw2__r03	ICLR 2025 expanded80 v1	unresolved	unresolved	4	We appreciate your thoughtful feedback, which has helped us refine and strengthen the manuscript. Below, we address each of your comments in detail: --- ## Variability in Rankings and Relationship with LLM Characteristics The observed stability of rankings for high-scoring LLMs and variability among lower-ranked ones appears predominantly data-driven rather than tied to the intrinsic characteristics of the LLMs...	"User-confirmed standard expanded80 validation on 2026-04-26; source=user-reviewed expanded80 assistant-adjudication draft; not an independent two-annotator IAA pass. Evidence source: aligned_response_excerpt. Source adjudication note: {""audit_bucket"": ""minority_unresolved"", ""evidence_source"": ""aligned_response_excerpt"", ""model_labels"": {""issue_ledger"": ""unresolved"", ""modernbert"": ""fixed"", ""mpnet"": ""unresolved"", ""structured"": ""fixed"", ""tfidf"": ""partially_fixed""}, ""not_human_validated"": true, ""provenance"": ""provisional_assistant_adjudication_from_expanded80_frontier"", ""suggested_label"": ""unresolved""}"	37.650	label=unresolved; bucket=minority_unresolved; disagreement=2; audit_score=23.550	minority_unresolved	23.550	15.500	unresolved	unresolved			partially_fixed	fixed	unresolved	unresolved	fixed		"{""frontier"": ""multi_model"", ""anchor"": ""structured"", ""disagreement_models"": [""issue_ledger"", ""mpnet"", ""tfidf""], ""majority_label"": ""fixed"", ""risk_labels"": [""unresolved""], ""all_labels"": {""structured"": ""fixed"", ""tfidf"": ""partially_fixed"", ""modernbert"": ""fixed"", ""mpnet"": ""unresolved"", ""issue_ledger"": ""unresolved""}}"
wDirCeTIoz__r03	NeurIPS 2024 limit100 v1	unresolved	unresolved	3	**1. Comparison to quantization methods.** The actual update on each worker is actually not the gradient, but rather the Lion’s update (the sign() plus weight decay). To our knowledge, the quantization methods often quantize the gradients before feeding the quantized gradient to the optimizer. In our case, the sign() operation is applied to the reweighted momentum, which is computed using exact gradients. Moreover,...	User-confirmed single-pass standard validation; User confirmed NeurIPS resolved candidate on 2026-04-28. source=resolved-label candidate reviewed by user; not an independent two-annotator IAA pass. Resolution action: keep. Resolution reason: Draft label has sufficient support for review-stage use.	37.650	label=unresolved; bucket=minority_unresolved; disagreement=2; audit_score=23.550	minority_unresolved	23.550	15.500	unresolved	unresolved			partially_fixed	fixed	unresolved	unresolved	fixed		"{""frontier"": ""multi_model"", ""anchor"": ""structured"", ""disagreement_models"": [""issue_ledger"", ""mpnet"", ""tfidf""], ""majority_label"": ""fixed"", ""risk_labels"": [""unresolved""], ""all_labels"": {""structured"": ""fixed"", ""tfidf"": ""partially_fixed"", ""modernbert"": ""fixed"", ""mpnet"": ""unresolved"", ""issue_ledger"": ""unresolved""}}"
uz7d2N2zul__r02	ICLR 2024 v1	regressed	regressed	4	the size of the coreset is comparable to that of the full data, and the performance is worse	User-reviewed standard human-validation signoff on 2026-04-26; source=human-reviewed AI-assisted signoff packet. Reviewed assistant note: New evidence weakens the practical utility case for coresets.	36.860	label=regressed; bucket=minority_regressed; disagreement=2; audit_score=17.620	minority_regressed	17.620	6.200	regressed	regressed	regressed	fixed	partially_fixed	partially_fixed	partially_fixed	regressed	regressed	the size of the coreset is comparable to that of the full data, and the performance is worse	New evidence weakens the practical utility case for coresets.
2Chkk5Ye2s__r04	ICLR 2025 expanded80 v1	unresolved	unresolved	3	We thank Reviewer mqps for the thoughtful feedback. We are pleased to hear that Reviewer mqps finds the paper well written and easy to follow. Please find our responses below. **1-Motivation of finding a good mixture of different generative models.** While it is true that prior works focus on finding a single best model, we hope that our methods can open a new avenue of combining generative models. Our experiments...	"User-confirmed standard expanded80 validation on 2026-04-26; source=user-reviewed expanded80 assistant-adjudication draft; not an independent two-annotator IAA pass. Evidence source: aligned_response_excerpt. Source adjudication note: {""audit_bucket"": ""minority_unresolved"", ""evidence_source"": ""aligned_response_excerpt"", ""model_labels"": {""issue_ledger"": ""unresolved"", ""modernbert"": ""partially_fixed"", ""mpnet"": ""fixed"", ""structured"": ""partially_fixed"", ""tfidf"": ""partially_fixed""}, ""not_human_validated"": true, ""provenance"": ""provisional_assistant_adjudication_from_expanded80_frontier"", ""suggested_label"": ""unresolved""}"	36.810	label=unresolved; bucket=minority_unresolved; disagreement=2; audit_score=23.270	minority_unresolved	23.270	12.700	unresolved	unresolved			partially_fixed	partially_fixed	fixed	unresolved	partially_fixed		"{""frontier"": ""multi_model"", ""anchor"": ""structured"", ""disagreement_models"": [""issue_ledger"", ""mpnet""], ""majority_label"": ""partially_fixed"", ""risk_labels"": [""unresolved""], ""all_labels"": {""structured"": ""partially_fixed"", ""tfidf"": ""partially_fixed"", ""modernbert"": ""partially_fixed"", ""mpnet"": ""fixed"", ""issue_ledger"": ""unresolved""}}"
82p8VHRsaK__r01	ICLR 2025 expanded80 v1	unresolved	unresolved	3	We thank the reviewer for their comprehensive feedback. We respond to the raised concerns below, numbered Q1-Q7. We have also uploaded a revised version of the paper, with updates highlighted in violet. We are happy to continue the discussion further if the reviewer has additional questions. **Q1: Does the remaining 41% accuracy after anonymization indicate failures of the anonymization?** We thank the reviewer for...	"User-confirmed standard expanded80 validation on 2026-04-26; source=user-reviewed expanded80 assistant-adjudication draft; not an independent two-annotator IAA pass. Evidence source: aligned_response_excerpt. Source adjudication note: {""audit_bucket"": ""minority_unresolved"", ""evidence_source"": ""aligned_response_excerpt"", ""model_labels"": {""issue_ledger"": ""unresolved"", ""modernbert"": ""fixed"", ""mpnet"": ""partially_fixed"", ""structured"": ""partially_fixed"", ""tfidf"": ""partially_fixed""}, ""not_human_validated"": true, ""provenance"": ""provisional_assistant_adjudication_from_expanded80_frontier"", ""suggested_label"": ""unresolved""}"	36.810	label=unresolved; bucket=minority_unresolved; disagreement=2; audit_score=23.270	minority_unresolved	23.270	12.700	unresolved	unresolved			partially_fixed	fixed	partially_fixed	unresolved	partially_fixed		"{""frontier"": ""multi_model"", ""anchor"": ""structured"", ""disagreement_models"": [""issue_ledger"", ""modernbert""], ""majority_label"": ""partially_fixed"", ""risk_labels"": [""unresolved""], ""all_labels"": {""structured"": ""partially_fixed"", ""tfidf"": ""partially_fixed"", ""modernbert"": ""fixed"", ""mpnet"": ""partially_fixed"", ""issue_ledger"": ""unresolved""}}"
BUj9VSCoET__r01	ICLR 2025 expanded80 v1	unresolved	unresolved	3	**Q1.** The combination of multiple base policies and MoE adds complexity, which goes against the original spirit of residual RL to reduce exploration burden. **A1.** From the perspective of method simplicity, ResDex, consisting of two main components (the MoE and residual RL), is the **simplest design for universal dexterous grasping**. It avoids the complex curriculum design and proves to be insensitive to the...	"User-confirmed standard expanded80 validation on 2026-04-26; source=user-reviewed expanded80 assistant-adjudication draft; not an independent two-annotator IAA pass. Evidence source: aligned_response_excerpt. Source adjudication note: {""audit_bucket"": ""minority_unresolved"", ""evidence_source"": ""aligned_response_excerpt"", ""model_labels"": {""issue_ledger"": ""unresolved"", ""modernbert"": ""partially_fixed"", ""mpnet"": ""fixed"", ""structured"": ""partially_fixed"", ""tfidf"": ""partially_fixed""}, ""not_human_validated"": true, ""provenance"": ""provisional_assistant_adjudication_from_expanded80_frontier"", ""suggested_label"": ""unresolved""}"	36.810	label=unresolved; bucket=minority_unresolved; disagreement=2; audit_score=23.270	minority_unresolved	23.270	12.700	unresolved	unresolved			partially_fixed	partially_fixed	fixed	unresolved	partially_fixed		"{""frontier"": ""multi_model"", ""anchor"": ""structured"", ""disagreement_models"": [""issue_ledger"", ""mpnet""], ""majority_label"": ""partially_fixed"", ""risk_labels"": [""unresolved""], ""all_labels"": {""structured"": ""partially_fixed"", ""tfidf"": ""partially_fixed"", ""modernbert"": ""partially_fixed"", ""mpnet"": ""fixed"", ""issue_ledger"": ""unresolved""}}"
BUj9VSCoET__r03	ICLR 2025 expanded80 v1	unresolved	unresolved	3	**Q1.** The proposed method's limitations and failure cases. **A1.** One notable limitation of our approach is its current inability to be directly applied to functional grasping tasks. This limitation stems from the fact that our base policies are trained with restricted observations, which do not adequately capture the intricacies required for fine-grained functional grasping. Future efforts could focus on...	"User-confirmed standard expanded80 validation on 2026-04-26; source=user-reviewed expanded80 assistant-adjudication draft; not an independent two-annotator IAA pass. Evidence source: aligned_response_excerpt. Source adjudication note: {""audit_bucket"": ""minority_unresolved"", ""evidence_source"": ""aligned_response_excerpt"", ""model_labels"": {""issue_ledger"": ""unresolved"", ""modernbert"": ""partially_fixed"", ""mpnet"": ""fixed"", ""structured"": ""partially_fixed"", ""tfidf"": ""partially_fixed""}, ""not_human_validated"": true, ""provenance"": ""provisional_assistant_adjudication_from_expanded80_frontier"", ""suggested_label"": ""unresolved""}"	36.810	label=unresolved; bucket=minority_unresolved; disagreement=2; audit_score=23.270	minority_unresolved	23.270	12.700	unresolved	unresolved			partially_fixed	partially_fixed	fixed	unresolved	partially_fixed		"{""frontier"": ""multi_model"", ""anchor"": ""structured"", ""disagreement_models"": [""issue_ledger"", ""mpnet""], ""majority_label"": ""partially_fixed"", ""risk_labels"": [""unresolved""], ""all_labels"": {""structured"": ""partially_fixed"", ""tfidf"": ""partially_fixed"", ""modernbert"": ""partially_fixed"", ""mpnet"": ""fixed"", ""issue_ledger"": ""unresolved""}}"
BUj9VSCoET__r04	ICLR 2025 expanded80 v1	unresolved	unresolved	3	**Q1.** The combination of multiple base policies and MoE adds complexity, which goes against the original spirit of residual RL to reduce exploration burden. **A1.** From the perspective of method simplicity, ResDex, consisting of two main components (the MoE and residual RL), is the **simplest design for universal dexterous grasping**. It avoids the complex curriculum design and proves to be insensitive to the...	"User-confirmed standard expanded80 validation on 2026-04-26; source=user-reviewed expanded80 assistant-adjudication draft; not an independent two-annotator IAA pass. Evidence source: aligned_response_excerpt. Source adjudication note: {""audit_bucket"": ""minority_unresolved"", ""evidence_source"": ""aligned_response_excerpt"", ""model_labels"": {""issue_ledger"": ""unresolved"", ""modernbert"": ""partially_fixed"", ""mpnet"": ""fixed"", ""structured"": ""fixed"", ""tfidf"": ""fixed""}, ""not_human_validated"": true, ""provenance"": ""provisional_assistant_adjudication_from_expanded80_frontier"", ""suggested_label"": ""unresolved""}"	36.810	label=unresolved; bucket=minority_unresolved; disagreement=2; audit_score=23.270	minority_unresolved	23.270	12.700	unresolved	unresolved			fixed	partially_fixed	fixed	unresolved	fixed		"{""frontier"": ""multi_model"", ""anchor"": ""structured"", ""disagreement_models"": [""issue_ledger"", ""modernbert""], ""majority_label"": ""fixed"", ""risk_labels"": [""unresolved""], ""all_labels"": {""structured"": ""fixed"", ""tfidf"": ""fixed"", ""modernbert"": ""partially_fixed"", ""mpnet"": ""fixed"", ""issue_ledger"": ""unresolved""}}"
E4LAVLXAHW__r03	ICLR 2025 expanded80 v1	unresolved	unresolved	3	**Q3: Are the explored cache implementations impractical?**\ We first highlight that in [4] the authors do not provide a concrete instantiation of the cache mechanism. Hence, we believe we are first to discuss concretely how a model provider could deploy the cache in practice. We consider two options that we found natural: per-user and global cache. We strongly disagree with the claim that a per-user cache is not...	"User-confirmed standard expanded80 validation on 2026-04-26; source=user-reviewed expanded80 assistant-adjudication draft; not an independent two-annotator IAA pass. Evidence source: aligned_response_excerpt. Source adjudication note: {""audit_bucket"": ""minority_unresolved"", ""evidence_source"": ""aligned_response_excerpt"", ""model_labels"": {""issue_ledger"": ""unresolved"", ""modernbert"": ""fixed"", ""mpnet"": ""partially_fixed"", ""structured"": ""partially_fixed"", ""tfidf"": ""partially_fixed""}, ""not_human_validated"": true, ""provenance"": ""provisional_assistant_adjudication_from_expanded80_frontier"", ""suggested_label"": ""unresolved""}"	36.810	label=unresolved; bucket=minority_unresolved; disagreement=2; audit_score=23.270	minority_unresolved	23.270	12.700	unresolved	unresolved			partially_fixed	fixed	partially_fixed	unresolved	partially_fixed		"{""frontier"": ""multi_model"", ""anchor"": ""structured"", ""disagreement_models"": [""issue_ledger"", ""modernbert""], ""majority_label"": ""partially_fixed"", ""risk_labels"": [""unresolved""], ""all_labels"": {""structured"": ""partially_fixed"", ""tfidf"": ""partially_fixed"", ""modernbert"": ""fixed"", ""mpnet"": ""partially_fixed"", ""issue_ledger"": ""unresolved""}}"
KnoS9XxIlK__r02	ICLR 2025 expanded80 v1	unresolved	unresolved	3	**W1:** The theoretical justification for the proposed multi-power law is limited. The formulation of the law in Equation 2 lacks rigorous derivation or justification，doubting its generalizability. **A:** We appreciate the reviewer's interest in scaling law theory and concerns regarding the theoretical justification of our paper. 1. Even though we don't have rigorous justification, we do extensive experiments,...	"User-confirmed standard expanded80 validation on 2026-04-26; source=user-reviewed expanded80 assistant-adjudication draft; not an independent two-annotator IAA pass. Evidence source: aligned_response_excerpt. Source adjudication note: {""audit_bucket"": ""minority_unresolved"", ""evidence_source"": ""aligned_response_excerpt"", ""model_labels"": {""issue_ledger"": ""unresolved"", ""modernbert"": ""partially_fixed"", ""mpnet"": ""fixed"", ""structured"": ""partially_fixed"", ""tfidf"": ""partially_fixed""}, ""not_human_validated"": true, ""provenance"": ""provisional_assistant_adjudication_from_expanded80_frontier"", ""suggested_label"": ""unresolved""}"	36.810	label=unresolved; bucket=minority_unresolved; disagreement=2; audit_score=23.270	minority_unresolved	23.270	12.700	unresolved	unresolved			partially_fixed	partially_fixed	fixed	unresolved	partially_fixed		"{""frontier"": ""multi_model"", ""anchor"": ""structured"", ""disagreement_models"": [""issue_ledger"", ""mpnet""], ""majority_label"": ""partially_fixed"", ""risk_labels"": [""unresolved""], ""all_labels"": {""structured"": ""partially_fixed"", ""tfidf"": ""partially_fixed"", ""modernbert"": ""partially_fixed"", ""mpnet"": ""fixed"", ""issue_ledger"": ""unresolved""}}"
KnoS9XxIlK__r04	ICLR 2025 expanded80 v1	unresolved	unresolved	3	Thank you for your appreciation of the multi-power law. We have added evaluations on larger model sizes, different model types, and the performance of optimized LR schedules on downstream datasets to validate the flexibility of the multi-power law. You can find these details in **General Response**. **Q1：** How do you treat warm-up stage in your derivation and experiments? **A:** We incorporate the effect of warm-up...	"User-confirmed standard expanded80 validation on 2026-04-26; source=user-reviewed expanded80 assistant-adjudication draft; not an independent two-annotator IAA pass. Evidence source: aligned_response_excerpt. Source adjudication note: {""audit_bucket"": ""minority_unresolved"", ""evidence_source"": ""aligned_response_excerpt"", ""model_labels"": {""issue_ledger"": ""unresolved"", ""modernbert"": ""fixed"", ""mpnet"": ""fixed"", ""structured"": ""fixed"", ""tfidf"": ""partially_fixed""}, ""not_human_validated"": true, ""provenance"": ""provisional_assistant_adjudication_from_expanded80_frontier"", ""suggested_label"": ""unresolved""}"	36.810	label=unresolved; bucket=minority_unresolved; disagreement=2; audit_score=23.270	minority_unresolved	23.270	12.700	unresolved	unresolved			partially_fixed	fixed	fixed	unresolved	fixed		"{""frontier"": ""multi_model"", ""anchor"": ""structured"", ""disagreement_models"": [""issue_ledger"", ""tfidf""], ""majority_label"": ""fixed"", ""risk_labels"": [""unresolved""], ""all_labels"": {""structured"": ""fixed"", ""tfidf"": ""partially_fixed"", ""modernbert"": ""fixed"", ""mpnet"": ""fixed"", ""issue_ledger"": ""unresolved""}}"
L14sqcrUC3__r01	ICLR 2025 expanded80 v1	unresolved	unresolved	3	Thank you for the review! We would like to address the weaknesses you pointed out in our paper. > It would be nice to have this information either in Figure 1 or as another column of Table 3 in order to get a better feeling of how the methods perform. We will add information about the average percentage improvement over MLP in the appendix of the revised paper, shortly. > I am not fully convinced that it is due to...	"User-confirmed standard expanded80 validation on 2026-04-26; source=user-reviewed expanded80 assistant-adjudication draft; not an independent two-annotator IAA pass. Evidence source: aligned_response_excerpt. Source adjudication note: {""audit_bucket"": ""minority_unresolved"", ""evidence_source"": ""aligned_response_excerpt"", ""model_labels"": {""issue_ledger"": ""unresolved"", ""modernbert"": ""partially_fixed"", ""mpnet"": ""fixed"", ""structured"": ""partially_fixed"", ""tfidf"": ""partially_fixed""}, ""not_human_validated"": true, ""provenance"": ""provisional_assistant_adjudication_from_expanded80_frontier"", ""suggested_label"": ""unresolved""}"	36.810	label=unresolved; bucket=minority_unresolved; disagreement=2; audit_score=23.270	minority_unresolved	23.270	12.700	unresolved	unresolved			partially_fixed	partially_fixed	fixed	unresolved	partially_fixed		"{""frontier"": ""multi_model"", ""anchor"": ""structured"", ""disagreement_models"": [""issue_ledger"", ""mpnet""], ""majority_label"": ""partially_fixed"", ""risk_labels"": [""unresolved""], ""all_labels"": {""structured"": ""partially_fixed"", ""tfidf"": ""partially_fixed"", ""modernbert"": ""partially_fixed"", ""mpnet"": ""fixed"", ""issue_ledger"": ""unresolved""}}"
L14sqcrUC3__r03	ICLR 2025 expanded80 v1	unresolved	unresolved	3	"--- ## Kaggle Data > The paper presents data from Kaggle as the ""holy grail"" for real-world data and benchmarks. > Specifically, the paragraph about Kaggle in the related work section (Line 113) lacks any critical reflection of data from Kaggle. We only meant that there are more good datasets on Kaggle than in other sources. We do agree that a general dataset from Kaggle suffers from many issues, and conducted a..."	"User-confirmed standard expanded80 validation on 2026-04-26; source=user-reviewed expanded80 assistant-adjudication draft; not an independent two-annotator IAA pass. Evidence source: aligned_response_excerpt. Source adjudication note: {""audit_bucket"": ""minority_unresolved"", ""evidence_source"": ""aligned_response_excerpt"", ""model_labels"": {""issue_ledger"": ""unresolved"", ""modernbert"": ""fixed"", ""mpnet"": ""fixed"", ""structured"": ""fixed"", ""tfidf"": ""partially_fixed""}, ""not_human_validated"": true, ""provenance"": ""provisional_assistant_adjudication_from_expanded80_frontier"", ""suggested_label"": ""unresolved""}"	36.810	label=unresolved; bucket=minority_unresolved; disagreement=2; audit_score=23.270	minority_unresolved	23.270	12.700	unresolved	unresolved			partially_fixed	fixed	fixed	unresolved	fixed		"{""frontier"": ""multi_model"", ""anchor"": ""structured"", ""disagreement_models"": [""issue_ledger"", ""tfidf""], ""majority_label"": ""fixed"", ""risk_labels"": [""unresolved""], ""all_labels"": {""structured"": ""fixed"", ""tfidf"": ""partially_fixed"", ""modernbert"": ""fixed"", ""mpnet"": ""fixed"", ""issue_ledger"": ""unresolved""}}"
QEHrmQPBdd__r02	ICLR 2025 expanded80 v1	unresolved	unresolved	3	> **Question 1:** The number of examples with subtle errors drops significantly (519 → 183). The main reason for this drop is the limited success of the many-shot jailbreak technique in producing responses with injected factual errors. Here are the details of the filtering process: - Reason 1: The error injection process is not successful -> filter out 183 samples - Reason 2: The correct information still remains in...	"User-confirmed standard expanded80 validation on 2026-04-26; source=user-reviewed expanded80 assistant-adjudication draft; not an independent two-annotator IAA pass. Evidence source: aligned_response_excerpt. Source adjudication note: {""audit_bucket"": ""minority_unresolved"", ""evidence_source"": ""aligned_response_excerpt"", ""model_labels"": {""issue_ledger"": ""unresolved"", ""modernbert"": ""partially_fixed"", ""mpnet"": ""fixed"", ""structured"": ""partially_fixed"", ""tfidf"": ""partially_fixed""}, ""not_human_validated"": true, ""provenance"": ""provisional_assistant_adjudication_from_expanded80_frontier"", ""suggested_label"": ""unresolved""}"	36.810	label=unresolved; bucket=minority_unresolved; disagreement=2; audit_score=23.270	minority_unresolved	23.270	12.700	unresolved	unresolved			partially_fixed	partially_fixed	fixed	unresolved	partially_fixed		"{""frontier"": ""multi_model"", ""anchor"": ""structured"", ""disagreement_models"": [""issue_ledger"", ""mpnet""], ""majority_label"": ""partially_fixed"", ""risk_labels"": [""unresolved""], ""all_labels"": {""structured"": ""partially_fixed"", ""tfidf"": ""partially_fixed"", ""modernbert"": ""partially_fixed"", ""mpnet"": ""fixed"", ""issue_ledger"": ""unresolved""}}"
QEHrmQPBdd__r03	ICLR 2025 expanded80 v1	unresolved	unresolved	3	> **Question 1:** The number of examples with subtle errors drops significantly (519 → 183). The main reason for this drop is the limited success of the many-shot jailbreak technique in producing responses with injected factual errors. Here are the details of the filtering process: - Reason 1: The error injection process is not successful -> filter out 183 samples - Reason 2: The correct information still remains in...	"User-confirmed standard expanded80 validation on 2026-04-26; source=user-reviewed expanded80 assistant-adjudication draft; not an independent two-annotator IAA pass. Evidence source: aligned_response_excerpt. Source adjudication note: {""audit_bucket"": ""minority_unresolved"", ""evidence_source"": ""aligned_response_excerpt"", ""model_labels"": {""issue_ledger"": ""unresolved"", ""modernbert"": ""fixed"", ""mpnet"": ""fixed"", ""structured"": ""fixed"", ""tfidf"": ""partially_fixed""}, ""not_human_validated"": true, ""provenance"": ""provisional_assistant_adjudication_from_expanded80_frontier"", ""suggested_label"": ""unresolved""}"	36.810	label=unresolved; bucket=minority_unresolved; disagreement=2; audit_score=23.270	minority_unresolved	23.270	12.700	unresolved	unresolved			partially_fixed	fixed	fixed	unresolved	fixed		"{""frontier"": ""multi_model"", ""anchor"": ""structured"", ""disagreement_models"": [""issue_ledger"", ""tfidf""], ""majority_label"": ""fixed"", ""risk_labels"": [""unresolved""], ""all_labels"": {""structured"": ""fixed"", ""tfidf"": ""partially_fixed"", ""modernbert"": ""fixed"", ""mpnet"": ""fixed"", ""issue_ledger"": ""unresolved""}}"
Sd4wYYOhmY__r04	ICLR 2025 expanded80 v1	unresolved	unresolved	3	"We thank the reviewer for the extensive feedback. *Two quick comments before we start*: - There are many questions in the review, so our reply takes multiple posts. - (minor) It seems that some of the weaknesses are closer to questions in spirit. > The technical novelty of the paper is somewhat small Please, see the ""Big picture"" part of the global post. While our method is easy to implement (which we see as its..."	"User-confirmed standard expanded80 validation on 2026-04-26; source=user-reviewed expanded80 assistant-adjudication draft; not an independent two-annotator IAA pass. Evidence source: aligned_response_excerpt. Source adjudication note: {""audit_bucket"": ""minority_unresolved"", ""evidence_source"": ""aligned_response_excerpt"", ""model_labels"": {""issue_ledger"": ""unresolved"", ""modernbert"": ""fixed"", ""mpnet"": ""partially_fixed"", ""structured"": ""partially_fixed"", ""tfidf"": ""partially_fixed""}, ""not_human_validated"": true, ""provenance"": ""provisional_assistant_adjudication_from_expanded80_frontier"", ""suggested_label"": ""unresolved""}"	36.810	label=unresolved; bucket=minority_unresolved; disagreement=2; audit_score=23.270	minority_unresolved	23.270	12.700	unresolved	unresolved			partially_fixed	fixed	partially_fixed	unresolved	partially_fixed		"{""frontier"": ""multi_model"", ""anchor"": ""structured"", ""disagreement_models"": [""issue_ledger"", ""modernbert""], ""majority_label"": ""partially_fixed"", ""risk_labels"": [""unresolved""], ""all_labels"": {""structured"": ""partially_fixed"", ""tfidf"": ""partially_fixed"", ""modernbert"": ""fixed"", ""mpnet"": ""partially_fixed"", ""issue_ledger"": ""unresolved""}}"
WwmtcGr4lP__r02	ICLR 2025 expanded80 v1	unresolved	unresolved	3	Thank you for your questions and comments. We have tried to address the weaknesses listed in detail, in each of the questions raised. Please let us know if any further clarification is needed. **Q.1 Rationale for VAEs with DDPMs** * The use of VAE provides us two main benefits - (1) reduces dimensionality and helps reduce GPU memory used and (2) learns a latent space in a generative manner unlike autoencoders. **1....	"User-confirmed standard expanded80 validation on 2026-04-26; source=user-reviewed expanded80 assistant-adjudication draft; not an independent two-annotator IAA pass. Evidence source: aligned_response_excerpt. Source adjudication note: {""audit_bucket"": ""minority_unresolved"", ""evidence_source"": ""aligned_response_excerpt"", ""model_labels"": {""issue_ledger"": ""unresolved"", ""modernbert"": ""partially_fixed"", ""mpnet"": ""partially_fixed"", ""structured"": ""partially_fixed"", ""tfidf"": ""fixed""}, ""not_human_validated"": true, ""provenance"": ""provisional_assistant_adjudication_from_expanded80_frontier"", ""suggested_label"": ""unresolved""}"	36.810	label=unresolved; bucket=minority_unresolved; disagreement=2; audit_score=23.270	minority_unresolved	23.270	12.700	unresolved	unresolved			fixed	partially_fixed	partially_fixed	unresolved	partially_fixed		"{""frontier"": ""multi_model"", ""anchor"": ""structured"", ""disagreement_models"": [""issue_ledger"", ""tfidf""], ""majority_label"": ""partially_fixed"", ""risk_labels"": [""unresolved""], ""all_labels"": {""structured"": ""partially_fixed"", ""tfidf"": ""fixed"", ""modernbert"": ""partially_fixed"", ""mpnet"": ""partially_fixed"", ""issue_ledger"": ""unresolved""}}"
WwmtcGr4lP__r03	ICLR 2025 expanded80 v1	unresolved	unresolved	3	Thank you for your in-depth feedback and comments. Please find our responses below. We hope we have addressed all your concerns. Please let us know if any additional clarification is needed from us. **WEAKNESSES** **W.1: Datasets used** * For cell lines, we use the mutation profiles from CCLE DepMap portal, with responses from GDSCv2[1, 3], similar to [2]. This involves matching cell line names across both datasets...	"User-confirmed standard expanded80 validation on 2026-04-26; source=user-reviewed expanded80 assistant-adjudication draft; not an independent two-annotator IAA pass. Evidence source: aligned_response_excerpt. Source adjudication note: {""audit_bucket"": ""minority_unresolved"", ""evidence_source"": ""aligned_response_excerpt"", ""model_labels"": {""issue_ledger"": ""unresolved"", ""modernbert"": ""partially_fixed"", ""mpnet"": ""partially_fixed"", ""structured"": ""partially_fixed"", ""tfidf"": ""fixed""}, ""not_human_validated"": true, ""provenance"": ""provisional_assistant_adjudication_from_expanded80_frontier"", ""suggested_label"": ""unresolved""}"	36.810	label=unresolved; bucket=minority_unresolved; disagreement=2; audit_score=23.270	minority_unresolved	23.270	12.700	unresolved	unresolved			fixed	partially_fixed	partially_fixed	unresolved	partially_fixed		"{""frontier"": ""multi_model"", ""anchor"": ""structured"", ""disagreement_models"": [""issue_ledger"", ""tfidf""], ""majority_label"": ""partially_fixed"", ""risk_labels"": [""unresolved""], ""all_labels"": {""structured"": ""partially_fixed"", ""tfidf"": ""fixed"", ""modernbert"": ""partially_fixed"", ""mpnet"": ""partially_fixed"", ""issue_ledger"": ""unresolved""}}"
WwmtcGr4lP__r05	ICLR 2025 expanded80 v1	unresolved	unresolved	3	**W.5: Train-test data splits** * We have clarified this in the revised paper, section 4.1. The numbers correspond to the number of sample, drug pairs (either patient or cell line) found in the train, validation, test splits. The 3 CV splits of patients had 488 patient, drug pairs in training fold 0, 488 pairs in training fold 1 and 487 pairs in training fold 2, 53, 54 and 56 pairs in validation fold 0, 1 and 2; and...	"User-confirmed standard expanded80 validation on 2026-04-26; source=user-reviewed expanded80 assistant-adjudication draft; not an independent two-annotator IAA pass. Evidence source: aligned_response_excerpt. Source adjudication note: {""audit_bucket"": ""minority_unresolved"", ""evidence_source"": ""aligned_response_excerpt"", ""model_labels"": {""issue_ledger"": ""unresolved"", ""modernbert"": ""partially_fixed"", ""mpnet"": ""partially_fixed"", ""structured"": ""partially_fixed"", ""tfidf"": ""fixed""}, ""not_human_validated"": true, ""provenance"": ""provisional_assistant_adjudication_from_expanded80_frontier"", ""suggested_label"": ""unresolved""}"	36.810	label=unresolved; bucket=minority_unresolved; disagreement=2; audit_score=23.270	minority_unresolved	23.270	12.700	unresolved	unresolved			fixed	partially_fixed	partially_fixed	unresolved	partially_fixed		"{""frontier"": ""multi_model"", ""anchor"": ""structured"", ""disagreement_models"": [""issue_ledger"", ""tfidf""], ""majority_label"": ""partially_fixed"", ""risk_labels"": [""unresolved""], ""all_labels"": {""structured"": ""partially_fixed"", ""tfidf"": ""fixed"", ""modernbert"": ""partially_fixed"", ""mpnet"": ""partially_fixed"", ""issue_ledger"": ""unresolved""}}"
ZS7UEI3vG5__r01	ICLR 2025 expanded80 v1	unresolved	unresolved	3	Minor comments: -Line 53: “resoursed”->“resourses” $\textbf{Response:}$ Thank you we fixed it. -Lines 109-114: The example here needs some rephrasing. I get the point you are making, but technically, when you fix a set (S=[0,1] in this case), the mass assigned to it and the variance of the distribution, there is a unique distribution (NOT multiple ones) satisfying these constraints. Maybe you could say O(α) mass....	"User-confirmed standard expanded80 validation on 2026-04-26; source=user-reviewed expanded80 assistant-adjudication draft; not an independent two-annotator IAA pass. Evidence source: aligned_response_excerpt. Source adjudication note: {""audit_bucket"": ""minority_unresolved"", ""evidence_source"": ""aligned_response_excerpt"", ""model_labels"": {""issue_ledger"": ""unresolved"", ""modernbert"": ""fixed"", ""mpnet"": ""fixed"", ""structured"": ""fixed"", ""tfidf"": ""partially_fixed""}, ""not_human_validated"": true, ""provenance"": ""provisional_assistant_adjudication_from_expanded80_frontier"", ""suggested_label"": ""unresolved""}"	36.810	label=unresolved; bucket=minority_unresolved; disagreement=2; audit_score=23.270	minority_unresolved	23.270	12.700	unresolved	unresolved			partially_fixed	fixed	fixed	unresolved	fixed		"{""frontier"": ""multi_model"", ""anchor"": ""structured"", ""disagreement_models"": [""issue_ledger"", ""tfidf""], ""majority_label"": ""fixed"", ""risk_labels"": [""unresolved""], ""all_labels"": {""structured"": ""fixed"", ""tfidf"": ""partially_fixed"", ""modernbert"": ""fixed"", ""mpnet"": ""fixed"", ""issue_ledger"": ""unresolved""}}"
bqf0aCF3Dd__r01	ICLR 2025 expanded80 v1	unresolved	unresolved	3	Thank you very much for your careful review and feedback! > Q1: About solution space distribution. **A1**: Thank you for your valuable comments. Black-box optimization has been developed and applied across a wide range of fields. However, its widespread adoption in real-world applications has been hindered by the need for frequent evaluations. In many tasks, evaluating the objective function is costly, risky, or...	"User-confirmed standard expanded80 validation on 2026-04-26; source=user-reviewed expanded80 assistant-adjudication draft; not an independent two-annotator IAA pass. Evidence source: aligned_response_excerpt. Source adjudication note: {""audit_bucket"": ""minority_unresolved"", ""evidence_source"": ""aligned_response_excerpt"", ""model_labels"": {""issue_ledger"": ""unresolved"", ""modernbert"": ""partially_fixed"", ""mpnet"": ""fixed"", ""structured"": ""fixed"", ""tfidf"": ""fixed""}, ""not_human_validated"": true, ""provenance"": ""provisional_assistant_adjudication_from_expanded80_frontier"", ""suggested_label"": ""unresolved""}"	36.810	label=unresolved; bucket=minority_unresolved; disagreement=2; audit_score=23.270	minority_unresolved	23.270	12.700	unresolved	unresolved			fixed	partially_fixed	fixed	unresolved	fixed		"{""frontier"": ""multi_model"", ""anchor"": ""structured"", ""disagreement_models"": [""issue_ledger"", ""modernbert""], ""majority_label"": ""fixed"", ""risk_labels"": [""unresolved""], ""all_labels"": {""structured"": ""fixed"", ""tfidf"": ""fixed"", ""modernbert"": ""partially_fixed"", ""mpnet"": ""fixed"", ""issue_ledger"": ""unresolved""}}"
gx1wHnf5Vp__r02	ICLR 2025 expanded80 v1	unresolved	unresolved	3	## Comparative Analysis of Global vs Layer-wise Load Balancing > The way the load-balancing loss is applied seems ineffective. Could you elaborate why the loss was not applied layer-wise as that should prevent expert collapse. Even the model trained with Drop-upcycling shows half of the experts in layer 23 are not used by any of the domains. We appreciate the reviewer’s observation regarding the potential benefits...	"User-confirmed standard expanded80 validation on 2026-04-26; source=user-reviewed expanded80 assistant-adjudication draft; not an independent two-annotator IAA pass. Evidence source: aligned_response_excerpt. Source adjudication note: {""audit_bucket"": ""minority_unresolved"", ""evidence_source"": ""aligned_response_excerpt"", ""model_labels"": {""issue_ledger"": ""fixed"", ""modernbert"": ""unresolved"", ""mpnet"": ""fixed"", ""structured"": ""fixed"", ""tfidf"": ""partially_fixed""}, ""not_human_validated"": true, ""provenance"": ""provisional_assistant_adjudication_from_expanded80_frontier"", ""suggested_label"": ""unresolved""}"	36.810	label=unresolved; bucket=minority_unresolved; disagreement=2; audit_score=23.270	minority_unresolved	23.270	12.700	unresolved	unresolved			partially_fixed	unresolved	fixed	fixed	fixed		"{""frontier"": ""multi_model"", ""anchor"": ""structured"", ""disagreement_models"": [""modernbert"", ""tfidf""], ""majority_label"": ""fixed"", ""risk_labels"": [""unresolved""], ""all_labels"": {""structured"": ""fixed"", ""tfidf"": ""partially_fixed"", ""modernbert"": ""unresolved"", ""mpnet"": ""fixed"", ""issue_ledger"": ""fixed""}}"
3ZAfFoAcUI__r02	NeurIPS 2024 limit100 v1	partially_fixed	partially_fixed	3	Thank you for the positive feedback and suggestions. **Q1**: *I think at least one more reasoning benchmark is needed in each category in order to justify that the improvement difference is indeed due to memorization instead of some dataset artifacts.* A: Based on the reviewer’s suggestion, we evaluated MIDAS and baseline models on another category of tasks called “story completion”, which includes tasks like...	User-confirmed single-pass standard validation; User confirmed NeurIPS resolved candidate on 2026-04-28. source=resolved-label candidate reviewed by user; not an independent two-annotator IAA pass. Resolution action: upgrade_weak_unresolved_to_partial. Resolution reason: Weak unresolved draft conflicts with fixed/partial model support and concrete response/revision evidence; open-scope cues keep this conservative.	35.010	label=partially_fixed; bucket=minority_unresolved; disagreement=2; audit_score=23.670	minority_unresolved	23.670	16.700	unresolved	unresolved			partially_fixed	unresolved	fixed	partially_fixed	fixed		"{""frontier"": ""multi_model"", ""anchor"": ""structured"", ""disagreement_models"": [""issue_ledger"", ""modernbert"", ""tfidf""], ""majority_label"": ""fixed"", ""risk_labels"": [""unresolved""], ""all_labels"": {""structured"": ""fixed"", ""tfidf"": ""partially_fixed"", ""modernbert"": ""unresolved"", ""mpnet"": ""fixed"", ""issue_ledger"": ""partially_fixed""}}"
KS8mIvetg2__r02	ICLR 2024 v1	fixed	fixed	4	Context fallback from aligned response context: Thank you for your thorough analysis and constructive feedback on our paper. We appreciate the opportunity to clarify the points raised and to provide additional insights into our research. N-gram overlap is a commonly utilized measure of contamination in the literature; however, it should be noted that it acts more as a measurement tool rather than as a...	User-reviewed standard human-validation signoff on 2026-04-26; source=human-reviewed AI-assisted signoff packet. Reviewed assistant note: baseline comparison and model-size evidence were added	34.860	label=fixed; bucket=structured_error; disagreement=3; audit_score=20.620	structured_error	20.620	6.200	fixed	fixed		regressed	partially_fixed	fixed	fixed	unresolved	partially_fixed		baseline comparison and model-size evidence were added
qBL04XXex6__r05	ICLR 2024 v1	unresolved	unresolved	4	the iterative nature of boosting in BoT allows LLMs	User-reviewed standard human-validation signoff on 2026-04-26; source=human-reviewed AI-assisted signoff packet. Reviewed assistant note: Terminology is defended, but the requested broader examples are still missing.	34.860	label=unresolved; bucket=minority_unresolved; disagreement=2; audit_score=22.620	minority_unresolved	22.620	6.200	unresolved	unresolved		fixed	unresolved	unresolved	unresolved	unresolved	partially_fixed	the iterative nature of boosting in BoT allows LLMs	Terminology is defended, but the requested broader examples are still missing.
HX5ujdsSon__r01	ICLR 2024 v1	unresolved	unresolved	4	Context fallback from aligned response context: We thank the reviewer for going through our work and providing useful feedback. Below we try to answer their concerns and questions: 1. **Readability**: We will take the reviewer’s comments into account and will add more descriptive captions so that the figures are easier to understand. About references to the appendix, we believe that given the contents...	User-reviewed standard human-validation signoff on 2026-04-26; source=human-reviewed AI-assisted signoff packet. Reviewed assistant note: readability and definition issues were mostly acknowledged rather than substantively fixed	33.860	label=unresolved; bucket=minority_unresolved; disagreement=2; audit_score=21.620	minority_unresolved	21.620	6.200	unresolved	partially_fixed		regressed	partially_fixed	partially_fixed	partially_fixed	unresolved	partially_fixed		readability and definition issues were mostly acknowledged rather than substantively fixed
3BNPUDvqMt__r01	NeurIPS 2024 limit100 v1	partially_fixed	partially_fixed	3	We thank the reviewer for the constructive feedback. Weaknesses: 1. While we agree that such experiments would be interesting, they would be very costly and are not central to the research question we want to answer in the paper (how good can we make MLPs and GBDTs with default parameters?). We would argue that the existing results should already be interesting to readers and that our paper's ability to pose many...	User-confirmed single-pass standard validation; User confirmed NeurIPS resolved candidate on 2026-04-28. source=resolved-label candidate reviewed by user; not an independent two-annotator IAA pass. Resolution action: upgrade_weak_unresolved_to_partial. Resolution reason: Weak unresolved draft conflicts with fixed/partial model support and concrete response/revision evidence; open-scope cues keep this conservative.	33.810	label=partially_fixed; bucket=minority_unresolved; disagreement=2; audit_score=23.270	minority_unresolved	23.270	12.700	unresolved	unresolved			partially_fixed	fixed	partially_fixed	unresolved	partially_fixed		"{""frontier"": ""multi_model"", ""anchor"": ""structured"", ""disagreement_models"": [""issue_ledger"", ""modernbert""], ""majority_label"": ""partially_fixed"", ""risk_labels"": [""unresolved""], ""all_labels"": {""structured"": ""partially_fixed"", ""tfidf"": ""partially_fixed"", ""modernbert"": ""fixed"", ""mpnet"": ""partially_fixed"", ""issue_ledger"": ""unresolved""}}"
3BNPUDvqMt__r02	NeurIPS 2024 limit100 v1	partially_fixed	partially_fixed	3	We thank the reviewer for the constructive feedback. Weaknesses: 1. **[1] was uploaded on 13th of July 2024**, so this paper cannot be used to question our novelty. (Besides, it also uses a mix of architectures, while we consider algorithm selection / ensembling.) Regarding ensembles, we do not claim to rediscover ensembles. Rather, we try to see how meta-learning better defaults affects the trade-off between...	User-confirmed single-pass standard validation; User confirmed NeurIPS resolved candidate on 2026-04-28. source=resolved-label candidate reviewed by user; not an independent two-annotator IAA pass. Resolution action: upgrade_weak_unresolved_to_partial. Resolution reason: Weak unresolved draft conflicts with fixed/partial model support and concrete response/revision evidence; open-scope cues keep this conservative.	33.810	label=partially_fixed; bucket=minority_unresolved; disagreement=2; audit_score=23.270	minority_unresolved	23.270	12.700	unresolved	unresolved			partially_fixed	fixed	partially_fixed	unresolved	partially_fixed		"{""frontier"": ""multi_model"", ""anchor"": ""structured"", ""disagreement_models"": [""issue_ledger"", ""modernbert""], ""majority_label"": ""partially_fixed"", ""risk_labels"": [""unresolved""], ""all_labels"": {""structured"": ""partially_fixed"", ""tfidf"": ""partially_fixed"", ""modernbert"": ""fixed"", ""mpnet"": ""partially_fixed"", ""issue_ledger"": ""unresolved""}}"
3ZAfFoAcUI__r01	NeurIPS 2024 limit100 v1	partially_fixed	partially_fixed	3	Thank you for the positive feedback and insightful questions. **Q1**: *the improvement of MIDAS on downstream tasks (open book QA and math word problems) is marginal compared to the improvements on these tasks [reasoning primitives].* A: While the improvement on these benchmarks is lower compared to improvement on primitives, the absolute magnitude of improvement is still quite high. For instance, for the 1B model,...	User-confirmed single-pass standard validation; User confirmed NeurIPS resolved candidate on 2026-04-28. source=resolved-label candidate reviewed by user; not an independent two-annotator IAA pass. Resolution action: upgrade_weak_unresolved_to_partial. Resolution reason: Weak unresolved draft conflicts with fixed/partial model support and concrete response/revision evidence; open-scope cues keep this conservative.	33.810	label=partially_fixed; bucket=minority_unresolved; disagreement=2; audit_score=23.270	minority_unresolved	23.270	12.700	unresolved	unresolved			partially_fixed	unresolved	fixed	fixed	fixed		"{""frontier"": ""multi_model"", ""anchor"": ""structured"", ""disagreement_models"": [""modernbert"", ""tfidf""], ""majority_label"": ""fixed"", ""risk_labels"": [""unresolved""], ""all_labels"": {""structured"": ""fixed"", ""tfidf"": ""partially_fixed"", ""modernbert"": ""unresolved"", ""mpnet"": ""fixed"", ""issue_ledger"": ""fixed""}}"
9uolDxbYLm__r01	NeurIPS 2024 limit100 v1	partially_fixed	partially_fixed	3	We thank the reviewer for taking out the time to review this paper, and appreciate their acknowledgement of the novelty of our work. **_On significance and limitations of theoretical results:_** Deriving theoretical bounds for model reconstruction using counterfactuals under general non-convex decision boundaries is a challenging problem. Our work proposes a novel non-trivial approach towards solving this problem...	User-confirmed single-pass standard validation; User confirmed NeurIPS resolved candidate on 2026-04-28. source=resolved-label candidate reviewed by user; not an independent two-annotator IAA pass. Resolution action: upgrade_weak_unresolved_to_partial. Resolution reason: Weak unresolved draft conflicts with fixed/partial model support and concrete response/revision evidence; open-scope cues keep this conservative.	33.810	label=partially_fixed; bucket=minority_unresolved; disagreement=2; audit_score=23.270	minority_unresolved	23.270	12.700	unresolved	unresolved			partially_fixed	fixed	fixed	unresolved	fixed		"{""frontier"": ""multi_model"", ""anchor"": ""structured"", ""disagreement_models"": [""issue_ledger"", ""tfidf""], ""majority_label"": ""fixed"", ""risk_labels"": [""unresolved""], ""all_labels"": {""structured"": ""fixed"", ""tfidf"": ""partially_fixed"", ""modernbert"": ""fixed"", ""mpnet"": ""fixed"", ""issue_ledger"": ""unresolved""}}"
9uolDxbYLm__r03	NeurIPS 2024 limit100 v1	partially_fixed	partially_fixed	3	We thank the reviewer for taking out the time to review this paper, and appreciate their acknowledgement of the novelty of our work. **_On significance and limitations of theoretical results:_** Deriving theoretical bounds for model reconstruction using counterfactuals under general non-convex decision boundaries is a challenging problem. Our work proposes a novel non-trivial approach towards solving this problem...	User-confirmed single-pass standard validation; User confirmed NeurIPS resolved candidate on 2026-04-28. source=resolved-label candidate reviewed by user; not an independent two-annotator IAA pass. Resolution action: upgrade_weak_unresolved_to_partial. Resolution reason: Weak unresolved draft conflicts with fixed/partial model support and concrete response/revision evidence; open-scope cues keep this conservative.	33.810	label=partially_fixed; bucket=minority_unresolved; disagreement=2; audit_score=23.270	minority_unresolved	23.270	12.700	unresolved	unresolved			partially_fixed	fixed	fixed	unresolved	fixed		"{""frontier"": ""multi_model"", ""anchor"": ""structured"", ""disagreement_models"": [""issue_ledger"", ""tfidf""], ""majority_label"": ""fixed"", ""risk_labels"": [""unresolved""], ""all_labels"": {""structured"": ""fixed"", ""tfidf"": ""partially_fixed"", ""modernbert"": ""fixed"", ""mpnet"": ""fixed"", ""issue_ledger"": ""unresolved""}}"
IfZwSRpqHl__r04	NeurIPS 2024 limit100 v1	partially_fixed	partially_fixed	3	We thank the reviewers for their encouraging comments and constructive suggestions that we have incorporated to improve the paper. We jointly answer some key common questions of the reviewers here in two parts regarding i) additional insights and ii) limitations. **Further insights and additional experiments:** 1. We discover trends regarding homophily and heterophily in the training dynamics of GATs. *...	User-confirmed single-pass standard validation; User confirmed NeurIPS resolved candidate on 2026-04-28. source=resolved-label candidate reviewed by user; not an independent two-annotator IAA pass. Resolution action: upgrade_weak_unresolved_to_partial. Resolution reason: Weak unresolved draft conflicts with fixed/partial model support and concrete response/revision evidence; open-scope cues keep this conservative.	33.810	label=partially_fixed; bucket=minority_unresolved; disagreement=2; audit_score=23.270	minority_unresolved	23.270	12.700	unresolved	unresolved			partially_fixed	fixed	fixed	unresolved	fixed		"{""frontier"": ""multi_model"", ""anchor"": ""structured"", ""disagreement_models"": [""issue_ledger"", ""tfidf""], ""majority_label"": ""fixed"", ""risk_labels"": [""unresolved""], ""all_labels"": {""structured"": ""fixed"", ""tfidf"": ""partially_fixed"", ""modernbert"": ""fixed"", ""mpnet"": ""fixed"", ""issue_ledger"": ""unresolved""}}"
JO6T4rEJ32__r02	NeurIPS 2024 limit100 v1	partially_fixed	partially_fixed	3	Thank you for your thoughtful review. We appreciate your agreement about the rigor and suitability of the mathematical framework. Apologies if responses seem terse, we've tried to give clear explanations within the word count. > To make a better job ... What is it that main thing that it bring to the table? Apart from mathematical elegance. Our work gives a theory of computations (representations and algorithms) in...	User-confirmed single-pass standard validation; User confirmed NeurIPS resolved candidate on 2026-04-28. source=resolved-label candidate reviewed by user; not an independent two-annotator IAA pass. Resolution action: upgrade_weak_unresolved_to_partial. Resolution reason: Weak unresolved draft conflicts with fixed/partial model support and concrete response/revision evidence; open-scope cues keep this conservative.	33.810	label=partially_fixed; bucket=minority_unresolved; disagreement=2; audit_score=23.270	minority_unresolved	23.270	12.700	unresolved	unresolved			partially_fixed	fixed	partially_fixed	unresolved	partially_fixed		"{""frontier"": ""multi_model"", ""anchor"": ""structured"", ""disagreement_models"": [""issue_ledger"", ""modernbert""], ""majority_label"": ""partially_fixed"", ""risk_labels"": [""unresolved""], ""all_labels"": {""structured"": ""partially_fixed"", ""tfidf"": ""partially_fixed"", ""modernbert"": ""fixed"", ""mpnet"": ""partially_fixed"", ""issue_ledger"": ""unresolved""}}"
LxxIiInmuF__r02	NeurIPS 2024 limit100 v1	partially_fixed	partially_fixed	3	"Thank you for your kind words and for your questions. Efficiency and practical performance are important considerations for work on MARL. Our theoretical study here is somewhat orthogonal to efficiency, and we do not take a position on the exploratory (""lose-shift"") mechanism used by any particular satisficing-based MARL algorithm, but we can say a few things about the connections between this theory and efficiency...."	User-confirmed single-pass standard validation; User confirmed NeurIPS resolved candidate on 2026-04-28. source=resolved-label candidate reviewed by user; not an independent two-annotator IAA pass. Resolution action: upgrade_weak_unresolved_to_partial. Resolution reason: Weak unresolved draft conflicts with fixed/partial model support and concrete response/revision evidence; open-scope cues keep this conservative.	33.810	label=partially_fixed; bucket=minority_unresolved; disagreement=2; audit_score=23.270	minority_unresolved	23.270	12.700	unresolved	unresolved			partially_fixed	partially_fixed	fixed	unresolved	partially_fixed		"{""frontier"": ""multi_model"", ""anchor"": ""structured"", ""disagreement_models"": [""issue_ledger"", ""mpnet""], ""majority_label"": ""partially_fixed"", ""risk_labels"": [""unresolved""], ""all_labels"": {""structured"": ""partially_fixed"", ""tfidf"": ""partially_fixed"", ""modernbert"": ""partially_fixed"", ""mpnet"": ""fixed"", ""issue_ledger"": ""unresolved""}}"
LxxIiInmuF__r03	NeurIPS 2024 limit100 v1	partially_fixed	partially_fixed	3	"Thank you for your kind words and for your questions. Efficiency and practical performance are important considerations for work on MARL. Our theoretical study here is somewhat orthogonal to efficiency, and we do not take a position on the exploratory (""lose-shift"") mechanism used by any particular satisficing-based MARL algorithm, but we can say a few things about the connections between this theory and efficiency...."	User-confirmed single-pass standard validation; User confirmed NeurIPS resolved candidate on 2026-04-28. source=resolved-label candidate reviewed by user; not an independent two-annotator IAA pass. Resolution action: upgrade_weak_unresolved_to_partial. Resolution reason: Weak unresolved draft conflicts with fixed/partial model support and concrete response/revision evidence; open-scope cues keep this conservative.	33.810	label=partially_fixed; bucket=minority_unresolved; disagreement=2; audit_score=23.270	minority_unresolved	23.270	12.700	unresolved	unresolved			partially_fixed	partially_fixed	fixed	unresolved	partially_fixed		"{""frontier"": ""multi_model"", ""anchor"": ""structured"", ""disagreement_models"": [""issue_ledger"", ""mpnet""], ""majority_label"": ""partially_fixed"", ""risk_labels"": [""unresolved""], ""all_labels"": {""structured"": ""partially_fixed"", ""tfidf"": ""partially_fixed"", ""modernbert"": ""partially_fixed"", ""mpnet"": ""fixed"", ""issue_ledger"": ""unresolved""}}"
LxxIiInmuF__r04	NeurIPS 2024 limit100 v1	partially_fixed	partially_fixed	3	"Thank you for your kind words and for your questions. Efficiency and practical performance are important considerations for work on MARL. Our theoretical study here is somewhat orthogonal to efficiency, and we do not take a position on the exploratory (""lose-shift"") mechanism used by any particular satisficing-based MARL algorithm, but we can say a few things about the connections between this theory and efficiency...."	User-confirmed single-pass standard validation; User confirmed NeurIPS resolved candidate on 2026-04-28. source=resolved-label candidate reviewed by user; not an independent two-annotator IAA pass. Resolution action: upgrade_weak_unresolved_to_partial. Resolution reason: Weak unresolved draft conflicts with fixed/partial model support and concrete response/revision evidence; open-scope cues keep this conservative.	33.810	label=partially_fixed; bucket=minority_unresolved; disagreement=2; audit_score=23.270	minority_unresolved	23.270	12.700	unresolved	unresolved			partially_fixed	partially_fixed	fixed	unresolved	partially_fixed		"{""frontier"": ""multi_model"", ""anchor"": ""structured"", ""disagreement_models"": [""issue_ledger"", ""mpnet""], ""majority_label"": ""partially_fixed"", ""risk_labels"": [""unresolved""], ""all_labels"": {""structured"": ""partially_fixed"", ""tfidf"": ""partially_fixed"", ""modernbert"": ""partially_fixed"", ""mpnet"": ""fixed"", ""issue_ledger"": ""unresolved""}}"
MQIET1VfoV__r02	NeurIPS 2024 limit100 v1	partially_fixed	partially_fixed	3	"Thank you for your thorough review. We appreciate the time you took to dive into the details of our work and provide specific advice for improving these results. We tried to take your feedback into account in our updated results. We increased the number of seeds up to 10, and we added a new baseline (see the global rebuttal for those charts) from [20]. We will remove the language regarding ""up to 10x improvement in..."	User-confirmed single-pass standard validation; User confirmed NeurIPS resolved candidate on 2026-04-28. source=resolved-label candidate reviewed by user; not an independent two-annotator IAA pass. Resolution action: upgrade_weak_unresolved_to_partial. Resolution reason: Weak unresolved draft conflicts with fixed/partial model support and concrete response/revision evidence; open-scope cues keep this conservative.	33.810	label=partially_fixed; bucket=minority_unresolved; disagreement=2; audit_score=23.270	minority_unresolved	23.270	12.700	unresolved	unresolved			partially_fixed	fixed	fixed	unresolved	fixed		"{""frontier"": ""multi_model"", ""anchor"": ""structured"", ""disagreement_models"": [""issue_ledger"", ""tfidf""], ""majority_label"": ""fixed"", ""risk_labels"": [""unresolved""], ""all_labels"": {""structured"": ""fixed"", ""tfidf"": ""partially_fixed"", ""modernbert"": ""fixed"", ""mpnet"": ""fixed"", ""issue_ledger"": ""unresolved""}}"
N2RaC7LO6k__r03	NeurIPS 2024 limit100 v1	partially_fixed	partially_fixed	3	We thank the reviewer for recognizing the importance of our study. We have carefully considered the reviewer's comments and have provided the following response: * __Typos.__ We sincerely thank the reviewer for carefully listing all of the typos in our original draft. We will fix them and more thoroughly review the revised manuscript to ensure clarity. * __Missing details about model training.__ Thank you for...	User-confirmed single-pass standard validation; User confirmed NeurIPS resolved candidate on 2026-04-28. source=resolved-label candidate reviewed by user; not an independent two-annotator IAA pass. Resolution action: upgrade_weak_unresolved_to_partial. Resolution reason: Weak unresolved draft conflicts with fixed/partial model support and concrete response/revision evidence; open-scope cues keep this conservative.	33.810	label=partially_fixed; bucket=minority_unresolved; disagreement=2; audit_score=23.270	minority_unresolved	23.270	12.700	unresolved	unresolved			partially_fixed	fixed	partially_fixed	unresolved	partially_fixed		"{""frontier"": ""multi_model"", ""anchor"": ""structured"", ""disagreement_models"": [""issue_ledger"", ""modernbert""], ""majority_label"": ""partially_fixed"", ""risk_labels"": [""unresolved""], ""all_labels"": {""structured"": ""partially_fixed"", ""tfidf"": ""partially_fixed"", ""modernbert"": ""fixed"", ""mpnet"": ""partially_fixed"", ""issue_ledger"": ""unresolved""}}"
NfOFbPpYII__r03	NeurIPS 2024 limit100 v1	partially_fixed	partially_fixed	3	We thank the reviewer for the helpful comments, and would like to provide the following responses. **Q1:** How would you change the manuscript to make it more easy to understand your definitions and motivation behind the mathematics? For example, the example dataset provides some additional insights, but does not clarify why these properties are important, how this leads to zero training loss in the limit, etc....	User-confirmed single-pass standard validation; User confirmed NeurIPS resolved candidate on 2026-04-28. source=resolved-label candidate reviewed by user; not an independent two-annotator IAA pass. Resolution action: upgrade_weak_unresolved_to_partial. Resolution reason: Weak unresolved draft conflicts with fixed/partial model support and concrete response/revision evidence; open-scope cues keep this conservative.	33.810	label=partially_fixed; bucket=minority_unresolved; disagreement=2; audit_score=23.270	minority_unresolved	23.270	12.700	unresolved	unresolved			partially_fixed	partially_fixed	fixed	unresolved	partially_fixed		"{""frontier"": ""multi_model"", ""anchor"": ""structured"", ""disagreement_models"": [""issue_ledger"", ""mpnet""], ""majority_label"": ""partially_fixed"", ""risk_labels"": [""unresolved""], ""all_labels"": {""structured"": ""partially_fixed"", ""tfidf"": ""partially_fixed"", ""modernbert"": ""partially_fixed"", ""mpnet"": ""fixed"", ""issue_ledger"": ""unresolved""}}"
UwvjJZWjPT__r01	NeurIPS 2024 limit100 v1	partially_fixed	partially_fixed	3	Thank you very much for your positive feedback and your helpful comments. Below we respond to your questions. > This paper seems somewhat related to the PT + FT setting. Mainly out of curiosity, as I think the settings are a little different, do you see any connections? We agree that this paper is related. This paper (which focuses on classification, though see Evron et al. (2022), which focuses on regression) also...	User-confirmed single-pass standard validation; User confirmed NeurIPS resolved candidate on 2026-04-28. source=resolved-label candidate reviewed by user; not an independent two-annotator IAA pass. Resolution action: upgrade_weak_unresolved_to_partial. Resolution reason: Weak unresolved draft conflicts with fixed/partial model support and concrete response/revision evidence; open-scope cues keep this conservative.	33.810	label=partially_fixed; bucket=minority_unresolved; disagreement=2; audit_score=23.270	minority_unresolved	23.270	12.700	unresolved	unresolved			partially_fixed	fixed	partially_fixed	unresolved	partially_fixed		"{""frontier"": ""multi_model"", ""anchor"": ""structured"", ""disagreement_models"": [""issue_ledger"", ""modernbert""], ""majority_label"": ""partially_fixed"", ""risk_labels"": [""unresolved""], ""all_labels"": {""structured"": ""partially_fixed"", ""tfidf"": ""partially_fixed"", ""modernbert"": ""fixed"", ""mpnet"": ""partially_fixed"", ""issue_ledger"": ""unresolved""}}"
UwvjJZWjPT__r03	NeurIPS 2024 limit100 v1	partially_fixed	partially_fixed	3	"Below, we are providing some additional responses that we did not have space for in our rebuttal: > Lines 85-89: I would do a better job of defining “large initialization” vs “small initialization” for the reader without requiring a reference check by the reader. Thank you for pointing this out! We will change ""large/small initialization"" to ""large/small initial weight magnitude"". > Lines 103-111: The notation in..."	User-confirmed single-pass standard validation; User confirmed NeurIPS resolved candidate on 2026-04-28. source=resolved-label candidate reviewed by user; not an independent two-annotator IAA pass. Resolution action: upgrade_weak_unresolved_to_partial. Resolution reason: Weak unresolved draft conflicts with fixed/partial model support and concrete response/revision evidence; open-scope cues keep this conservative.	33.810	label=partially_fixed; bucket=minority_unresolved; disagreement=2; audit_score=23.270	minority_unresolved	23.270	12.700	unresolved	unresolved			partially_fixed	fixed	partially_fixed	unresolved	partially_fixed		"{""frontier"": ""multi_model"", ""anchor"": ""structured"", ""disagreement_models"": [""issue_ledger"", ""modernbert""], ""majority_label"": ""partially_fixed"", ""risk_labels"": [""unresolved""], ""all_labels"": {""structured"": ""partially_fixed"", ""tfidf"": ""partially_fixed"", ""modernbert"": ""fixed"", ""mpnet"": ""partially_fixed"", ""issue_ledger"": ""unresolved""}}"
cknAewsBhD__r02	NeurIPS 2024 limit100 v1	partially_fixed	partially_fixed	3	**W1.** Thank you for your attention to our choice of datasets. We acknowledge that N-CARS [7] is a significant dataset for event classification tasks. However, our research focuses on event-based object detection, which is distinct from event classification. Literature [1,2,3,4] supports our use of the Gen1 and 1Mpx datasets, which are well-established in object detection research, hence their selection for our...	User-confirmed single-pass standard validation; User confirmed NeurIPS resolved candidate on 2026-04-28. source=resolved-label candidate reviewed by user; not an independent two-annotator IAA pass. Resolution action: upgrade_weak_unresolved_to_partial. Resolution reason: Weak unresolved draft conflicts with fixed/partial model support and concrete response/revision evidence; open-scope cues keep this conservative.	33.810	label=partially_fixed; bucket=minority_unresolved; disagreement=2; audit_score=23.270	minority_unresolved	23.270	12.700	unresolved	unresolved			partially_fixed	fixed	partially_fixed	unresolved	partially_fixed		"{""frontier"": ""multi_model"", ""anchor"": ""structured"", ""disagreement_models"": [""issue_ledger"", ""modernbert""], ""majority_label"": ""partially_fixed"", ""risk_labels"": [""unresolved""], ""all_labels"": {""structured"": ""partially_fixed"", ""tfidf"": ""partially_fixed"", ""modernbert"": ""fixed"", ""mpnet"": ""partially_fixed"", ""issue_ledger"": ""unresolved""}}"
cknAewsBhD__r04	NeurIPS 2024 limit100 v1	partially_fixed	partially_fixed	3	Thank you for your constructive feedback. We have carefully revised the manuscript based on your suggestions, particularly regarding the clarity of function definitions and the roles of specific modules. We hope these revisions meet your expectations and ask for your reconsideration during the review process. We are committed to addressing any further questions or requirements during the discussion period. **W1.**...	User-confirmed single-pass standard validation; User confirmed NeurIPS resolved candidate on 2026-04-28. source=resolved-label candidate reviewed by user; not an independent two-annotator IAA pass. Resolution action: upgrade_weak_unresolved_to_partial. Resolution reason: Weak unresolved draft conflicts with fixed/partial model support and concrete response/revision evidence; open-scope cues keep this conservative.	33.810	label=partially_fixed; bucket=minority_unresolved; disagreement=2; audit_score=23.270	minority_unresolved	23.270	12.700	unresolved	unresolved			partially_fixed	fixed	partially_fixed	unresolved	partially_fixed		"{""frontier"": ""multi_model"", ""anchor"": ""structured"", ""disagreement_models"": [""issue_ledger"", ""modernbert""], ""majority_label"": ""partially_fixed"", ""risk_labels"": [""unresolved""], ""all_labels"": {""structured"": ""partially_fixed"", ""tfidf"": ""partially_fixed"", ""modernbert"": ""fixed"", ""mpnet"": ""partially_fixed"", ""issue_ledger"": ""unresolved""}}"
cuO0DenqMl__r01	NeurIPS 2024 limit100 v1	partially_fixed	partially_fixed	3	Thank you for your strong endorsement of our work. We also believe that WGBoost is a promising direction that connects Wasserstein dynamics and gradient boosting ensemble for the first time. &nbsp; > Authors did not specify details about the hyperparameter selection for Conditional Density Estimation, Classification and OOD Detection tasks. Thank you for raising this point. We will add a clarification about the...	User-confirmed single-pass standard validation; User confirmed NeurIPS resolved candidate on 2026-04-28. source=resolved-label candidate reviewed by user; not an independent two-annotator IAA pass. Resolution action: upgrade_weak_unresolved_to_partial. Resolution reason: Weak unresolved draft conflicts with fixed/partial model support and concrete response/revision evidence; open-scope cues keep this conservative.	33.810	label=partially_fixed; bucket=minority_unresolved; disagreement=2; audit_score=23.270	minority_unresolved	23.270	12.700	unresolved	unresolved			partially_fixed	partially_fixed	fixed	unresolved	partially_fixed		"{""frontier"": ""multi_model"", ""anchor"": ""structured"", ""disagreement_models"": [""issue_ledger"", ""mpnet""], ""majority_label"": ""partially_fixed"", ""risk_labels"": [""unresolved""], ""all_labels"": {""structured"": ""partially_fixed"", ""tfidf"": ""partially_fixed"", ""modernbert"": ""partially_fixed"", ""mpnet"": ""fixed"", ""issue_ledger"": ""unresolved""}}"
cuO0DenqMl__r02	NeurIPS 2024 limit100 v1	partially_fixed	partially_fixed	3	Thank you for your constructive feedback to our work. We respond to each of your comments and concerns below. We hope that these responses will open up room for an upward revision of the score of our work. (In our response below, citation numbers such as [9] and [10] correspond to references in our manuscript.) &nbsp; > For a paper on trees, I find the experiments quite small scale and limited ... / ... large scale...	User-confirmed single-pass standard validation; User confirmed NeurIPS resolved candidate on 2026-04-28. source=resolved-label candidate reviewed by user; not an independent two-annotator IAA pass. Resolution action: upgrade_weak_unresolved_to_partial. Resolution reason: Weak unresolved draft conflicts with fixed/partial model support and concrete response/revision evidence; open-scope cues keep this conservative.	33.810	label=partially_fixed; bucket=minority_unresolved; disagreement=2; audit_score=23.270	minority_unresolved	23.270	12.700	unresolved	unresolved			partially_fixed	fixed	fixed	unresolved	fixed		"{""frontier"": ""multi_model"", ""anchor"": ""structured"", ""disagreement_models"": [""issue_ledger"", ""tfidf""], ""majority_label"": ""fixed"", ""risk_labels"": [""unresolved""], ""all_labels"": {""structured"": ""fixed"", ""tfidf"": ""partially_fixed"", ""modernbert"": ""fixed"", ""mpnet"": ""fixed"", ""issue_ledger"": ""unresolved""}}"
cuO0DenqMl__r04	NeurIPS 2024 limit100 v1	partially_fixed	partially_fixed	3	Thank you for your strong endorsement of our work. We are delighted that you have found our methodology well-written and intriguing. &nbsp; > Did you compare between the different algorithms (i.e. with and without Wasserstein Hessian preconditioner, and Kernel vs Langevin approximation) on the benchmark of Section 4.2? Thank you for raising this point. So far we have compared them only through the simulation study...	User-confirmed single-pass standard validation; User confirmed NeurIPS resolved candidate on 2026-04-28. source=resolved-label candidate reviewed by user; not an independent two-annotator IAA pass. Resolution action: upgrade_weak_unresolved_to_partial. Resolution reason: Weak unresolved draft conflicts with fixed/partial model support and concrete response/revision evidence; open-scope cues keep this conservative.	33.810	label=partially_fixed; bucket=minority_unresolved; disagreement=2; audit_score=23.270	minority_unresolved	23.270	12.700	unresolved	unresolved			partially_fixed	fixed	fixed	unresolved	fixed		"{""frontier"": ""multi_model"", ""anchor"": ""structured"", ""disagreement_models"": [""issue_ledger"", ""tfidf""], ""majority_label"": ""fixed"", ""risk_labels"": [""unresolved""], ""all_labels"": {""structured"": ""fixed"", ""tfidf"": ""partially_fixed"", ""modernbert"": ""fixed"", ""mpnet"": ""fixed"", ""issue_ledger"": ""unresolved""}}"
gcpeEg88R3__r04	NeurIPS 2024 limit100 v1	partially_fixed	partially_fixed	3	# Reply 1: We did not mean to alienate readers, and will modify the text according to your suggestions. For the camera ready, we will use your phrasing for the abstract and use more neutral expressions in the introduction, citing papers emanating from [25] as evidence of an active area of research instead. Reply 2: Please see point 1 in the main reply. # Reply 3,5,6,14: We appreciate your judgement and removed the...	User-confirmed single-pass standard validation; User confirmed NeurIPS resolved candidate on 2026-04-28. source=resolved-label candidate reviewed by user; not an independent two-annotator IAA pass. Resolution action: upgrade_weak_unresolved_to_partial. Resolution reason: Weak unresolved draft conflicts with fixed/partial model support and concrete response/revision evidence; open-scope cues keep this conservative.	33.810	label=partially_fixed; bucket=minority_unresolved; disagreement=2; audit_score=23.270	minority_unresolved	23.270	12.700	unresolved	unresolved			partially_fixed	fixed	partially_fixed	unresolved	partially_fixed		"{""frontier"": ""multi_model"", ""anchor"": ""structured"", ""disagreement_models"": [""issue_ledger"", ""modernbert""], ""majority_label"": ""partially_fixed"", ""risk_labels"": [""unresolved""], ""all_labels"": {""structured"": ""partially_fixed"", ""tfidf"": ""partially_fixed"", ""modernbert"": ""fixed"", ""mpnet"": ""partially_fixed"", ""issue_ledger"": ""unresolved""}}"
hOcsUrOY0D__r04	NeurIPS 2024 limit100 v1	partially_fixed	partially_fixed	3	> The neighbourhood relation is inconsistent: Section 2.1 describes substitute neighbourhood, while Section 2.2 describes add/remove neighbourhood. Thank you for pointing this out! Our analyses are independent of the choice of the neighborhood relation, and our experiments are done with the add-remove relation. We will remove the substitution relation in Section 2.1 paragraph “Setup and notation”, mention that we...	User-confirmed single-pass standard validation; User confirmed NeurIPS resolved candidate on 2026-04-28. source=resolved-label candidate reviewed by user; not an independent two-annotator IAA pass. Resolution action: upgrade_weak_unresolved_to_partial. Resolution reason: Weak unresolved draft conflicts with fixed/partial model support and concrete response/revision evidence; open-scope cues keep this conservative.	33.810	label=partially_fixed; bucket=minority_unresolved; disagreement=2; audit_score=23.270	minority_unresolved	23.270	12.700	unresolved	unresolved			partially_fixed	fixed	partially_fixed	unresolved	partially_fixed		"{""frontier"": ""multi_model"", ""anchor"": ""structured"", ""disagreement_models"": [""issue_ledger"", ""modernbert""], ""majority_label"": ""partially_fixed"", ""risk_labels"": [""unresolved""], ""all_labels"": {""structured"": ""partially_fixed"", ""tfidf"": ""partially_fixed"", ""modernbert"": ""fixed"", ""mpnet"": ""partially_fixed"", ""issue_ledger"": ""unresolved""}}"
iEeiZlTbts__r01	NeurIPS 2024 limit100 v1	partially_fixed	partially_fixed	3	"Dear reviewer, thank you for your thorough review and helpful suggestions! We also appreciate you mentioning that our paper ""includes many contributions"" and ""could help to move further ACL research toward more promising directions."" Please find our responses and changes below. # Hyperparameters and UED underperformance As rightfully requested by the reviewer, we have performed extensive hyperparameter tuning for..."	User-confirmed single-pass standard validation; User confirmed NeurIPS resolved candidate on 2026-04-28. source=resolved-label candidate reviewed by user; not an independent two-annotator IAA pass. Resolution action: upgrade_weak_unresolved_to_partial. Resolution reason: Weak unresolved draft conflicts with fixed/partial model support and concrete response/revision evidence; open-scope cues keep this conservative.	33.810	label=partially_fixed; bucket=minority_unresolved; disagreement=2; audit_score=23.270	minority_unresolved	23.270	12.700	unresolved	unresolved			partially_fixed	partially_fixed	fixed	unresolved	partially_fixed		"{""frontier"": ""multi_model"", ""anchor"": ""structured"", ""disagreement_models"": [""issue_ledger"", ""mpnet""], ""majority_label"": ""partially_fixed"", ""risk_labels"": [""unresolved""], ""all_labels"": {""structured"": ""partially_fixed"", ""tfidf"": ""partially_fixed"", ""modernbert"": ""partially_fixed"", ""mpnet"": ""fixed"", ""issue_ledger"": ""unresolved""}}"
w7P92BEsb2__r01	ICLR 2025 repro v2	fixed	fixed	4	Figure 6 and Lines 510-530 compare errors and computational costs	User-reviewed standard human-validation signoff on 2026-04-26; source=human-reviewed AI-assisted signoff packet. Reviewed assistant note: The specific computational-cost comparison concern is directly answered with cost comparisons.	32.450	label=fixed; bucket=structured_error; disagreement=2; audit_score=19.150	structured_error	19.150	11.500	fixed	unresolved			partially_fixed	partially_fixed	fixed	unresolved	partially_fixed	Figure 6 and Lines 510-530 compare errors and computational costs	The specific computational-cost comparison concern is directly answered with cost comparisons.
9k0krNzvlV__r02	ICLR 2024 v1	partially_fixed	partially_fixed	4	Added sample-efficiency plots, experiments with multiple keys, and clearer framing of the open-model watermarking contribution.	User-reviewed standard human-validation signoff on 2026-04-26; source=human-reviewed AI-assisted signoff packet. Reviewed assistant note: Attack realism is better supported, but the broader value proposition remains partly argumentative.	30.860	label=partially_fixed; bucket=structured_error; disagreement=3; audit_score=20.620	structured_error	20.620	6.200	partially_fixed	unresolved		regressed	partially_fixed	fixed	partially_fixed	unresolved	unresolved	Added sample-efficiency plots, experiments with multiple keys, and clearer framing of the open-model watermarking contribution.	Attack realism is better supported, but the broader value proposition remains partly argumentative.
ADDCErFzev__r02	ICLR 2024 v1	partially_fixed	partially_fixed	4	Clarified lesioning, fc7 analysis, COCO/NSD comparison, and limitations, but single-architecture/generalization concern remains.	User-reviewed standard human-validation signoff on 2026-04-26; source=human-reviewed AI-assisted signoff packet. Reviewed assistant note: Added fc7 appendix and same-image COCO analysis; broader architecture evidence is still not supplied.	30.860	label=partially_fixed; bucket=structured_error; disagreement=3; audit_score=20.620	structured_error	20.620	6.200	partially_fixed	fixed		regressed	unresolved	partially_fixed	fixed	fixed	fixed	Clarified lesioning, fc7 analysis, COCO/NSD comparison, and limitations, but single-architecture/generalization concern remains.	Added fc7 appendix and same-image COCO analysis; broader architecture evidence is still not supplied.
ADDCErFzev__r04	ICLR 2024 v1	fixed	fixed	4	Answered all concrete questions with fc7 analysis, V1/OTC eigenspectrum analysis, voxel/unit counts, and clarified dropout-layer choice.	User-reviewed standard human-validation signoff on 2026-04-26; source=human-reviewed AI-assisted signoff packet. Reviewed assistant note: Added Appendix analyses for fc7 and human V1, plus explanation of the dropout/robustness criterion.	30.860	label=fixed; bucket=structured_error; disagreement=2; audit_score=18.620	structured_error	18.620	6.200	fixed	unresolved		regressed	unresolved	partially_fixed	partially_fixed	partially_fixed	partially_fixed	Answered all concrete questions with fc7 analysis, V1/OTC eigenspectrum analysis, voxel/unit counts, and clarified dropout-layer choice.	Added Appendix analyses for fc7 and human V1, plus explanation of the dropout/robustness criterion.
AyXIDfvYg8__r02	ICLR 2024 v1	fixed	fixed	4	Context fallback from aligned response context: We thank you for their detailed review and questions. We are pleased to see your recognition of our efforts in presentation. Please find our detailed response below, in addition to the comments in the global response. **For example, consider the simple case of binary classification...**: Thank you for prompting this discussion. The statement regarding...	User-reviewed standard human-validation signoff on 2026-04-26; source=human-reviewed AI-assisted signoff packet. Reviewed assistant note: theoretical goal-justification concern was answered directly	30.860	label=fixed; bucket=structured_error; disagreement=2; audit_score=18.620	structured_error	18.620	6.200	fixed	fixed		regressed	unresolved	partially_fixed	unresolved	unresolved	partially_fixed		theoretical goal-justification concern was answered directly
buC4E91xZE__r01	ICLR 2024 v1	partially_fixed	partially_fixed	4	Clarified that only one visual encoder is used, added runtime/FPS, prompt-template ablations, and more explanation for object-agnostic prompts.	User-reviewed standard human-validation signoff on 2026-04-26; source=human-reviewed AI-assisted signoff packet. Reviewed assistant note: Computation and prompt-scope concerns improved, but DPAM still lacks a deeper mechanistic justification.	30.860	label=partially_fixed; bucket=structured_error; disagreement=3; audit_score=20.620	structured_error	20.620	6.200	partially_fixed	unresolved		regressed	partially_fixed	partially_fixed	partially_fixed	unresolved	fixed	Clarified that only one visual encoder is used, added runtime/FPS, prompt-template ablations, and more explanation for object-agnostic prompts.	Computation and prompt-scope concerns improved, but DPAM still lacks a deeper mechanistic justification.
buC4E91xZE__r04	ICLR 2024 v1	partially_fixed	partially_fixed	4	Added explicit failure-case analysis, moved S_n and S_a definitions earlier, expanded related work, and supplemented ablations.	User-reviewed standard human-validation signoff on 2026-04-26; source=human-reviewed AI-assisted signoff packet. Reviewed assistant note: Failure modes are now discussed, but the object-agnostic assumption is discussed rather than fundamentally resolved.	30.860	label=partially_fixed; bucket=structured_error; disagreement=3; audit_score=20.620	structured_error	20.620	6.200	partially_fixed	unresolved		regressed	partially_fixed	partially_fixed	partially_fixed	unresolved	fixed	Added explicit failure-case analysis, moved S_n and S_a definitions earlier, expanded related work, and supplemented ablations.	Failure modes are now discussed, but the object-agnostic assumption is discussed rather than fundamentally resolved.
dCHbFDsCZz__r01	ICLR 2024 v1	fixed	fixed	4	Context fallback from aligned response context: Thank you for your appreciation of our contribution. We have carefully addressed all the questions raised, especially regarding the consistency of our mathematical results. Please find our responses below, and we respectfully request the reviewer to reconsider the overall rating. **Weaknesses:** **1. Although GitHub repo links and other identifying...	User-reviewed standard human-validation signoff on 2026-04-26; source=human-reviewed AI-assisted signoff packet. Reviewed assistant note: equation and release-plan concerns were explicitly addressed	30.860	label=fixed; bucket=structured_error; disagreement=2; audit_score=18.620	structured_error	18.620	6.200	fixed	fixed		fixed	partially_fixed	fixed	partially_fixed	unresolved	partially_fixed		equation and release-plan concerns were explicitly addressed
kmn0BhQk7p__r04	ICLR 2024 v1	fixed	fixed	4	Since then we have cross-labeled ~25% of the dataset	User-reviewed standard human-validation signoff on 2026-04-26; source=human-reviewed AI-assisted signoff packet. Reviewed assistant note: Directly validates the multi-label concern with new agreement numbers.	30.860	label=fixed; bucket=structured_error; disagreement=2; audit_score=18.620	structured_error	18.620	6.200	fixed	fixed		regressed	partially_fixed	partially_fixed	fixed	fixed	partially_fixed	Since then we have cross-labeled ~25% of the dataset	Directly validates the multi-label concern with new agreement numbers.
tEgrUrUuwA__r01	ICLR 2024 v1	fixed	fixed	4	Context fallback from aligned response context: We appreciate your detailed suggestions for our work. We provide the response to your concerns point by point as follows: **Q1: It would be easier for a reader to follow if the same notation would not be used for different purposes. $h$ (page 15) - class homophily metric $h_{i}^{(l)}$ (page 3) - $l$-th layer hidden representation of $v_i$.** **A1:** Thank...	User-reviewed standard human-validation signoff on 2026-04-26; source=human-reviewed AI-assisted signoff packet. Reviewed assistant note: notation and equation questions were directly resolved	30.860	label=fixed; bucket=structured_error; disagreement=2; audit_score=18.620	structured_error	18.620	6.200	fixed	partially_fixed		regressed	fixed	fixed	fixed	unresolved	unresolved		notation and equation questions were directly resolved
AZGIwqCyYY__r03	ICLR 2024 v1	fixed	fixed	4	Context fallback from aligned response context: We appreciate your thoughtful effort in reviewing this work. We are delighted to hear that the reviewer has recognized the contribution of our work in contrast to many existing works. We have carefully considered the points raised by the reviewer and have revised our manuscript as follows (we also recommend that the reviewer check the overall response)....	User-reviewed standard human-validation signoff on 2026-04-26; source=human-reviewed AI-assisted signoff packet. Reviewed assistant note: requested baseline results and CKA clarifications were added	30.841	label=fixed; bucket=structured_error; disagreement=2; audit_score=18.614	structured_error	18.614	6.135	fixed	partially_fixed		fixed	partially_fixed	fixed	partially_fixed	unresolved	partially_fixed		requested baseline results and CKA clarifications were added
lK2V2E2MNv__r01	ICLR 2024 v1	fixed	fixed	4	Rebuttal adds objective ablations and direct evidence that learnable prototype spaces are unstable in this frozen-backbone setting, which answers both the linear-layer motivation and component-analysis requests.	User-reviewed standard human-validation signoff on 2026-04-26; source=human-reviewed AI-assisted signoff packet. Reviewed assistant note: This one gets real new experiments exactly on the disputed design choice.	30.830	label=fixed; bucket=structured_error; disagreement=2; audit_score=18.610	structured_error	18.610	6.102	fixed	fixed		regressed	fixed	fixed	fixed	fixed	partially_fixed	Rebuttal adds objective ablations and direct evidence that learnable prototype spaces are unstable in this frozen-backbone setting, which answers both the linear-layer motivation and component-analysis requests.	This one gets real new experiments exactly on the disputed design choice.
6ARlSgun7J__r02	ICLR 2024 v1	fixed	fixed	4	Clarified the lambda notation confusion and added explicit lambda tradeoff sweeps across three datasets.	User-reviewed standard human-validation signoff on 2026-04-26; source=human-reviewed AI-assisted signoff packet. Reviewed assistant note: The key hyperparameter-sensitivity concern is directly resolved.	29.860	label=fixed; bucket=structured_error; disagreement=2; audit_score=17.620	structured_error	17.620	6.200	fixed	unresolved		regressed	partially_fixed	partially_fixed	partially_fixed	unresolved	partially_fixed	Clarified the lambda notation confusion and added explicit lambda tradeoff sweeps across three datasets.	The key hyperparameter-sensitivity concern is directly resolved.
BTKAeLqLMw__r01	ICLR 2024 v1	fixed	fixed	4	Added Open LLM Leaderboard benchmarks, more backbone results, inter-annotator agreement details, and cross-set comparability checks for complexity scores.	User-reviewed standard human-validation signoff on 2026-04-26; source=human-reviewed AI-assisted signoff packet. Reviewed assistant note: Main evaluation-bias and limited-benchmark concerns are substantially closed.	29.860	label=fixed; bucket=structured_error; disagreement=2; audit_score=17.620	structured_error	17.620	6.200	fixed	unresolved		regressed	partially_fixed	partially_fixed	partially_fixed	unresolved	partially_fixed	Added Open LLM Leaderboard benchmarks, more backbone results, inter-annotator agreement details, and cross-set comparability checks for complexity scores.	Main evaluation-bias and limited-benchmark concerns are substantially closed.
GN921JHCRw__r03	ICLR 2024 v1	fixed	fixed	4	Context fallback from aligned response context: > **While I get the theoretical intuition of clustering (to prevent information loss, by clustering more homogenous content for summarization), it would have been nice to have an empirical demonstration of the effectiveness of clustering. A possible ablation could be: what if we took a balanced tree-style encoding/summarization and simply recursively...	User-reviewed standard human-validation signoff on 2026-04-26; source=human-reviewed AI-assisted signoff packet. Reviewed assistant note: the requested clustering ablation and related-work fixes were added	29.860	label=fixed; bucket=structured_error; disagreement=2; audit_score=17.620	structured_error	17.620	6.200	fixed	partially_fixed		regressed	partially_fixed	partially_fixed	partially_fixed	unresolved	partially_fixed		the requested clustering ablation and related-work fixes were added
KTtEICH4TO__r01	ICLR 2024 v1	fixed	fixed	4	Context fallback from aligned response context: We thank the reviewer for the effort and positive assessment of our work. > (W1) The model takes the difference between current object pose and target object pose as input. This can bring significant engineering challenge since object segmentation and pose tracking in the real world can be difficult. However, the authors documented their approach very well...	User-reviewed standard human-validation signoff on 2026-04-26; source=human-reviewed AI-assisted signoff packet. Reviewed assistant note: limitations and coordinate-frame concerns were clearly documented	29.860	label=fixed; bucket=structured_error; disagreement=2; audit_score=17.620	structured_error	17.620	6.200	fixed	fixed		fixed	partially_fixed	partially_fixed	partially_fixed	unresolved	partially_fixed		limitations and coordinate-frame concerns were clearly documented
OsGUnYOzii__r03	ICLR 2024 v1	fixed	fixed	4	Context fallback from aligned response context: **References** We incorporated the suggested references into our work. References [1] and [2] have already been cited in our related work section before. In particular, [2] is the primary work we built upon by extending their approach to simplicial complexes. We believe this is made clear in the current version of the paper already, e.g. in the...	User-reviewed standard human-validation signoff on 2026-04-26; source=human-reviewed AI-assisted signoff packet. Reviewed assistant note: related-work gap and positioning were directly addressed	29.860	label=fixed; bucket=structured_error; disagreement=2; audit_score=17.620	structured_error	17.620	6.200	fixed	partially_fixed		fixed	partially_fixed	partially_fixed	partially_fixed	unresolved	partially_fixed		related-work gap and positioning were directly addressed
ONfWFluZBI__r02	ICLR 2025 repro v2	partially_fixed	partially_fixed	4	Appendix I/L/M add non-injective mixing, identifiability discussion, and extra baselines	User-reviewed standard human-validation signoff on 2026-04-26; source=human-reviewed AI-assisted signoff packet. Reviewed assistant note: Contribution and limitation context is improved, but several theoretical-condition questions remain largely discussion-level.	28.450	label=partially_fixed; bucket=structured_error; disagreement=2; audit_score=19.150	structured_error	19.150	11.500	partially_fixed	unresolved			partially_fixed	fixed	unresolved	unresolved	unresolved	Appendix I/L/M add non-injective mixing, identifiability discussion, and extra baselines	Contribution and limitation context is improved, but several theoretical-condition questions remain largely discussion-level.
odjMSBSWRt__r03	ICLR 2025 repro v2	fixed	fixed	4	All 660 prompts manually reviewed; temperature set to 0; one response per question; agreement metrics added	User-reviewed standard human-validation signoff on 2026-04-26; source=human-reviewed AI-assisted signoff packet. Reviewed assistant note: Methodology questions about prompt review, sampling, annotator rubric, and agreement are directly answered.	23.950	label=fixed; bucket=model_high_conflict; disagreement=2; audit_score=11.150	model_high_conflict	11.150	11.500	fixed	unresolved			partially_fixed	fixed	fixed	unresolved	fixed	All 660 prompts manually reviewed; temperature set to 0; one response per question; agreement metrics added	Methodology questions about prompt review, sampling, annotator rubric, and agreement are directly answered.
PwxYoMvmvy__r04	ICLR 2025 repro v2	fixed	fixed	4	Removed misleading “our approach”; added experiments validating dimension-specific subgraphs, degree effects, and oversmoothing	User-reviewed standard human-validation signoff on 2026-04-26; source=human-reviewed AI-assisted signoff packet. Reviewed assistant note: The main experimental-alignment critique is directly addressed with added and corrected experiments.	23.450	label=fixed; bucket=structured_error; disagreement=1; audit_score=12.150	structured_error	12.150	11.500	fixed	unresolved			partially_fixed	unresolved	partially_fixed	unresolved	partially_fixed	Removed misleading “our approach”; added experiments validating dimension-specific subgraphs, degree effects, and oversmoothing	The main experimental-alignment critique is directly addressed with added and corrected experiments.
ONfWFluZBI__r04	ICLR 2025 repro v2	fixed	fixed	4	Appendix L adds MCC/component-wise discussion and Appendix M compares TCL, PCL, and TDRL	User-reviewed standard human-validation signoff on 2026-04-26; source=human-reviewed AI-assisted signoff packet. Reviewed assistant note: Requested baseline and identifiability-metric additions are directly made, with code shared.	21.500	label=fixed; bucket=structured_error; disagreement=1; audit_score=11.500	structured_error	11.500	5.000	fixed	partially_fixed			partially_fixed	fixed	partially_fixed	partially_fixed	partially_fixed	Appendix L adds MCC/component-wise discussion and Appendix M compares TCL, PCL, and TDRL	Requested baseline and identifiability-metric additions are directly made, with code shared.
odjMSBSWRt__r04	ICLR 2025 repro v2	partially_fixed	partially_fixed	4	Argues conversational AI dark patterns analogize to disguised ads, nagging, confirmshaming, and harmful generation	User-reviewed standard human-validation signoff on 2026-04-26; source=human-reviewed AI-assisted signoff packet. Reviewed assistant note: Theoretical grounding is expanded, but the reviewer framed this as a deep conceptual concern unlikely to be fully fixed in rebuttal.	19.950	label=partially_fixed; bucket=model_high_conflict; disagreement=2; audit_score=11.150	model_high_conflict	11.150	11.500	partially_fixed	unresolved			partially_fixed	partially_fixed	fixed	unresolved	partially_fixed	Argues conversational AI dark patterns analogize to disguised ads, nagging, confirmshaming, and harmful generation	Theoretical grounding is expanded, but the reviewer framed this as a deep conceptual concern unlikely to be fully fixed in rebuttal.
odjMSBSWRt__r01	ICLR 2025 repro v2	partially_fixed	partially_fixed	4	Uses three annotator models and adds a statistical test for annotator model-family bias	User-reviewed standard human-validation signoff on 2026-04-26; source=human-reviewed AI-assisted signoff packet. Reviewed assistant note: Annotator-bias concern is addressed, but demographics, prompt stability, and qualitative examples are not fully resolved.	17.500	label=partially_fixed; bucket=structured_error; disagreement=1; audit_score=11.500	structured_error	11.500	5.000	partially_fixed	fixed			partially_fixed	fixed	fixed	fixed	fixed	Uses three annotator models and adds a statistical test for annotator model-family bias	Annotator-bias concern is addressed, but demographics, prompt stability, and qualitative examples are not fully resolved.
odjMSBSWRt__r02	ICLR 2025 repro v2	partially_fixed	partially_fixed	4	Adds statistical test for annotator own-model bias and discusses agreement across annotators	User-reviewed standard human-validation signoff on 2026-04-26; source=human-reviewed AI-assisted signoff packet. Reviewed assistant note: Some validity questions are addressed, but cutoff/significance and human-vs-model reporting remain only partially covered.	17.500	label=partially_fixed; bucket=structured_error; disagreement=1; audit_score=11.500	structured_error	11.500	5.000	partially_fixed	fixed			partially_fixed	fixed	fixed	fixed	fixed	Adds statistical test for annotator own-model bias and discusses agreement across annotators	Some validity questions are addressed, but cutoff/significance and human-vs-model reporting remain only partially covered.
imT03YXlG2__r04	ICLR 2025 repro v2	fixed	fixed	4	Revised overall structure; added separate key-finding subsections, Fig. 6 for adaptation analysis, and Section 5 broader implications.	User-reviewed standard human-validation signoff on 2026-04-26; source=human-reviewed AI-assisted signoff packet. Reviewed assistant note: The requested clarity, consolidation, and implications discussion are directly addressed with concrete manuscript changes.	15.660	label=fixed; bucket=structured_error; disagreement=0; audit_score=8.220	structured_error	8.220	2.200	fixed	partially_fixed			partially_fixed	partially_fixed	partially_fixed	partially_fixed	partially_fixed	Revised overall structure; added separate key-finding subsections, Fig. 6 for adaptation analysis, and Section 5 broader implications.	The requested clarity, consolidation, and implications discussion are directly addressed with concrete manuscript changes.
Kak2ZH5Itp__r02	ICLR 2025 expanded80 v1	fixed	fixed	4	Thanks for your insightful questions and we believe they hold significant value for our work. We try to resolve your concerns below. > W1: The quality of GPT-as-a-judge in different languages Please refer to the `General Response about GPT-4 on Cross-Language Evaluation Bias` for further details. > W2: The explanation of the benefits of incorporating negative samples to construct English preference pairs for...	"User-confirmed standard expanded80 validation on 2026-04-26; source=user-reviewed expanded80 assistant-adjudication draft; not an independent two-annotator IAA pass. Evidence source: aligned_response_excerpt. Source adjudication note: {""audit_bucket"": ""model_disagreement"", ""evidence_source"": ""aligned_response_excerpt"", ""model_labels"": {""issue_ledger"": ""fixed"", ""modernbert"": ""partially_fixed"", ""mpnet"": ""fixed"", ""structured"": ""fixed"", ""tfidf"": ""partially_fixed""}, ""not_human_validated"": true, ""provenance"": ""provisional_assistant_adjudication_from_expanded80_frontier"", ""suggested_label"": ""fixed""}"	14.060	label=fixed; bucket=model_disagreement; disagreement=1; audit_score=4.020	model_disagreement	4.020	10.200	fixed	fixed			partially_fixed	partially_fixed	fixed	fixed	fixed		"{""frontier"": ""multi_model"", ""anchor"": ""structured"", ""disagreement_models"": [""modernbert"", ""tfidf""], ""majority_label"": ""fixed"", ""risk_labels"": [], ""all_labels"": {""structured"": ""fixed"", ""tfidf"": ""partially_fixed"", ""modernbert"": ""partially_fixed"", ""mpnet"": ""fixed"", ""issue_ledger"": ""fixed""}}"
KnoS9XxIlK__r01	ICLR 2025 expanded80 v1	fixed	fixed	4	We sincerely thank for your effort and thoughtful feedback on our work. Your comments and suggestions have greatly contributed to improving the quality and clarity of our paper. **W1, W4 \& Question:** It is important to understand how the gain in training loss quality effects the validation loss and downstream performance. **A:** We would like to clarify that we are considering the typical pretraining setting where...	"User-confirmed standard expanded80 validation on 2026-04-26; source=user-reviewed expanded80 assistant-adjudication draft; not an independent two-annotator IAA pass. Evidence source: aligned_response_excerpt. Source adjudication note: {""audit_bucket"": ""model_disagreement"", ""evidence_source"": ""aligned_response_excerpt"", ""model_labels"": {""issue_ledger"": ""partially_fixed"", ""modernbert"": ""fixed"", ""mpnet"": ""fixed"", ""structured"": ""fixed"", ""tfidf"": ""partially_fixed""}, ""not_human_validated"": true, ""provenance"": ""provisional_assistant_adjudication_from_expanded80_frontier"", ""suggested_label"": ""fixed""}"	14.060	label=fixed; bucket=model_disagreement; disagreement=1; audit_score=4.020	model_disagreement	4.020	10.200	fixed	fixed			partially_fixed	fixed	fixed	partially_fixed	fixed		"{""frontier"": ""multi_model"", ""anchor"": ""structured"", ""disagreement_models"": [""issue_ledger"", ""tfidf""], ""majority_label"": ""fixed"", ""risk_labels"": [], ""all_labels"": {""structured"": ""fixed"", ""tfidf"": ""partially_fixed"", ""modernbert"": ""fixed"", ""mpnet"": ""fixed"", ""issue_ledger"": ""partially_fixed""}}"
L14sqcrUC3__r04	ICLR 2025 expanded80 v1	fixed	fixed	4	"Thank you for the review. We address your concerns and reiterate relevant paper contribution below. --- ### **Clarifying the core contribution of the paper** Distinction between ""Framework"" and ""Benchmark"": > ...the author introduces a new **framework** called TabReD... > TabRed, we do not need to **reinvent the wheel** for each problem. Gorishniy's **framework** is more than enough for the experiment. If your focus..."	"User-confirmed standard expanded80 validation on 2026-04-26; source=user-reviewed expanded80 assistant-adjudication draft; not an independent two-annotator IAA pass. Evidence source: aligned_response_excerpt. Source adjudication note: {""audit_bucket"": ""model_disagreement"", ""evidence_source"": ""aligned_response_excerpt"", ""model_labels"": {""issue_ledger"": ""fixed"", ""modernbert"": ""partially_fixed"", ""mpnet"": ""fixed"", ""structured"": ""fixed"", ""tfidf"": ""partially_fixed""}, ""not_human_validated"": true, ""provenance"": ""provisional_assistant_adjudication_from_expanded80_frontier"", ""suggested_label"": ""fixed""}"	14.060	label=fixed; bucket=model_disagreement; disagreement=1; audit_score=4.020	model_disagreement	4.020	10.200	fixed	fixed			partially_fixed	partially_fixed	fixed	fixed	fixed		"{""frontier"": ""multi_model"", ""anchor"": ""structured"", ""disagreement_models"": [""modernbert"", ""tfidf""], ""majority_label"": ""fixed"", ""risk_labels"": [], ""all_labels"": {""structured"": ""fixed"", ""tfidf"": ""partially_fixed"", ""modernbert"": ""partially_fixed"", ""mpnet"": ""fixed"", ""issue_ledger"": ""fixed""}}"
ZS7UEI3vG5__r04	ICLR 2025 expanded80 v1	fixed	fixed	4	The paper emphasizes that its primary contribution is improving the poly(1/α) dependency from Lee et al. (2023) to poly-log(1/α). However, a quick look at that paper reveals that Lee et al. (2023) focuses on estimating the parameter, not the truncated distribution. Therefore, I am unsure how significant this improvement is. $\textbf{Response:}$ Our result implies the parameter estimation of Lee et al. (2023) (see...	"User-confirmed standard expanded80 validation on 2026-04-26; source=user-reviewed expanded80 assistant-adjudication draft; not an independent two-annotator IAA pass. Evidence source: aligned_response_excerpt. Source adjudication note: {""audit_bucket"": ""model_disagreement"", ""evidence_source"": ""aligned_response_excerpt"", ""model_labels"": {""issue_ledger"": ""fixed"", ""modernbert"": ""partially_fixed"", ""mpnet"": ""fixed"", ""structured"": ""fixed"", ""tfidf"": ""partially_fixed""}, ""not_human_validated"": true, ""provenance"": ""provisional_assistant_adjudication_from_expanded80_frontier"", ""suggested_label"": ""fixed""}"	14.060	label=fixed; bucket=model_disagreement; disagreement=1; audit_score=4.020	model_disagreement	4.020	10.200	fixed	fixed			partially_fixed	partially_fixed	fixed	fixed	fixed		"{""frontier"": ""multi_model"", ""anchor"": ""structured"", ""disagreement_models"": [""modernbert"", ""tfidf""], ""majority_label"": ""fixed"", ""risk_labels"": [], ""all_labels"": {""structured"": ""fixed"", ""tfidf"": ""partially_fixed"", ""modernbert"": ""partially_fixed"", ""mpnet"": ""fixed"", ""issue_ledger"": ""fixed""}}"
w7P92BEsb2__r02	ICLR 2025 repro v2	partially_fixed	partially_fixed	4	Clarifies PINN role and states the framework will be described more explicitly in the main paper	User-reviewed standard human-validation signoff on 2026-04-26; source=human-reviewed AI-assisted signoff packet. Reviewed assistant note: Addresses motivation and algorithm clarity, but some requests are handled by explanation rather than complete new evidence.	10.060	label=partially_fixed; bucket=model_disagreement; disagreement=1; audit_score=4.020	model_disagreement	4.020	10.200	partially_fixed	partially_fixed			partially_fixed	partially_fixed	fixed	fixed	partially_fixed	Clarifies PINN role and states the framework will be described more explicitly in the main paper	Addresses motivation and algorithm clarity, but some requests are handled by explanation rather than complete new evidence.
w7P92BEsb2__r04	ICLR 2025 repro v2	partially_fixed	partially_fixed	4	Adds Algorithm 3/main-text clarification and NLE/MINE neural ED baselines	User-reviewed standard human-validation signoff on 2026-04-26; source=human-reviewed AI-assisted signoff packet. Reviewed assistant note: Algorithm flow and baseline concerns are addressed, while novelty/adopted-technique concern is only partially resolved.	10.018	label=partially_fixed; bucket=model_disagreement; disagreement=1; audit_score=4.006	model_disagreement	4.006	10.060	partially_fixed	partially_fixed			partially_fixed	partially_fixed	fixed	fixed	partially_fixed	Adds Algorithm 3/main-text clarification and NLE/MINE neural ED baselines	Algorithm flow and baseline concerns are addressed, while novelty/adopted-technique concern is only partially resolved.
w7P92BEsb2__r03	ICLR 2025 repro v2	partially_fixed	partially_fixed	4	Explains faster convergence and computational advantages for ED despite similar final losses	User-reviewed standard human-validation signoff on 2026-04-26; source=human-reviewed AI-assisted signoff packet. Reviewed assistant note: Clarifies the main experimental interpretation, but parameter/noise robustness concerns are not fully visible in the matched response.	10.011	label=partially_fixed; bucket=model_disagreement; disagreement=1; audit_score=4.004	model_disagreement	4.004	10.036	partially_fixed	partially_fixed			partially_fixed	partially_fixed	fixed	fixed	partially_fixed	Explains faster convergence and computational advantages for ED despite similar final losses	Clarifies the main experimental interpretation, but parameter/noise robustness concerns are not fully visible in the matched response.
PwxYoMvmvy__r01	ICLR 2025 repro v2	partially_fixed	partially_fixed	4	Adds Appendix A.6 discussion of DropNode, DropEdge, DropMessage, and dropout masking mechanisms	User-reviewed standard human-validation signoff on 2026-04-26; source=human-reviewed AI-assisted signoff packet. Reviewed assistant note: Graph-regularization relevance is addressed, but practical dropout-rate guidance is still partial.	9.250	label=partially_fixed; bucket=model_disagreement; disagreement=1; audit_score=3.750	model_disagreement	3.750	7.500	partially_fixed	regressed			partially_fixed	partially_fixed	regressed	partially_fixed	partially_fixed	Adds Appendix A.6 discussion of DropNode, DropEdge, DropMessage, and dropout masking mechanisms	Graph-regularization relevance is addressed, but practical dropout-rate guidance is still partial.
ONfWFluZBI__r05	ICLR 2025 repro v2	partially_fixed	partially_fixed	4	Appendix M adds TCL/PCL/TDRL baselines; Appendix H real-data consistency is cited	User-reviewed standard human-validation signoff on 2026-04-26; source=human-reviewed AI-assisted signoff packet. Reviewed assistant note: Baseline concern is improved, but real-world applicability remains mostly indirect.	8.500	label=partially_fixed; bucket=model_disagreement; disagreement=1; audit_score=3.500	model_disagreement	3.500	5.000	partially_fixed	partially_fixed			partially_fixed	fixed	partially_fixed	partially_fixed	partially_fixed	Appendix M adds TCL/PCL/TDRL baselines; Appendix H real-data consistency is cited	Baseline concern is improved, but real-world applicability remains mostly indirect.
PwxYoMvmvy__r02	ICLR 2025 repro v2	partially_fixed	partially_fixed	4	Provides an upper-bound analysis involving graph sparsity and dropout factor and discusses graph dropout variants	User-reviewed standard human-validation signoff on 2026-04-26; source=human-reviewed AI-assisted signoff packet. Reviewed assistant note: The theory gives intuition but not a concrete hyperparameter-selection procedure.	8.500	label=partially_fixed; bucket=model_disagreement; disagreement=1; audit_score=3.500	model_disagreement	3.500	5.000	partially_fixed	partially_fixed			partially_fixed	fixed	partially_fixed	partially_fixed	partially_fixed	Provides an upper-bound analysis involving graph sparsity and dropout factor and discusses graph dropout variants	The theory gives intuition but not a concrete hyperparameter-selection procedure.
imT03YXlG2__r01	ICLR 2025 repro v2	partially_fixed	partially_fixed	4	Reorganized the paper, moved related work earlier, added setup subsections, and added layer-depth SAE experiments.	User-reviewed standard human-validation signoff on 2026-04-26; source=human-reviewed AI-assisted signoff packet. Reviewed assistant note: The organization and layer-choice questions are addressed, but the broader concern about limited scope remains only partly answered.	1.660	label=partially_fixed; bucket=label_stratum; disagreement=0; audit_score=0.220	label_stratum	0.220	2.200	partially_fixed	partially_fixed			partially_fixed	partially_fixed	partially_fixed	partially_fixed	partially_fixed	Reorganized the paper, moved related work earlier, added setup subsections, and added layer-depth SAE experiments.	The organization and layer-choice questions are addressed, but the broader concern about limited scope remains only partly answered.
imT03YXlG2__r02	ICLR 2025 repro v2	partially_fixed	partially_fixed	4	Added SAE reliability metrics, ablation results, transferability checks, and definitions for remapping/reuse.	User-reviewed standard human-validation signoff on 2026-04-26; source=human-reviewed AI-assisted signoff packet. Reviewed assistant note: The reliability and distribution-shift concerns are reduced, but monosemanticity and large-scale attribute validation remain only partially resolved.	1.660	label=partially_fixed; bucket=label_stratum; disagreement=0; audit_score=0.220	label_stratum	0.220	2.200	partially_fixed	partially_fixed			partially_fixed	partially_fixed	partially_fixed	partially_fixed	partially_fixed	Added SAE reliability metrics, ablation results, transferability checks, and definitions for remapping/reuse.	The reliability and distribution-shift concerns are reduced, but monosemanticity and large-scale attribute validation remain only partially resolved.
imT03YXlG2__r03	ICLR 2025 repro v2	partially_fixed	partially_fixed	4	Added Fig. 3, interactive qualitative examples, MaPLe explanation, and hyperparameter ablations; also softened the strong sophistication claim.	User-reviewed standard human-validation signoff on 2026-04-26; source=human-reviewed AI-assisted signoff packet. Reviewed assistant note: Real progress on readability and evidence, but the response admits the concept-granularity metrics are incomplete and adds more qualitative rather than decisive quantitative validation.	1.660	label=partially_fixed; bucket=label_stratum; disagreement=0; audit_score=0.220	label_stratum	0.220	2.200	partially_fixed	partially_fixed			partially_fixed	partially_fixed	partially_fixed	partially_fixed	partially_fixed	Added Fig. 3, interactive qualitative examples, MaPLe explanation, and hyperparameter ablations; also softened the strong sophistication claim.	Real progress on readability and evidence, but the response admits the concept-granularity metrics are incomplete and adds more qualitative rather than decisive quantitative validation.
PwxYoMvmvy__r03	ICLR 2025 repro v2	partially_fixed	partially_fixed	4	Added dataset details, expanded comparisons, directed-graph extension, activation/density discussion, dropout-rate intuition, and overhead analysis.	User-reviewed standard human-validation signoff on 2026-04-26; source=human-reviewed AI-assisted signoff packet. Reviewed assistant note: The revision covers most requested axes, but optimal dropout-rate guidance and some theoretical extensions remain high-level rather than fully operational.	1.300	label=partially_fixed; bucket=label_stratum; disagreement=0; audit_score=0.100	label_stratum	0.100	1.000	partially_fixed	partially_fixed			partially_fixed	partially_fixed	partially_fixed	partially_fixed	partially_fixed	Added dataset details, expanded comparisons, directed-graph extension, activation/density discussion, dropout-rate intuition, and overhead analysis.	The revision covers most requested axes, but optimal dropout-rate guidance and some theoretical extensions remain high-level rather than fully operational.
