issue_id	source_packet	paper_title	review_rating	review_confidence	review_excerpt	top_response_excerpt	aligned_response_excerpt	revision_summary	human_label	human_confidence	evidence_span	notes
8foynpwwRb__r02	ICLR 2023 random80 v1	Randomized Sharpness-Aware Training for Boosting Computational Efficiency in Deep Learning		4: You are confident in your assessment, but not absolutely certain. It is unlikely, but not impossible, that you did not understand some parts of the submission or that you are unfamiliar with some pieces of related work.	"[confidence] 4: You are confident in your assessment, but not absolutely certain. It is unlikely, but not impossible, that you did not understand some parts of the submission or that you are unfamiliar with some pieces of related work.

[summary_of_the_paper] Sharpness-aware minimisation (SAM) has been shown powerful to train high-performance deep learning models, but it also incurs at least double computational cost due to the extra back-propagation for the sharpness estimation. To improve the efficiency of the vanilla SAM, this paper proposes an training scheme, dubbed Randomized Sharpness-Aware Training (RST). RST performs a Bernoulli trial at each iteration to choose randomly from base algorithms (SGD) and SAM. The probabilities of Bernoulli trials at each time are determined by a predefined scheduling function $p(t)$. The average extra time is reduced from 1 to $\sum p(t) / T$.

[strength_and_weaknesses] Strength: - The proposed RST can reduce the extra computational cost of the vanilla SAM from 1 to $\sum p(t) / T$ in average, and preserves similarly good performances. - The paper is easy to follow. Weakness: - The novelty of this paper is my only concern. The idea of applying SAM to a subset of parameters or iterations has been explored in several papers [Mi et al. 2022, Liu et al. 2022, Du et al. 2022]. For example, Liu et al. 2022 propose to only periodically calculate the inner gradient ascent across the training iterations; Liu et al. 2022 and Du et al. 2022 propose to select a subset of parameters to calculate the inner gradients in each iterations. Over expectations, randomly selecting a subset of parameters in iterations is same as randomly select interactions. And the later can be considered as a special case of the former --- alternatively masking out all parameters. Mi et al. 2022, Make Sharpness-Aware Minimization Stronger: A Sparsified Perturbation Approach Du et al. 2022, Efficient Sharpness-aware Minimization for Improved Training of Neural Networks Liu et al. 2022, Towards Efficient and Scalable Sharpness-Aware Minimization"		"`Q: The novelty of this paper is my only concern. The idea of applying SAM to a subset of parameters or iterations has been explored in several papers [Mi et al. 2022, Liu et al. 2022, Du et al. 2022]. For example, Liu et al. 2022 propose to only periodically calculate the inner gradient ascent across the training iterations; Liu et al. 2022 and Du et al. 2022 propose to select a subset of parameters to calculate the inner gradients in each iterations. Over expectations, randomly selecting a subset of parameters in iterations is same as randomly select interactions. And the later can be considered as a special case of the former --- alternatively masking out all parameters.` We would like to thank the reviewer for the valuable comment. Firstly, we would like to discuss the difference between the weight masking method and our randomized policy. We understand the reviewer's point in regards to the mentioned ""expectation"" intuition. However, the two strategies have very different effect in terms of the computational efficiency. The reviewer could find that in ESAM paper, the ESAM's authors have explained why the improvement of computation efficiency is limited when using such masking strategy. In a word, due to the chain rule in BP, computing the gradients of weights in shallower layers requires computing the gradients in deeper layers. Therefore, gradients of many masked-out weights still need to be computed despite the fact that they have been masked out. Further, the reviewer could also find that the empirical results in ESAM confirm this demonstrations, where the computational efficiency is improved by only 10\% even the majority of the weights are not selected. Meanwhile, Sparse SAM follows the very similar idea of masking weights as ESAM. Although the Sparse SAM's authors show that their method theoretically requires much less FLOPs, yet still due to the impact of the chain rule in BP in practice, the actual training wall time is pretty close to the standard SAM training, even if we have set a very high sparse rate in Sparse SAM. The reviewer could give it a try https://github.com/Mi-Peng/Sparse-Sharpness-Aware-Minimization, and we also have uploaded the corresponding training logs in our repo for your reference. Besides, from the perspective of practical implementations, randomly selecting to records the gradients is not quite friendly to current deep learning frameworks because we may frequently alter the computational graph. For JAX, this may probability cause a re-complication in auto-differential framework, which could instead largely burden the computational efficiency. As for our method, we do not need to worry about all these concerns. Besides, we have also provided a comprehensive analysis to show how and why our method works. Next, more importantly, we would like to show that our RST does not conflict with these efficient methods, which means that we do not have to compare with these corresponding efficient techniques. We could easily notice that when selecting performing SAM algorithm in RST, we would not impose any operation on SAM algorithm. In fact, we could adopt these efficient methods when selecting SAM algorithm to further improve the computational efficiency of performing SAM algorithm. The following table only shows the results of ResNet18. And for detailed results, the reviewer could check the appendix B.6 in the newly uploaded version, including the results regarding VGG16BN and WideResNet28-10. LookSAM |Method|Time|C-10 Error|C-100 Error| |--|:--:|:--:|:--:| |SGD|15.6|4.48|20.79| |LookSAM|+5.6|4.06|20.30| |LookSAM + G-RST[50%]|+3.0|4.18|20.44| |LookSAM + G-RST[75%]|+4.4|3.94|20.11| ESAM |Method|Time|C-10 Error|C-100 Error| |--|:--:|:--:|:--:| |SGD|24.4|4.66|20.98| |ESAM|+18.6|4.05|20.28| |ESAM + G-RST[50%]|+9.5|4.41|20.72| |ESAM + G-RST[75%]|+14.0|4.08|20.21| SSAM |Method|Time|C-10 Error|C-100 Error| |--|:--:|:--:|:--:| |SGD|24.4|4.66|20.98| |SSAM|+21.0|3.89|20.17| |SSAM + G-RST[50%]|+10.7|4.03|20.41| |SSAM + G-RST[75%]|+15.8|3.83|20.19| It should be pointed that here, ESAM and SSAM are both implemented on the git repository https://github.com/Mi-Peng/Sparse-Sharpness-Aware-Minimization, where one A100 GPU is used.As we could see in the table, for all these efficient techniques, our RST could naturally improve the computational efficiency further since all these methods could have the choice to selecting performing base learning algorithm. However, if the selecting probability in RST is relatively low (0.5 in the table), it may harm the mixing effect, where the models may not be well trained. On the other hand, as properly raising the selecting probability (0.75 in the table), it is possible to acquire comparable results with these efficient techniques. Besides, we have also added extra results of our RST on SAM variants like ASAM and GSAM at Appendix B.5. The reviewer could check if interested. We thank the reviewer for the valuable time and comments.

Secondly, ""Sharpness-Aware Training for Free"" (SAF), Nips 2022. SAF proposes to minimize the KL-divergence between the output distributions yielded by the current model and the moving average of past models. It should be particularly noted that unlike SAM, SAF follows another way, where no explicit regularization is imposed within the neighborhood region during the whole training process. In fact, this makes SAF seem more like the idea of knowledge distillation than sharpness-aware learning, where the teacher model is the moving average of past models and the student model is the current model. Besides, just as the results reported in their paper, the superiority of SAF over SAM variants still requires further demonstrations. Technically, SAF is not solving the computation issue that exists in SAM, because it completely discards the basic idea of SAM. So it is somehow not well appropriate to directly compare with SAF in the current topic in terms of the computational efficiency. We have added discussions in the revised paper. Here, we have also discussed with some typical works that targets to improve the computational efficiency in SAM. Importantly, we would like to show that our RST does not conflict with these efficient methods, which means that we do not have to compare with these corresponding efficient techniques. We could easily notice that when selecting performing SAM algorithm in RST, we would not impose any operation on SAM algorithm. In fact, we could adopt these efficient methods when selecting SAM algorithm to further improve the computational efficiency of performing SAM algorithm. The following table only shows the results of ResNet18. And for detailed results, the reviewer could check the appendix B.6 in the newly uploaded version, including the results regarding VGG16BN and WideResNet28-10. LookSAM ""Liu et al. 2022, Towards Efficient and Scalable Sharpness-Aware Minimization, CVPR2022"" |Method|Time|C-10 Error|C-100 Error| |--|:--:|:--:|:--:| |SGD|15.6|4.48|20.79| |LookSAM|+5.6|4.06|20.30| |LookSAM + G-RST[50%]|+3.0|4.18|20.44| |LookSAM + G-RST[75%]|+4.4|3.94|20.11| ESAM ""Du et al. 2022, Efficient Sharpness-aware Minimization for Improved Training of Neural Networks, ICLR2022"" |Method|Time|C-10 Error|C-100 Error| |--|:--:|:--:|:--:| |SGD|24.4|4.66|20.98| |ESAM|+18.6|4.05|20.28| |ESAM + G-RST[50%]|+9.5|4.41|20.72| |ESAM + G-RST[75%]|+14.0|4.08|20.21| SSAM ""Mi et al. 2022, Make Sharpness-Aware Minimization Stronger: A Sparsified Perturbation Approach, Nips2022"" |Method|Time|C-10 Error|C-100 Error| |--|:--:|:--:|:--:| |SGD|24.4|4.66|20.98| |SSAM|+21.0|3.89|20.17| |SSAM + G-RST[50%]|+10.7|4.03|20.41| |SSAM + G-RST[75%]|+15.8|3.83|20.19| It should be pointed that here, ESAM and SSAM are both implemented on the git repository https://github.com/Mi-Peng/Sparse-Sharpness-Aware-Minimization, where one A100 GPU is used.As we could see in the table, for all these efficient techniques, our RST could naturally improve the computational efficiency further since all these methods could have the choice to selecting performing base learning algorithm. However, if the selecting probability in RST is relatively low (0.5 in the table), it may harm the mixing effect, where the models may not be well trained. On the other hand, as properly raising the selecting probability (0.75 in the table), it is possible to acquire comparable results with these efficient techniques. We thank again for the review time and valuable comment, and the reviewer could check Appendix for more details. `Q: Also, I was confused that why the selected architectures are different on CIFAR and ImageNet dataset?` A: We would like to thank the reviewer for the valuable comment. Actually, the validation here strictly follows the convention in the typical contemporary literatures regarding SAM related works (such as SAM, ESAM, ASAM, gradient norm regularization etc.). As the reviewer could see in the related papers, they all use different architectures for Cifar and ImageNet. We suppose this may partly because that some network architectures are not well suitable for training on ImageNet because of the computation cost and the similarity with ResNet architectures. We thank the reviewer for the valuable time and comments.

`Q: The proposed algorithm is intuitive and not novel enough. It is adding a probability to replace some of the SAM steps with normal SGD optimization steps. This would not be an issue if the proposed method is verified to be super-effective.` We would like to thank the reviewer for the helpful comment. We understand the reviewer's concern. In deep learning, we generally want the method to be as simple as possible because we could easy to implement in practice. And on the other side, we should also give such simple method a comprehensive analysis to show how and why it works. The reviewer could find that we have provided a comprehensive demonstration about the meaning of the proposed RSL and theoretically proved the convergence of such randomized policy, not just in an intuitive manner. Based on the interpretation from the perspective of gradient norm regularization, it is possible for us to manually control the randomized effect in RST. Further, we have also presented a detailed empirical study of how should one schedule the probability in practical training. The presented results have shown the effectiveness of our methods. `Q: However, the paper has missed many efficient SAM baselines such as GSAM [1] and SAF [2]..` We would like to thank the reviewer for the valuable comment. Firstly, GSAM, ICLR2022. GSAM is an equivalent variant of SAM, which targets to contribute to the the convergence of SAM not its computational efficiency. Compared to SAM, GSAM still requires two steps i.e. two forward-backward propagations at each training iterations. For the two steps, GSAM keep the ascent step unchanged, and additionally subtract the orthogonal direction of gradient as the decent gradient. Since GSAM is not targeting to reduce the computational overhead in SAM, it is therefore not necessary to compare with GSAM. Instead, we could actually apply our randomized policy on these SAM variants like GSAM to boost their computational efficiency. The following table only shows the results of ResNet18. And for detailed results, the reviewer could check the appendix B.5 in the newly uploaded version, including the results regarding VGG16BN and WideResNet28-10. |Method|Time|C-10 Error|C-100 Error| |--|:--:|:--:|:--:| |SGD|15.6|4.48|20.79| |ASAM|+15.8|3.77|20.02| |ASAM + RST[50%]|+8.0|3.91|20.31| |ASAM + G-RST[50%]|+7.9|3.65|19.95| |GSAM|+17.4|3.81|19.91| |GSAM + RST[50%]|+8.9|3.99|20.43| |GSAM + G-RST[50%]|+8.9|3.70|20.10| As we could see in the table, when using RST on ASAM and GSAM, we could obtain a similar results as using RST on SAM. Specifically, since RST and G-RST randomly selecting between sharpness-aware learning algorithm and the base learning algorithm, the computational efficiency could be largely improved for both ASAM and GSAM. And based on our demonstrations, RST would weaken the regularization effect, so we could see that the corresponding performance would be relatively lower than the standard sharpness-aware training. When doubling the regularization effect in G-RST, we could get comparable results with the standard sharpness-aware training, which confirms the effectiveness of our method."	"`Q: The proposed algorithm is intuitive and not novel enough. It is adding a probability to replace some of the SAM steps with normal SGD optimization steps. This would not be an issue if the proposed method is verified to be super-effective.` We would like to thank the reviewer for the helpful comment. We understand the reviewer's concern. In deep learning, we generally want the method to be as simple as possible because we could easy to implement in practice. And on the other side, we should also give such simple method a comprehensive analysis to show how and why it works. The reviewer could find that we have provided a comprehensive demonstration about the meaning of the proposed RSL and theoretically proved the convergence of such randomized policy, not just in an intuitive manner. Based on the interpretation from the perspective of gradient norm regularization, it is possible for us to manually control the randomized effect in RST. Further, we have also presented a detailed empirical study of how should one schedule the probability in practical training. The presented results have shown the effectiveness of our methods. `Q: However, the paper has missed many efficient SAM baselines such as GSAM [1] and SAF [2]..` We would like to thank the reviewer for the valuable comment. Firstly, GSAM, ICLR2022. GSAM is an equivalent variant of SAM, which targets to contribute to the the convergence of SAM not its computational efficiency. Compared to SAM, GSAM still requires two steps i.e. two forward-backward propagations at each training iterations. For the two steps, GSAM keep the ascent step unchanged, and additionally subtract the orthogonal direction of gradient as the decent gradient. Since GSAM is not targeting to reduce the computational overhead in SAM, it is therefore not necessary to compare with GSAM. Instead, we could actually apply our randomized policy on these SAM variants like GSAM to boost their computational efficiency. The following table only shows the results of ResNet18. And for detailed results, the reviewer could check the appendix B.5 in the newly uploaded version, including the results regarding VGG16BN and WideResNet28-10. |Method|Time|C-10 Error|C-100 Error| |--|:--:|:--:|:--:| |SGD|15.6|4.48|20.79| |ASAM|+15.8|3.77|20.02| |ASAM + RST[50%]|+8.0|3.91|20.31| |ASAM + G-RST[50%]|+7.9|3.65|19.95| |GSAM|+17.4|3.81|19.91| |GSAM + RST[50%]|+8.9|3.99|20.43| |GSAM + G-RST[50%]|+8.9|3.70|20.10| As we could see in the table, when using RST on ASAM and GSAM, we could obtain a similar results as using RST on SAM. Specifically, since RST and G-RST randomly selecting between sharpness-aware learning algorithm and the base learning algorithm, the computational efficiency could be largely improved for both ASAM and GSAM. And based on our demonstrations, RST would weaken the regularization effect, so we could see that the corresponding performance would be relatively lower than the standard sharpness-aware training. When doubling the regularization effect in G-RST, we could get comparable results with the standard sharpness-aware training, which confirms the effectiveness of our method.

`Q: The novelty of this paper is my only concern. The idea of applying SAM to a subset of parameters or iterations has been explored in several papers [Mi et al. 2022, Liu et al. 2022, Du et al. 2022]. For example, Liu et al. 2022 propose to only periodically calculate the inner gradient ascent across the training iterations; Liu et al. 2022 and Du et al. 2022 propose to select a subset of parameters to calculate the inner gradients in each iterations. Over expectations, randomly selecting a subset of parameters in iterations is same as randomly select interactions. And the later can be considered as a special case of the former --- alternatively masking out all parameters.` We would like to thank the reviewer for the valuable comment. Firstly, we would like to discuss the difference between the weight masking method and our randomized policy. We understand the reviewer's point in regards to the mentioned ""expectation"" intuition. However, the two strategies have very different effect in terms of the computational efficiency. The reviewer could find that in ESAM paper, the ESAM's authors have explained why the improvement of computation efficiency is limited when using such masking strategy. In a word, due to the chain rule in BP, computing the gradients of weights in shallower layers requires computing the gradients in deeper layers. Therefore, gradients of many masked-out weights still need to be computed despite the fact that they have been masked out. Further, the reviewer could also find that the empirical results in ESAM confirm this demonstrations, where the computational efficiency is improved by only 10\% even the majority of the weights are not selected. Meanwhile, Sparse SAM follows the very similar idea of masking weights as ESAM. Although the Sparse SAM's authors show that their method theoretically requires much less FLOPs, yet still due to the impact of the chain rule in BP in practice, the actual training wall time is pretty close to the standard SAM training, even if we have set a very high sparse rate in Sparse SAM. The reviewer could give it a try https://github.com/Mi-Peng/Sparse-Sharpness-Aware-Minimization, and we also have uploaded the corresponding training logs in our repo for your reference. Besides, from the perspective of practical implementations, randomly selecting to records the gradients is not quite friendly to current deep learning frameworks because we may frequently alter the computational graph. For JAX, this may probability cause a re-complication in auto-differential framework, which could instead largely burden the computational efficiency. As for our method, we do not need to worry about all these concerns. Besides, we have also provided a comprehensive analysis to show how and why our method works. Next, more importantly, we would like to show that our RST does not conflict with these efficient methods, which means that we do not have to compare with these corresponding efficient techniques. We could easily notice that when selecting performing SAM algorithm in RST, we would not impose any operation on SAM algorithm. In fact, we could adopt these efficient methods when selecting SAM algorithm to further improve the computational efficiency of performing SAM algorithm. The following table only shows the results of ResNet18. And for detailed results, the reviewer could check the appendix B.6 in the newly uploaded version, including the results regarding VGG16BN and WideResNet28-10. LookSAM |Method|Time|C-10 Error|C-100 Error| |--|:--:|:--:|:--:| |SGD|15.6|4.48|20.79| |LookSAM|+5.6|4.06|20.30| |LookSAM + G-RST[50%]|+3.0|4.18|20.44| |LookSAM + G-RST[75%]|+4.4|3.94|20.11| ESAM |Method|Time|C-10 Error|C-100 Error| |--|:--:|:--:|:--:| |SGD|24.4|4.66|20.98| |ESAM|+18.6|4.05|20.28| |ESAM + G-RST[50%]|+9.5|4.41|20.72| |ESAM + G-RST[75%]|+14.0|4.08|20.21| SSAM |Method|Time|C-10 Error|C-100 Error| |--|:--:|:--:|:--:| |SGD|24.4|4.66|20.98| |SSAM|+21.0|3.89|20.17| |SSAM + G-RST[50%]|+10.7|4.03|20.41| |SSAM + G-RST[75%]|+15.8|3.83|20.19| It should be pointed that here, ESAM and SSAM are both implemented on the git repository https://github.com/Mi-Peng/Sparse-Sharpness-Aware-Minimization, where one A100 GPU is used.As we could see in the table, for all these efficient techniques, our RST could naturally improve the computational efficiency further since all these methods could have the choice to selecting performing base learning algorithm. However, if the selecting probability in RST is relatively low (0.5 in the table), it may harm the mixing effect, where the models may not be well trained. On the other hand, as properly raising the selecting probability (0.75 in the table), it is possible to acquire comparable results with these efficient techniques. Besides, we have also added extra results of our RST on SAM variants like ASAM and GSAM at Appendix B.5. The reviewer could check if interested. We thank the reviewer for the valuable time and comments.

`Q: The concept of this paper is similar to the other papers [1]. This paper should cite and discuss the difference between this paper and another paper.` We thank the reviewer for the helpful comment. This mentioned paper is obviously an unfinished work. And here we publicly promise no violation of terms in regards to plagiarism and ethics. `Q: This paper is necessary to include diverse related works and efficient computation of SAM. For example, there are three research works, [2], [3], [4]. This paper only cites and discusses the [4]. However, there is no experimental comparison with [4]. I suggest that this paper should discuss and compare the performance with [2], [3], [4].` We thank the reviewer for the valuable comment. We have discussed all these methods in the newly uploaded paper. And importantly, we would like to show that our RST does not conflict with these efficient methods, which means that we do not have to compare with these corresponding efficient techniques. We could easily notice that when selecting performing SAM algorithm in RST, we would not impose any operation on SAM algorithm. In fact, we could adopt these efficient methods when selecting SAM algorithm to further improve the computational efficiency of performing SAM algorithm. The following table only shows the results of ResNet18. And for detailed results, the reviewer could check the appendix B.6 in the newly uploaded version, including the results regarding VGG16BN and WideResNet28-10. LookSAM[3] |Method|Time|C-10 Error|C-100 Error| |--|:--:|:--:|:--:| |SGD|15.6|4.48|20.79| |LookSAM|+5.6|4.06|20.30| |LookSAM + G-RST[50%]|+3.0|4.18|20.44| |LookSAM + G-RST[75%]|+4.4|3.94|20.11| ESAM[4] |Method|Time|C-10 Error|C-100 Error| |--|:--:|:--:|:--:| |SGD|24.4|4.66|20.98| |ESAM|+18.6|4.05|20.28| |ESAM + G-RST[50%]|+9.5|4.41|20.72| |ESAM + G-RST[75%]|+14.0|4.08|20.21| SSAM |Method|Time|C-10 Error|C-100 Error| |--|:--:|:--:|:--:| |SGD|24.4|4.66|20.98| |SSAM|+21.0|3.89|20.17| |SSAM + G-RST[50%]|+10.7|4.03|20.41| |SSAM + G-RST[75%]|+15.8|3.83|20.19| It should be pointed that here, ESAM and SSAM are both implemented on the git repository https://github.com/Mi-Peng/Sparse-Sharpness-Aware-Minimization, where one A100 GPU is used. As we could see in the table, for all these efficient techniques, our RST could naturally improve the computational efficiency further since all these methods could have the choice to selecting performing base learning algorithm. However, if the selecting probability in RST is relatively low (0.5 in the table), it may harm the mixing effect, where the models may not be well trained. On the other hand, as properly raising the selecting probability (0.75 in the table), it is possible to acquire comparable results with these efficient techniques. We thank again for the review time and valuable comment, and the reviewer could check Appendix for more details. Besides, we would like to particularly discuss the paper ""Sharpness-Aware Training for Free"" (SAF) [2], Nips 2022. SAF proposes to minimize the KL-divergence between the output distributions yielded by the current model and the moving average of past models. It should be particularly noted that unlike SAM, SAF follows another way, where no explicit regularization is imposed within the neighborhood region during the whole training process. In fact, this makes SAF seem more like the idea of knowledge distillation than sharpness-aware learning, where the teacher model is the moving average of past models and the student model is the current model. Besides, just as the results reported in their paper, the superiority of SAF over SAM variants still requires further demonstrations. Technically, SAF is not solving the computation issue that exists in SAM, because it completely discards the basic idea of SAM. So it is somehow not well appropriate to directly compare with SAF in the current topic in terms of the computational efficiency. We have added discussions in the revised paper. We thank the reviewer for the valuable time and comments."	unresolved	4	`Q: The novelty of this paper is my only concern. The idea of applying SAM to a subset of parameters or iterations has been explored in several papers [Mi et al. 2022, Liu et al. 2022, Du et al. 2022]. For example, Liu et al. 2022 propose to only periodically calculate the inner gradient ascent across the training iterations; Liu et al. 2022 and Du et al. 2022 propose to select a subset of parameters to calculate...	User-reviewed IAA second-pass confirmation on 2026-05-06; source=human-review; confirmed first-pass label.
DAO2BFzMfy__r04	NeurIPS 2024 limit100 v1	Interpreting the Weight Space of Customized Diffusion Models	6	5	"[weaknesses] - The paper lacks a comprehensive comparison with prior literature, resulting in inaccurate claims on “Alas, in multi-step generative models, like diffusion models, such a linear latent space is yet to be found”. In [a], it has been explicitly and theoretically proven such interpretable and linear latent space can be found in frozen DMs, without the need to fine-tune the model parameters, neither the DreamBooth tuning nor LoRA-based. Recent studies [2,3] have extended these findings for customization tasks and latent diffusion models. These methods have covered the scenarios including latent sampling, editing, and inverting, and thus should be discussed. - From the technical point of view, the authors put much more emphasis on the empirical investigations on the interpretability of latent spaces in DMs, but neglect the dimension of diffusion time steps from a more fundamental perspective. It would strengthen the paper if the authors could elaborate on the impact of time steps on the construction of your w2w space because multiple existing works [a,b,d] suggest the time step of latent spaces in DMs could carry important information on the distribution learning process and thus influence the downstream tasks. - From the experiments and evaluation perspective, it would be helpful to perform some user studies as subjective evaluations as many other generative application works do. In addition, these attribute directions and their properties have been demonstrated other than identity context, it may strengthen the paper if the authors could extend their application scenarios to a wider context. --- [a] Boundary Guided Learning Free Semantic Control with Diffusion Models, NeurIPS 2023. [b] Diffusion in Diffusion: Cyclic One-Way Diffusion for Text-Vision-Conditioned Generation, ICLR 2024. [c] Continuous, Subject-Specific Attribute Control in T2I Models by Identifying Semantic Directions. 2024 [d] Diffusionclip: Text-guided diffusion models for robust image manipulation. CVPR 2022.

[questions] Please see my comments in the Weaknesses section. I have mixed feelings about this paper. On the one hand, the paper risks over-claiming on some high-level motivations as pointed out in the Weaknesses section, lacking a clear positioning concerning several important related works. The methodological level design is also not entirely new and intriguing. On the other hand, I acknowledge that using model weights as datasets is interesting, and the efforts of “scaling up” to over 60.000 models seem to be one of the biggest contributions to me.

[summary] The paper proposes to learn a manifold over customized diffusion model weights as a subspace for interpretable downstream applications such as sampling, editing, and inversion. At the technological level, the authors collect the weights of over 60,000 models as the dataset and fine-tune those weights via LoRA to constitute the desired editing space. Experiments are conducted on CelebA dataset."	**“...editing and inverting have been widely studied in the field (see Weaknesses)”** and **“These methods have covered the scenarios including latent sampling, editing, and inverting and thus should be discussed”** and **“The methodological level design is also not entirely new and intriguing.”** We agree that latent sampling, editing, and inverting has been studied extensively. However, we believe there might be a misunderstanding. We explore these applications on **model weights**, not input noise or latents. *weights2weights* space can be thought of as a **meta**-latent space, with “applications analogous to those of a generative latent space – inversion, editing, and sampling – but **producing model weights rather than images**” (L316-318 in paper). We agree that the works you bring up are relevant, and we will include them in the related works. However, they focus on image manipulation, operating on the **image manifold**. As pointed out by reviewers rzPz and wMSF, we model and operate on the **“model weight manifold,”** manipulating the models themselves in order to produce new models. To the best of our knowledge, we believe this idea of a **meta**-latent space over mode...	"**“...editing and inverting have been widely studied in the field (see Weaknesses)”** and **“These methods have covered the scenarios including latent sampling, editing, and inverting and thus should be discussed”** and **“The methodological level design is also not entirely new and intriguing.”** We agree that latent sampling, editing, and inverting has been studied extensively. However, we believe there might be a misunderstanding. We explore these applications on **model weights**, not input noise or latents. *weights2weights* space can be thought of as a **meta**-latent space, with “applications analogous to those of a generative latent space – inversion, editing, and sampling – but **producing model weights rather than images**” (L316-318 in paper). We agree that the works you bring up are relevant, and we will include them in the related works. However, they focus on image manipulation, operating on the **image manifold**. As pointed out by reviewers rzPz and wMSF, we model and operate on the **“model weight manifold,”** manipulating the models themselves in order to produce new models. To the best of our knowledge, we believe this idea of a **meta**-latent space over model weights is novel. Furthermore, we add to this contribution by finding semantic weight subspaces with PCA and linear classifiers. Our analysis of the model weights shows that we can get valid identity-encoding diffusion models via linear interpolation among the weights of existing diffusion models spanning the subspace. We contrast sampling, editing, and inverting in the traditional sense with our idea of operating on model weights in Figure 2 of our paper. **1)** Sampling in the traditional sense will produce a latent that results in a single image. Sampling from *w2w* space produces a **new diffusion model** that can generate an infinite number of different images of the same identity. **2)** Editing an input such as a latent results in one edited image. In contrast, edits in *w2w* space result in a **new model** with edited weights such that attributes of the identity that this model generates are changed. Once the edit is conducted, we can generate new images from the model and the edited identity is consistent (e.g., now always has a beard). Throughout the paper, we show results of generated images before and after the model weight edits and observe that the generated images are largely unchanged except for the identities. This is to show that after editing the weights, the model is largely unaffected except its identity. **3)** Inversion into the input space in generative models reconstructs a single image. However, inversion into *w2w* space produces a **new model** based on the identity in the input. We can then indefinitely sample new images from the model which consistently generates that identity. Furthermore, with the OOD projection, we are distilling a realistic identity from the input image into a new model. **“... resulting in inaccurate claims on ‘Alas, in multi-step generative models, like diffusion models, such a linear latent space is yet to be found.’”** Thank you for pointing this out. We agree that this sentence is poorly phrased. The point we meant to get across is nicely summarized in paper [a] that you brought up: “In contrast to a single unified latent space in GANs [the multistep process of diffusion models] imposes extra difficulties for studying the latent spaces of DDMs.” Still, our motivation for studying the weight space and modeling its manifold remains. The fact that personalization approaches can insert concepts into the model weights without disrupting the prior of the model suggests that we can find such subspaces. This inspires us to develop the *weights2weights* as a *meta-latent space* controlling model weights. We will clarify this in the manuscript. **“The authors put much more emphasis on the empirical investigations on the interpretability of latent spaces in DMs, but neglect the dimension of diffusion time…”** We agree that analysis of diffusion timesteps is interesting with regards to the latent or noise spaces in DMs. However, we are analyzing the weights, which are fixed across timesteps. The identity and attribute subspaces we find are in the weights, and the applications such as inversion, sampling, and editing produce new weights parameterizing a new model which is fixed across timesteps. **“... it would be helpful to perform some user studies as subjective evaluations…”** Thank you for your suggestion! We conducted user studies for identity inversion in rebuttal PDF Table 2 and identity editing in rebuttal Table 3. We discuss the details of these in global responses 3 and 4. Overall, users have a strong preference towards *weights2weights* for identity inversion and editing compared to baselines. **“...other than identity context…it may strengthen the paper if the authors could extend their application scenarios to a wider context.”** We agree with your suggestion. Following your comment, we create a *weights2weights* weight subspace for dogs and present the results in rebuttal PDF Figure 3. We conduct Dreambooth fine-tuning for 120 different dog breeds and train linear classifiers to define separating hyperplanes in weight space for different semantic attributes, such as “large” or “wavy fur.” In rebuttal Figure 3, we sample two models from this space and edit the weights to change attributes of the encoded breeds. **""...I acknowledge that using model weights as datasets is interesting…‘scaling up’... one of the biggest contributions to me.”** Thank you for acknowledging the scale of our weight space analysis! We will open source our code and release the weights for the community.

**“The overall idea of this paper is more similar to [1]...I suggest the authors could discuss more about the differences between this paper and [1].”** Although these two papers share the use of PCA and the application to personalization, there are fundamental differences. Many works have found subspaces in the *input space*, such as text embeddings [1], to produce meaningful linear interpolations. But as you point out, we use PCA to discover a subspace within the *weights themselves*, suggesting that weights can also be interpretable spaces. Our analysis of the model weights shows that we can get valid identity-encoding diffusion models via linear interpolation among the weights of existing diffusion models spanning the subspace. For instance, our *w2w* inversion essentially finds the best linear combination of existing diffusion model weights to define a **new customized diffusion model**, which, in turn, can generate an unlimited number of identity-consistent images of that novel person. Furthermore, beyond personalization, which is the main focus of [1], we demonstrate two additional applications of this subspace. We also develop methods for sampling and editing identities, which “expands the scope of manifold applications” (rzPz). We show how to **sample new models** each of which **encodes a novel identity** (Sections 3.2, 4.2), and **edit the models** (Sections 3.3, 4.3), which as a result, **edits the identities** encoded in them. As such, *weights2weights* space can be thought of as a **meta**-latent space as its applications are “analogous to those of a generative latent space – inversion, editing, and sampling – but producing model weights rather than images” (L316-318 in paper). We will make sure to clearly highlight these differences with Celeb-Basis in the related works section of the paper, where we briefly introduced Celeb-Basis. **“...similar phenomenon to mean person in [1]?”** *w2w* has a mean person, as shown in rebuttal Figure 5. These images are generated by a “mean model” using the averaged weights of models spanning *w2w* space. **“Have the authors studied the effect of PCA on the generation of results?”** Thank you for the suggestion. We present an ablation on the number of principal components used during *w2w* inversion in rebuttal PDF Figure 1. We vary the number of principal components used during identity inversion, and measure the average ID score (higher is better) over 100 inverted FFHQ evaluation identities. The ID score monotonically increases until 10,000 principal components, after which it starts to decrease. We qualitatively visualize this phenomenon in rebuttal Figure 2, where each column represents a fixed seed. 20,000 PCs overfits to the input image and pose, with varying seeds producing only face shots with artifacts which degrade the identity. 1000 PCs underfits the original identity, but shows diversity across different generation seeds. 10,000 PCs fits the identity without overfitting. **...I am concerned about real-world applications… what are the advantages of w2w compared to existing personalization efforts…”** We present comparisons against variants of Dreambooth in Table 2 in the main paper, showing how given only a single image, *w2w* can achieve competitive performance with a method which uses multiple images. Following your suggestion, we compare quantitatively against other personalization efforts, Celeb-Basis [1] and IP-Adapter FaceID [2], in rebuttal Table 1. We follow the same evaluation protocol used for Table 2 in the main paper. We further conduct a user study presented in Table 2 of the rebuttal PDF. We show qualitative comparisons against these two methods in rebuttal PDF Figure 6. Details are provided in Global Response 2 and 3. Overall, across all these metrics, *w2w* performs stronger than Celeb-Basis and IP-Adapter FaceID. Our results indicate that operating in our weight subspace is highly expressive and flexible compared to text embedding space as it is able to faithfully capture nuanced identity without overfitting to the input image. Based on the user study, users found *w2w* generations capture identity better while also generating more diverse images that better align with the prompts. Compared to other learning based approaches like Celeb-Basis, *w2w* is more lightweight as training takes less than a minute with 8GB on a single NVIDIA A100 GPU, while Celeb-Basis takes 21GB and trains a costly MLP in three minutes on a single A100. We present details on the efficiency of *w2w* in Appendix C. We would like to note that previous personalization methods such as IP-adapter [2] or Celeb-Basis [1] only demonstrate identity inversion. As we mentioned earlier, we create a unified space for identity-encoding weights with applications of inversion, editing, and sampling identity-encoding models. **“I’m curious if style information…” and “How does w2w perform on multi-concept generation?”** Thank you for suggesting these creative applications! Since the models used to create *w2w* space are fine-tuned on realistic identities, style information, such as cartoon or painting, would not be encoded in any principal components. However, models from *w2w* space can be merged with other personalized models for multi-concept generation. In Figure 7 of the rebuttal PDF, we train a LoRA with Dreambooth for Pixar style, and merge it with a *w2w* model to showcase multi-concept generation ability.

# Global Response: We sincerely thank the reviewers for their feedback. We are glad that the reviewers found our creation and analysis of a large dataset of model weights “interesting” (abHC, 215A), and the concept of modeling the manifold of diffusion model weights “novel” with “broad applications in generative modeling” (wMSF). Furthermore, we are happy that reviewer wMSF found that our “extensive experiments...demonstrate the effectiveness of the proposed w2w space in generating, editing, and inverting identities”, which further expands the “scope of manifold applications” according to reviewer rzPz. We have uploaded a PDF of visual results to supplement our response to individual reviewers. Below, we address points that may be of interest to all reviewers. ## 1) Summary of Contributions As pointed out by reviewers 215A and abHC, previous works have explored inversion, editing, or sampling in the context of the **input space** of a model (e.g., latents, text conditioning, noise, images, etc.). However, *weights2weights* space enables these three applications on the **network weights themselves, producing new models** as illustrated in Figure 2 of the main paper. As such, *weights2weights* space can be thought of as a **meta**-latent space, with “applications analogous to those of a generative latent space – inversion, editing, and sampling – but producing model weights rather than images” (L316-318 in the paper). We demonstrate how new models can be created simply via linear interpolation within a linear subspace defined by PCA. In our submitted paper, these different models are each encoding a different instance of a visual identity (i.e., a person). We further train linear classifiers using model weights as data to find separating hyperplanes in weight space to edit semantic identity attributes encoded in the model weights. Each edit results in a new model with its original identity changed for some attribute (e.g., adding a beard). In Figure 3 of the rebuttal PDF, we demonstrate that the *weights2weights* idea is not limited to just faces and identities. We hope our work inspires further efforts to discover interpretable and controllable subspaces of model weights. ## 2) Comparison to More Baselines in Identity Inversion Following the suggestions of the reviewers, we have added quantitative results of *w2w* inversion against more baselines. Our current results in Table 2 of the paper contain comparisons against variants of Dreambooth [4], and we now add a comparison in the rebuttal PDF Table 1 to single-shot personalization methods: Celeb-Basis [1] and IP-Adapter FaceID [2]. We follow the same evaluation protocol as Section 4.4 of the paper, using the same base model. Our results indicate that inversion into *w2w* space achieves better identity preservation. We plan to update Table 2 of the paper with these additional results. ## 3) Identity Inversion User Study In rebuttal PDF Table 2, we present a two-alternative forced choice (2AFC) user study on the overall quality of generated identities from *w2w* inversion. Twenty users were given ten sets of images. Each set contained a randomly sampled original image of an identity, and then three random images generated using Celeb-Basis [1], IP-Adapter FaceID [2], and *w2w* with the same random prompt. Users were then asked to choose between alternate pairs based on three criteria: identity preservation, prompt alignment, and diversity of generated images. Our results show that users have a strong preference toward *w2w* identities. In Figure 6 of the rebuttal PDF, we present a qualitative comparison of the three methods. We plan to include more such qualitative comparisons in an updated version of the manuscript. We will also include this user study in this update. ## 4) Identity Editing User Study In rebuttal PDF Table 3, we present a two-alternative forced choice (2AFC) user study to evaluate the quality of identity edits. Twenty-five users were given ten sets of images. Each set contained a randomly sampled original image of an identity, and then an image of that identity edited for an attribute using Concept Sliders [3], *w2w*, and text prompting. Users were then asked to choose between alternate pairs based on three criteria: identity preservation, alignment with the desired edit, and disentanglement. These three criteria are similar to what we measure quantitatively in Table 1 in the paper. Our results show that users have a strong preference toward *w2w* edits. We plan to add this user study in an updated version of the manuscript. ### References: [1] ”Inserting Anybody in Diffusion Models via Celeb Basis.” Yuan et al. 2023. [2] “IP-Adapter: Text Compatible Image Prompt Adapter for Text-to-Image Diffusion Models.” Ye et al. 2023 [3] “Concept Sliders: LoRA Adaptors for Precise Control in Diffusion Models.” Gandikota et al. 2023 [4] “DreamBooth: Fine Tuning Text-to-Image Diffusion Models for Subject-Driven Generation.” Ruiz et al. 2023. [5] “Multi-Concept Customization of Text-to-Image Diffusion.” Kumari et al. 2023."	"**“The overall idea of this paper is more similar to [1]...I suggest the authors could discuss more about the differences between this paper and [1].”** Although these two papers share the use of PCA and the application to personalization, there are fundamental differences. Many works have found subspaces in the *input space*, such as text embeddings [1], to produce meaningful linear interpolations. But as you point out, we use PCA to discover a subspace within the *weights themselves*, suggesting that weights can also be interpretable spaces. Our analysis of the model weights shows that we can get valid identity-encoding diffusion models via linear interpolation among the weights of existing diffusion models spanning the subspace. For instance, our *w2w* inversion essentially finds the best linear combination of existing diffusion model weights to define a **new customized diffusion model**, which, in turn, can generate an unlimited number of identity-consistent images of that novel person. Furthermore, beyond personalization, which is the main focus of [1], we demonstrate two additional applications of this subspace. We also develop methods for sampling and editing identities, which “expands the scope of manifold applications” (rzPz). We show how to **sample new models** each of which **encodes a novel identity** (Sections 3.2, 4.2), and **edit the models** (Sections 3.3, 4.3), which as a result, **edits the identities** encoded in them. As such, *weights2weights* space can be thought of as a **meta**-latent space as its applications are “analogous to those of a generative latent space – inversion, editing, and sampling – but producing model weights rather than images” (L316-318 in paper). We will make sure to clearly highlight these differences with Celeb-Basis in the related works section of the paper, where we briefly introduced Celeb-Basis. **“...similar phenomenon to mean person in [1]?”** *w2w* has a mean person, as shown in rebuttal Figure 5. These images are generated by a “mean model” using the averaged weights of models spanning *w2w* space. **“Have the authors studied the effect of PCA on the generation of results?”** Thank you for the suggestion. We present an ablation on the number of principal components used during *w2w* inversion in rebuttal PDF Figure 1. We vary the number of principal components used during identity inversion, and measure the average ID score (higher is better) over 100 inverted FFHQ evaluation identities. The ID score monotonically increases until 10,000 principal components, after which it starts to decrease. We qualitatively visualize this phenomenon in rebuttal Figure 2, where each column represents a fixed seed. 20,000 PCs overfits to the input image and pose, with varying seeds producing only face shots with artifacts which degrade the identity. 1000 PCs underfits the original identity, but shows diversity across different generation seeds. 10,000 PCs fits the identity without overfitting. **...I am concerned about real-world applications… what are the advantages of w2w compared to existing personalization efforts…”** We present comparisons against variants of Dreambooth in Table 2 in the main paper, showing how given only a single image, *w2w* can achieve competitive performance with a method which uses multiple images. Following your suggestion, we compare quantitatively against other personalization efforts, Celeb-Basis [1] and IP-Adapter FaceID [2], in rebuttal Table 1. We follow the same evaluation protocol used for Table 2 in the main paper. We further conduct a user study presented in Table 2 of the rebuttal PDF. We show qualitative comparisons against these two methods in rebuttal PDF Figure 6. Details are provided in Global Response 2 and 3. Overall, across all these metrics, *w2w* performs stronger than Celeb-Basis and IP-Adapter FaceID. Our results indicate that operating in our weight subspace is highly expressive and flexible compared to text embedding space as it is able to faithfully capture nuanced identity without overfitting to the input image. Based on the user study, users found *w2w* generations capture identity better while also generating more diverse images that better align with the prompts. Compared to other learning based approaches like Celeb-Basis, *w2w* is more lightweight as training takes less than a minute with 8GB on a single NVIDIA A100 GPU, while Celeb-Basis takes 21GB and trains a costly MLP in three minutes on a single A100. We present details on the efficiency of *w2w* in Appendix C. We would like to note that previous personalization methods such as IP-adapter [2] or Celeb-Basis [1] only demonstrate identity inversion. As we mentioned earlier, we create a unified space for identity-encoding weights with applications of inversion, editing, and sampling identity-encoding models. **“I’m curious if style information…” and “How does w2w perform on multi-concept generation?”** Thank you for suggesting these creative applications! Since the models used to create *w2w* space are fine-tuned on realistic identities, style information, such as cartoon or painting, would not be encoded in any principal components. However, models from *w2w* space can be merged with other personalized models for multi-concept generation. In Figure 7 of the rebuttal PDF, we train a LoRA with Dreambooth for Pixar style, and merge it with a *w2w* model to showcase multi-concept generation ability.

**“...some recent works present the way of generating identity…given only one reference image…provide the comparison between this paper and these works.”** Thank you for your suggestion. In the rebuttal PDF Table 1, we compare against Celeb-Basis [1] and IP-Adapter FaceID [2], following the same evaluation protocol used for Table 2 in the main paper. We further conducted a user study comparing with [1] and [2], which is presented in Table 2 of the rebuttal PDF. We show qualitative comparisons against these two methods in rebuttal PDF Figure 6. Details are provided in Global Responses 2 and 3. Across all these metrics, *w2w* performs stronger than Celeb-Basis and IP-Adapter FaceID. Our results indicate that operating in the *weights2weights* weight subspace is highly expressive as it is able to faithfully capture identity without overfitting to the input image. This enables diverse generation of the identity. **“LoRA training often affects the performance of the base model to some extent…”** We are aware of this phenomenon known as “drift” as introduced in Dreambooth [4]. We agree with your concern of LoRA training affecting the base model, but we believe this is not necessarily an issue of *weights2weights* itself, but fine-tuning in general. Section 4.3 in Dreambooth [4] and Section 4.4 in Custom Diffusion [5] already run experiments indicating that the use of prior-preservation regularization limits the undesirable change of the base model. That is why we use the prior preservation loss introduced by Dreambooth to avoid losing the priors of the base model. Furthermore, the *w2w* models inherit the rich priors of the base model as shown by composition of the identities in novel contexts such as posing with a famous figure in Figures 6, 7 of the paper. These identities can also be converted into new styles with prompts like “statue” or “painting” as seen in Figures 7, 8 in thr paper. More examples demonstrate this compositionality throughout the qualitative examples in the appendix.

**“The construction of w2w spaces needs over [60,000 models]...The compute resources should be provided…”** Training a single identity LoRA with rank 1 for our dataset of models requires ~8GB VRAM, and takes 220 seconds on a single A100 GPU. Please refer to Appendix C for details. **“And is there a contained solution to balance computing resources and performance.”** Thanks for the great question. We ablate the number of models used to construct *w2w* space in Figure 9 of the paper, and find that a subspace spanned by 10,000 models retains most of the performance in ID preservation with a score of 0.53 versus 0.65. The score of 0.65 is achieved by using more than six times the number of models. We highlight that although creating this space requires a notable amount of compute, using the space for the variety of applications is lightweight. For instance, inverting an identity only requires one image and uses 1/10 the number of parameters (just 10000) and 1/4 the time (under 55 seconds) for typical Dreambooth LoRA finetuning (see Appendix C). **“The paper uses several evaluation metrics…nuanced attributes related to human faces”** We agree with your point on the limitations of the reported metrics, acknowledging it in L226-227: “...score can be noisy...too coarse to describe attributes as nuanced as those related to the human face.” We utilize these metrics since they are commonly adopted for evaluating edits and identity preservation. Following your point, we present user studies for identity inversion in Table 2 and identity editing in Table 3 of the rebuttal PDF. Overall, *w2w* is largely preferred over baselines. We discuss this further in Global Responses 3 and 4. **“...are the first m principal components identity attributes…?”** That is an interesting question! Thank you for bringing it up. We provide a visualization of traversals along a set of principal components in Figure 4 of the rebuttal. The principal components change attributes of the identity, although various semantic attributes are entangled. For instance, the first PC seems to be changing age, hair color, and hair style. The second PC appears to change gender and skin complexion. The third PC seems to change age, skin complexion, and facial hair. This motivates our use of linear classifiers to find separating hyperplanes in weight space and disentangle these attributes."	partially_fixed	4	**“The overall idea of this paper is more similar to [1]...I suggest the authors could discuss more about the differences between this paper and [1].”** Although these two papers share the use of PCA and the application to personalization, there are fundamental differences. Many works have found subspaces in the *input space*, such as text embeddings [1], to produce meaningful linear interpolations. But as you point...	User-reviewed IAA second-pass confirmation on 2026-05-06; source=human-review; confirmed first-pass label.
GM7cmQfk2F__r03	ICLR 2025 expanded80 v1	Rethinking Neural Multi-Objective Combinatorial Optimization via Neat Weight Embedding	6	2	"[weaknesses] 1. The authors could a clear definition of what they mean by ""neat"" in the context of their work, and highlight specific sections where they could elaborate on how their method contrasts with the complexity of existing approaches. 2. In the Methods section, while the structure of the proposed architecture is described, I would like to see a more detailed explanation of why each component is expected to improve performance. Specifically, theoretical justifications for key components such as the addition-based weight embedding and the conditional attention mechanism would be helpful. Some discussion of how the proposed components address specific limitations of previous approaches would also strengthen the work. 3. It would be valuable to see more ablation studies that isolate the contributions of each architectural component. For example, a fair experiment design that solely isolates the effect of the addition-based weight embedding.

[questions] 1. In Fig. 1, what is the input to get $h_c$ when $t=1$ in the decoder? 2. In Table 2, the proposed method appears to be slower than PMOCO. Does this indicate that the efficiency is worse compared to the baseline (given the 'neatness')?

[summary] The paper presents a method for solving Neural Multi-Objective Combinatorial Optimization (MOCO) using a ""neat"" weight embedding approach. The authors argue that existing MOCO models are limited in their ability to effectively optimize weight-specific subproblems due to complex learning techniques and significant optimality gaps. Their proposed method learns weight-specific representations through a simpler weight embedding technique, capturing weight-instance interactions. Two models instantiate this approach: one with addition-based weight embedding and another with conditional attention. Experimental results demonstrate the method’s performance on benchmark MOCO problems, showing significant improvements in generalization across different problem sizes."				regressed	4	"[weaknesses] 1. The authors could a clear definition of what they mean by ""neat"" in the context of their work, and highlight specific sections where they could elaborate on how their method contrasts with the complexity of existing approaches. 2. In the Methods section, while the structure of the proposed architecture is described, I would like to see a more detailed explanation of why each component is expected to..."	User-reviewed IAA second-pass confirmation on 2026-05-06; source=human-review; confirmed first-pass label.
HX5ujdsSon__r01	ICLR 2024 v1	In-Context Learning through the Bayesian Prism	6: marginally above the acceptance threshold	2: You are willing to defend your assessment, but it is quite likely that you did not understand the central parts of the submission or that you are unfamiliar with some pieces of related work. Math/other details were not carefully checked.	"[weaknesses] - The paper is not well organized which makes it very hard to read through. - The Figures are very hard to understand, making it challenging to summarize the conclusion from the figures. - It's not a good idea to keep stating ""refer to Appendix"" for the main methodology part of the paper. - It is also not a good idea to keep stating that some steps in the proposed method are similar to a specific paper and cite that paper. At least, the authors need to give a clear reason for doing so. - The paper mentioned a lot of technique terms without giving any rational and proper definitions. For example, - the ""Bayesian predictor"" is not properly explained in the context of ""in-context learning"". - I'm not familiar with The ""deviations from Bayesian prediction"" . The author should explain that clearly. - The ""Simplicity bias"" should be better replaced with ""Occam’s razor"" or ""no free lunch theorem"". Because the suggested terms are used very often in the literature. - If you mean ""generalization is out of distribution (OOD) detection"". Then just using OOD detection would reduce a lot of confusion. - The correctness of Equation 2 is questionable. What is the exact definition of ""$df$"", the differentiation with respect to a function $f$? - As the main component of this work, the paper lacks the reason for extending ICL to hierarchical ICL. Why do you want to sample from a mixture of the function family?

[questions] - Considering the paper's main topic is about prompting engineering and large language models, the author might consider trying for a compatible conference in NLP.

[summary] This paper considers in-context learning for large language models. This paper extends the previous work ""What can transformers learn in-context? A case study of simple function classes."" by considering multiple function families, out-of-distribution detection, and Bayesian prediction tasks. This paper conducts extensive experiments and large-scale analysis in the experiment section."	We thank the reviewer for going through our work and providing useful feedback. Below we try to answer their concerns and questions: 1. **Readability**: We will take the reviewer’s comments into account and will add more descriptive captions so that the figures are easier to understand. About references to the appendix, we believe that given the contents and the scope of our work, it would have been difficult to fit all the technical details in the main paper given the page limit. However, the details in the appendix are not primary for understanding the core theme and contributions of our work. However, we will take this feedback into account and move some of the details to the main paper. About references to “some specific” paper, we are not sure about which paper the reviewer is referring to here. If it is Akyurek et al. 2022 [1], we cite their work while describing the weight recovery method in page 3, since we use their method for our experiments, but we do provide all the details about how the method works after citing their work. In case they are referring to Raventos et al. (2023) [2], while we do provide all the important details from their work relevant to our experime...	"We thank the reviewer for going through our work and providing useful feedback. Below we try to answer their concerns and questions: 1. **Readability**: We will take the reviewer’s comments into account and will add more descriptive captions so that the figures are easier to understand. About references to the appendix, we believe that given the contents and the scope of our work, it would have been difficult to fit all the technical details in the main paper given the page limit. However, the details in the appendix are not primary for understanding the core theme and contributions of our work. However, we will take this feedback into account and move some of the details to the main paper. About references to “some specific” paper, we are not sure about which paper the reviewer is referring to here. If it is Akyurek et al. 2022 [1], we cite their work while describing the weight recovery method in page 3, since we use their method for our experiments, but we do provide all the details about how the method works after citing their work. In case they are referring to Raventos et al. (2023) [2], while we do provide all the important details from their work relevant to our experimental setup and findings, we will add some more details from their work in Section 6 to improve readability. 2. **Technical definitions**: - **Bayesian Predictor in context of ICL** : Informally, we have a probability distribution on tuples $(x, f(x))$ induced by the priors on $x$ and $f$. This in turn, induces a distribution on the prompts, namely $(x_1, f(x_1)), (x_2, f(x_2)), …, (x_i, f(x_i)), x_{i+1}$. Conditioned on the prompt we would like to sample $f(x_{i+1})$---this is the posterior predictive distribution (PPD). We use the mean of the PPD as the Bayesian predictor since the nature of our setup requires a point estimate. The formula for PME in the paper formalizes this. We provide the formal definition of Bayesian predictor in context of ICL in Section 2 (under the PME paragraph) and discuss the relationship between ICL and Bayesian inference in the Bayesian predictor paragraph in the introduction Section. - **Deviations from Bayesian prediction**: “Deviations” here refer to predictions of transformers during ICL that do not match with the Bayesian predictor given the pre-training distribution and the observed data. - **Simplicity Bias**: Simplicity bias is by now a well-established term ML literature; for example, [3, 4, 5, 6]. - **Generalization**: We agree that a more descriptive term should be used here. We will change it to ""OOD Generalization"" in the final version for clarity. 3. **Differential of a function $df$**: This is standard notation in Bayesian inference. We can view a function as a point in a higher-dimensional Euclidean space defined by the function parameters. E.g, for linear regression, this reduces to the weight vector $w$ and hence $df$ is simply $dw$. 4. **Why HMICL?**: Prior work on theoretically understanding ICL, considers the simpler case where functions are always sampled from a single function class (which we term as MICL). We present a more advanced setup where the functions can come from different classes. Further, our setup can serve as a testbed for investigating the origins of multi-task learning in large language models (LLMs) because HMICL is arguably closer to ICL in real-world LLMs, which can realize different classes of tasks (sentiment analysis, QA, summarization etc) depending upon the inputs provided. We show that the ability to solve a mixture of tasks arises naturally as a consequence of Bayesian prediction, which can be viewed as computing the posterior when the prior comes from a mixture of function classes. This challenges the existing intuition of multi-task learning where the model first identifies the task and then solves it. [1] Akyürek et al. ICLR 2023. What learning algorithm is in-context learning? Investigations with linear models [2] Raventós et al. 2023. Pretraining task diversity and the emergence of non-Bayesian in-context learning for regression [3] Valle-Pérez et al. ICLR 2019. Deep learning generalizes because the parameter-function map is biased towards simple functions. [4] Shah et al. NeurIPS 2020. The Pitfalls of Simplicity Bias in Neural Networks. [5] Mingard et al. 2019. Neural networks are a priori biased towards Boolean functions with low entropy [6] Nakkiran et al., NeurIPS 2019. SGD on Neural Networks Learns Functions of Increasing Complexity.

Continuing from the last comment, we address the remaining concerns of the reviewer here. **Q4.1. Sampling based approximations of PME**: Thank you for asking this question. We should first clarify that for Dense Regression and Skewed-Covariance Regression, we can compute Bayesian predictors exactly and we are able to show transformers for these two problems perform very close to the Bayesian predictor (Figures 6 and 9 in Appendix). However, for other linear inverse problems where PME seems intractable, based on the reviewer’s suggestion, we have tried Markov Chain Monte Carlo sampling method (No U-Turn Sampler (NUTS)) to approximate the PME. Particularly for Low-Rank and Sign-Vector Regression problems, for small problem dimensions i.e. 16 and 8 respectively, we were able to approximate the PME. We provide the plots in Figure 11 in Appendix and TF can be seen to follow NUTS-based PME in both cases. In fact, transformers seem to perform slightly better than the NUTS solution, which we believe could be due to the errors in the approximations due to sampling. We had less success in approximating the PME for sparse regression, which we believe might be due to the complex nature of the prior which involves a mixture of discrete (to select which features to keep) and continuous distributions (for the values of selected features). However, the alignment between transformers and exact PMEs for Dense and Skewed-covariance regression as well as numerically approximated PMEs for Low-Rank and Sign-Vector regression do provide strong evidence of transformers behaving like Bayesian predictor during ICL for linear inverse problems. **Q4.2. Lasso Coefficient**: We tune the LASSO coefficient following Garg et al. [1] i.e. by using a separate batch of data (1280 sequences) and choose the single value that achieves the smallest loss. This chosen parameter is then used during inference and no separate tuning is done for the in-context examples. Hence, all predictors (including LASSO) get the same number of examples as the context length in ICL using TFs. **Q5. Feature Encoding for non-linear regression tasks**: Thanks for this question. We just provide $x_i$ as the inputs, so the model needs to figure out $\Phi$ on its own. **Q6. Relation with previous work**: We thank the reviewer for asking this question. In short, these papers study a related but distinct topic and hence do not have any bearing on our results as detailed next. Both [2] and [3] study ICL on linear regression and consider different distribution shifts to measure how robust or brittle transformers are towards different types of shifts. While we also consider OOD generalization for degree-2 monomial regression and noisy linear regression, we are analyzing something distinct: we study generalization to unseen function classes or tasks and relate it to deviations of transformers during ICL from the Bayesian predictor. Our findings show that transformers are actually capable of better generalization than the Bayesian predictor (considering the pre-training distribution). Similarly, [2] studies the training dynamic of single-layer attention-only transformers on the linear regression problem to prove that they can learn to solve the problem in-context under careful initializations. Models here do not solve the problem exactly but rather provide the best approximation possible by a single-layer model characterized by a single step of gradient descent. [4] has closely related results. The emphasis of [2, 4] is on mathematical proof and this necessitates an extremely simple setup distinct from ours. On the other hand, we show empirically that for a wide variety of linear and nonlinear function classes as well as their mixtures, the behavior of sufficiently large transformers during ICL can be explained using the Bayesian perspective. Further, we use this to study the inductive biases of transformers during ICL (the ""Simplicity Bias"" section) as well as the cases where the behavior of transformers deviates from that of the Bayesian predictor. We hope this helps the reviewer put our work in perspective compared to the mentioned papers. [1]. Garg et al. 2022. What Can Transformers Learn In-Context? A Case Study of Simple Function Classes? [2]. Zhang et al. 2023. Trained Transformers Learn Linear Models In-Context. [3]. Ahuja et al. 2023. A Closer Look at In-Context Learning under Distribution Shifts [4]. Ahn et al. 2023. Transformers learn to implement preconditioned gradient descent for in-context learning

We thank the reviewer for carefully going through our work and providing helpful feedback. Below we try to answer their questions and concerns: **Q1. HMICL and MICL**: While the reviewer is correct in a formal sense, we believe it’s clarifying to use our naming. Roughly speaking, the distinction between MICL and HMICL is reminiscent of the distinction between the usual supervised learning and meta-learning. As an example, in the MICL setup, consider linear regression. Here all tasks are instances of linear regression and each weight vector $w$ defines a task. Now if we consider a mixture of two “meta-tasks” (what we call function classes in the paper), say linear regression and decision trees, then it is true that in an abstract sense, one could potentially consider each task to be defined by its parameters and thus ignore which type of “meta-task” it instantiates (linear regression or decision tree). The formal definition in [2] which allows general hypothesis classes can similarly model HMICL. Thus, we agree with the reviewer that on this interpretation, MICL is equivalent to HMICL. However, this view is too coarse-grained for our purposes. What is of interest, both from the application and theory perspectives, is a more fine-grained view about whether and how models learn to perform these different “meta-tasks”. And the hierarchical structure is central for even talking about this. Previous work, e.g. [1, 2], considers MICL with only a single “meta-task” and is thus not suitable for the type of analyses we perform. Compared to MICL, HMICL is arguably closer to the ICL for LLMs which can perform a vast variety of “meta-tasks.” Due to the complex nature of real world training data distributions, it is hard to find concrete evidence of them being hierarchical, but we believe multi-task training in LMs like T5 [5] and FLAN-T5 [6] (with a caveat for the latter being true for fine-tuning and not pre-training) or training of multilingual models [7] which involve pre-training corpora in different languages are some examples of the hierarchical nature of the training distribution in real-world LMs. We welcome further feedback and any suggestions for better naming. **Q2. PME**: We apologize for confusion here. In the line ‘the predictions of the model can be computed using the posterior mean estimator (PME)’, we mean the ideal model (unlimited data and infinite compute) that we mention in the previous sentence and not transformers specifically. We fully agree that transformers can only approximate PME and how well they approximate it will depend on the scale of the model. We will correct this line in the final version to avoid this confusion. **Q3. GMM plots with OLS for over-determined region**: We thank the reviewer for suggesting these experiments. We provide the answers to the two questions below: (1) Figure 21 in Appendix plots the errors for the transformer model from Figure 1, PMEs, and OLS for the over-determined region. In the over-determined case $(d>10)$, the solution is unique, hence all the predictors including transformer give the same solution and have errors $\approx 0$. (2) As shown in Figure 21, transformer’s errors are smaller than OLS errors and agree with the PME(GMM) errors for all context lengths. This shows that Transformer is indeed simulating the mixture PME and not OLS. **We address the remaining concerns in the next comment.** [1] Garg et al. 2022. What Can Transformers Learn In-Context? A Case Study of Simple Function Classes? [2] Zhang et al. 2023. Trained Transformers Learn Linear Models In-Context. [5] Raffel et al. 2019. Exploring the Limits of Transfer Learning with a Unified Text-to-Text Transformer [6] Chung et al. 2022. Scaling Instruction-Finetuned Language Models [7] Conneau et al., ACL 2020. Unsupervised Cross-lingual Representation Learning at Scale"	"Continuing from the last comment, we address the remaining concerns of the reviewer here. **Q4.1. Sampling based approximations of PME**: Thank you for asking this question. We should first clarify that for Dense Regression and Skewed-Covariance Regression, we can compute Bayesian predictors exactly and we are able to show transformers for these two problems perform very close to the Bayesian predictor (Figures 6 and 9 in Appendix). However, for other linear inverse problems where PME seems intractable, based on the reviewer’s suggestion, we have tried Markov Chain Monte Carlo sampling method (No U-Turn Sampler (NUTS)) to approximate the PME. Particularly for Low-Rank and Sign-Vector Regression problems, for small problem dimensions i.e. 16 and 8 respectively, we were able to approximate the PME. We provide the plots in Figure 11 in Appendix and TF can be seen to follow NUTS-based PME in both cases. In fact, transformers seem to perform slightly better than the NUTS solution, which we believe could be due to the errors in the approximations due to sampling. We had less success in approximating the PME for sparse regression, which we believe might be due to the complex nature of the prior which involves a mixture of discrete (to select which features to keep) and continuous distributions (for the values of selected features). However, the alignment between transformers and exact PMEs for Dense and Skewed-covariance regression as well as numerically approximated PMEs for Low-Rank and Sign-Vector regression do provide strong evidence of transformers behaving like Bayesian predictor during ICL for linear inverse problems. **Q4.2. Lasso Coefficient**: We tune the LASSO coefficient following Garg et al. [1] i.e. by using a separate batch of data (1280 sequences) and choose the single value that achieves the smallest loss. This chosen parameter is then used during inference and no separate tuning is done for the in-context examples. Hence, all predictors (including LASSO) get the same number of examples as the context length in ICL using TFs. **Q5. Feature Encoding for non-linear regression tasks**: Thanks for this question. We just provide $x_i$ as the inputs, so the model needs to figure out $\Phi$ on its own. **Q6. Relation with previous work**: We thank the reviewer for asking this question. In short, these papers study a related but distinct topic and hence do not have any bearing on our results as detailed next. Both [2] and [3] study ICL on linear regression and consider different distribution shifts to measure how robust or brittle transformers are towards different types of shifts. While we also consider OOD generalization for degree-2 monomial regression and noisy linear regression, we are analyzing something distinct: we study generalization to unseen function classes or tasks and relate it to deviations of transformers during ICL from the Bayesian predictor. Our findings show that transformers are actually capable of better generalization than the Bayesian predictor (considering the pre-training distribution). Similarly, [2] studies the training dynamic of single-layer attention-only transformers on the linear regression problem to prove that they can learn to solve the problem in-context under careful initializations. Models here do not solve the problem exactly but rather provide the best approximation possible by a single-layer model characterized by a single step of gradient descent. [4] has closely related results. The emphasis of [2, 4] is on mathematical proof and this necessitates an extremely simple setup distinct from ours. On the other hand, we show empirically that for a wide variety of linear and nonlinear function classes as well as their mixtures, the behavior of sufficiently large transformers during ICL can be explained using the Bayesian perspective. Further, we use this to study the inductive biases of transformers during ICL (the ""Simplicity Bias"" section) as well as the cases where the behavior of transformers deviates from that of the Bayesian predictor. We hope this helps the reviewer put our work in perspective compared to the mentioned papers. [1]. Garg et al. 2022. What Can Transformers Learn In-Context? A Case Study of Simple Function Classes? [2]. Zhang et al. 2023. Trained Transformers Learn Linear Models In-Context. [3]. Ahuja et al. 2023. A Closer Look at In-Context Learning under Distribution Shifts [4]. Ahn et al. 2023. Transformers learn to implement preconditioned gradient descent for in-context learning

We thank the reviewer for going through our work and providing useful feedback. Below we try to answer their concerns and questions: 1. **Readability**: We will take the reviewer’s comments into account and will add more descriptive captions so that the figures are easier to understand. About references to the appendix, we believe that given the contents and the scope of our work, it would have been difficult to fit all the technical details in the main paper given the page limit. However, the details in the appendix are not primary for understanding the core theme and contributions of our work. However, we will take this feedback into account and move some of the details to the main paper. About references to “some specific” paper, we are not sure about which paper the reviewer is referring to here. If it is Akyurek et al. 2022 [1], we cite their work while describing the weight recovery method in page 3, since we use their method for our experiments, but we do provide all the details about how the method works after citing their work. In case they are referring to Raventos et al. (2023) [2], while we do provide all the important details from their work relevant to our experimental setup and findings, we will add some more details from their work in Section 6 to improve readability. 2. **Technical definitions**: - **Bayesian Predictor in context of ICL** : Informally, we have a probability distribution on tuples $(x, f(x))$ induced by the priors on $x$ and $f$. This in turn, induces a distribution on the prompts, namely $(x_1, f(x_1)), (x_2, f(x_2)), …, (x_i, f(x_i)), x_{i+1}$. Conditioned on the prompt we would like to sample $f(x_{i+1})$---this is the posterior predictive distribution (PPD). We use the mean of the PPD as the Bayesian predictor since the nature of our setup requires a point estimate. The formula for PME in the paper formalizes this. We provide the formal definition of Bayesian predictor in context of ICL in Section 2 (under the PME paragraph) and discuss the relationship between ICL and Bayesian inference in the Bayesian predictor paragraph in the introduction Section. - **Deviations from Bayesian prediction**: “Deviations” here refer to predictions of transformers during ICL that do not match with the Bayesian predictor given the pre-training distribution and the observed data. - **Simplicity Bias**: Simplicity bias is by now a well-established term ML literature; for example, [3, 4, 5, 6]. - **Generalization**: We agree that a more descriptive term should be used here. We will change it to ""OOD Generalization"" in the final version for clarity. 3. **Differential of a function $df$**: This is standard notation in Bayesian inference. We can view a function as a point in a higher-dimensional Euclidean space defined by the function parameters. E.g, for linear regression, this reduces to the weight vector $w$ and hence $df$ is simply $dw$. 4. **Why HMICL?**: Prior work on theoretically understanding ICL, considers the simpler case where functions are always sampled from a single function class (which we term as MICL). We present a more advanced setup where the functions can come from different classes. Further, our setup can serve as a testbed for investigating the origins of multi-task learning in large language models (LLMs) because HMICL is arguably closer to ICL in real-world LLMs, which can realize different classes of tasks (sentiment analysis, QA, summarization etc) depending upon the inputs provided. We show that the ability to solve a mixture of tasks arises naturally as a consequence of Bayesian prediction, which can be viewed as computing the posterior when the prior comes from a mixture of function classes. This challenges the existing intuition of multi-task learning where the model first identifies the task and then solves it. [1] Akyürek et al. ICLR 2023. What learning algorithm is in-context learning? Investigations with linear models [2] Raventós et al. 2023. Pretraining task diversity and the emergence of non-Bayesian in-context learning for regression [3] Valle-Pérez et al. ICLR 2019. Deep learning generalizes because the parameter-function map is biased towards simple functions. [4] Shah et al. NeurIPS 2020. The Pitfalls of Simplicity Bias in Neural Networks. [5] Mingard et al. 2019. Neural networks are a priori biased towards Boolean functions with low entropy [6] Nakkiran et al., NeurIPS 2019. SGD on Neural Networks Learns Functions of Increasing Complexity.

We thank the reviewer for carefully going through our work and providing helpful feedback. Below we try to answer their questions and concerns: **Q1. HMICL and MICL**: While the reviewer is correct in a formal sense, we believe it’s clarifying to use our naming. Roughly speaking, the distinction between MICL and HMICL is reminiscent of the distinction between the usual supervised learning and meta-learning. As an example, in the MICL setup, consider linear regression. Here all tasks are instances of linear regression and each weight vector $w$ defines a task. Now if we consider a mixture of two “meta-tasks” (what we call function classes in the paper), say linear regression and decision trees, then it is true that in an abstract sense, one could potentially consider each task to be defined by its parameters and thus ignore which type of “meta-task” it instantiates (linear regression or decision tree). The formal definition in [2] which allows general hypothesis classes can similarly model HMICL. Thus, we agree with the reviewer that on this interpretation, MICL is equivalent to HMICL. However, this view is too coarse-grained for our purposes. What is of interest, both from the application and theory perspectives, is a more fine-grained view about whether and how models learn to perform these different “meta-tasks”. And the hierarchical structure is central for even talking about this. Previous work, e.g. [1, 2], considers MICL with only a single “meta-task” and is thus not suitable for the type of analyses we perform. Compared to MICL, HMICL is arguably closer to the ICL for LLMs which can perform a vast variety of “meta-tasks.” Due to the complex nature of real world training data distributions, it is hard to find concrete evidence of them being hierarchical, but we believe multi-task training in LMs like T5 [5] and FLAN-T5 [6] (with a caveat for the latter being true for fine-tuning and not pre-training) or training of multilingual models [7] which involve pre-training corpora in different languages are some examples of the hierarchical nature of the training distribution in real-world LMs. We welcome further feedback and any suggestions for better naming. **Q2. PME**: We apologize for confusion here. In the line ‘the predictions of the model can be computed using the posterior mean estimator (PME)’, we mean the ideal model (unlimited data and infinite compute) that we mention in the previous sentence and not transformers specifically. We fully agree that transformers can only approximate PME and how well they approximate it will depend on the scale of the model. We will correct this line in the final version to avoid this confusion. **Q3. GMM plots with OLS for over-determined region**: We thank the reviewer for suggesting these experiments. We provide the answers to the two questions below: (1) Figure 21 in Appendix plots the errors for the transformer model from Figure 1, PMEs, and OLS for the over-determined region. In the over-determined case $(d>10)$, the solution is unique, hence all the predictors including transformer give the same solution and have errors $\approx 0$. (2) As shown in Figure 21, transformer’s errors are smaller than OLS errors and agree with the PME(GMM) errors for all context lengths. This shows that Transformer is indeed simulating the mixture PME and not OLS. **We address the remaining concerns in the next comment.** [1] Garg et al. 2022. What Can Transformers Learn In-Context? A Case Study of Simple Function Classes? [2] Zhang et al. 2023. Trained Transformers Learn Linear Models In-Context. [5] Raffel et al. 2019. Exploring the Limits of Transfer Learning with a Unified Text-to-Text Transformer [6] Chung et al. 2022. Scaling Instruction-Finetuned Language Models [7] Conneau et al., ACL 2020. Unsupervised Cross-lingual Representation Learning at Scale"	unresolved	4	Context fallback from aligned response context: We thank the reviewer for going through our work and providing useful feedback. Below we try to answer their concerns and questions: 1. **Readability**: We will take the reviewer’s comments into account and will add more descriptive captions so that the figures are easier to understand. About references to the appendix, we believe that given the contents...	User-reviewed IAA second-pass confirmation on 2026-05-06; source=human-review; confirmed first-pass label.
JO6T4rEJ32__r04	NeurIPS 2024 limit100 v1	Binding in hippocampal-entorhinal circuits enables compositionality in cognitive maps	7	2	"[weaknesses] - There were several mention of compositionally as the motivation, but there is no direct analyses to show the effectiveness of model in compositionally - There is virtually no comparison to other models in terms of coding range, robustness to noise and compositionality - Code is not provided

[questions] - How does the time-scale of unit responses compared to actual neurons? Is the attractor model fast enough to track the changes in the environment? - The potential prediction for encoding of episodic memory in this framework is not clear to me.

[summary] The paper proposes a model for spatial representation in the hippocampal formation using a residue number system (RNS) to encode positions as high-dimensional vectors. These vectors are combined into a single representation through vector binding and maintained by a modular attractor network. The model demonstrates robustness to noise, high-resolution encoding, and effective path integration."	Thank you very much for your thoughtful review and accurate summary of its main points. We concur that the strengths listed: theory (proofs and experimental validation) for every part of the RNS model, in addition to testable hypotheses for experimental neuroscience, are the core results of the paper. We would like to clarify a few points regarding weaknesses/limitations of the paper and answer your questions. > Code is not provided We would like to politely mention that code to replicate experiments was included in the Supplementary Material zip of the submission. > There were several mention of compositionally as the motivation, but there is no direct analyses to show the effectiveness of model in compositionally Thank you for raising this issue. We'd like to use this opportunity to more clearly define what we mean by compositionality and how the model achieves it. We use the term 'compositionality' to denote a design principle of the HF model. Compositionality refers to complex representations that are _composed_ by simpler building blocks and formation rules [A11]. This means that even a small number of primitives can be richly expressive, because they have a large combinato...	"Thank you very much for your thoughtful review and accurate summary of its main points. We concur that the strengths listed: theory (proofs and experimental validation) for every part of the RNS model, in addition to testable hypotheses for experimental neuroscience, are the core results of the paper. We would like to clarify a few points regarding weaknesses/limitations of the paper and answer your questions. > Code is not provided We would like to politely mention that code to replicate experiments was included in the Supplementary Material zip of the submission. > There were several mention of compositionally as the motivation, but there is no direct analyses to show the effectiveness of model in compositionally Thank you for raising this issue. We'd like to use this opportunity to more clearly define what we mean by compositionality and how the model achieves it. We use the term 'compositionality' to denote a design principle of the HF model. Compositionality refers to complex representations that are _composed_ by simpler building blocks and formation rules [A11]. This means that even a small number of primitives can be richly expressive, because they have a large combinatorial range. The representations we posit in the hippocampal formation meet this definition: they are composed by modules representing residue numbers and contextual tags that are formed by binding operations. These design choices result in the large and robust combinatorial range, as we show theoretically and empirically. At the same time, we recognize that the term 'compositionality' has different meanings across machine learning, cognitive science, and neuroscience. We are also aware that there are interesting cases of compositionality that our model doesn't speak about. These include compositional _generalization_ to out-of-distribution test datasets, and compositional _generation_ of novel strategies, as studied in program induction. To make these points explicitly, in the final version, we will include this definition of compositionality upon introduction of the term (around lines 19-20 in the current PDF), and we will discuss these other related senses of compositionality in the discussion under limitations (around lines 304-315). > There is virtually no comparison to other models in terms of coding range, robustness to noise and compositionality Please see our discussion in the general rebuttal on model comparison. In that section, we have explicitly aimed to address the coding range, robustness to noise, and compositionality points of comparison. We should also note that no other related work attempts to measure coding range (of modular attractor networks implementing RNS), robustness, and compositionality for a single model of the hippocampal formation. Consequently, we've done our best to indicate points of comparison when appropriate for individual experiments. We also feel that the theoretical foundations and interpretability of the model provide potential advantages over other models that could be proposed in the future. > How does the time-scale of unit responses compared to actual neurons? Is the attractor model fast enough to track the changes in the environment? In our model, the unit responses are on the order of 100ms. We believe that this is a biophysically reasonable parameter, and it is consistent with the timescale of theta oscillations (4-12 Hz) believed to be important for neural computation in HF. Empirically, we find that this timescale is sufficient to track changes quickly enough for reliable path integration. > The potential prediction for encoding of episodic memory in this framework is not clear to me. Thank you for raising this point. Page constraints made it a bit difficult to discuss this point in the main text, but we will gladly add this information to Sec. 4.2 and the Discussion in a revised version. The larger picture is that many neuroscientists believe that the two functions of the hippocampus -- in episodic memory and in spatial navigation -- are supported by the same neural circuits and principles (e.g., [A12]). Put more starkly, spatial navigation and episodic memory are two sides of the same coin: one is navigation in real physical space, the other is navigation in a more abstract, conceptual space. If this unified picture of navigation and memory is correct, then our model would have implications for how memories are structured and stored in HF. The experiments for sensory recall (Sec. 4.2, Fig. 7) are designed to explain how imperfect memories corresponding to sensory patterns can be denoised by the hippocampal-entorhinal loop. Further, in the Appendix (Sec. C.3 and Fig. S5), we test the model's ability to perform recall sequences of concepts, even in the presence of neural noise. Regarding limitations: > Comparison to existing methods, or an ablation study on the proposed method to verify the intended computational role for each component Please see our discussion of model comparison in the general rebuttal. The ablation study that you mention is a helpful suggestion. In the PDF attached to the general rebuttal, we have conducted an additional ablation experiment (Fig. X3) to quantify the impact on performance. [A11] Szabó, Z.G. (2022). Compositionality. _The Stanford Encyclopedia of Philosophy._ [A12] Buzsáki, G., & Moser, E. I. (2013). Memory, navigation and theta rhythm in the hippocampal-entorhinal system. _Nature neuroscience_, _16_(2), 130-138.

We are grateful to all reviewers for their thorough reviews and critical feedback. In addition to addressing each review individually, we'd like to discuss a few common points. *Core contributions:* There are many fundamental yet unresolved questions about the function of the hippocampal formation. We propose a computational model that unifies many postulated functions of the HF and formulates neurally plausible mechanisms that achieve them. The resulting normative model of a cognitive map in the HF yields insights into the functional significance of many experimental phenomena. For example, it helps explain: - Why are grid cells organized into discrete modules? (Because modular attractor networks exhibit superlinear scaling in dimension.) - Why do hexagonal lattices appear in grid cells? (Because they improve spatial resolution by ~3x.) Other theoretical results include the scaling of coding range according to Landau's function, the concentration inequality for kernel approximation, and information-theoretic analysis of superlinear scaling with dimension. Overall, reviewers seem to agree that these were strengths, finding the theoretical analysis to be ""rigorous"" and the mathematical assumptions to be ""well-justified."" *The role of abstraction:* A few reviewers commented on the relevance to biology. The art of theoretical neuroscience is to find the right level of abstraction that allows one to elucidate system-level computational function while still making testable predictions about the brain. Our model aims to be concrete enough about postulated computations and associated mechanisms: including population-level representations, dynamics, and instantiations in specific brain regions, while also providing useful suggestions for experimental neuroscience. Relative to some other HF models, our model captures the circuits at an abstract level, and we have tried to make the consequent limitations explicit. But this abstraction also has benefits. As reviewer aqEg says, it allows us to provide ""[s]olid theory behind *every* addition to the RNS model to capture HF functionality"" (emphasis added). It lets us be mathematically precise enough to run full simulations of the system, use results from high-dimensional statistics to provide rigorous theory, and separate assumptions from predictions. *Connections to experimental neuroscience:* The model's circuit mechanisms lead to testable predictions for experimental neuroscience. Possible evaluations include: - Representational Similarity Analysis [A1] compares models to neural data by comparing similarity matrices whose entries are the pairwise similarity of representations of two conditions. Model representations (vectors) could then be compared to publicly available experimental datasets, e.g., [46]. - More detailed biophysical models of neurons in HC and MEC, or high-resolution recordings of single units, could help analyze the plausibility of our binding mechanism. - Neuroanatomical tracing experiments can determine if the direct connections predicted by our model (e.g., between different modules in the attractor network) exist. *Model comparison:* A couple of reviewers asked for comparisons to other models. We would highlight a few points of comparison: - Coding range (1): The superlinear scaling of the capacity of the modular attractor network with dimension (Sec. 3.2) is better than Hopfield/Noest associative memories [21, 22], for which capacity scales at best linearly in the dimension. - Coding range (2): The triangular frame results in $3m^2 - 3m + 1$ states per module, vs. other models [e.g., 32, 33] with only $m^2$ states per module (lines 231-234). - Compositionality: The heteroassociative memory can accurately recover multiple patterns from a single input (Fig. 7C). This improves over other recent heteroassociative models [32, 41] which can recover at most one pattern per input, no matter how large the dimension. We will add a line in Sec. 4.2 to state this comparison explicitly. Regarding robustness vs. other models, we found it tricky to avoid ""apples-to-oranges"" comparisons -- in part since the formulation of an attractor neural network for residue number systems is relatively novel. Instead, we focus on experiments showing model robustness to types of noise commonly postulated in neural systems. *Realization of the binding operation:* In our model, the binding operation $\odot$ is implemented by element-wise vector multiplication. Thus, the model posits that HF has neurons that can multiply their inputs. There are many biologically plausible neuron models of multiplication [A2, sec. 21.1.1]; a recent study gives a concrete example [A3]. In our case, the neuron model for multiplication that makes most sense is the sigma-pi neuron [57, 58]. It is so-called since groups of inputs are first multiplied together (in dendritic compartments), then the outputs of multiplication are summed (in the soma). It maps onto our model: multiplication implements binding, while the sums then compute inner products (similarity). *Additional experiments:* To strengthen our results, we have run a few more experiments, based on reviewers' suggestions to consider biologically motivated sources of noise and ablation studies. Please see the attached PDF. We find that: - The model is robust to varying levels of synaptic noise, also commonly known as ""dropout"" (Fig. X1). - The model also requires fairly limited synaptic precision (Fig. X2) -- analogous to bounded storage capacity at synapses in real neurons. - The model can handle some lesions of weights (Fig. X3). Focused lesions of entire columns or modules are more severe than distributed lesions. We look forward to the discussion period and are happy to clarify further. We will also use each reviewer's feedback to improve the final version of the manuscript. [A1] Kriegeskorte et al. (2008), _Front. Sys. Neuro._ [A2] Koch, C. (2004), _OUP_ [A3] Groschner et al. (2022), _Nature_

Thank you for your thoughtful review. We appreciate your agreement about the rigor and suitability of the mathematical framework. Apologies if responses seem terse, we've tried to give clear explanations within the word count. > To make a better job ... What is it that main thing that it bring to the table? Apart from mathematical elegance. Our work gives a theory of computations (representations and algorithms) in the HF. We posit that the HF instantiates our model's recurrent dynamics, population codes, and binding mechanisms. These lead to testable predictions for experimental neuroscience and ascribe function to existing observations about neural data. The model's robustness (Figs. 3 & 4) could help explain the brain's robustness. We also list core contributions in the general rebuttal. > the paper conflates conceptual ... and computational/mechanistic similarity We agree that the two are distinct. Our contributions to each are also distinct: - Our model is conceptually similar because the five principles of spatial representation (outlined in Sec. 2.1) are the same for our model and (we believe) for HF. However, the intention is not to stop at _mere_ conceptual similarity, but rather to motivate our proposed mechanisms. - More significantly, the model has computational/mechanistic similarity. The variables and computations of the modular attractor network (detailed in Sec. 2.2) map onto specific neural populations and circuit-level dynamics. Sec. 2.3 maps the model's parts to neuroanatomy. Binding and its realization in HF circuits is ""at the core of potential achievements"". We discuss binding further in the general rebuttal and re: question (4). Thus, we don't think the paper conflates the two, nor is it exhibiting only conceptual similarity. > The evaluation ... better that some other ones? Please refer to our discussion of model comparison in the general rebuttal. *Weaknesses*: > The task ... was not clearly defined These were defined in Appendix B: Experimental details. We run four categories of empirical tests; each described in a subsection of the appendix. Path integration is just one evaluation. Still, we anticipate that the spirit of this comment is to make these clearer in the main text. We will definitely revise the main text accordingly. > a dissonance ... if the importance is not in that, then what is it in? We respectfully disagree that the connections to biology are loose. Please refer to the discussion of computational/mechanistic similarity and response to question (2). > The evaluation of simulated trajectories... Please refer to our responses for Question (3) / Figure 6A. *Questions*: Re (1): The claim is the former: that the computations resemble those in the HF. Re line 122: A grid module is a population of grid cells in MEC that have approximately the same ""scale"" -- the spacing between the firing field peaks that form the hexagonal lattice. Grid modules are seen as functionally significant since (a) scales appear discretized in experimental data, and (b) neuron's scale correlates strongly with anatomical location [9]. Re (2): There are two comparisons. We give examples of grid response fields from our model that resemble neural data (Fig. 6C, Fig. S1). Our model also recreates experimental data regarding global remapping (Appendix C.2, Figure S2). We would be excited to compare our model to further neural data, but we also believe that it is beyond the scope of this paper. Re (3): a) It is a standard dataset used in computational neuroscience. Recent examples include [37, A6]. b) There are significant practical advantages: synthetic data gives more control to over room sizes, trial lengths, and numbers of trials. c) The dataset is realistic. The authors used statistics of actual rodent trajectories and validated simulation quality [36]. Re Fig. 6A (1): For the model without attractor dynamics, the update in equation 7 is replaced by $\hat{\mathbf{g}}_i(t + 1) = \mathbf{q}_i(v_t) \odot \hat{\mathbf{g}}_i(t)$. Re Fig. 6A (2): Performance comes from the model's robustness to noise (Fig. 3, Sec. 3.3) and ability to interpolate between integer values (Fig. 4, Sec. 3.4). The task isn't trivial since noise accumulates over time and since the attractor network denoises sub-integers without using additional resources. Re (4): >The predictions ... true in biological system? Excitingly, we don't know yet! These predictions are offered as new hypotheses to test model similarity to the brain. > it would be great to have a more extensive explanation of what ""multiplicative interactions ... We appreciate the opportunity to clarify. Please refer to the general rebuttal section on binding. > (B) ""Binding between MEC modules"" - what is specifically meant ... To clarify, in our paper: binding is just another name for conjunctive composition (please see line 67). In our model, the state of each grid module $\mathbf{\hat{g}}\_i$ depends on binding the states of other grid modules ($\mathbf{\hat{g}}_{j \neq i}$) and hippocampus ($\mathbf{p}$) (per Eqs. 6 and 7). Our claim in Line 319 is that sigma-pi neurons in MEC implement this binding. > Because if we only mean ... then sure, that's trivial ... If you mean some specific mechanism ... then what is it? We mean multiplication, implemented by sigma-pi neurons with nonlinearities in dendritic compartments [57]. >How does it manifest ... How can we assess that? We don't know yet, but it's biologically plausible, since nonlinear computations on EC inputs within HC dendrites are important for assigning contexts to place cells [26]. It remains to test if a) these computations implement binding, and b) similar operations occur within MEC grid modules. > &#40;C) ... are they properties of the brain? To test this, there are methods (structural and functional imaging) for measuring the timescale and persistence of synaptic plasticity. [A6] George et al. (2023), _eLife_"	"Thank you very much for your thoughtful review and accurate summary of its main points. We concur that the strengths listed: theory (proofs and experimental validation) for every part of the RNS model, in addition to testable hypotheses for experimental neuroscience, are the core results of the paper. We would like to clarify a few points regarding weaknesses/limitations of the paper and answer your questions. > Code is not provided We would like to politely mention that code to replicate experiments was included in the Supplementary Material zip of the submission. > There were several mention of compositionally as the motivation, but there is no direct analyses to show the effectiveness of model in compositionally Thank you for raising this issue. We'd like to use this opportunity to more clearly define what we mean by compositionality and how the model achieves it. We use the term 'compositionality' to denote a design principle of the HF model. Compositionality refers to complex representations that are _composed_ by simpler building blocks and formation rules [A11]. This means that even a small number of primitives can be richly expressive, because they have a large combinatorial range. The representations we posit in the hippocampal formation meet this definition: they are composed by modules representing residue numbers and contextual tags that are formed by binding operations. These design choices result in the large and robust combinatorial range, as we show theoretically and empirically. At the same time, we recognize that the term 'compositionality' has different meanings across machine learning, cognitive science, and neuroscience. We are also aware that there are interesting cases of compositionality that our model doesn't speak about. These include compositional _generalization_ to out-of-distribution test datasets, and compositional _generation_ of novel strategies, as studied in program induction. To make these points explicitly, in the final version, we will include this definition of compositionality upon introduction of the term (around lines 19-20 in the current PDF), and we will discuss these other related senses of compositionality in the discussion under limitations (around lines 304-315). > There is virtually no comparison to other models in terms of coding range, robustness to noise and compositionality Please see our discussion in the general rebuttal on model comparison. In that section, we have explicitly aimed to address the coding range, robustness to noise, and compositionality points of comparison. We should also note that no other related work attempts to measure coding range (of modular attractor networks implementing RNS), robustness, and compositionality for a single model of the hippocampal formation. Consequently, we've done our best to indicate points of comparison when appropriate for individual experiments. We also feel that the theoretical foundations and interpretability of the model provide potential advantages over other models that could be proposed in the future. > How does the time-scale of unit responses compared to actual neurons? Is the attractor model fast enough to track the changes in the environment? In our model, the unit responses are on the order of 100ms. We believe that this is a biophysically reasonable parameter, and it is consistent with the timescale of theta oscillations (4-12 Hz) believed to be important for neural computation in HF. Empirically, we find that this timescale is sufficient to track changes quickly enough for reliable path integration. > The potential prediction for encoding of episodic memory in this framework is not clear to me. Thank you for raising this point. Page constraints made it a bit difficult to discuss this point in the main text, but we will gladly add this information to Sec. 4.2 and the Discussion in a revised version. The larger picture is that many neuroscientists believe that the two functions of the hippocampus -- in episodic memory and in spatial navigation -- are supported by the same neural circuits and principles (e.g., [A12]). Put more starkly, spatial navigation and episodic memory are two sides of the same coin: one is navigation in real physical space, the other is navigation in a more abstract, conceptual space. If this unified picture of navigation and memory is correct, then our model would have implications for how memories are structured and stored in HF. The experiments for sensory recall (Sec. 4.2, Fig. 7) are designed to explain how imperfect memories corresponding to sensory patterns can be denoised by the hippocampal-entorhinal loop. Further, in the Appendix (Sec. C.3 and Fig. S5), we test the model's ability to perform recall sequences of concepts, even in the presence of neural noise. Regarding limitations: > Comparison to existing methods, or an ablation study on the proposed method to verify the intended computational role for each component Please see our discussion of model comparison in the general rebuttal. The ablation study that you mention is a helpful suggestion. In the PDF attached to the general rebuttal, we have conducted an additional ablation experiment (Fig. X3) to quantify the impact on performance. [A11] Szabó, Z.G. (2022). Compositionality. _The Stanford Encyclopedia of Philosophy._ [A12] Buzsáki, G., & Moser, E. I. (2013). Memory, navigation and theta rhythm in the hippocampal-entorhinal system. _Nature neuroscience_, _16_(2), 130-138.

Thank you for your thoughtful review. We appreciate your agreement about the rigor and suitability of the mathematical framework. Apologies if responses seem terse, we've tried to give clear explanations within the word count. > To make a better job ... What is it that main thing that it bring to the table? Apart from mathematical elegance. Our work gives a theory of computations (representations and algorithms) in the HF. We posit that the HF instantiates our model's recurrent dynamics, population codes, and binding mechanisms. These lead to testable predictions for experimental neuroscience and ascribe function to existing observations about neural data. The model's robustness (Figs. 3 & 4) could help explain the brain's robustness. We also list core contributions in the general rebuttal. > the paper conflates conceptual ... and computational/mechanistic similarity We agree that the two are distinct. Our contributions to each are also distinct: - Our model is conceptually similar because the five principles of spatial representation (outlined in Sec. 2.1) are the same for our model and (we believe) for HF. However, the intention is not to stop at _mere_ conceptual similarity, but rather to motivate our proposed mechanisms. - More significantly, the model has computational/mechanistic similarity. The variables and computations of the modular attractor network (detailed in Sec. 2.2) map onto specific neural populations and circuit-level dynamics. Sec. 2.3 maps the model's parts to neuroanatomy. Binding and its realization in HF circuits is ""at the core of potential achievements"". We discuss binding further in the general rebuttal and re: question (4). Thus, we don't think the paper conflates the two, nor is it exhibiting only conceptual similarity. > The evaluation ... better that some other ones? Please refer to our discussion of model comparison in the general rebuttal. *Weaknesses*: > The task ... was not clearly defined These were defined in Appendix B: Experimental details. We run four categories of empirical tests; each described in a subsection of the appendix. Path integration is just one evaluation. Still, we anticipate that the spirit of this comment is to make these clearer in the main text. We will definitely revise the main text accordingly. > a dissonance ... if the importance is not in that, then what is it in? We respectfully disagree that the connections to biology are loose. Please refer to the discussion of computational/mechanistic similarity and response to question (2). > The evaluation of simulated trajectories... Please refer to our responses for Question (3) / Figure 6A. *Questions*: Re (1): The claim is the former: that the computations resemble those in the HF. Re line 122: A grid module is a population of grid cells in MEC that have approximately the same ""scale"" -- the spacing between the firing field peaks that form the hexagonal lattice. Grid modules are seen as functionally significant since (a) scales appear discretized in experimental data, and (b) neuron's scale correlates strongly with anatomical location [9]. Re (2): There are two comparisons. We give examples of grid response fields from our model that resemble neural data (Fig. 6C, Fig. S1). Our model also recreates experimental data regarding global remapping (Appendix C.2, Figure S2). We would be excited to compare our model to further neural data, but we also believe that it is beyond the scope of this paper. Re (3): a) It is a standard dataset used in computational neuroscience. Recent examples include [37, A6]. b) There are significant practical advantages: synthetic data gives more control to over room sizes, trial lengths, and numbers of trials. c) The dataset is realistic. The authors used statistics of actual rodent trajectories and validated simulation quality [36]. Re Fig. 6A (1): For the model without attractor dynamics, the update in equation 7 is replaced by $\hat{\mathbf{g}}_i(t + 1) = \mathbf{q}_i(v_t) \odot \hat{\mathbf{g}}_i(t)$. Re Fig. 6A (2): Performance comes from the model's robustness to noise (Fig. 3, Sec. 3.3) and ability to interpolate between integer values (Fig. 4, Sec. 3.4). The task isn't trivial since noise accumulates over time and since the attractor network denoises sub-integers without using additional resources. Re (4): >The predictions ... true in biological system? Excitingly, we don't know yet! These predictions are offered as new hypotheses to test model similarity to the brain. > it would be great to have a more extensive explanation of what ""multiplicative interactions ... We appreciate the opportunity to clarify. Please refer to the general rebuttal section on binding. > (B) ""Binding between MEC modules"" - what is specifically meant ... To clarify, in our paper: binding is just another name for conjunctive composition (please see line 67). In our model, the state of each grid module $\mathbf{\hat{g}}\_i$ depends on binding the states of other grid modules ($\mathbf{\hat{g}}_{j \neq i}$) and hippocampus ($\mathbf{p}$) (per Eqs. 6 and 7). Our claim in Line 319 is that sigma-pi neurons in MEC implement this binding. > Because if we only mean ... then sure, that's trivial ... If you mean some specific mechanism ... then what is it? We mean multiplication, implemented by sigma-pi neurons with nonlinearities in dendritic compartments [57]. >How does it manifest ... How can we assess that? We don't know yet, but it's biologically plausible, since nonlinear computations on EC inputs within HC dendrites are important for assigning contexts to place cells [26]. It remains to test if a) these computations implement binding, and b) similar operations occur within MEC grid modules. > &#40;C) ... are they properties of the brain? To test this, there are methods (structural and functional imaging) for measuring the timescale and persistence of synaptic plasticity. [A6] George et al. (2023), _eLife_

Thank you for your accurate summary of our work and fair assessment of its strengths, weaknesses, and limitations. We appreciate that you found the ideas to be interesting and comprehensive. We agree that our modeling approach is ""relatively high-level"", and that such an approach comes with strengths and weaknesses. We would emphasize that our motivation for this abstraction is to include all of the components of the HF needed to have a minimal working algorithm, and no more. In other words, we can justify the functional relevance of each region and computational step, without introducing ""bells and whistles"" that might dilute that message. In the general rebuttal to all reviewers, we have included some additional ways in which our model can be evaluated relative to neural data. These are meant to contextualize the predictions for neuroscience that are outlined in the discussion. Regarding your specific questions: > Can you clarify what you mean by ""carry-free"" hexagonal coding? Good question. Upon reflection, we will revise ""carry-free hexagonal encoding"" (lines 213-4) to ""carry-free implementation of a triangular frame"", in order to make the meaning of this statement clearer. For completeness, we also provide some further clarification below. In general, carry-free means that the components of the representation can be updated in parallel, i.e., without dependence on the results of other updates. For example, binary representations are not carry-free with respect to addition, since the final state of a bit depends on two components _and_ the results of computation (""carry-over"") on lower-order bits. For the triangular frame discussed in Section 3.5 and Appendix A.3, each 2-D position is represented with three coordinates. Each coordinate can take up to $m$ integer values from $\{0, 1, \dots, m-1 \}$. To illustrate why these computations are not carry-free in general, suppose we update coordinate [1, 1, 0] by [0, 0, 1] - the resulting coordinate is [1, 1, 1]. This is actually equivalent to the 2D position expressed by the coordinate [0, 0, 0], but we wouldn't know that without further computation. Thus, we'd either need further ""carry-over"" operations to reduce states to one member of an equivalence class, or we make equality testing cumbersome. > Can you reflect on scalability in terms of the number of neurons. For example, regarding the statement, ""In particular, we require that distinct integer values are represented with nearly orthogonal vectors."" how does this requirement affect the scalability of the approach? We appreciate the question and opportunity to clarify. In a $D$-dimensional space, linear algebra dictates there are only up to $D$ exactly orthogonal vectors. Our method relies on the fact that there are many more vectors that are almost orthogonal.. That is, they have a non-zero, but still small, inner-product. This idea is fundamental to the theory of dimensionality reduction in machine learning, and indeed, the kinds of random codes we employ here are commonly used for this purpose (e.g., [A7]). Our analysis in Theorem 1 (Appendix A.1) implies that, to represent a set of $M$ distinct states using vectors whose inner-product is (with high probability) at most $\epsilon$, it suffices to take $D = O(\epsilon^{-2}\log(M))$. Note that the dependence of the dimension on $M$ (the total size of the universe) is just logarithmic! This result is consistent with a wide body of other work in the machine learning literature that obtains similar rates for coding schemes of this nature [A7, A8]. From a practical perspective, this means that a relatively modest number of neurons (as we use in our experiments) can achieve a large dynamic range. > What is the numerical precision required for numerical stability in terms of the neural activity and the synaptic weights? Can you discuss how realistic this approach is in the context of real neurons with firing raters under 100Hz? This is an important question. We have a few comments: - The von Mises noise experiments (in Figs. 3 and 4) provide an implicit answer, because adding phasor noise decreases reliability of the precision. - To answer your question more explicitly, we have conducted a follow-up experiment testing the effect of quantizing to a small number of bits per synaptic weight. Please see Figure X2 in the PDF attached to the general rebuttal; we will also add it to the supplement). Within this range, we've found that a) 5 bits is nearly as good as full precision, b) even 3 bits still performs well, and c) higher precision faces diminishing returns, in a way that higher dimensionality does not. This last point is consistent with prior work on quantization in theoretical computer science (e.g., [A9, A10]), and with the observation that biological neural networks have high dimension but with low-precision components. - Nothing in the model requires high firing rates to function. [A7] Rahimi & Recht (2007), _NeurIPS_ [A8] Dasgupta & Gupta (2003), _Rand. Struct. Algor._ [A9] Clarkson & Woodruff (2009), _ACM STOC_ [A10] Zhang, May, Dao, Ré (2019), _AISTATS_"	unresolved	4	Thank you very much for your thoughtful review and accurate summary of its main points. We concur that the strengths listed: theory (proofs and experimental validation) for every part of the RNS model, in addition to testable hypotheses for experimental neuroscience, are the core results of the paper. We would like to clarify a few points regarding weaknesses/limitations of the paper and answer your questions. >...	User-reviewed IAA second-pass confirmation on 2026-05-06; source=human-review; confirmed first-pass label.
KS8mIvetg2__r02	ICLR 2024 v1	Proving Test Set Contamination in Black-Box Language Models	8: accept, good paper	3: You are fairly confident in your assessment. It is possible that you did not understand some parts of the submission or that you are unfamiliar with some pieces of related work. Math/other details were not carefully checked.	"[weaknesses] The experiments do not compare the performance of the proposed tests to prior work. I understand that this work differs from say, the work from Carlini et al. in that this work focuses on set-level contamination, but how does aggregating instance-level statistics over a set compare?

[questions] - How does the performance of this method compare to that of prior work (see Weakness) - How sensitive is the proposed test to the model size?

[summary] This paper studies the problem of identifying test set contamination in large language models, i.e., detecting that a test set is present in the pretraining data of a language model. The main idea behind the approach is that for test sets that have some canonical order of individual instances (e.g.: the order in which the dataset creators release the dataset), the likelihood of the test set in that order would be significantly higher than any random permutation of the dataset. Based on this idea, the paper proposes two versions of the test, one of which shards the test set and aggregates statistics over the shards to make the estimate more robust to potential biases in the model. The tests are evaluated first by measuring their sensitivity when pretraining datasets are intentionally contaminated. It is shown that they are highly sensitive when the tests sets are large or have been duplicated enough in the pretraining data. The test is then used to measure contamination of the pretraining data used to train the Llama models and it is shown that the findings agree with prior reports."	Thank you for your thorough analysis and constructive feedback on our paper. We appreciate the opportunity to clarify the points raised and to provide additional insights into our research. N-gram overlap is a commonly utilized measure of contamination in the literature; however, it should be noted that it acts more as a measurement tool rather than as a definition of contamination. N-gram overlap may fail to distinguish between coincidental overlap and genuine contamination in some situations, and has been observed to potentially lead to false positives under certain conditions. For example, the Stanford Question-Answering Dataset (SQuAD v2) uses background information derived from Wikipedia, and in the GPT-3 paper, Brown et. al. (2020) find high N-gram overlap for this reason, even if labels are not present in the data and no true contamination exists. Please see pg. 43 of that paper for examples of false positives in their contamination study. We believe that the definition introduced in our paper, of contamination as a statistical dependence between the model and the dataset, is precise and formal, and better captures the notion of contamination as a transfer of information ...	"Thank you for your thorough analysis and constructive feedback on our paper. We appreciate the opportunity to clarify the points raised and to provide additional insights into our research. N-gram overlap is a commonly utilized measure of contamination in the literature; however, it should be noted that it acts more as a measurement tool rather than as a definition of contamination. N-gram overlap may fail to distinguish between coincidental overlap and genuine contamination in some situations, and has been observed to potentially lead to false positives under certain conditions. For example, the Stanford Question-Answering Dataset (SQuAD v2) uses background information derived from Wikipedia, and in the GPT-3 paper, Brown et. al. (2020) find high N-gram overlap for this reason, even if labels are not present in the data and no true contamination exists. Please see pg. 43 of that paper for examples of false positives in their contamination study. We believe that the definition introduced in our paper, of contamination as a statistical dependence between the model and the dataset, is precise and formal, and better captures the notion of contamination as a transfer of information between the test set and the model—not simply a correlation that appears because both the test set and pre-training data share information. While verbatim contamination of ordered data does not encompass all forms of contamination, we found that the presence of ordered test sets in pre-training data is surprisingly common. A search of The Pile, a large open-source language modeling dataset, yielded numerous instances of real-world datasets embedded with examples appearing in-order; see our top-level comment for an example. In pre-training, shuffling of the data occurs at the document level, and is not typically applied to the data within a document. Files collected from the internet would typically be treated as singular documents in dataset construction pipelines. More importantly, the use of ordering allows us to give provable guarantees of contamination, which is more difficult to achieve for other, less direct forms of contamination. Our work is the only existing contamination detection method for language models to give guarantees of this kind. Regarding concerns about sensitivity of the test to the shard count, figure 3 (left) shows that a wide range of shard counts (between 10 and 150) attain p-values below 1e-4. Once the p-value is low enough that statistical significance is attained, there is no added benefit to lowering the p-value. Therefore, the plot suggests that the test is robust to shard count, so long as the shard count is not too low (so that the t-test can still be used reasonably), and not too high (so that there are enough examples per shard to get sufficient signal from log-prob differences.) Similarly, figure 3 (right) shows that increasing the permutation count monotonically decreases the p-value, and that the p-value stabilizes beyond about 25 permutations per shard. This suggests that the test is not sensitive to the permutation count, provided that the permutation count is not too low. Our empirical results use a permutation count of at least 50. We welcome further discussion on this point to ensure we fully understand and address your concerns. Detecting contamination at the instruction fine-tuning stage would be interesting follow-up work, but is complicated by the fact that examples are commonly shuffled in this setting, and so we cannot test against a known example order. In this setting, heuristic methods may prove to be more effective. We hope this response has addressed your concerns effectively. We are grateful for the chance to discuss our work's potential, and wish to thank you again for your valuable input.

We are sincerely grateful to the reviewers for dedicating their time and effort to review our work, and we appreciate the recognition of the novelty of using exchangeability for contamination detection and the significance of our contribution given the discourse surrounding contamination in the field. We address each reviewer's comments in detail below. We have made numerous updates to the submission, most notably with the results of our test on four popular open models and eight commonly used benchmarks. One question shared by multiple reviewers is regarding the exact notion of contamination we consider in this work. Rather than consider a definition based on heuristics like n-gram overlap, we consider contamination detection as the problem of detecting statistical dependence between the test data and model parameters. Within this setting, our work shows that it is possible to provide provable guarantees of contamination in the case of verbatim contamination, where the full test set (with examples and labels) is embedded in the pretraining data. To illustrate the relevance of this setting, we note that a search of The Pile, a large open-source language modeling dataset, yielded numerous instances of small real-world datasets embedded with examples appearing in-order. As one example, the following is an excerpt from a dataset for an annotation tool made by Explosion, the creators of spaCy, a popular natural language processing framework, found in The Pile: ``` {""text"":""Uber\u2019s Lesson: Silicon Valley\u2019s Start-Up Machine Needs Fixing"",""meta"":{""source"":""The New York Times""}} {""text"":""Pearl Automation, Founded by Apple Veterans, Shuts Down"",""meta"":{""source"":""The New York Times""}} {""text"":""How Silicon Valley Pushed Coding Into American Classrooms"",""meta"":{""source"":""The New York Times""}} Source: https://github.com/explosion/prodigy-recipes/tree/fc06f6a6d93bc477e98cf0d8357c39322e4f5a6a ``` What our work shows is that by exploiting exchangeability in this setting, we are able to provide guarantees on the false positive rate of our test. Multiple reviewers indicated the desire for a comparison against a baseline method. While no other existing work is comparable in the sense that it provides a statistical proof of contamination like ours, we provide a comparison against a state of the art heuristic method for contamination detection called Min-K% Prob, proposed by Shi et. al. (2023) contemporaneous to our work. We use the same pretrained model and test sets from our experiments in Section 4.1. | Dataset | Duplication Count | Sharded p (ours) | Percent Contaminated (Min-K%-Prob) | |------------|-------------------|------------------|------------------------------------| | BoolQ | 1 | 0.156 | 3% | | HellaSwag | 1 | 0.478 | 2% | | MNLI | 10 | 1.96e-11 | 100% | | MMLU-Pro-Law | 50 | 1e-38 | 90% | | MMLU-HS-Psych | 100 | 1e-38 | 74% | Our run of Min-k%-Prob follows the methodology outlined in the paper; we run the method on one hundred 512-token spans sampled from each benchmark, and tune the decision threshold on a validation set of five of our contaminated test sets, and five test sets not used in our data mixture (uncontaminated). The threshold is tuned for a false positive rate of 5% to allow for a meaningful comparison against our test. A value of k=20 is used as is recommended in the paper. We find that our method matches or exceeds the performance of this state of the art heuristic method, while also providing statistical proof of contamination.

Thank you for your recognition of our work and for your insightful comments. This work differs from prior work in two key ways: in the definition and setting considered and in the resultant provable guarantees. We consider contamination detection as the problem of detecting a statistical dependence between the test data and model parameters, and show that we can provide provable guarantees in the case of verbatim contamination, where the full test set (with examples and labels) is embedded in the pretraining data. Prior work is primarily heuristic in nature; To our knowledge, our work is the first of its kind to provide provable guarantees of contamination for language models. For comparison against a baseline, we provide a comparison against a contamination detection method called Min-K% Prob, a state of the art heuristic method for contamination detection in language models proposed contemporaneous to our work by Shi et. al. (2023). We find that our method matches or exceeds the performance of this state of the art heuristic method. Please see the table in the top-level comment for numbers. Thank you for your question regarding the impact of model size on the performance of the test. Existing work on memorization in language models suggests that larger models memorize their training data more strongly. For example, Carlini et. al. (2023) show that both model size and repetitions in the training data increase the extractability of training data sequences. Our empirical results show that the power of our test increases dramatically in the number of repetitions (duplication rate), and we posit that our test enjoys a similar increase in power for larger model sizes, since larger models likely memorize example order more strongly. We present preliminary results on the impact of model size on the power of our test. We evaluated three models of increasing parameter counts trained on the same data mixtures as in section 4.1, on the test sets present in the pretraining data at a duplication rate of 1. These results suggest that the test performs better with larger models. | Parameter Count | Average Logarithm of P-Value | |-----------------|---------| | 355M | -1.427 | | 774M | -1.825 | | 1500M | -12.783 |"	"Thank you for your recognition of our work and for your insightful comments. This work differs from prior work in two key ways: in the definition and setting considered and in the resultant provable guarantees. We consider contamination detection as the problem of detecting a statistical dependence between the test data and model parameters, and show that we can provide provable guarantees in the case of verbatim contamination, where the full test set (with examples and labels) is embedded in the pretraining data. Prior work is primarily heuristic in nature; To our knowledge, our work is the first of its kind to provide provable guarantees of contamination for language models. For comparison against a baseline, we provide a comparison against a contamination detection method called Min-K% Prob, a state of the art heuristic method for contamination detection in language models proposed contemporaneous to our work by Shi et. al. (2023). We find that our method matches or exceeds the performance of this state of the art heuristic method. Please see the table in the top-level comment for numbers. Thank you for your question regarding the impact of model size on the performance of the test. Existing work on memorization in language models suggests that larger models memorize their training data more strongly. For example, Carlini et. al. (2023) show that both model size and repetitions in the training data increase the extractability of training data sequences. Our empirical results show that the power of our test increases dramatically in the number of repetitions (duplication rate), and we posit that our test enjoys a similar increase in power for larger model sizes, since larger models likely memorize example order more strongly. We present preliminary results on the impact of model size on the power of our test. We evaluated three models of increasing parameter counts trained on the same data mixtures as in section 4.1, on the test sets present in the pretraining data at a duplication rate of 1. These results suggest that the test performs better with larger models. | Parameter Count | Average Logarithm of P-Value | |-----------------|---------| | 355M | -1.427 | | 774M | -1.825 | | 1500M | -12.783 |

We are sincerely grateful to the reviewers for dedicating their time and effort to review our work, and we appreciate the recognition of the novelty of using exchangeability for contamination detection and the significance of our contribution given the discourse surrounding contamination in the field. We address each reviewer's comments in detail below. We have made numerous updates to the submission, most notably with the results of our test on four popular open models and eight commonly used benchmarks. One question shared by multiple reviewers is regarding the exact notion of contamination we consider in this work. Rather than consider a definition based on heuristics like n-gram overlap, we consider contamination detection as the problem of detecting statistical dependence between the test data and model parameters. Within this setting, our work shows that it is possible to provide provable guarantees of contamination in the case of verbatim contamination, where the full test set (with examples and labels) is embedded in the pretraining data. To illustrate the relevance of this setting, we note that a search of The Pile, a large open-source language modeling dataset, yielded numerous instances of small real-world datasets embedded with examples appearing in-order. As one example, the following is an excerpt from a dataset for an annotation tool made by Explosion, the creators of spaCy, a popular natural language processing framework, found in The Pile: ``` {""text"":""Uber\u2019s Lesson: Silicon Valley\u2019s Start-Up Machine Needs Fixing"",""meta"":{""source"":""The New York Times""}} {""text"":""Pearl Automation, Founded by Apple Veterans, Shuts Down"",""meta"":{""source"":""The New York Times""}} {""text"":""How Silicon Valley Pushed Coding Into American Classrooms"",""meta"":{""source"":""The New York Times""}} Source: https://github.com/explosion/prodigy-recipes/tree/fc06f6a6d93bc477e98cf0d8357c39322e4f5a6a ``` What our work shows is that by exploiting exchangeability in this setting, we are able to provide guarantees on the false positive rate of our test. Multiple reviewers indicated the desire for a comparison against a baseline method. While no other existing work is comparable in the sense that it provides a statistical proof of contamination like ours, we provide a comparison against a state of the art heuristic method for contamination detection called Min-K% Prob, proposed by Shi et. al. (2023) contemporaneous to our work. We use the same pretrained model and test sets from our experiments in Section 4.1. | Dataset | Duplication Count | Sharded p (ours) | Percent Contaminated (Min-K%-Prob) | |------------|-------------------|------------------|------------------------------------| | BoolQ | 1 | 0.156 | 3% | | HellaSwag | 1 | 0.478 | 2% | | MNLI | 10 | 1.96e-11 | 100% | | MMLU-Pro-Law | 50 | 1e-38 | 90% | | MMLU-HS-Psych | 100 | 1e-38 | 74% | Our run of Min-k%-Prob follows the methodology outlined in the paper; we run the method on one hundred 512-token spans sampled from each benchmark, and tune the decision threshold on a validation set of five of our contaminated test sets, and five test sets not used in our data mixture (uncontaminated). The threshold is tuned for a false positive rate of 5% to allow for a meaningful comparison against our test. A value of k=20 is used as is recommended in the paper. We find that our method matches or exceeds the performance of this state of the art heuristic method, while also providing statistical proof of contamination.

Thank you for your thorough review and valuable feedback on our work. We'd like to address the concern regarding the computational complexity of our test. It's important to note that the test is a one-time process for any given model and dataset; once the p-values are computed, there is no need for recalculation. Our findings indicate that a number of permutations beyond 30-50 per shard offers diminishing returns, as shown in Figure 3 (right). Furthermore, the test's design allows for easy parallelization. Each shard permutation can be evaluated independently, enabling the use of inexpensive commodity hardware to run the test significantly faster. Regarding the assumption of data exchangeability, this is a strictly weaker condition than the commonly held assumption of independent and identically distributed (I.I.D.) data in machine learning. Most datasets satisfy this assumption to some extent. We acknowledge the validity of our test hinges on data exchangeability. However, depending on the source of non-exchangeability, it is often the case that a dataset can be altered slightly so that our test is still valid. For example, a common source of non-exchangeability is the presence of ascending IDs (e.g. as in SQuAD and HumanEval). We can adjust the data—by either removing these IDs or permuting the examples while keeping IDs constant—to retain the test's applicability. This is discussed in more detail in the revised paper. Finally, we appreciate your suggestion to include baseline comparisons. We provide a comparison against a contamination detection method called Min-K% Prob, a state of the art heuristic method for contamination detection in language models proposed contemporaneous to our work by Shi et. al. (2023). We find that our method matches or exceeds the performance of this state of the art heuristic method. Please see the table in the top-level comment for numbers."	fixed	4	Context fallback from aligned response context: Thank you for your thorough analysis and constructive feedback on our paper. We appreciate the opportunity to clarify the points raised and to provide additional insights into our research. N-gram overlap is a commonly utilized measure of contamination in the literature; however, it should be noted that it acts more as a measurement tool rather than as a...	User-reviewed IAA second-pass confirmation on 2026-05-06; source=human-review; confirmed first-pass label.
ONfWFluZBI__r01	ICLR 2025 repro v2	Self-supervised contrastive learning performs non-linear system identification	6	2	"[weaknesses] The paper needs refinement, with minor typos and inadequately captioned figures. While studying the identifiability of time-series contrastive learning might be novel, all the technical tools require carefully controlled assumptions and specific behavior of Jacobians under contrastive loss minimization, which typically do not hold in practice. Nonetheless, such assumptions are common in the literature on the identifiability of dynamical systems from observed time series.

[questions] None

[summary] The main contribution of this paper is to provide identifiability theory for contrastive learning on time-series data with non-linear mixing, in the same spirit as time-contrastive learning (Hyvärinen & Morioka, 2016) for non-linear ICA. However, the authors discard the independence assumptions typically made in non-linear ICA with respect to the latent variables, and instead define a dynamical system as the data generating process. The proof operates under the assumption that the mapping from latent states to observables is injective but not necessarily linear, which is exploited to show that the composition of mixing and de-mixing by the model is an affine transform. As such, the estimated dynamics via contrastive estimation identify the true dynamics up to affine transformation in the latent space. There are experiments that corroborate the validity of this approach."	We want to thank all reviewers again for their insightful comments which enabled us to substantially improve the paper during the rebuttal phase. **So far, three reviewers already acknowledged our efforts, unanimously positive.** Thank you very much for the positive reception of our work. Given the substantial improvements to the paper during the first iteration and the tight reviewing timeline, **we understand that not all reviewers got the chance to reply yet**. We will stay available for additional discussions in the remaining week of the discussion period, and are **looking forward to hearing from 4X1L and KF3j**. We would also appreciate if **GCbH** and **3gxR** could have another look, since our new additions to the manuscript are touching on points raised by these reviewers. We post individual replies for more context. To facilitate our final discussion, we added Appendix I, L, M to the manuscript to include a few more experimental results: - Appendix I: We extended the results on **non-injective mixing functions** and show an even more data-efficient parametrisation of our model which improves results and supports the theoretical intuition on using embeddings based on mu...	"We want to thank all reviewers again for their insightful comments which enabled us to substantially improve the paper during the rebuttal phase. **So far, three reviewers already acknowledged our efforts, unanimously positive.** Thank you very much for the positive reception of our work. Given the substantial improvements to the paper during the first iteration and the tight reviewing timeline, **we understand that not all reviewers got the chance to reply yet**. We will stay available for additional discussions in the remaining week of the discussion period, and are **looking forward to hearing from 4X1L and KF3j**. We would also appreciate if **GCbH** and **3gxR** could have another look, since our new additions to the manuscript are touching on points raised by these reviewers. We post individual replies for more context. To facilitate our final discussion, we added Appendix I, L, M to the manuscript to include a few more experimental results: - Appendix I: We extended the results on **non-injective mixing functions** and show an even more data-efficient parametrisation of our model which improves results and supports the theoretical intuition on using embeddings based on multiple time-lags. - Appendix L: We added **further discussion on component-wise vs linear identifiability** and are comparing our results w.r.t to the MCC metric and $R^2$ metric as requested by reviewer 3gxR. - Appendix M: We added the promised **benchmarks on additional baselines**, namely TCL[1], PCL[2], and TDRL[3] as proposed by the reviewers GCbH and 3gxR. These benchmark results show the differences in theoretical assumptions of DynCL vs. established methods and demonstrate the performance of fitting dynamics model of DynCL. We provide the code (as close to [3] as possible) here: https://anonymous.4open.science/r/dyncl-tdrl-baselines. **We are looking forward to engage in further discussion.** Thanks again! --- References: [1] Hyvarinen, A. and Morioka, H., 2017, April. Nonlinear ICA of temporally dependent stationary sources. In Artificial Intelligence and Statistics (pp. 460-469). PMLR. [2] Hyvarinen, A., Morioka, H., 2016. Unsupervised Feature Extraction by Time-Contrastive Learning and Nonlinear ICA, in: Advances in Neural Information Processing Systems. Curran Associates, Inc. [3] Temporally Disentangled Representation Learning. Yao et al. NeurIPS 2022. Benchmarking codebase for Appendix M: https://anonymous.4open.science/r/dyncl-tdrl-baselines

Dear reviewer, thanks again for your extensive comments. We used the days since publishing the first version of our revision to provide even stronger results relating to the concerns you raised. Most importantly, we would like to point you to the additions we made to **Appendix I on handling non-injective mixing functions**, including the partially observed / LQS setting you proposed. We now added an even more data-efficient parameterisation of our model which achieves the same results with significantly less input data. Since you mentioned TCL as a method that is more amenable to partially observed data, we would like to refer you to our newest chapter on **additional benchmarking results of other time-series model baselines in Appendix M**. There we benchmark TCL (and other baselines like PCL and TDRL) against our SLDS setting. Even though TCL operates on (small) chunks of data and therefore could theoretically overcome partial observations, it is not able to model sufficiently complex dynamics and shows the worst performance in our additional experiments. This is most likely because TCL is designed with independently changing sources in mind. In contrast, our setting (Eq. 5) assumes latent dynamics. PCL performs quite well though (at ~90% vs. 99% R2 for DynCL), and might be the more appropriate baseline to compare to. **We very much hope that our combined revisions can resolve the concerns you have voiced in your review and would be happy to engage in further discussions in the remaining time.** In any case, thank you a lot for your time. Your input really helped improving the paper, and especially the time-lag formulation is a very practically relevant addition, in our opinion.

Dear reviewer, thanks again for your feedback and the positive assessment of our work. With the final update of the manuscript, we added more discussion on our the assumptions (and their implications) of related work as part of our chapters on **""Component-Wise vs Linear Identifiability"" (Appendix L)** and **""Comparison to Additional Time-Series Models"" (Appendix M)** to further contextualise our results. Regarding your important question about **applicability of our assumptions in practice**, we want to point you again towards the reported improvements over CEBRA-Time (Schneider et al., Nature 2023) on real data for learning consistent latent dynamics (Appendix H, see ""all-7""). The consistency metric reported can be regarded as a measure of empirical identifiability on real data in absence of knowing the true underlying distribution. The fact this metric reaches R2 scores around 90% (Figure 14b) points towards the real-world applicability of DynCL. Please let us know if we can address further questions you might have. If you have other questions that could increase your confidence or overall assessment of our work, please let us know, given that there is a full week of discussion time left. Thanks again!"	"We want to thank all reviewers again for their insightful comments which enabled us to substantially improve the paper during the rebuttal phase. **So far, three reviewers already acknowledged our efforts, unanimously positive.** Thank you very much for the positive reception of our work. Given the substantial improvements to the paper during the first iteration and the tight reviewing timeline, **we understand that not all reviewers got the chance to reply yet**. We will stay available for additional discussions in the remaining week of the discussion period, and are **looking forward to hearing from 4X1L and KF3j**. We would also appreciate if **GCbH** and **3gxR** could have another look, since our new additions to the manuscript are touching on points raised by these reviewers. We post individual replies for more context. To facilitate our final discussion, we added Appendix I, L, M to the manuscript to include a few more experimental results: - Appendix I: We extended the results on **non-injective mixing functions** and show an even more data-efficient parametrisation of our model which improves results and supports the theoretical intuition on using embeddings based on multiple time-lags. - Appendix L: We added **further discussion on component-wise vs linear identifiability** and are comparing our results w.r.t to the MCC metric and $R^2$ metric as requested by reviewer 3gxR. - Appendix M: We added the promised **benchmarks on additional baselines**, namely TCL[1], PCL[2], and TDRL[3] as proposed by the reviewers GCbH and 3gxR. These benchmark results show the differences in theoretical assumptions of DynCL vs. established methods and demonstrate the performance of fitting dynamics model of DynCL. We provide the code (as close to [3] as possible) here: https://anonymous.4open.science/r/dyncl-tdrl-baselines. **We are looking forward to engage in further discussion.** Thanks again! --- References: [1] Hyvarinen, A. and Morioka, H., 2017, April. Nonlinear ICA of temporally dependent stationary sources. In Artificial Intelligence and Statistics (pp. 460-469). PMLR. [2] Hyvarinen, A., Morioka, H., 2016. Unsupervised Feature Extraction by Time-Contrastive Learning and Nonlinear ICA, in: Advances in Neural Information Processing Systems. Curran Associates, Inc. [3] Temporally Disentangled Representation Learning. Yao et al. NeurIPS 2022. Benchmarking codebase for Appendix M: https://anonymous.4open.science/r/dyncl-tdrl-baselines

Dear reviewer, thanks again for your feedback and the positive assessment of our work. With the final update of the manuscript, we added more discussion on our the assumptions (and their implications) of related work as part of our chapters on **""Component-Wise vs Linear Identifiability"" (Appendix L)** and **""Comparison to Additional Time-Series Models"" (Appendix M)** to further contextualise our results. Regarding your important question about **applicability of our assumptions in practice**, we want to point you again towards the reported improvements over CEBRA-Time (Schneider et al., Nature 2023) on real data for learning consistent latent dynamics (Appendix H, see ""all-7""). The consistency metric reported can be regarded as a measure of empirical identifiability on real data in absence of knowing the true underlying distribution. The fact this metric reaches R2 scores around 90% (Figure 14b) points towards the real-world applicability of DynCL. Please let us know if we can address further questions you might have. If you have other questions that could increase your confidence or overall assessment of our work, please let us know, given that there is a full week of discussion time left. Thanks again!

Dear reviewer, thanks again for your extensive comments. We used the days since publishing the first version of our revision to provide even stronger results relating to the concerns you raised. Most importantly, we would like to point you to the additions we made to **Appendix I on handling non-injective mixing functions**, including the partially observed / LQS setting you proposed. We now added an even more data-efficient parameterisation of our model which achieves the same results with significantly less input data. Since you mentioned TCL as a method that is more amenable to partially observed data, we would like to refer you to our newest chapter on **additional benchmarking results of other time-series model baselines in Appendix M**. There we benchmark TCL (and other baselines like PCL and TDRL) against our SLDS setting. Even though TCL operates on (small) chunks of data and therefore could theoretically overcome partial observations, it is not able to model sufficiently complex dynamics and shows the worst performance in our additional experiments. This is most likely because TCL is designed with independently changing sources in mind. In contrast, our setting (Eq. 5) assumes latent dynamics. PCL performs quite well though (at ~90% vs. 99% R2 for DynCL), and might be the more appropriate baseline to compare to. **We very much hope that our combined revisions can resolve the concerns you have voiced in your review and would be happy to engage in further discussions in the remaining time.** In any case, thank you a lot for your time. Your input really helped improving the paper, and especially the time-lag formulation is a very practically relevant addition, in our opinion."	partially_fixed	4	Appendix I/L/M additions on non-injective mixing, identifiability, and extra baselines	User-reviewed IAA second-pass confirmation on 2026-05-06; source=human-review; confirmed first-pass label.
QN_VgTeOYGl__r02	ICLR 2023 random80 v1	Data Leakage in Tabular Federated Learning		5: You are absolutely certain about your assessment. You are very familiar with the related work and checked the math/other details carefully.	"[confidence] 5: You are absolutely certain about your assessment. You are very familiar with the related work and checked the math/other details carefully.

[summary_of_the_paper] While reconstructing data in FL from gradients leads to a continuous optimization problem, tabular data with categorical variables yields a mixed integer programming optimization problem. The authors propose a softmax based continuous relaxation and an ensemble strategy that makes the underlying solution algorithm more robust. They show 10% improvement over baselines.

[strength_and_weaknesses] Strengths: The identification of the unique aspect of data reconstruction in the tabular setting Weaknesses: The underlying new ideas are not innovative. Softmax relaxations are well known and ensemble techniques are also ubiquitous. The benchmark models are fairly weak (random selection and a technique transferred from the continuous case)"		"Thank you for your time spent reviewing our paper and providing helpful feedback. Further, thank you for acknowledging our contribution of identifying the unique aspects of data leakage on tabular data; which we believe is an important feat for any inaugural work in a new setting. We also highly appreciate your acknowledgement of the good and easy-to-follow writing style, correctness, and the reproducibility of the paper. We address the concerns raised in your review below: **Q1: Is the novelty and significance of the work low due to the simplicity of the proposed method?** No, we believe that our paper offers sufficient novelty in an important problem. The main sources of the novelty in our work are the identification of the unique challenges in tabular data leakage (as also stated by you), which is an interesting problem (Reviewer $\Ro$), offering a simple yet very strong approach to tackling them (appreciated by Reviewer $\Rtr$ both in its simplicity and results), and conducting an extensive experimental evaluation in understanding the pitfalls of the privacy of tabular federated learning systems (acknowledged also by Reviewer $\Rtr$, and extended by an investigation of the increased variance challenge of mixed-type tabular data in Appendix E.1). For a more thorough discussion on this, please see our meta reply to all Reviewers. **Q2: Does the Gumbel-Softmax provide a better continuous relaxation than softmax for reconstructing categorical features from gradients?** No, because the underlying theoretical optimization problem in data leakage is non-stochastic. The Gumbel-Softmax provides a differentiable method to sample from categorical distributions, i.e., when using continuous optimization over discrete random variables [1]. However, in the optimization problem for data leakage, the discrete features have no random nature, and hence the sampling introduced by the Gumbel-Softmax is not necessary. In fact, it is detrimental to the performance of the attack, as demonstrated by our experiments below, where we compare TabLeak (no pooling) to TabLeak (no pooling) with the softmax replaced by the Gumbel-Softmax: | batch size | TabLeak (no pooling) | Gumbel (cool) | Gumbel (constant) | |:-----------|:----------------------------:|:-------------------------:|:-----------------------------:| | 8 |**93.9** $\pm$ **10.2** |39.1 $\pm$ 5.1 |46.2 $\pm$ 5.7 | |16 |**84.5** $\pm$ **9.9** |41.6 $\pm$ 4.5 |49.4 $\pm$ 4.9 | |32 |**72.4** $\pm$ **4.6** |42.0 $\pm$ 3.5 |49.4 $\pm$ 4.0 | Details: The table presents the reconstruction accuracy on the Adult dataset when attacking FedSGD with TabLeak (no pooling), Gumbel (cool), and Gumbel (constant). Gumbel (cool) and Gumbel (constant) are instantiations of TabLeak (no pooling) with the softmax replaced by the Gumbel-Softmax, with the former using an exponential temperature cooling (cool) and the latter having a constant temperature (constant).

First of all, we would like to sincerely thank you for your extensive and detailed review. We highly appreciate your inputs, and believe they helped increase the quality of our paper. Further, we are glad that you recognised the simplicity and the portability of our method; we believe that this aspect of TabLeak highlights the high vulnerability of FL on tabular data. We are also thankful for your recognition of the high empirical novelty of our work, acknowledging our thorough experimental evaluations and strong results. Further, thank you for pointing out minor typos and notational inconsistencies, we addressed them carefully. Below we address your questions and comments: **Q1: Could a similar technique of identifying the discrete features directly from the gradients, as used by Gupta et al. [1], work in this setting as well?** No, we explored this direction, but due to some important differences between the setting in [1] and our setting, mixed type tabular data, we believe it is not possible. In contrast to the setting in [1], we standardize all columns of the input, resulting in encodings of the discrete features that are not anymore informative about the inclusion of categories based solely on the zeros in the vector. We do so following common practice in data science, where we want all feature columns to be on the same scale to accommodate regularization methods in training; moreover, we observed that it makes the training of the networks more stable and results in a higher final accuracy. Crucially, the standardization can not be reversed from the gradients due to the averaging that happens when computing the batch gradient. Further, even if we were not to standardize the columns, in the tabular setting we apply ReLU activations to the outputs of the first linear layer which is a standard practice in most neural networks except for the token-to-embedding layer of text-specific transformers used in [1]. This has the practical implication that the gradients of some input categories are zeroed out by the ReLUs, which makes the attack of [1] wrongly exclude categories otherwise present in the input batch. Additionally, deeper-lying ReLU units result in further zero-masking of certain categories. In our experiments, these effects result in the false exclusion of at least one category 72\%-86\% of the time depending on the batch size. Finally, unlike text, discrete features in tabular data usually come from comparably small “vocabularies”. As the attack presented in [1] can only recover the presence of a category but not how many times it is present in a batch, the utility of the attack is severely limited in our setting. In our experiments we observed, that even if we assume that there are no false exclusions (which as we have seen above, strongly does not hold) and no standardization is used, we can exclude a meaningful portion of the categories only for smaller batch sizes (<32), on which we already achieve near perfect reconstruction of the categorical features with our current methods. **Q2: Data leakage attacks on text data can not be considered as fully continuous optimization problems.** Indeed, we agree, and have updated the introduction to be more clear about this point. As you have correctly stated, considering fixed embeddings of the tokens, data leakage in the text domain is inherently a fully discrete problem. Meanwhile, leakage in the image domain is fully continuous. Hence, data leakage in the tabular domain distinguishes itself from these other domains by lying ‘between’ them, consisting of both continuous and discrete columns, posing a unique challenge.

$\newcommand{Ro}{\textcolor{purple}{oUHx}}$ $\newcommand{Rt}{\textcolor{green}{x5xg}}$ $\newcommand{Rtr}{\textcolor{blue}{Gtmh}}$ **Q3: Are the used baselines, random guessing and the Cosine baseline, necessary and sufficient for evaluating TabLeak?** Yes, we believe that the baselines used in our work to evaluate our method provide sufficient comparison for understanding and judging our results. (i) It is imperative to evaluate against the random baseline, because, as stated in the paper, any reconstruction method that does not outperform the random guessing is not extracting any useful information from the gradient. This baseline is especially needed for tabular data, as we observe that at larger batch sizes even random guessing achieves high accuracy. As such, it is non-trivial to beat it, and without this comparison the attack results could be deceptive. A good example for this is Table 2 in the paper, where one could falsely think that the Cosine baseline recovers a decent percentage of around 56% of all features even in the hardest FedAVG setting, however as this is below the random guessing baseline of 58%, we can not be sure that there is any input-specific information recovered by the attack (no information gain). (ii) The Cosine baseline is based on the strong attack developed in [2] originally for images, obtained by simply removing the total variation prior, which is a domain specific element of the attack. Moreover, if we examine the state of the art optimization-based attacks for the image [3, 4, 6] and the text domains [5] and strip away all domain specific elements that are not applicable for the tabular setting, we remain with either the squared error or the cosine similarity as the optimization objective. As the cosine similarity tends to outperform the squared error ([2, 5] and also confirmed by our experiments, see the table below), we chose to employ it as the strongest baseline that relies on the state of the art prior work on other domains. Reconstruction error on the Adult dataset. | batch size | Cosine Baseline | Squared Error Baseline | |:-----------|:-----------------:|:-------------------------:| | 8 |**96.1** $\pm$ **5.2** |64.1 $\pm$ 2.7 | |16 |**79.3** $\pm$ **4.4** |63.1 $\pm$ 2.1 | |32 |**69.7** $\pm$ **2.2** |63.4 $\pm$ 1.4 | If you have further suggestions for existing baselines to compare against, we are glad to take them into account in our experimental evaluation. **Q4: Could the mixed-integer problem be tackled directly, without continuous relaxations, with methods such as Genetic Algorithms or Branch-and-Bound?** No, we do not believe this would be possible with the same efficiency and scalability as TabLeak; with the lack of such methods applied to data leakage problems being also telling of their considered promise. It is highly non-trivial to make mixed discrete-continuous optimization work in this setting, as the search space is exponential in the batch size and the gradient is not linear in the input data (due to the classification layer). A quick back of the envelope calculation shows that on the Adult dataset, with 8 discrete and 6 continuous features, at batch size $n$, the discrete features would reside in a search space of approximately the size of $10^{7.5 n}$. Additionally, in a naive implementation of BaB, the branching could be done by solving the continuous part of the optimization problem, which means a full execution of an optimization based gradient leakage attack (order of minutes in execution time). Clearly, such a naive approach could result in prohibitive time complexity, and as such, we believe that effectively applying methods like BaB to this problem is hardly feasible. **Q5: Could a better method than ensembling be used to achieve variance reduction?** We chose pooling, as (i) it requires no further assumptions (e.g., assumptions about the data distribution), (ii) is an easy but effective method for improving reconstruction results on tabular data, as shown in Table 1 and in Appendix E.1 (added as part of the response to Reviewer $\Rtr$), and (iii) it allows for a practical way of measuring the uncertainty in the reconstructed features (3.3 Entropy-based Uncertainty Estimation), which is a key element of our method. We would be glad to explore further variance reduction schemes if you can point us to some better methods, elaborating also on their advantages. **Q6: “There is work in distributed computing on how to effectively explore parallelization.”** This sounds interesting, could you please provide us with concrete pointers to such work, so we could explore them in the context of our work?"	"**Q6: Is it a problem that after median pooling the resulting encodings for the discrete features are not guaranteed to sum to one anymore?** No, because immediately after pooling we project the resulting reconstruction by taking the argmax over the resulting encodings of the discrete features. Hence, at this point we are not interested anymore in recovering vectors respecting the (relaxed) one-hot constraints, merely, we are interested in the ‘winner’. For the entropy calculation we use the relative frequency of the projected features in the ensemble. **Q7: The study of the impact of the network size could be improved, it is hard to understand the significance of the sheer number of parameters in the current presentation. Also, it would make sense to consider a simple linear model as well.** We have revised the corresponding section in the Appendix incorporating your suggestions. We also added a table in Appendix B with the full specifications of each dataset. In detail, we made the following changes to the section studying the impact of the network size (Appendix C.2): we added the simple linear model to the set of examined models, we report under each figure the number of features in the encoded input, and we trained all examined models for 50 epochs on all datasets and provided their maximum test accuracy over the whole training and their full test accuracy over training curves. The latter addition is meant to serve as a demonstration for the behavior of the models during training, where from their tendency to overfit or underperform it can be understood if the model is over- or under-parameterized. We observe in these experiments that while it is hard to attack the linear model, it performs worse than the non-linear neural networks in terms of accuracy. Also, the much larger networks that are very easy to attack also prove to be very prone to overfitting, hence they are strongly overparameterized for the underlying task. For the full experimental details, data, and conclusion, please see the updated Appendix C.2. **Q8: Can the random baseline in its current form reach perfect accuracy in the limit of the batch size?** In theory no, indeed, as correctly remarked by you this would only be the case if all features in the original dataset were independent. We have clarified this point in the revised version. It is important to remark, that even this naive baseline is improving in accuracy as the batch size grows, as it represents sampling from a similar distribution to the data generating one. **Q9: Why does the random baseline under the bucketing scheme in Tables 18-21 not present a uniform accuracy distribution despite the Gaussian hypothesis?** The bucketing in the mentioned tables does not correspond to the error-bounds used for calculating the accuracy. Merely, we chose those intervals in Tables 18-21 for the sake of presentation, with the goal of having a somewhat balanced distribution of the data over the buckets. However, the key message to be conveyed there is the same as with the categorical features; those features that exhibit low reconstruction entropy tend to produce also higher accuracy. **Q10: How can the entropy measure for the continuous features be extended beyond the Gaussian hypothesis?** The entropy measurement of the reconstructed continuous features is not defined by the distribution of the features in the original data generating distribution. Rather, we assume that at inversion, the inversion error behaves as Gaussian (as we assume for the accuracy metric, as you correctly pointed out) and measure the standard deviation of the features. Now, this is a mere heuristic that allows us to simply formalize capturing the uncertainty in the reconstructed features. This approach is clearly motivated by intuition, as a higher variance in the reconstructed features points to more uncertainty, and the entropy of a Gaussian random variable is in fact a monotonously increasing function of the variance. As such, the simplest alternative metric for capturing the uncertainty in the reconstruction would be just the measured variance of the reconstructed features. One could also possibly consider a discretization of the continuous features, and measuring the entropy of the resulting histogram. We did not test such approaches as we considered the current method sufficiently informative and simple. **Q11: How do you calculate the final accuracy with respect to the ground truth? Do you use a similar matching as for pooling?** Yes, in line with the methods established in prior works, we reorder the obtained reconstructions with respect to the ground truth through a maximum accuracy matching. Note that this is only necessary for the measurement step when reporting experimental results. When mounting the attack in practice it is not necessary to know the ‘true’ order of the lines in the batch.

**Q3: Does the ‘mix’ of continuous and discrete features really result in an increased variance in the reconstruction problem, necessitating a variance reduction method like pooling?** Yes, the concurrent presence of discrete and continuous features in the data indeed increases the variance in the reconstruction problem. However, we agree that in the initial version of the paper we did not provide sufficient evidence for this claim, and we would like to thank you for pointing this out, as it led to an insightful experiment. We added a section in the Appendix (section Appendix E.1) studying how the mix of the two modalities impact the variance of the reconstruction. For this, we created 6 synthetic datasets with 10 features each, but with varying mixes of the modalities. Concretely, we created a dataset containing only continuous columns, a dataset containing only discrete columns, and four datasets ‘interpolating’ between them by 2 features at a time (2 discrete and 8 continuous, 4 discrete and 6 continuous, and so on). We then sampled 50 batches of size 32 from each dataset and reconstructed each of them 30 times starting from different initializations using TabLeak (no pooling), and recorded the mean of the reconstruction accuracy’s standard deviation for each batch over the 30 trials. Finally, we calculated the mean same-batch reconstruction StdDev over the 50 batches for each dataset. We then repeated the same experiment, but instead of measuring the reconstruction error on each of the 30 reconstructions for a given batch separately, we first built 6 mini-ensembles of size 5, on which we conducted median pooling (essentially TabLeak with $N=$5). In the table below we report the resulting mean same-batch reconstruction StdDevs ($\pm 90$\% confidence interval) over all 6 datasets (D=number of discrete columns, C=number of continuous columns), for both the non-pooled and the mini-ensembled attacks: | |D=0, C=10|D=2, C=8|D=4, C=6|D=6, C=4|D=8, C=2|D=10, C=0| |:----------------------|:-------:|:------:|:------:|:------:|:------:|:-------:| |TabLeak (no pooling) |1.8 $\pm$ 0.1|2.2 $\pm$ 0.1|2.3 $\pm$ 0.1|2.3 $\pm$ 0.1|2.6 $\pm$ 0.1|2.1 $\pm$ 0.1| |TabLeak ($N=5$) |1.3 $\pm$ 0.1|1.7 $\pm$ 0.1|1.7 $\pm$ 0.2|1.6 $\pm$ 0.1|1.7 $\pm$ 0.1|1.3 $\pm$ 0.1| From this table we can make two important observations: (i) the variance of the reconstruction problem is clearly higher on the mixed datasets, especially on the ones with a lot of discrete features (second to last column), (ii) pooling, even with as little samples as 5, has a significant impact on reducing the variance in the reconstruction problem. These two observations both validate our claim about the second challenge of tabular data leakage, and confirm the effectiveness of pooling mitigating exactly this issue. For further details and discussion of this experiment, please see Appendix E.1. **Q4: What is the impact on the results of the size of the ensemble $N$ in TabLeak?** We conducted an ablation study on the impact of $N$ on TabLeak. On each of the four datasets we examine $N$ on a scale from 1 to 30 at steps of five. The full results and details of the experiment are included now in Appendix E.2. In the following table we present the partial results, when looking at N at steps of 10: | $N =$ | 1 | 10 | 20 | 30 | |:--------------|:------------:|:------------:|:------------:|:------------:| |Adult |71.8 $\pm$ 4.6|76.5 $\pm$ 4.6|77.1 $\pm$ 4.7|**77.4** $\pm$ **4.8**| |German |79.0 $\pm$ 3.0|82.6 $\pm$ 2.9|83.2 $\pm$ 2.8|**83.6** $\pm$ **2.7**| |Lawschool |82.3 $\pm$ 4.0|84.7 $\pm$ 4.1|85.1 $\pm$ 3.9|**85.3** $\pm$ **4.0**| |Health Heritage|64.6 $\pm$ 4.2|69.1 $\pm$ 4.4|69.7 $\pm$ 4.5|**70.1** $\pm$ **4.0**| We can observe from this table that the biggest accuracy gain is made by the jump from having no ensembling, to having ensembling with some number of samples. As we increase N, we observe increasing reconstruction accuracy, albeit at diminishing returns. For extracting the maximum performance, it is nevertheless worth it to run at the maximum number of samples computationally permitted. We opted for an ensemble size of 30, as we initially observed strong results, while still allowing us to efficiently scale our experiments. **Q5: What is the justification for median over mean pooling in TabLeak?** We observed that median pooling provides slightly better results than mean pooling. We included an experiment demonstrating this in Appendix E.3.

Thank you for your time spent reviewing our paper and providing helpful feedback. Further, thank you for acknowledging our contribution of identifying the unique aspects of data leakage on tabular data; which we believe is an important feat for any inaugural work in a new setting. We also highly appreciate your acknowledgement of the good and easy-to-follow writing style, correctness, and the reproducibility of the paper. We address the concerns raised in your review below: **Q1: Is the novelty and significance of the work low due to the simplicity of the proposed method?** No, we believe that our paper offers sufficient novelty in an important problem. The main sources of the novelty in our work are the identification of the unique challenges in tabular data leakage (as also stated by you), which is an interesting problem (Reviewer $\Ro$), offering a simple yet very strong approach to tackling them (appreciated by Reviewer $\Rtr$ both in its simplicity and results), and conducting an extensive experimental evaluation in understanding the pitfalls of the privacy of tabular federated learning systems (acknowledged also by Reviewer $\Rtr$, and extended by an investigation of the increased variance challenge of mixed-type tabular data in Appendix E.1). For a more thorough discussion on this, please see our meta reply to all Reviewers. **Q2: Does the Gumbel-Softmax provide a better continuous relaxation than softmax for reconstructing categorical features from gradients?** No, because the underlying theoretical optimization problem in data leakage is non-stochastic. The Gumbel-Softmax provides a differentiable method to sample from categorical distributions, i.e., when using continuous optimization over discrete random variables [1]. However, in the optimization problem for data leakage, the discrete features have no random nature, and hence the sampling introduced by the Gumbel-Softmax is not necessary. In fact, it is detrimental to the performance of the attack, as demonstrated by our experiments below, where we compare TabLeak (no pooling) to TabLeak (no pooling) with the softmax replaced by the Gumbel-Softmax: | batch size | TabLeak (no pooling) | Gumbel (cool) | Gumbel (constant) | |:-----------|:----------------------------:|:-------------------------:|:-----------------------------:| | 8 |**93.9** $\pm$ **10.2** |39.1 $\pm$ 5.1 |46.2 $\pm$ 5.7 | |16 |**84.5** $\pm$ **9.9** |41.6 $\pm$ 4.5 |49.4 $\pm$ 4.9 | |32 |**72.4** $\pm$ **4.6** |42.0 $\pm$ 3.5 |49.4 $\pm$ 4.0 | Details: The table presents the reconstruction accuracy on the Adult dataset when attacking FedSGD with TabLeak (no pooling), Gumbel (cool), and Gumbel (constant). Gumbel (cool) and Gumbel (constant) are instantiations of TabLeak (no pooling) with the softmax replaced by the Gumbel-Softmax, with the former using an exponential temperature cooling (cool) and the latter having a constant temperature (constant)."	fixed	4	Thank you for your time spent reviewing our paper and providing helpful feedback. Further, thank you for acknowledging our contribution of identifying the unique aspects of data leakage on tabular data; which we believe is an important feat for any inaugural work in a new setting. We also highly appreciate your acknowledgement of the good and easy-to-follow writing style, correctness, and the reproducibility of the...	User-reviewed IAA second-pass confirmation on 2026-05-06; source=human-review; confirmed first-pass label.
TbTJJNjumY__r04	ICLR 2025 expanded80 v1	Boosting Neural Combinatorial Optimization for Large-Scale Vehicle Routing Problems	6	2	"[weaknesses] 1) Although the paper compares against several state-of-the-art methods, a more detailed comparison with recent advancements in reinforcement learning-based approaches for VRPs could provide a more comprehensive evaluation. 2) An exploration of the limitations of the cross-attention mechanism and potential areas for improvement would enhance the paper's depth.

[questions] 1) How does the proposed method scale to even larger problem instances beyond 100K nodes? Are there any known limitations or bottlenecks in the current implementation? 2) How does the proposed method compare to recent reinforcement learning-based approaches for VRPs in terms of solution quality and computational efficiency? Are there any specific advantages or disadvantages?

[summary] The paper addresses the challenge of solving large-scale vehicle routing problems (VRPs) using neural combinatorial optimization (NCO). The authors propose a novel approach that combines a lightweight cross-attention mechanism with a self-improved training (SIT) algorithm. The method is evaluated on multiple benchmark datasets, demonstrating significant improvements over existing methods in terms of solution quality and computational efficiency."				regressed	4	[weaknesses] 1) Although the paper compares against several state-of-the-art methods, a more detailed comparison with recent advancements in reinforcement learning-based approaches for VRPs could provide a more comprehensive evaluation. 2) An exploration of the limitations of the cross-attention mechanism and potential areas for improvement would enhance the paper's depth. [questions] 1) How does the proposed method...	User-reviewed IAA second-pass confirmation on 2026-05-06; source=human-review; confirmed first-pass label.
UPQualDj1oo__r02	ICLR 2023 random80 v1	Machine Learning from Explanations		4: You are confident in your assessment, but not absolutely certain. It is unlikely, but not impossible, that you did not understand some parts of the submission or that you are unfamiliar with some pieces of related work.	"[confidence] 4: You are confident in your assessment, but not absolutely certain. It is unlikely, but not impossible, that you did not understand some parts of the submission or that you are unfamiliar with some pieces of related work.

[summary_of_the_paper] The paper proposes an approach to augment a ML model's training process when ground truth explanations (in this case, subsets of relevant features) are available. The approach is based on encouraging a model's learned representation to be similar with the full input and with the subset of relevant features.

[strength_and_weaknesses] --- Strengths --- - Improving a model's training when ground truth explanations are available is a good idea. In cases where we don't have many training examples but we know which parts of the input is important, it would be ideal if we could improve the sample complexity for learning accurate models. - The proposed approach seems straightforward to implement. It simply involves augmenting the standard cross-entropy loss (for encouraging accurate predictions) with a secondary loss that captures the internal representation's similar with all inputs and with the subset of relevant inputs. --- Weaknesses --- High-level issues - The method only works when we have access to ground truth set of important features - an uncommon situation in practice. - The evaluation focuses primarily on toy datasets. - The method has several strange and seemingly unjustified design choices (see below). There are a couple choices in the method's design that don't make sense to me, it would be helpful if the authors could explain these: - Why is $\mathcal{L}_{\text{feat}}$ a KL divergence penalty based on normalized representations, rather than something simpler like a squared error loss? How would we normalize if the activation functions don't produce non-negative results, e.g., if we used ELU or GELU activations? A squared error loss seems more universally applicable, did the authors test this? - The argument that the classifier and mapping layer can't be jointly optimized doesn't make much sense - people train networks with competing objectives all the time and the networks don't fail to train. Did the authors conduct ablation experiments to test whether performing joint rather than sequential training leads to meaningfully different results? - Figure 1 seems to indicate that the classifier $h$ uses the mapping layer $m$, but this is somewhat unclear in Algorithm 1 - can the authors clarify? And it's strange that we compare the representation from $f$ with the representation from $m$, can the authors explain why we need $m$? Aside from a theoretical justification, did the authors conduct ablation experiments to test whether removing $m$ altogether leads to meaningfully different results? - I follow how the method works, and I agree that it constitutes ""learning from explanations,"" but I don't see what it has to do with ""being right for the right reasons."" The model is basically encouraged to have the same internal representation with or without the unimportant features. But the reasons for the model's prediction are not known (there's no explanation of the model's prediction) and are not explicitly encouraged to resemble the correct reasons. Wouldn't it make more sense to describe the approach slightly differently, perhaps as encouraging the model to automatically identify and disregard irrelevant input information? What are the authors' thoughts on this? About the experimental comparisons: - Among the baselines, only the GradReg one is in the same category as the proposed method (focal loss has nothing to do with leveraging knowledge about important features). Why did the authors not include the methods from Rieger et al (2020), Schramowski et al (2020) or Shao et al (2021)? There are two others that also could have been included mentioned below (Erion et al, 2021 and Chefer et al, 2022). - The results from different methods presumably converge when given large enough training datasets. Could the authors provide results showing how large the training sets must be, either in the main text or supplement? E.g., there could be a plot showing the peak accuracy (or accuracy after 100 epochs) given different training dataset sizes. About prior work: - The claim that ""most popular model explanations do not even pass the sanity check"" in Adebayo et al (2018) seems like a bit of an exaggeration. The methods considered in that paper are a subset of gradient-based methods, but what about other popular methods like RISE, LIME, or SHAP? It's safe to say that there are many explanation methods that don't work as well as desired, but this claim should be dialed back. - The authors present a hypothetical argument to explain the issue of training with a joint loss function accounting for prediction and explanation accuracy: ""However, gradients of the two loss terms may point to different directions, creating a race condition that pulls and pushes the model into a bad local optimum. Imagine the two gradients counteract each other. The weights are then updated with negligible aggregated gradients."" Many ML/DL methods involve training with multiple objectives and work just fine, why would it be especially problematic here? It seems correct that previous methods in this area don't work that well, but is there any evidence that this is the reason why? And even if it were, couldn't it be mitigated by pre-training with the prediction accuracy loss only and then turning on the explanation loss? This relates to one of my requests above for an ablation experiment. - Referring to prior works that penalize explanations, the authors write: ""Explanations in their settings are bounding boxes of either the main object or the spurious features, which differ from our definition of “informative and sufficient subsets of input features”."" Actually, bounding boxes around the main object sound very similar to “informative and sufficient subsets of input features.” What's the significant difference? I suppose a segmentation mask would be more precise than a bounding box, but that's not a huge difference. Also, note that the authors actually use a bounding box around the beak in their one non-toy dataset. - Referring to the same set of prior works, the authors write: ""Although their objective is to be “right for the right reasons”, these methods are actually penalizing models when they learn the wrong reasons."" What's the significant difference? Would you also argue that cross-entropy loss doesn't encourage classifiers to make the right predictions, they just penalize them for making the wrong predictions? This is not a well thought out criticism by the authors, but I suppose my bigger point is: I agree that there are differences between this work and prior work, but this is not helpful in clarifying what that difference is. The difference is that prior methods (at least those I'm aware of) penalize the explanation of the model being trained, whereas this method penalizes the internal representation in a manner that doesn't require generating any form of explanation. - Two related works belonging to the Ross et al. 2017 category are ""Improving performance of deep learning models with axiomatic attribution priors and expected gradients"" by Erion et al (2021) and ""Optimizing relevance maps of vision transformers improves robustness"" by Chefer et al (2022)."		"8. [*I don’t see what it has to do with “being right for the right reasons.*] We do not think reasons can only be manifested by post-hoc model explanations, and we believe model explanations are not always good proxies of reasons. Intuitively, reasons used by an ML model are the features heavily relied on in their decision-making mechanisms. In our paper, we define reasons as a subset of important input features. Our algorithm explicitly encourages models to only extract information from the correct input features, thus making them base their decisions on the right set of input features and, ultimately right reasons. Your suggestion of describing our method as “encouraging the model to automatically identify and disregard irrelevant input information” is correct. But our method encourages models to disregard **all** irrelevant input features, which leaves models with only the right features. 9. [*Other baselines*] The same research group published an overview paper (Friedrich et al., 2022) where Table 2 shows Ross et al (2017) yield the same performance as Rieger et al.. (2020), Schramowski et al (2020), and Shao et al.. (2021), if not better. Hence, we think presenting Ross et al. (2017) is enough. This is not surprising because they are essentially the same method with different explanation heuristics. We have discussed why previous methods do not work well in Section 2.2. Erion et al. (2021) do not tackle the“ “right for the right reasons” problem. Instead, it aims for the smoothness and sharpness of the explanation. This is similar to Ismail et al. (2021), where a similar joint loss function is defined to ensure the sharpness of explanations. Ismail et al. (2021) noted that optimizing their joint loss would degrade model performance slightly compared to training with label loss only. Given the similarity of these two papers and the fact Erion et al. (2021) did not focus on improving model performance, we think it is not a stronger baseline in our experiments than Ross et al.. (2017). Chefer et al. (2022) propose a new way to explain visual transformers. It is unclear to us how it can be adapted to ConvNets. Reference: - Felix Friedrich, Wolfgang Stammer, Patrick Schramowski, and Kristian Kersting. A typology to explore and guide explanatory interactive machine learning. arXiv preprint arXiv:2203.03668, 2022. - Ismail, Aya Abdelsalam, Hector Corrada Bravo, and Soheil “eizi. “Improving deep learning interpretability by saliency guided training.” *Advances in Neural Information Processing Systems* 34 (2021): 26726-26739. 10. [*Could the authors provide results showing how large the training sets must be, either in the main text or supplement? E.g., there could be a plot showing the peak accuracy (or accuracy after 100 epochs) given different training dataset sizes.*] We provide a sample complexity and cost analysis in Appendix D. Overall, we observe a huge reduction in sample complexity if using our method. 11. [*Additional references*] We want to thank the reviewer for pointing out additional references. We have added Chefer et al (2022) to the related work section. However, since Erion et al. (2021) do not concern with model's the model’s performance/robustness, we think it is less relevant. 12. [*The claim that “most popular model explanations do not even pass the sanity check” in Adebayo et al. (2018) seems like a bit of an exaggeration.*] We have rewritten this claim in this revision, specifying saliency map-based explanations. On a side note, Ross et al. (2017) found out LIME is consistent with input gradients. 13. [*why is training with multiple objectives problematic here*] We are not arguing models trained with the joint loss cannot optimize both objectives. Instead, we are arguing the second loss, the explanation loss, cannot help improve model performance. This is related to our first reason outlined in 2.2, where we claim model explanations are sometimes bad proxies for the model’s attention. In fact, optimization of the joint loss indeed does two disjoint things: (i) improve model performance, (ii) make the chosen post-hoc explanations closer to the given explanation. This is supported by our experiment results, where we show optimizing the joint loss brings the same amount of improvement to model performance as training with labels only. On the other hand, Friedrich et al. (2022) show in Table 3 that jointly optimizing the explanation loss based on a chosen explanation method $A$ can reduce the wrong reasons scores computed using $A$, but not necessarily scores computed using another explanation method $B$. Our insights are that the explanation loss must penalize variables directly involved in the models’ decision-making mechanisms—for example, attention scores in transformers. In our case, we use latent features. If using other proxies, the loss cannot influence model performance much, so even pretraining first does not help.

1. [*The method only works when we have access to ground truth set of important features - an uncommon situation in practice.*] It is indeed an uncommon training setting, and we argue models trained with existing training methods (with labels only) suffer from many trust/robustness issues (described in the first paragraph of the introduction) because of the lack of “access to ground truth set of important features”, or explanations. It is also our proposed setting to address these common problems of ML models. We are proposing this new training paradigm to let people know a simple and effective training method exists if some explanations are available/curated in the training phase. Or if collecting more data is not possible, they can apply our method by querying experts for explanations. 2. [*The evaluation focuses primarily on toy datasets.*] Response regarding experiments on large real-world datasets are in a separate [post](https://openreview.net/forum?id=UPQualDj1oo&noteId=TsHACb8M3Ms) on top. 3. [*How would we normalize if the activation functions don’t produce non-negative results*] We did not apply activation functions to the feature maps. Instead, we use softmax, an exponential normalization function, to the raw feature maps to turn them into probabilistic distributions. We did not make it clear in our previous version, so we explicitly mention it in the figure, caption, pseudo-code, and main text in this revision. Thank you for pointing it out. 4. [*A squared error loss seems more universally applicable, did the authors test this?*] I want to emphasize that our goal is to make the induced probabilistic feature distributions to be similar. Hence KL divergence is a more intuitive choice. We want the distributions to be similar instead of making the two feature maps point-wise identical. If the two distributions are similar, both distributions have high densities on certain support, which implies the feature maps emphasize the same features. Since we are computing the differences between two distributions, KL divergence is the natural choice of our loss criterion. Squared loss or other loss functions may also work empirically, but it lacks probabilistic motivation and semantics. We have updated our writing to explain our choice of the loss function immediately after equation 3. 5. [*Did the authors conduct ablation experiments to test whether performing joint rather than sequential training leads to meaningfully different results?*] I think what your mean by “joint” optimization by combing the backpropagation of equations 3 and 4 in one step. From the practical perspective, it is problematic because the joint backpropagation would update the weights of the convolutional layers with gradients of both losses, while we do not want to update them with the gradient of the feature difference loss. The disadvantage of using a joint loss in gradient descent is that you cannot freeze a specific layer with respect to half of the joint loss. The simple solution would be to back-propagate the two gradients separately to update the correct sets of weights, which is a two-step optimization in essence. We argue this optimization is conceptually less ideal than ours. The reason is the update of the mapping layer. In our two-stage optimization, the feature difference is taken after the feature extractor is updated with the gradient of the cross entropy loss. The mapping layer is then updated to tune the focus of the latest feature extractor. However, the feature difference loss is computed before the feature extractor is updated in the joint optimization scheme. As a result, the tuning effect on the feature extractor’s focus will be offset a bit due to the change in the feature extractor itself. Hence, the joint loss scheme is conceptually inferior to our two-stage optimization and problematic for implementation. 6. [*Figure 1 seems to indicate that the classifier uses the mapping layer, but this is somewhat unclear in Algorithm 1 - can the authors clarify?*] We have updated the figure and algorithm to clarify the role of $m$. In short, the classifier $h = c \circ m \circ f$. In the first optimization stage, the cross-entropy loss is backpropagated to the entire model. In the second stage, only $m$ is updated. 7. [*did the authors conduct ablation experiments to test whether removing m altogether leads to meaningfully different results?*] Yes, we observe that removing the mapping layer degrades the model performance, increases the standard deviation across different trials, and slows down the convergence rate. We have added these results in Table 3 in the appendix. Including $m$ is better because - training is more stable as only a linear layer is tuned in the second stage - the gradients for the conv layers wrt label loss and feature loss will not counteract each other so that convergence can be faster

1. [*This paper proposes a method to train more accurate image classification models by leveraging human explanations in the form of input masks to increase test accuracy.*] We think you might have mistaken the purpose of this paper. Making the model more accurate is not the main contribution or the main focus of this paper. The purpose of the proposed training pipeline is to guide ML models to **learn rules suggested by human explanations**. The alignment of the decision rules of ML models and human intuition is an equally important, if not more important, aspect of trustworthy machine learning than empirical accuracy. All experiments described in this paper serve the purpose of supporting our claim that our proposed pipeline can make models recognize the right reasons, including computing accuracy. Naturally, if a model can learn the correct rule, it should generalize better. Hence, we demonstrate that our models are “more accurate”. With the extra guidance, models should also converge faster, which is confirmed in the accuracy plot. We then conduct more experiments to assess whether our models recognize the right reasons more by - Testing on datasets with the same rules (Section 3.2) - Measuring final model consistency (Section 3.3) - Evaluating robustness on spurious features (Section 3.4) All these experimental results are in line with our claim that our models learn the right reasons more. 2. [*The main issue with this work is that the evaluation setup is not realistic at all.*] We do not agree with your claim that our experiment setup is “unrealistic”. The reason that we start from synthetic datasets is that they are so easy that you would expect ML models to nail them with very few data points, which is not the case. Why are ML models failing to identify “easily identifiable features” on very simple datasets? Our answer is that ML models trained with labels alone are clueless about the decision rules and thus, require unnecessarily large datasets. Since the problem identified is the **inability to recognize the right reasons**, we propose a new training method to teach models the right reasons in training. The small sample size is not a bug, but a testament to how well (with how little data) our method can teach the right reasons. We do not need to train on all labeled data for our models to achieve a certain level of generalization performance. 3. [*Consider a suite of real-world datasets, such as those in the WILDS benchmark. Do not include any synthetic data experiments (they add no value) and report performance on the specific metric for each dataset. Another benefit of this is that experiments are run on non-binary tasks as well.*] We greatly appreciate the advice you provided. Extending our experiment to larger real datasets is definitely beneficial for the analysis. Response regarding experiments on large real datasets are at a separate [post](https://openreview.net/forum?id=UPQualDj1oo&noteId=TsHACb8M3Ms) on top. However, we do not agree that synthetic datasets are useless. Firstly, all previously published works on “making models right for the right reasons” rely on synthetic datasets such as Decoy-MNIST or C-MNIST. These two datasets have much simpler and more easily identifiable features than the datasets used in our paper. We also do not see why our approach cannot be extended to multi-class classification, because our algorithm does not have components that are specific for binary classification. We have also demonstrated that the reasons learned by our models are transferable to other datasets. Once again, if ML models fail to recognize the simple rules present in these synthetic datasets, it speaks volumes about why ML models fail to generalize. Therefore, we believe synthetic datasets are useful and the insights are valuable. 4. [*Exaggerated language throughout*] We have toned down the sentences you pointed out. 5. [*specify that the explanations e(x) are binary masks much before the bottom of page 3*] We mentioned in the introduction and problem statement that the explanations are (highlighted) subsets of input features, which are conceptually and practically the same as the binary mask. 6. [*which layers are frozen and which layers are trained?*] In the paragraphs below Algorithm 1, we described the two-stage optimization where the CE loss is backpropagated to all layers while the feature difference loss is only used to update the mapping layer. In the pseudo-code, Line 2 shows $h$, which is the entire network, is updated by the CE loss; Line 8 shows only the mapping layer $m$ is updated by the feature difference loss. We have updated Figure 1 by adding the notations used in Algorithm 1 to each layer ($f, m, c$ accordingly) to avoid confusion. We also made it clear that $h=c \circ m \circ f$ to further illustrate the forward pass."	"8. [*I don’t see what it has to do with “being right for the right reasons.*] We do not think reasons can only be manifested by post-hoc model explanations, and we believe model explanations are not always good proxies of reasons. Intuitively, reasons used by an ML model are the features heavily relied on in their decision-making mechanisms. In our paper, we define reasons as a subset of important input features. Our algorithm explicitly encourages models to only extract information from the correct input features, thus making them base their decisions on the right set of input features and, ultimately right reasons. Your suggestion of describing our method as “encouraging the model to automatically identify and disregard irrelevant input information” is correct. But our method encourages models to disregard **all** irrelevant input features, which leaves models with only the right features. 9. [*Other baselines*] The same research group published an overview paper (Friedrich et al., 2022) where Table 2 shows Ross et al (2017) yield the same performance as Rieger et al.. (2020), Schramowski et al (2020), and Shao et al.. (2021), if not better. Hence, we think presenting Ross et al. (2017) is enough. This is not surprising because they are essentially the same method with different explanation heuristics. We have discussed why previous methods do not work well in Section 2.2. Erion et al. (2021) do not tackle the“ “right for the right reasons” problem. Instead, it aims for the smoothness and sharpness of the explanation. This is similar to Ismail et al. (2021), where a similar joint loss function is defined to ensure the sharpness of explanations. Ismail et al. (2021) noted that optimizing their joint loss would degrade model performance slightly compared to training with label loss only. Given the similarity of these two papers and the fact Erion et al. (2021) did not focus on improving model performance, we think it is not a stronger baseline in our experiments than Ross et al.. (2017). Chefer et al. (2022) propose a new way to explain visual transformers. It is unclear to us how it can be adapted to ConvNets. Reference: - Felix Friedrich, Wolfgang Stammer, Patrick Schramowski, and Kristian Kersting. A typology to explore and guide explanatory interactive machine learning. arXiv preprint arXiv:2203.03668, 2022. - Ismail, Aya Abdelsalam, Hector Corrada Bravo, and Soheil “eizi. “Improving deep learning interpretability by saliency guided training.” *Advances in Neural Information Processing Systems* 34 (2021): 26726-26739. 10. [*Could the authors provide results showing how large the training sets must be, either in the main text or supplement? E.g., there could be a plot showing the peak accuracy (or accuracy after 100 epochs) given different training dataset sizes.*] We provide a sample complexity and cost analysis in Appendix D. Overall, we observe a huge reduction in sample complexity if using our method. 11. [*Additional references*] We want to thank the reviewer for pointing out additional references. We have added Chefer et al (2022) to the related work section. However, since Erion et al. (2021) do not concern with model's the model’s performance/robustness, we think it is less relevant. 12. [*The claim that “most popular model explanations do not even pass the sanity check” in Adebayo et al. (2018) seems like a bit of an exaggeration.*] We have rewritten this claim in this revision, specifying saliency map-based explanations. On a side note, Ross et al. (2017) found out LIME is consistent with input gradients. 13. [*why is training with multiple objectives problematic here*] We are not arguing models trained with the joint loss cannot optimize both objectives. Instead, we are arguing the second loss, the explanation loss, cannot help improve model performance. This is related to our first reason outlined in 2.2, where we claim model explanations are sometimes bad proxies for the model’s attention. In fact, optimization of the joint loss indeed does two disjoint things: (i) improve model performance, (ii) make the chosen post-hoc explanations closer to the given explanation. This is supported by our experiment results, where we show optimizing the joint loss brings the same amount of improvement to model performance as training with labels only. On the other hand, Friedrich et al. (2022) show in Table 3 that jointly optimizing the explanation loss based on a chosen explanation method $A$ can reduce the wrong reasons scores computed using $A$, but not necessarily scores computed using another explanation method $B$. Our insights are that the explanation loss must penalize variables directly involved in the models’ decision-making mechanisms—for example, attention scores in transformers. In our case, we use latent features. If using other proxies, the loss cannot influence model performance much, so even pretraining first does not help.

1. [*the datasets are extremely simple/limited*] Response regarding experiments on large real-world datasets is in a separate [post[(https://openreview.net/forum?id=UPQualDj1oo&noteId=TsHACb8M3Ms) on top. 2. [*Experimental rigor — the baseline no-explanation deteriorates with increasing number of samples (figure 2). What does that mean about the confidence in proper optimization of the experiments. Why is this happening? Is it overfitting? What happens with more samples where we know that performance of vanilla no-explanation should scale and improve.*] That is an accurate observation which Reviewer YcFy also pointed out. He suspected it was due to high standard deviation, which is the case here. The standard deviation is reported in Table 5 in the appendix. The performance degradation you pointed out is small compared to the standard deviation. The main reason for the large standard deviation is that the dataset sizes are very small, and overfitting is more severe. 3. [*Conceptual applicability — evaluated only in the small data regime. Is performance quickly surpassed in practice by no-explanation training with sufficient data? Then the practical utility is unclear. Table 1 shows that this may be the case?*] We believe with more data, no-explanation training will eventually **catch up** with our training instead of surpassing it. There will be an upper bound for the model performance on a given data distribution for a fixed model class, and our method can approach the upper bound in a time-efficient and sample-efficient way. In Figures 2 and 3, we can see that our models can reach the performance level with 10/50 samples, similar to baseline models with 100/500 samples. This shows a 10x sample complexity reduction. We report more results in Appendix D. We believe our method has practical utility. Firstly, it is difficult to tell if the data available is “sufficient” before training. Our methods can ensure that the final models will be better or equal to those trained without explanations, and our models converge with fewer epochs. Moreover, our method can **address unknown spurious correlation**s in data, which no-explanation training often picks up even in large datasets. In addition, there are scenarios where collecting more data is not possible. For example, in rare disease diagnoses, collecting more data from patients is difficult because there are only a few patients. Or if a factory wants to develop a defect detection algorithm for its new product, there are not too much data available. We believe our work has great practical value for the medical and manufacturing industries. But due to the nature of these industries, data are either not very publicly available or no one has collected explanations for the data yet. 4. [*How much is an explanation worth?*] I think you are considering our approach from an economic perspective. We have added a section in Appendix (Appendix D) to address this issue. Thank you for your suggestion. 5. [*some parts of the paper are unclear*] Thank you for your feedback. We have clarified them in this revision. 6. [*cleaning up code*] Thank you for pointing it out. We have cleaned it up. 7. [* the paper would do well to engage more deeply with prior work. The paper does not sufficiently engage with known methods of explainability and feature extraction*] We mainly focused on making models ""right for the right reasons"" in the paper. Our related work section thus focuses on papers targeting this problem. Model explanations paper are less related to our paper because they offer no insights into how to solve our problem, and we do not use any model explanation methods as a proxy of models' reasons. We have also included five papers that regularize attention scores of transformers to improve models in the related work. Regarding feature extraction, we did not do anything different from how convolutional neural networks extract features besides the addition of a linear layer for more stable optimization and a ground truth set of important features which we want to extract information from. Could you advise what the related works in feature extraction are so we can add them in our next version?

We want to thank you for acknowledging the motivation of our paper and the novelty of our approach. 1. [*Confusion about the role of the mapping layer*] We think the source of confusion comes from the poor punctuation in the Input section of Algorithm 1. We meant $h$ contains three components, but we agree the presentation can lead to different interpretations. We have thus updated Figure 1 and Algorithm 1 to explicitly define $h=c \circ m \circ h$ to avoid confusion. 2. [*How are lambda1, lambda2 or any other parameters tuned? Especially for the imbalanced settings?*] We did not spend much time tuning the two learning rates. Instead, we tested with three values $\{0.1, 0.01, 0.001\}$ for each hyper-parameter and picked the best-performing pair. We have updated the details in Appendix B. We have also changed their notations to $\eta$ from $\lambda$ to avoid confusion with the balancing coefficient in Equation 1. In short, $\eta_1$ is $0.001$ across all settings when using our proposed method. When there is no spurious correlation or class imbalance, $\eta_2$ is $0.001$, otherwise $0.01$. You can see that $\eta_2$ is increased under class imbalance or the presence of spurious signals because the need to recognize the right reasons increases in these situations. 3. [*Line 2 and 8 of Alg 1 should have subtract rather than add for gradient updates. The mapping layer in Figure 1 is not consistent with the writing. Does the mapping layer affect outputs at all?*] Thank you for pointing it out. We have updated these two lines. The confusion about the role of the mapping layer has been addressed in point 1. 4. [*ablation experiments without the mapping layer should have been reported*] We report the results of the ablation study in Table 3 in the appendix. 5. [*justification for why their method can handle imbalanced settings is expected*] The reason that empirical risk minimization of the cross entropy loss results in poor performance on the under-represented groups is that the minority groups contribute little to the overall empirical performance, resulting in classifiers focusing on the majority groups and sacrificing the minority groups. Existing methods usually rely on under-sampling of majority groups, over-sampling of minority groups or unweighting in optimization to enforce the model not to sacrifice the minority groups to achieve higher empirical accuracy. On the other hand, our method handles imbalanced data from another perspective: we use expert explanations to guide models to extract the most information from the reasons region. This way, our models can extract more useful features for the classification layers. The fact that our method excels in imbalanced settings is strong evidence that our training method has made models aware of the right reasons, making them extracting representations so useful that the classification layers no longer have to sacrifice performance on minority groups for overall performance. In short, the experiments on imbalanced settings are included as a solid testament to our claim that our methods can teach models to learn more right reasons. We have updated the writing to re-iterate this point. 6. [*std should be reported*] We report the standard deviations in Table 5 in the appendix. You are correct that the variance in GradReg is big. Our models are more consistent as they have much smaller variances. This is also aligned with our results in 3.3 that our final models are more consistent in predictions. 7. [*Conceptually, I do not see why original and masked (through explanation) inputs should have the same representation.*] Firstly, we are not enforcing the two feature representations to be the same. Instead, we are **making the induced distribution the same**. The difference is that the former requires exact point-wise matching, while the latter only needs the shape of the density functions to be the same, implying that the relative information extracted from input features is the same. This is also related to our justification for using KL divergence as the loss criterion. Making the feature maps the same is indeed very repressive, so we did not follow this path. Regarding why we want to make the two feature representations have the same distribution, it is for the following reason. The masked inputs contain sufficient input features for the prediction, which is the reason, or the input region we want our models to rely on when making predictions. The feature representation of the masked inputs should only contain useful and sufficient latent features for the prediction, devoid of any redundant, useless, or spurious features. It is ideal for our models to extract information from the same input region, so we optimize our model’s feature extractor such that the feature representation it produces follow the same distribution as the ideal feature representation."	unresolved	4	8. [*I don’t see what it has to do with “being right for the right reasons.*] We do not think reasons can only be manifested by post-hoc model explanations, and we believe model explanations are not always good proxies of reasons. Intuitively, reasons used by an ML model are the features heavily relied on in their decision-making mechanisms. In our paper, we define reasons as a subset of important input features....	User-reviewed IAA second-pass confirmation on 2026-05-06; source=human-review; confirmed first-pass label.
dgR6i4TSng__r02	ICLR 2025 expanded80 v1	Quantum-PEFT: Ultra parameter-efficient fine-tuning	6	3	"[weaknesses] 1. Analysis of how L layers affect entanglement capacity is limited. There is no evaluation of entanglement entropy between layers. 2. The paper only focuses on benchmarking against LoRA/adapter variants on small models (such as GPT2). Benchmarks on larger (and newer) models such as LLaMA seem to be quite standard and more related to practical use cases. 1. Some of the recently proposed PEFT methods are not adequately addressed/discussed (at least mentioned somewhere in the paper), e.g. [1] https://arxiv.org/abs/2403.17919 (NeurIPS) [2] https://arxiv.org/abs/2404.03592 (NeurIPS) [3] https://arxiv.org/abs/2405.12130 [4] https://arxiv.org/abs/2406.00132 (NeurIPS) Both [3] and [4] seem to be able to model high-rank matrices, and [4] appears to be also based on quantum circuit.

[questions] 1. How does Eq. 4 work? 2. What is the optimal number of alternating entanglement layers L for different model scales? 3. For the quantum Shannon decomposition approach to handle non-power-of-two dimensions, how does the decomposition choice (N₁, N₂) affect model performance? 4. Does the proposed method have a large computational overhead from the entanglement layers? 5. How does the proposed method compare with other methods mentioned above? My understanding of the main difference between this method and [4] is the use of unitary and diagonal matrices. Is this correct? 6. The proposed method focuses on reduction in parameters. However, [2] and [4] claim both reduction in parameter and performance improvement. Does the proposed method use even fewer parameters? 6. How is the proposed method related to quantum machine learning?

[summary] This paper introduces Quantum-PEFT, a novel parameter-efficient fine-tuning method that uses quantum-inspired unitary parameterizations. The key innovation is using Pauli parameterization to achieve logarithmic scaling of trainable parameters with matrix dimensions, compared to linear scaling in traditional LoRA methods. The method is evaluated on language and vision tasks, demonstrating comparable performance to LoRA while using significantly fewer parameters."	> Q4. How does Eq. 4 work? Eq. 4 demonstrates recursive cosine-sine decomposition (CSD) to construct a unitary matrix of arbitrary size by using multiple unitary matrices of smaller size. Tensor decomposition used in, e.g., QuanTA [4], is not readily compatible to arbitrary size of tensor. CSD overcomes this restriction. For example with $N=257=2^8+2^0$, CSD gives a way to use unitary representation with $N_1=256=2^8$ (i.e., 8-qubit) and $N_2=2^0$ (i.e., 0-qubit). 8-qubit matrices $U_1, V_2\in\mathbb{R}^{256\times 256}$ are easily parameterized by tensor decomposition, while 0-qubit special unitary is $U_2=V_1=1$. Eq. 4 becomes $$U= \begin{bmatrix} U_1 & 0_{256\times 3} \\\\ 0_{3\times 256} & 1 \\\\ \end{bmatrix} \begin{bmatrix} \cos(\theta) & -\sin(\theta) & 0_{1\times 256} \\\\ 0_{256\times 1} & 0_{256\times 1} & I_{256} \\\\ \sin(\theta) & \cos(\theta) & 0_{1\times 256} \\\\ \end{bmatrix} \begin{bmatrix} 1 & 0_{1\times 256} \\\\ 0_{256\times 1} & V_2 \\\\ \end{bmatrix}.$$ Similarly, arbitrary size of $N$ can be decomposed by representing its binary notation recursively, e.g., $259=2^8+2^1+2^0$, where CSD is sequentially applied: first CSD for $(N_1,N_2)=(2^8,2^1+2^0)$ and the...	"> Q4. How does Eq. 4 work? Eq. 4 demonstrates recursive cosine-sine decomposition (CSD) to construct a unitary matrix of arbitrary size by using multiple unitary matrices of smaller size. Tensor decomposition used in, e.g., QuanTA [4], is not readily compatible to arbitrary size of tensor. CSD overcomes this restriction. For example with $N=257=2^8+2^0$, CSD gives a way to use unitary representation with $N_1=256=2^8$ (i.e., 8-qubit) and $N_2=2^0$ (i.e., 0-qubit). 8-qubit matrices $U_1, V_2\in\mathbb{R}^{256\times 256}$ are easily parameterized by tensor decomposition, while 0-qubit special unitary is $U_2=V_1=1$. Eq. 4 becomes $$U= \begin{bmatrix} U_1 & 0_{256\times 3} \\\\ 0_{3\times 256} & 1 \\\\ \end{bmatrix} \begin{bmatrix} \cos(\theta) & -\sin(\theta) & 0_{1\times 256} \\\\ 0_{256\times 1} & 0_{256\times 1} & I_{256} \\\\ \sin(\theta) & \cos(\theta) & 0_{1\times 256} \\\\ \end{bmatrix} \begin{bmatrix} 1 & 0_{1\times 256} \\\\ 0_{256\times 1} & V_2 \\\\ \end{bmatrix}.$$ Similarly, arbitrary size of $N$ can be decomposed by representing its binary notation recursively, e.g., $259=2^8+2^1+2^0$, where CSD is sequentially applied: first CSD for $(N_1,N_2)=(2^8,2^1+2^0)$ and the second CSD for $(2^1, 2^0)$. --- > Q5. How does the decomposition choice (N₁, N₂) affect model performance? Thank you for the interesting question. Binarization of any number into largest to smallest power of 2 is a natural choice, e.g., with $N=2^8+2^6+2^2$, the first CSD may use $(N_1,N_2)=(2^8, 2^6+2^2)$, and the second CSD $(N_1,N_2)=(2^6, 2^2)$. This decomposition choice is sufficient to represent any unitary matrix and the number of parameters does not change if decomposed in a different way. For example, the first CSD could use $(N_1,N_2)=(2^8+2^2, 2^6)$, and the second CSD $(2^8, 2^2)$. The required number of parameters are exactly same, and the final matrix is equivalent. Although slight numerical difference may exist, we think the impact is very minor. --- > Q6. Does the proposed method have a large computational overhead from the entanglement layers? For the Pauli parameterization $Q_\mathsf{P}$, we obtain better-than-LoRA parameter scaling with runtime $\mathcal{O}[(L+1) N\log_2(N)]$, using the efficient Kronecker Shuffle algorithm (Plateau, 1985), where we used $L=1$ in the experiments. It scales linearly with entanglement layers. LoRA has runtime $\mathcal{O}(2NK)$. Detailed analysis of computational complexities is given in the *Computational complexity* paragraph in Section 4.2, where we have emphasized that our parameterizations remain within the same complexity as existing methods. In summary, while the constant factors may slightly differ, this demonstrates that the overall complexity remains highly competitive with LoRA even with the mapping. In our experiments in Table 4, we observed that all compared methods have very similar runtime, but Quantum-PEFT provides the largest memory savings compared to the other methods. We would like to further note that our current implementation is based on Kronecker product operation and further engineering optimizations with custom CUDA kernels may be possible. --- > Q7. Advantage in both parameter reduction and performance. Thank you for your suggestions, at the larger model size of Mistral-7B, **we have observed that we have both memory and performance advantage**, and we also perform better than very recent methods ([3,4]) that use more parameters in the DeBERTaV3 experiments, as shown in answers to Q2 and Q3. --- > Q8. How is the proposed method related to quantum machine learning? Our contribution lies in the innovative way we *translate* key concepts from quantum machine learning, i.e. efficient unitary parameterizations and quantum tensor network structures, into classical deep learning. To make the connections clearer, we have added Fig. 2 to the main text for clearer understanding of Eq. (2). Fig. 2 illustrates the structure of the quantum circuit from its fundamental building quantum gates as unitary matrix transformations from small unitary matrices. We have also revised Introduction and Preliminaries sections with more detailed and clearer self-contained explanation of the necessary background to improve accessibility to researchers from different backgrounds. --- [1] LISA: Layerwise Importance Sampling for Memory-Efficient Large Language Model Fine-Tuning. NeurIPS 2024. [2] ReFT: Representation Finetuning for Language Models. NeurIPS 2024. [3] MoRA: High-Rank Updating for Parameter-Efficient Fine-Tuning. [4] QuanTA: Efficient High-Rank Fine-Tuning of LLMs with Quantum-Informed Tensor Adaptation. NeurIPS 2024. [5] Mistral 7B. arXiv (2023). [6] Riemannian Preconditioned LoRA for Fine-Tuning Foundation Models. arXiv (2024). [7] Expressibility and entangling capability of parameterized quantum circuits for hybrid quantum‐classical algorithms. Advanced Quantum Technologies.

We thank the reviewer for the valuable feedback. > Q1. Delineation of learnable parameters We have carefully revised Section 4.1 to more clearly delineate the trainable parameters. In Quantum-PEFT, we use parameter-efficient representation of unitary transformations, i.e., the trainable parameters are Lie algebra for unitary parameterization. Specifically, in Eq. (2), the trainable parameters are the rotation angles $\theta_{k,l}$ associated with the employed RY gates. In fact, in (2) the Lie algebra, i.e., $\theta_{k,l}$, for each RY gates is trainable. The RY gate has a single parameter, as in (1), and thus the total number of trainable parameters for (2) is $(2L+1)\log_2(N)-2L$. This logarithmic scaling is a key advantage of our approach. As an example, for 5-qubit case with $N=2^5$, we illustrated it in Fig. 2(a): the left-most 5 RY gates in Fig. 2(a) correspond to the right-most RY term in (2); the middle 4 RY gates in Fig. 2 correspond to the middle term in (2); the last 4 RY gates in Fig. 2 correspond to the first RY term in (2). For more general cases of $N'>2$ in Fig. 2(b), the lie algebra, i.e., strictly lower triangular matrix $B$, has $K'N'-K'(K'+1)/2$ parameters per generalized RY gate as in Fig. 3(a). Besides orthogonal nodes, diagonal node has additional trainable parameters of size $K$ as in Fig. 3(b). > Q2. Computational complexity analysis For the Pauli parameterization $Q_\mathsf{P}$, we obtain better-than-LoRA parameter scaling with runtime $O[(L+1) N\log_2(N)]$, using the efficient Kronecker Shuffle algorithm (Plateau, 1985), where in the experiments we used $L=1$. LoRA has runtime $O(2NK)$. Detailed analysis of computational complexities is given in *Computational complexity* paragraph in Sec. 4.2, where we have emphasized that our parameterizations remain within the same complexity as existing methods. In summary, while the constant factors may slightly differ, this demonstrates that the overall complexity remains highly competitive with LoRA even with the mapping. Wall-clock time is measured in Table 4 and reported below for reference, where we compare Quantum-PEFT against baselines when fine-tuning GPT2. **Table og4k-1**: Efficiency comparison on GPT2. | Resource|LoRA|AdaLoRA|Quantum-PEFT| |-|-|-|-| |Training Time (ms/batch)|1719.06|1795.91|1723.39| |Memory Ratio|4.03×|4.03x|1×| We find that **all methods have very similar runtime**; notably, we observe a **4.03x reduction in number of parameters with Quantum-PEFT** and overall better performance than LoRA with 4x fewer parameters (see Table 3 in manuscript). Our implementation is based on Kronecker product operation and optimizations with custom CUDA kernels are possible. We made a rigorous runtime analysis for different unitary parameterizations in Fig. 6, which shows Pauli can be faster than other parameterizations at large sizes. > Q3. Fig. 5 placement We agree that Fig. 5 gives an intuitive illustration of the core concepts in Quantum-PEFT to benefit a broader audience. It illustrates the structure of the quantum circuit from its fundamental building quantum gates as unitary matrix transformations from small unitary matrices. Therefore, we have moved it to the main body as Fig. 2 for clearer understanding of Eq. (2) for all readers. We have also revised Introduction and Preliminaries sections with more detailed and clearer self-contained explanation of the necessary background to improve accessibility to researchers from different backgrounds. > Q4. A dedicated notation section would significantly improve readability and accessibility We have substantially expanded the notation paragraph at the beginning of Sec. 3 based on your feedback. We have also added a table defining all symbols used in the paper (see Appendix A.7), serving as a quick reference for the reader. We believe these enhancements significantly improve the accessibility and readability of the presentation. > Q5. What are the practical limitations and deployment considerations? Quantum-PEFT offers significant advantages in parameter efficiency for fine-tuning, achieving significant parameter reduction compared to LoRA. In implementation, one needs to consider: i) redundant memory to generate full-rank unitary matrix; ii) algorithmic performance for unitary mapping, and iii) numerical error at low-precision. In our work, we provided solutions for i) by using tensor contraction ordering (Pfeifer et al.), ensuring memory efficiency and avoiding redundant storage of full unitary matrices, and ii) by Kronecker Shuffle algorithm (Plateau), performing a detailed experiment for the required complexity and unitarity accuracy in Fig. 6, showing that the Pauli parameterization offers competitive speed at little unitarity error compared to other unitary parametrizations. Regarding iii) w.r.t. the impact with low-precision quantization, we discussed quantization-aware training in Appendix A.5 and Table 7, showing promising results even with 1-bit quantization.

> Q3. Comparative analysis with recent works [1,2,3,4]. We first provide discussions and then present empirical comparisons. - Quantum-PEFT is a new technique for highly efficient reparameterization-based fine-tuning . [1] is orthogonal to LoRA-based techniques: it finetunes some important sampled layers while freezing the rest for some certain iterations. Their results show that [1] shares similar memory requirements as LoRA, while our method achieves significantly higher parameter efficiency than LoRA. - [2] intervenes on a low-rank subspace of the intermediate model embeddings rather than model weights. This creates additional hyperparameters, i.e., prefix and suffix positions to intervene on and which layers to intervene on, creating a combinatorial growth of hyperparameters. Therefore, their claimed higher efficiency comes at the cost of higher computational burden of hyperparameter tuning for each task. On the other hand, Quantum-PEFT mainly considers two hyperparameters, i.e., the intrinsic rank $K'$ and the number of entanglement layers $L$. We conduct a sensitivity analysis for $K'$ in Table 8, where it is shown that reducing $K'$ incurs in minimal performance degradation. For example, even with $K'$ reduced to 1, the performance drop is only 0.49%, while still maintaining a competitive advantage over LoRA. Additionally, unlike methods like Quantum-PEFT learning delta weights directly, their updates cannot be merged with the model weights, so their method incurs in computational overhead at inference time. - [3] employs a learnable square matrix $M \in \mathbb{R}^{\hat{K} \times \hat{K}}$ for full-rank fine-tuning and compatibility mappings to ensure that the dimensions match with the weight $W \in \mathbb{R}^{N \times M}$. They set $\hat{K}=\lfloor \sqrt{(N+M)K} \rfloor$ to achieve the highest rank with square matrix at the same total number of trainable parameters of LoRA with rank $K$. [3] is therefore not able to have a lower-than-LoRA scaling, which is instead achieved by Quantum-PEFT. - [4] is a tensor-network-inspired parameterization without consideration of unitary gain, so their parameterization leads to parameter redundancy and potential instability. Our Pauli parameterization under Lie algebra can strictly maintain unitary constraint without parameter redundancy. [4] is based on tensor folding, requiring in principle that the matrix size is factorizable as $d=d_1\times d_2 \times \cdots \times d_N$. Therefore, [4] is not readily compatible for arbitrary size. For example, if the matrix size is $d=257$, it is difficult to fold into multiple axis. We clearly provided the way to solve this issue by quantum Shannon decomposition, which enables to decompose into sum of powers-of-two: i.e., $N_1=256$ and $N_2=1$. Furthermore, our paper provides more general applicability and insight to any arbitrary tensor network to reduce the parameter number as shown in Figs. 5, 7, and provides more flexibility with adjustable entangling layer size, which is not explored in [4]. We have included the above works in the Related Work section in main body and added detailed comparative discussions in Appendix A.6. To address the reviewer's concern, we have conducted additional experimental comparisons with the very recent MORA [3] and QuanTA [4, to appear in NeurIPS 2024], which are comparable to ours learning in the low-rank subspace of model weights. We follow the setups of Table 2 in the paper and use rank 3 for MORA as for the other methods. W.r.t. QuanTA [4], using their optimal setting $d=768=2^8*3$ to give the lowest number of parameters, **QuanTA [4] still has 0.093M trainable parameters compared to 0.013M parameters for our method**. We report the results in Table XPHL-3. We observe that Quantum-PEFT outperforms both MORA and QuanTA while using 37.87x and 7.15x less parameters, respectively. **Table XPHL-3**: Comparisons on GLUE with DeBERTaV3 including the very recent related works [3,4]. | Method | # Trainable Parameters | SST-2 | CoLA | RTE | MRPC | STS-B | Avg. | Memory | |----------|-------------------------|-------|------|-----|------|-------|------|--------| | FT | 184M | 95.63 | 69.19| 83.75 | 89.46 | 91.60 | 85.93 | 14200× | | LoRA | 0.33M | 94.95 | 68.71 | 85.56 | 89.71 | 91.68 | 86.12 | 25.38× | | MORA [3] | 0.49M | 95.79 | 67.13 | 85.19 | 89.08 | 90.13 | 85.46 | 37.87x | | QuanTA [4] | 0.093M | 95.30 | 67.75 | 84.48 | 89.22 | 91.01 | 85.55 | 7.15x | | **Quantum-PEFT** | **0.013M** | 95.85 | 67.85 | 86.57 | 90.78 | 91.06 | 86.42 | **1×** |"	"We thank the reviewer for the valuable feedback and address the concerns below. > Q1. The paper describe the compute ansatz in (2). However, the backward-pass, especially computing the gradient update of the parameters is not covered Thank you for your comment. The trainable parameter $\theta_{k,i}$ in Eq. (2) is associated with individual RY gate, defined in (1). RY gate is based on trigonometric function wrt $\theta$, and thus closed-form expression of the gradient is known: $\frac{\partial \mathsf{RY}(\theta)}{\partial \theta} = \frac{1}{2} \begin{bmatrix} -\sin(\theta/2) & -\cos(\theta/2) \\\\ \cos(\theta/2) & -\sin(\theta/2) \\\\ \end{bmatrix}$. Eq. (2) is based on Kronecker product of RY gates: $\otimes_k RY(\theta_{k,i})$. Its derivative is straightforward. Specifically, we have $\frac{\partial}{\partial \theta_{m,i}} \bigotimes_{k=1}^q RY(\theta_{k,i})= RY(\theta_{1,i}) \otimes RY(\theta_{2,i}) \otimes \cdots \otimes \frac{\partial RY(\theta_{m,i})}{\partial \theta_{m,i}} \otimes RY(\theta_{m+1,i}) \otimes \cdots$. Correspondingly, the gradient update of quantum parameters is computationally feasible. In experiments, we simply used PyTorch's autograd. We leave further engineering optimization as a future work. Nevertheless, our analysis in Fig. 6 shows that the gradient update of the Pauli parameterization is still competitive even without custom kernels. In the revised manuscript, we added a discussion on how we compute the gradient update. > Q2. A gradient descend on the Factors of the proposed parametrization Indeed, the convergence of quantum tensor networks and quantum machine learning is not fully understood yet. Nevertheless, there are many empirical literature showing sufficient trends of loss decreasing in many practical cases, e.g., [5]. Remarkably, [4] provides a theoretical proof of sublinear convergence under a reasonable assumption. In our case, we empirically observed no issues in loss convergence and added discussion on the employed gradient method in Sec. 4.1. > Q3. How does your factorized update scheme relates to [1,2,3]? [2] optimizes the neural network weight matrices with gradient flow along the low rank weight manifold. [3] considers for manifold-constrained optimization in the federated learning setting. [1] proposes rank-adaptivity in CNNs via low-rank Tucker. Quantum-PEFT parameterizes $U, V$ factors of low-rank delta weights through trainable intrinsic parameters instead of directly optimizing the low-rank factors of network weights. This approach differs from [1, 2, 3], which employ manifold optimization to maintain feasibility of the factors. In Quantum-PEFT, the $U,V$ matrices are not directly trainable parameters, but rather computed via efficient Pauli unitary parameterization from underlying smaller learnable parameters. Hence, our optimization happens in the Euclidean space of the parameters of the parameterization. We included discussions wrt [1,2,3] in Sec. 2. > Q4. Is there an option to make the method rank-adaptive? In our current method, we introduced an intrinsic rank $K'$ as a mechanism to further control the effective number of trainable parameters compared to the specified rank $K$ by keeping the top $K'$ columns of Lie parameters, while the other parameters are frozen or null-out. By choosing $K' < K$, we control the intrinsic dimensionality of the learned subspace, offering a finer-grained control and enabling higher parameter reduction. As demonstrated in our sensitivity analysis for $K'$ (Table 8), reducing $K'$ can significantly diminish the number of parameters while incurring minimal performance degradation. For example, even with $K'$ reduced to 1, the performance drop is only 0.49%, while still maintaining a competitive advantage over LoRA. While the current framework allows for manual adjustment of $K'$ as shown in the sensitivity analysis, one could devise a fully rank-adaptive method that dynamically adjusts $K'$ during training. A crucial aspect of such an adaptive strategy would be developing a principled approach for ranking the importance of the Lie algebra parameters. In fact, unlike AdaLoRA, where the singular values directly correspond to the importance of each rank component, the relationship is not as straightforward in Quantum-PEFT due to our Pauli parameterization. In future work, it would be interesting to rigorously analyze this relationship and incorporate it into a $K'$-adaptive algorithm. [1] Rank-adaptive spectral pruning of convolutional layers during training. Neurips 2024. [2] Low-rank lottery tickets: finding efficient low-rank neural networks via matrix differential equations. Neurips 2022. [3] Federated dynamical low-rank training with global loss convergence guarantees, 2024. [4] Analyzing convergence in quantum neural networks: Deviations from neural tangent kernels. ICML 2023. [5] Improving gradient methods via coordinate transformations: Applications to quantum machine learning. Physical Review Research.

We thank the reviewer for the valuable feedback and address all remaining concerns below. > Q1. It would be great if authors could add some self-contained introduction to the necessary quantum concepts used in the paper. While Quantum-PEFT draws inspiration from quantum computation principles, the proposed parameterization can also be purely understood within the context of classical linear algebra. In fact, quantum circuits represent unitary matrices as a product of small unitary matrices (i.e., quantum gates) with a total number of parameters growing logarithmically with the dimension. To further enhance clarity for readers less familiar with quantum computing concepts, in the updated manuscript (highlighted in blue), **we have revised the Introduction and the Preliminaries sections with more detailed and clearer self-contained explanation of the necessary background**. This includes an explanation of Pauli operators as matrices and the concept of quantum circuits as matrix transformations. We believe these explanations provide a more accessible entry point for a broader audience, including those unfamiliar with quantum machine learning. Specifically, the Preliminaries section includes a concise explanation of Pauli matrices, quantum gates (RY and CZ), and quantum circuits as transformations with unitary matrices. Furthermore, we have added Fig. 2 to the main text (previously in the appendix) to provide a visual aid for understanding the quantum-inspired PEFT modules. This figure illustrates the structure of the quantum circuit from its fundamental building gates, i.e., small unitary matrices. We have also improved the notations by improving the paragraph summarizing all notation used in the paper (beginning of Section 3) and added a table of symbols in Appendix A.7.

We thank the reviewer for the insightful feedback and we address the remaining concerns below. --- > Q1. Analysis of how L layers affect entanglement capacity. Thank you for the comment. There is existing literature on the relationship between circuit depth and entanglement, e.g., [7] provided a rigorous analysis of entangling capacity with different quantum circuts. It was shown that generally quantum circuits exhibit increased capacity with more layers. In our experiments, a single entanglement layer ($L=1$) in the simplified two-design ansatz showed good performance for PEFT tasks, while increased layers can moderately improve the performance at the cost of increased parameters and computational overhead. We have included the discussion of the entangling layers in the revised manuscript (highlighted in blue) accordingly in Appendix A.4. Furthermore, we conducted a sensitivity analysis w.r.t. the number of entanglement layers $L$ in Table XPHL-1, showing the accuracy of the ViT CIFAR10 transfer learning task of Section 5.4 with a 2-bit quantized base ViT model, across different values of $L$. We observe a saturation effect, where the performance gains plateau beyond $L=3$. It is reasonable that the optimal $L$ is task-dependent, with more complex tasks potentially benefiting from a deeper circuit. We have included these findings in the revised manuscript in Table 9. **Table XPHL-1**: Accuracy over the number of entanglement layers $L$ in ViT CIFAR10 task. Base ViT is 2-bit quantized. |$L$ | 1 | 2 | 3 | 4 | 8 | 16 | 32 | |----|---|---|---|---|---|----|----| | Accuracy | 96.09 | 96.54 | 96.71 | 96.71 | 96.71 | 96.71 | 96.71 | --- > Q2. Benchmarks on larger and newer models. Following the reviewer’s suggestion, we have conducted additional experiments by fine-tuning Mistral-7B [5] on the standard GLUE benchmark. Mistral 7B is a recent LLM that has been shown to outperform Llama 2-13B on many benchmarks [5]. We provide empirical comparisons below, where we used the same rank and alpha as in Section 5.1 and employed AdamW with 5 epochs and 4-bit quantization, and fine-tune query/key/value/gate projection matrices, following the setups of [6], for all methods. The results are presented in Table XPHL-2 with LoRA and AdaLoRA, which are the strongest baselines on GLUE in Section 5.1. Quantum-PEFT maintains its significant advantage in parameter efficiency even at 7B scale while achieving competitive performance with LoRA and AdaLoRA. We observed a **reduction in trainable parameters by a factor of 4.67x**, while even **exceeding the performance of LoRA and AdaLoRA** in almost all datasets. Quantum-PEFT offers a highly parameter-efficient alternative to LoRA-based approaches, which is crucial when scaling to billion-scale large language models. We have included these new experiments in Section 5.3 of the revised manuscript. **Table XPHL-2**: Results with Mistral-7B on GLUE Benchmark. | Method | # Trainable Parameters | SST-2 | CoLA | RTE | MRPC | STS-B | Avg. | |----------------|-------------------------|-------|------|-------|------|-------|------| | LoRA | 3,538,944 | 96.21 | 68.83 | 87.46 | 87.74 | 90.70 | 86.19 | | AdaLoRA | 3,539,328 | **96.90** | 70.38 | 87.53 | 89.52 | 90.96 | 87.06 | | **Quantum-PEFT** | **758,016** | 96.67 | **70.61** | **88.10** | **89.94** | **91.63** | **87.39** |"	unresolved	4	> Q4. How does Eq. 4 work? Eq. 4 demonstrates recursive cosine-sine decomposition (CSD) to construct a unitary matrix of arbitrary size by using multiple unitary matrices of smaller size. Tensor decomposition used in, e.g., QuanTA [4], is not readily compatible to arbitrary size of tensor. CSD overcomes this restriction. For example with $N=257=2^8+2^0$, CSD gives a way to use unitary representation with...	User-reviewed IAA second-pass confirmation on 2026-05-06; source=human-review; confirmed first-pass label.
m3DmIL7wHDW__r03	ICLR 2023 random80 v1	The guide and the explorer: smart agents for resource-limited iterated batch reinforcement learning		3: You are fairly confident in your assessment. It is possible that you did not understand some parts of the submission or that you are unfamiliar with some pieces of related work. Math/other details were not carefully checked.	"[confidence] 3: You are fairly confident in your assessment. It is possible that you did not understand some parts of the submission or that you are unfamiliar with some pieces of related work. Math/other details were not carefully checked.

[summary_of_the_paper] This paper explores approaches to iterative batch reinforcement learning, whereby relatively low-dimensional data is collected from physical systems and relatively simple actions/decisions must be made in response to these observations. This includes consideration of how the agent may only be given limited real-world decision making experience, but potentially more access to off-policy data. The paper shows that a novel ""Guide&Explore"" strategy achieves better performance than the baselines on two standard tasks: acrobot and cartpole.

[strength_and_weaknesses] # Strengths ## Novelty - The heating explore based on using a set of different temperatures to create more exploratory policies seems novel and effective ## Significance - The general classes of real-world problems considered by this paper are widespread, and this is an interesting investigation into using deep reinforcement learning to tackle them ## Clarity - The algorithms and results figures are clear and informative - The text is well edited and makes good use of references to prior works; both of these are well appreciated # Weaknesses ## Novelty - Novel algorithms and/or algorithmic changes are not clearly marked, making it harder to identify what is novel ## Significance - It is hard to see how performance on cartpole and acrobot relate at all to the motivating example of a telecommunications engineer; cartpole and acrobot do not seem to reflect the considerations listed in section 1 - This approach seems to rely on determining the optimal temperature set for exploration -- it is not clear how one could feasibly identify a temperature set to use for novel problems - There are no new theorems or proofs presented in this paper to rigorously explain why these problems are difficult or unsuited to other deep learning methods, or why the proposed methods are better ## Clarity - The problems discussed in the first half of the paper at a high level and in vague terms, making it unclear what this paper is precisely trying to contribute or how its insights can/should be used by future works"		"Thank you for your review. **It is hard to see how performance on cartpole and acrobot relate at all to the motivating example of a telecommunications engineer; cartpole and acrobot do not seem to reflect the considerations listed in section 1**: We use Acrobot and Cartpole to show the performance of our method on well-known open sourced benchmarks on which we can compare to previous state-of-the-art results. The way we evaluate our method on these two systems is made to mimick the constraints and specificities listed in Section 1. **This approach seems to rely on determining the optimal temperature set for exploration -- it is not clear how one could feasibly identify a temperature set to use for novel problems**: The set of temperatures has indeed to be determined by the user. We believe that it is however less error prone and more robust to select a set of temperatures than to rely on one fixed exploration amount. **Comparison against imitation learning methods**: It is often possible to convince the system engineers to deploy a (safe) random exploration policy for a few trials and then improve on this policy. We therefore considered an iterated batch setting in our experiments where we start from a random policy. Studying the case where we would start from an expert dataset (collected by a policy designed by engineers) is of great interest and we defer it to future work.

Thank you for your review. **Comparison with AlphaZero**: We are well aware of the AlphaZero paper (Silver et al. 2017), and although we share some common principles with this algorithm, our approach is still based on significant differences that we tried to explain in Section 2: - First, AlphaZero is a model-free approach and relies on many system access steps (typically millions vs thousands in MBRL). It is clearly not a feasible direction for the type of real-life systems we aim to solve. Perhaps the reviewer was referring to Muzero (Schrittwieser et al. 2020), a model-based adaptation of AlphaZero. Yet, it learns a latent state-space model which is trained jointly with the representation and actor/critic functions. We wanted to uncouple these components by proposing a simplified approach that wisely leverages different (already existing) components, yet achieves state-of-the-art performance. We believe that such decoupling is a must if the goal is not purely engineering (performance) but also scientific (understanding what matters and why). Reasoning in the natural state-space is also of interest for real-life applications where a practitioner would want to separately train and evaluate the model or the agent, use it for other purposes, or possibly correct it with expert knowledge. - Muzero was initially designed for environments with discrete actions. Although an interesting adaptation was proposed (Sampled Muzero, Hubert et al. 2021) to deal with continuous actions, our approach works effortlessly in both settings. - Our decision-time planning exhibits important differences: Muzero relies on a Monte-Carlo tree search which is in essence built by sequentially exploring the tree (as each tree search updates rules for the next one) with a priori unknown action sequence horizon. This results in an irreducibly slow planning at test-time, which is again not desired for real-life applications. Thus, our approach is not equivalent to ""one step of MCTS"", but more correctly to a fixed horizon parallel evaluation of multiple action sequences (multiple parallel tree searches with 'frozen' rules), considerably accelerating the planning. - In spirit, the UCB constants and the count-based measure play the same role as our prior temperature set as they govern how far to diverge from the prior policy in order to explore. Yet, to our knowledge, these constants need very fine adjustment and are crucial for the algorithm performance, while our simple temperatures set prior presents more robustness to its tuning as we observed in our experiments: minor alterations to its range or growth scheme do not degrade performance. - The method we suggest is easy to implement and debug. It relies on model-free algorithms that are available in popular and well-maintained libraries such as stable-baselines3. The other components (decision-time planning, model learning) are also easy to implement.

Thank you very much for your feedback and suggestions. We will definitely consider them to improve our paper. For the selection of the temperatures, there is, to the best of our knowledge, no strategy to pick a single temperature besides running an hyperparameter optimization with evaluations on the real system, which would also require a set or interval of temperatures. Our strategy performs this optimization while we are planning with the model. Furthermore, Figure 8 in the appendix shows that the optimal temperature can also depend on how the guide performs at a given state: if the guide is good then we can follow its decision and a low temperature is good whereas when the guide is weak it is better to explore with a high temperature. Using a single temperature would not be able to adapt to the guide's performance."	"Thank you for your review. **Comparison with AlphaZero**: We are well aware of the AlphaZero paper (Silver et al. 2017), and although we share some common principles with this algorithm, our approach is still based on significant differences that we tried to explain in Section 2: - First, AlphaZero is a model-free approach and relies on many system access steps (typically millions vs thousands in MBRL). It is clearly not a feasible direction for the type of real-life systems we aim to solve. Perhaps the reviewer was referring to Muzero (Schrittwieser et al. 2020), a model-based adaptation of AlphaZero. Yet, it learns a latent state-space model which is trained jointly with the representation and actor/critic functions. We wanted to uncouple these components by proposing a simplified approach that wisely leverages different (already existing) components, yet achieves state-of-the-art performance. We believe that such decoupling is a must if the goal is not purely engineering (performance) but also scientific (understanding what matters and why). Reasoning in the natural state-space is also of interest for real-life applications where a practitioner would want to separately train and evaluate the model or the agent, use it for other purposes, or possibly correct it with expert knowledge. - Muzero was initially designed for environments with discrete actions. Although an interesting adaptation was proposed (Sampled Muzero, Hubert et al. 2021) to deal with continuous actions, our approach works effortlessly in both settings. - Our decision-time planning exhibits important differences: Muzero relies on a Monte-Carlo tree search which is in essence built by sequentially exploring the tree (as each tree search updates rules for the next one) with a priori unknown action sequence horizon. This results in an irreducibly slow planning at test-time, which is again not desired for real-life applications. Thus, our approach is not equivalent to ""one step of MCTS"", but more correctly to a fixed horizon parallel evaluation of multiple action sequences (multiple parallel tree searches with 'frozen' rules), considerably accelerating the planning. - In spirit, the UCB constants and the count-based measure play the same role as our prior temperature set as they govern how far to diverge from the prior policy in order to explore. Yet, to our knowledge, these constants need very fine adjustment and are crucial for the algorithm performance, while our simple temperatures set prior presents more robustness to its tuning as we observed in our experiments: minor alterations to its range or growth scheme do not degrade performance. - The method we suggest is easy to implement and debug. It relies on model-free algorithms that are available in popular and well-maintained libraries such as stable-baselines3. The other components (decision-time planning, model learning) are also easy to implement.

We thank the reviewers for their time spent reviewing our paper and their constructive feedbacks. We first address general comments and then reply individually to the comments that are specific to each reviewer. **Novelty**: We believe that even though most of the components used in our Guide\&Explore strategy are known, the study of their combination and the importance of each of the components to reach state-of-the-art performance is novel and highly relevant for the community. Furthermore integrating an adaptive exploration scheme while planning is a novel idea that avoids setting a fixed noise quantity (as done for instance in MBPO (Argenson and Dulac-Arnold, 2021)). This component is necessary to achieve state-of-the-art performance and can adapt to the performance of the guide at a given state (see Figure 8 in the paper). **Lack of theory**: Although we did not integrate a theoretical study of our algorithm, our study shows the impact of the different components of our algorithm (guide, decision-time planning, exploration) and we believe that our results will be useful for the community and the practitioners. **Only Cartpole and Acrobot**: Considering two environments allows to run an extensive ablation study. We also remind, as argumented in the section 4.1, that Acrobot is a not so simple environment which requires expensive decision-time planning.

Thank you for your review. **Some guidance is needed on how an expert would pick the values of input parameters L, n. Choosing an optimal value for these parameters would be challenging**: The maximum budget $n \times L$ is imposed by the practical constraints related to the real application: the resources and time available for decision-time planning. Once this maximum budget has been defined, for the design of the algorithm one also needs to be aware that the choice of $L$ will depend on the maximum number of rollouts $n$ that can be associated to it as a larger value of $L$ increases the dimension of the search space. Finally model errors accumulate with the horizon $L$. While automatically selecting the best planning horizon $L$ is an important problem we consider that it is out of the scope for this paper. **Choice of the temperature set and details of the hyperparameter tuning, e.g., temperature, $T_i$, and probabilities, $\epsilon_i$, would be useful. How a model-free RL is trained to find the guide policy?**: Details are given in appendix A. While the user still has to define a set of temperatures and a set of probabilities, we believe that this is less error prone and more robust than considering a fixed exploration amount (such as adding a Gaussian noise with constant sigma)."	unresolved	4	Thank you for your review. **It is hard to see how performance on cartpole and acrobot relate at all to the motivating example of a telecommunications engineer; cartpole and acrobot do not seem to reflect the considerations listed in section 1**: We use Acrobot and Cartpole to show the performance of our method on well-known open sourced benchmarks on which we can compare to previous state-of-the-art results. The...	User-reviewed IAA second-pass confirmation on 2026-05-06; source=human-review; confirmed first-pass label.
o3Q4m8jg4BR__r03	ICLR 2023 random80 v1	LS-IQ: Implicit Reward Regularization for Inverse Reinforcement Learning		4: You are confident in your assessment, but not absolutely certain. It is unlikely, but not impossible, that you did not understand some parts of the submission or that you are unfamiliar with some pieces of related work.	"[confidence] 4: You are confident in your assessment, but not absolutely certain. It is unlikely, but not impossible, that you did not understand some parts of the submission or that you are unfamiliar with some pieces of related work.

[summary_of_the_paper] An online imitation learning algorithm with implicit reward is proposed, where the learning objective is to minimize $\chi^2$-divergence between the expert distribution and the mixture of expert and policy distributions. The idea of this work is motivated by the practical implementation of IQ-Learn that violates their theoretical derivation from introducing reward regularizer in practice. Authors argue that the proposed learning objective with the mixture-based divergence is more stable since it properly bounds the range of Q (whereas the range is unbounded when the mixture is not considered). Additional details on absorbing states, a shared critic for entropy and reward regularization, and LfO with Inverse Dynamics Model are considered to improve the performance of the proposed idea.

[strength_and_weaknesses] Strengths - Authors look into the gap between practical algorithm and theoretical derivation of the baseline and try to minimize the gap. - Algorithm is shown to applicable to various IL scenarios (online IL, LfO) and seems stable for all MuJoCo tasks. - Algorithm used a lot existing techniques (dealing with absorbing states, IDM) to improve the performance. Weaknesses - The readability should be improved. - Whether the proposed learning objective is new or not is unclear. I'd like to argue that the objective (12) has a strong relation with SQIL's objective. - The baseline performance is much poorer than the performance reported in the paper."		"We thank the reviewer for his very precise feedback and for correcting many details helping us to improve the overall quality of our work. We take particular care to address every point raised by the reviewer. We hope that this helps clarify our contribution, improving the readability of our work. In the following, we respond to every point raised by the reviewer. To address the concerns of the reviewer we will present further experiments and ablation studies and add them to the experiment section and the appendix in the next hours. > The readability should be improved. To improve the readability of our paper we restructured Section 3. We stressed the connection between the theoretical results and the proposed techniques. We hope that our claims are more clear and that the reading flow has improved. > Whether the proposed learning objective is new or not is unclear. I'd like to argue that the objective (12) has a strong relation with SQIL's objective. Authors argue that the proposed objective is different from SQIL's objective in Eq (12). However, I believe if we use Q+c (constant) instead of Q in Eq. (11), we can shift $r_{max}$ and $r_{min}$ by constant and find that the objective becomes exactly the same as that of SQIL. Indeed, the objective in (12) has a very strong connection with the one in SQIL. However, Equation (12) can express only symmetric rewards if $\alpha=0.5$ and there is no practical value for $\alpha$ that can recover exactly the SQIL objective, which is setting $r_\text{max}=1$ and $r_\text{min}=0$. As observed by the reviewer, the only difference between IQ and SQIL is a constant shift of the reward target. We want to point out that the LS-IQ objective is not the one presented in (12), but also considers the modifications described in the following sections of the paper. Indeed, by addressing the instabilities of the original IQ approach, our algorithm outperforms SQIL and IQ in the benchmarks. We want to remark that these increased performances are achieved thanks to the understanding of the connection between the two algorithms, guiding the design of each component. We added the full objective of LS-IQ in the appendix to avoid any misunderstanding. > The baseline performance is much poorer than the performance reported in the paper. We did not experience a notable performance gap between the IQ paper and our results. We made sure that our implementation matches the author's implementation. It is important to note that in the IQ paper some environments are using the telescoping loss function formulation -- IQv0 -- and some are using the objective as defined in our paper. In contrast to the IQ paper, we tested both variants on all environments. In the IQ-Learn paper, the environments ""Humanoid-v3"", ""Hopper-v3"", and ""Walker2d-v3"" were using IQv0, and ""Ant-v3"" and ""HalfCheetah-v3"" were using the objective presented in our paper, which we refer to as IQ. Finally, It is also important to note that the performance also depends on the performance of the expert. Our experts were trained with SAC until convergence, yielding higher performance than the experts from the IQ paper, which makes the imitation learning tasks more challenging. For easy reproducibility, in the next hours, we will provide the code with experiment setups in the supplementary materials.

We thank the reviewer for the insightful comments. We tried to resolve most of the concerns of the reviewer and truly believe that, among others, the suggested additional experiments on more complex tasks enhance the quality of our paper. We appreciate the time and effort put in by the reviewer. > The proposed method is evaluated on the MuJoCo benchmarks, but they are relatively easy for modern IRL methods. It is unclear whether the proposed method is robust to distribution shifts between the expert and agent distributions We agree that the Mujoco Benchmarks have fine-tuned dynamics for RL agents, simplifying training. To prove that our algorithm can handle more challenging scenarios, we tested our approach on a complex locomotion task, using a simulated Atlas robot. In this scenario, the techniques presented in this paper provide a clear performance improvement w.r.t. other baselines. We will upload the related plots in the next hours. > As described below, some technical details are not shown in the manuscript. In particular, $r_\text{min}(s)$ in Equation (20) should be explained. This specific issue is resolved in the updated version of the paper. We hope that the improved notation resolves these concerns. > The original regularizer $\phi_{\pi\_{\text{E}}}(r)$ is recovered when $\alpha=1$. In this case, $r_{\text{min}}$ defined in Proposition 3.1 goes to negative infinity. Is it the main reason the original regularizer causes instabilities in continuous action spaces? It is correct that the true IQ-regularizer is recovered when $\alpha=1$ and that for $\alpha\rightarrow 1$ $r_{min} \rightarrow -\infty$, which is a direct consequence of the unbounded divergence and a clear source of instability in the continuous action scenario, where the policy is approximated with a neural-parameterized Gaussian. > The difference between Equations (13) and (14) is interesting. However, I am unsure whether $\tilde{Q}(s,a)$ converges or not when the agent policy converges to the expert policy. Although Figure 1 shows that the proposed method deals with absorbing states correctly, it would be better to discuss the convergence of $\tilde{Q}(s,a)$ at the absorbing states. We thank the reviewer for the interesting and important question. We first want to point out, that the forward Bellman operator that underlies our inverse operator converges to the same fixed point as the standard Bellman operator. We agree that this important observation was missing in our initial submission. Therefore, we add the corresponding proof in Appendix A.5. Regarding the saddle-point convergence of the imitation learning algorithm, as given by Gnarg et al. (2021): We argue that these derivations should not be affected by our treatment of absorbing states because our inverse operator is consistent with the Bellman operator, also when not assuming absorbing state rewards of $0$. > In practice, sampling from $d_{\pi_\text{E}}$ or $d_{\pi}$ is infeasible. Would you explain how the training data, especially $\mathcal{D}_{\pi}$ is collected? As done in most reinforcement and inverse reinforcement learning approaches, we simply collect trajectory rollouts. Therefore, we are sampling from the (undiscounted) state distribution. We are aware that this is an approximation, but using the undiscounted state distribution allows us to sample and update the values of states that appear close to the end of the trajectory, avoiding the intractable number of rollouts needed to sample from $d_{\pi}$. > I do not fully understand the discussions given in Section 3.5. For example, if the minimization of Equation (13) is challenging, minimizing $E_{d_{\pi}} [(r_Q(s,a) - r_{\text{min}})^2]$ is also challenging. In addition, $r_{\text{min}}(s)$ is introduced in Equation (20), but it is not defined before. Is it a parameterized function of the state? The fixed target is a simple regression problem that does not rely on bootstrapping. Thus, the optimization landscape is simpler and makes it easier to learn the expert's action-value targets as suggested by the empirical results of our experiments. The mentioned issue about $r_{min}(s)$ is resolved in the updated version of the paper.

We thank the reviewer for pointing our attention to some crucial aspects of the empirical evaluation which we were missing in the first version of our paper. We focus most effort in recent days on enhancing the ablations and extending the experiments. We will provide the updated results in the experiment section and the appendix. We will also provide the code for all experiments in the supplementary material in the next hours. > The proposed method are only evaluated on online imitation learning tasks. To fairly and fully compare the proposed method to IQ-Learn, I suggest the authors to also evaluate the methods on offline settings as in the IQ-Learn paper. We want to point out that the original IQ-Learn Paper does not present results in the offline setting for the continuous action scenario, which is our setting. We extensively tested the original IQ-learn implementation in the offline scenario, without achieving any learning performance due to exploding Q-functions. While our paper tackles the issue of exploding Q-functions even in the offline setting, it does not tackle its specific challenges. Note that our regularizer explicitly depends on online data produced by the policy for regularization, which is why we switched to the original IQ regulaizer for the offline experiments. Extending our approach to the offline setting requires an in-depth analysis looking into this problem specifically. An interesting insight into this problem is presented by Li, Ziniu, et al. [1], where they highlight the importance of orthogonal regularization for the related ValueDice algorithm. As a starting point for future investigations, we will provide the code for the offline scenario for IQ and LS-IQ in the next hours. [1] *Li, Ziniu, et al. ""Rethinking ValueDice: Does It Really Improve Performance?."" arXiv preprint arXiv:2202.02468 (2022).* > The proposed method, LS-IQ, stabilize training by providing fixed targets for the Q-function on expert states, and properly treat absorbing states. This work also introduces an entropy-regulariation critic. However, there is no ablation to study the true effects of each component. We thank the reviewer for the suggestion. We performed an extensive ablation study and we will update the appendix with the results and the discussion. We hope that our ablation study clarifies the doubts of the reviewer. We will perform more ablations for the final version of the paper if the reviewer believes that some important comparison is missing. > In Section 3.6, why not introducing your method using Fig. 2. We appreciate the reviewer's suggestion, but unfortunately, we selected a more synthetic discussion due to space reasons. > How can a IDM training online with the collected data can infer action for expert observations? how to guarantee the correctness of the predicted expert actions? In the general scenario, an IDM cannot learn the exact expert action, as, in principle, multiple actions can lead to the same next state. However, this is not a major issue in MDPs as the current state contains all the information needed. Assuming that the effect of each action is distinct, that the capacity of the selected IDM is appropriate, that the policy data has some overlap with the expert one, and that we collect enough data, we can ensure that the predicted expert action is approximated with sufficient accuracy. Under these assumptions, the problem is equivalent to a supervised learning problem. Our empirical results support this claim. While most of these assumptions are common to every machine learning setting, the state distribution overlap is quite specific to this setting. While this assumption cannot be guaranteed in general for an arbitrary environment and an arbitrary initial policy, we argue that, in practice, the assumption holds (at least locally) for two reasons: first, the initial state distribution is the same for the expert and policy. Second, the algorithm itself is pushing the policy towards expert state distribution. As the reviewer argues, a good extrapolation of expert action is fundamental to the performance of the algorithm. However, our empirical results prove that simple IDM models can extrapolate expert action with sufficient accuracy, at least in the proposed benchmarks. > Need more details to reproduce the results. We will add the code for the experiments in the supplementary material to resolve any reproducibility concerns."	"We thank the reviewer for his very precise feedback and for correcting many details helping us to improve the overall quality of our work. We take particular care to address every point raised by the reviewer. We hope that this helps clarify our contribution, improving the readability of our work. In the following, we respond to every point raised by the reviewer. To address the concerns of the reviewer we will present further experiments and ablation studies and add them to the experiment section and the appendix in the next hours. > The readability should be improved. To improve the readability of our paper we restructured Section 3. We stressed the connection between the theoretical results and the proposed techniques. We hope that our claims are more clear and that the reading flow has improved. > Whether the proposed learning objective is new or not is unclear. I'd like to argue that the objective (12) has a strong relation with SQIL's objective. Authors argue that the proposed objective is different from SQIL's objective in Eq (12). However, I believe if we use Q+c (constant) instead of Q in Eq. (11), we can shift $r_{max}$ and $r_{min}$ by constant and find that the objective becomes exactly the same as that of SQIL. Indeed, the objective in (12) has a very strong connection with the one in SQIL. However, Equation (12) can express only symmetric rewards if $\alpha=0.5$ and there is no practical value for $\alpha$ that can recover exactly the SQIL objective, which is setting $r_\text{max}=1$ and $r_\text{min}=0$. As observed by the reviewer, the only difference between IQ and SQIL is a constant shift of the reward target. We want to point out that the LS-IQ objective is not the one presented in (12), but also considers the modifications described in the following sections of the paper. Indeed, by addressing the instabilities of the original IQ approach, our algorithm outperforms SQIL and IQ in the benchmarks. We want to remark that these increased performances are achieved thanks to the understanding of the connection between the two algorithms, guiding the design of each component. We added the full objective of LS-IQ in the appendix to avoid any misunderstanding. > The baseline performance is much poorer than the performance reported in the paper. We did not experience a notable performance gap between the IQ paper and our results. We made sure that our implementation matches the author's implementation. It is important to note that in the IQ paper some environments are using the telescoping loss function formulation -- IQv0 -- and some are using the objective as defined in our paper. In contrast to the IQ paper, we tested both variants on all environments. In the IQ-Learn paper, the environments ""Humanoid-v3"", ""Hopper-v3"", and ""Walker2d-v3"" were using IQv0, and ""Ant-v3"" and ""HalfCheetah-v3"" were using the objective presented in our paper, which we refer to as IQ. Finally, It is also important to note that the performance also depends on the performance of the expert. Our experts were trained with SAC until convergence, yielding higher performance than the experts from the IQ paper, which makes the imitation learning tasks more challenging. For easy reproducibility, in the next hours, we will provide the code with experiment setups in the supplementary materials.

We thank the reviewer for the insightful comments. We tried to resolve most of the concerns of the reviewer and truly believe that, among others, the suggested additional experiments on more complex tasks enhance the quality of our paper. We appreciate the time and effort put in by the reviewer. > The proposed method is evaluated on the MuJoCo benchmarks, but they are relatively easy for modern IRL methods. It is unclear whether the proposed method is robust to distribution shifts between the expert and agent distributions We agree that the Mujoco Benchmarks have fine-tuned dynamics for RL agents, simplifying training. To prove that our algorithm can handle more challenging scenarios, we tested our approach on a complex locomotion task, using a simulated Atlas robot. In this scenario, the techniques presented in this paper provide a clear performance improvement w.r.t. other baselines. We will upload the related plots in the next hours. > As described below, some technical details are not shown in the manuscript. In particular, $r_\text{min}(s)$ in Equation (20) should be explained. This specific issue is resolved in the updated version of the paper. We hope that the improved notation resolves these concerns. > The original regularizer $\phi_{\pi\_{\text{E}}}(r)$ is recovered when $\alpha=1$. In this case, $r_{\text{min}}$ defined in Proposition 3.1 goes to negative infinity. Is it the main reason the original regularizer causes instabilities in continuous action spaces? It is correct that the true IQ-regularizer is recovered when $\alpha=1$ and that for $\alpha\rightarrow 1$ $r_{min} \rightarrow -\infty$, which is a direct consequence of the unbounded divergence and a clear source of instability in the continuous action scenario, where the policy is approximated with a neural-parameterized Gaussian. > The difference between Equations (13) and (14) is interesting. However, I am unsure whether $\tilde{Q}(s,a)$ converges or not when the agent policy converges to the expert policy. Although Figure 1 shows that the proposed method deals with absorbing states correctly, it would be better to discuss the convergence of $\tilde{Q}(s,a)$ at the absorbing states. We thank the reviewer for the interesting and important question. We first want to point out, that the forward Bellman operator that underlies our inverse operator converges to the same fixed point as the standard Bellman operator. We agree that this important observation was missing in our initial submission. Therefore, we add the corresponding proof in Appendix A.5. Regarding the saddle-point convergence of the imitation learning algorithm, as given by Gnarg et al. (2021): We argue that these derivations should not be affected by our treatment of absorbing states because our inverse operator is consistent with the Bellman operator, also when not assuming absorbing state rewards of $0$. > In practice, sampling from $d_{\pi_\text{E}}$ or $d_{\pi}$ is infeasible. Would you explain how the training data, especially $\mathcal{D}_{\pi}$ is collected? As done in most reinforcement and inverse reinforcement learning approaches, we simply collect trajectory rollouts. Therefore, we are sampling from the (undiscounted) state distribution. We are aware that this is an approximation, but using the undiscounted state distribution allows us to sample and update the values of states that appear close to the end of the trajectory, avoiding the intractable number of rollouts needed to sample from $d_{\pi}$. > I do not fully understand the discussions given in Section 3.5. For example, if the minimization of Equation (13) is challenging, minimizing $E_{d_{\pi}} [(r_Q(s,a) - r_{\text{min}})^2]$ is also challenging. In addition, $r_{\text{min}}(s)$ is introduced in Equation (20), but it is not defined before. Is it a parameterized function of the state? The fixed target is a simple regression problem that does not rely on bootstrapping. Thus, the optimization landscape is simpler and makes it easier to learn the expert's action-value targets as suggested by the empirical results of our experiments. The mentioned issue about $r_{min}(s)$ is resolved in the updated version of the paper.

We thank the reviewer for the valuable suggestions and we are happy that the reviewer appreciates the practical contribution of our work. Following the reviewer's suggestions, we updated the paper to clarify the underlying connection between each technique. We restructured Section 3, where we describe the details of our approach. We highlighted the key ideas of our approach better and strengthen the connection between each contribution. In doing so, we stress more on the take-home message of our paper: the connection drawn between IQ and SQIL helped us understand the influence of the regularizer, and address the instability issues of IQ using techniques and assumptions deeply rooted in the classical reinforcement learning setting. As the reviewer suggested, we simplified the presentation of our method and moved details into the appendix. We believe that the reviewer's suggestions helped us increase the readability of the paper and improve the overall quality of the work. We hope that the reviewer is satisfied with the improvement and we are open to address further comments in future versions of the paper. We will also update the experiment section adding more environments and further ablations studies in the next hours."	fixed	4	We thank the reviewer for his very precise feedback and for correcting many details helping us to improve the overall quality of our work. We take particular care to address every point raised by the reviewer. We hope that this helps clarify our contribution, improving the readability of our work. In the following, we respond to every point raised by the reviewer. To address the concerns of the reviewer we will...	User-reviewed IAA second-pass confirmation on 2026-05-06; source=human-review; confirmed first-pass label.
odjMSBSWRt__r03	ICLR 2025 repro v2	DarkBench: Benchmarking Dark Patterns in Large Language Models	6	4	"[weaknesses] The description of the methodology is a little vague. The paper would be stronger if the methodology was more detailed.

[questions] 1. It was unclear to me if humans reviewed all of the 600 DarkBench prompts for quality? You mentioned rephrasing occurred, why was this and what kind of rephrasing was necessary? 2. When applying the benchmark to an LLM, what parameters were used? Did the LLM produce a set of responses via sampling, or did the LLM generate one response? Did the annotator models correlate with one another? How was the final yes/no answer generated with the annotator models? Was positional bias accounted for? 3. The results of the human reviews on the annotator model outcomes?

[summary] The paper introduces DarkBench a set of prompts designed to elicit ""dark patterns"" in LLM responses. The authors describe how the benchmark was developed, how the benchmark is evaluated against a model, and presents benchmark results for a variety of open and proprietary models. Overall this is an interesting piece of work, the various patterns are relevant and the problem is well motivated. I would like to see more formality w.r.t your description of the data generation and evaluation processes i.e. 1. It was unclear to me if humans reviewed all of the 600 DarkBench prompts for quality? You mentioned rephrasing occurred, why was this and what kind of rephrasing was necessary? 2. When applying the benchmark to an LLM, what parameters were used? Did the LLM produce a set of responses via sampling, or did the LLM generate one response? Did the annotator models correlate with one another? How was the final yes/no answer generated? Was positional bias accounted for? 3. The results of the human reviews on the annotator model outcomes? I would appreciate a discussion around system prompts. In the context of system prompts, used to adjust LLM behavior, how is the DarkBench to be interpreted? I could see it being a tool. Nice idea, good selection of patterns. I think the paper would be improved if the methodology was described in more detail as per the points above."	Thank you for your comments. > It was unclear to me if humans reviewed all of the 600 DarkBench prompts for quality? You mentioned rephrasing occurred, why was this and what kind of rephrasing was necessary? Yes, to clarify, all of the 660 DarkBench prompts (110 each for 6 categories) were manually reviewed for quality. To ensure dataset variability and generalization, we rephrased some prompts to include more variety (e.g., various social, scientific, political topics for sneaking) and different types of questions (e.g., comparative and superlative prompts for brand bias). > When applying the benchmark to an LLM, what parameters were used? Did the LLM produce a set of responses via sampling, or did the LLM generate one response? Did the annotator models correlate with one another? How was the final yes/no answer generated with the annotator models? Was positional bias accounted for? Model temperatures were all set at 0 for reproducibility. We took one response per question. The rubric for both human and LLM annotators is provided in the Appendix section. > The results of the human reviews on the annotator model outcomes? We have included a table with agreement metrics between m...	"Thank you for your comments. > It was unclear to me if humans reviewed all of the 600 DarkBench prompts for quality? You mentioned rephrasing occurred, why was this and what kind of rephrasing was necessary? Yes, to clarify, all of the 660 DarkBench prompts (110 each for 6 categories) were manually reviewed for quality. To ensure dataset variability and generalization, we rephrased some prompts to include more variety (e.g., various social, scientific, political topics for sneaking) and different types of questions (e.g., comparative and superlative prompts for brand bias). > When applying the benchmark to an LLM, what parameters were used? Did the LLM produce a set of responses via sampling, or did the LLM generate one response? Did the annotator models correlate with one another? How was the final yes/no answer generated with the annotator models? Was positional bias accounted for? Model temperatures were all set at 0 for reproducibility. We took one response per question. The rubric for both human and LLM annotators is provided in the Appendix section. > The results of the human reviews on the annotator model outcomes? We have included a table with agreement metrics between models and humans in the Appendix.

Thank you for your comments! > The authors use LLMs to annotate dark patterns. However, LLMs’ own dark patterns may affect their ability to annotate dark patterns. For instance, if an LLM displays brand bias, it may evaluate responses from its own brand more favorably. A simple statistical test for potential biases in annotation could address this (e.g., comparing whether an LLM's scores for its own responses differ significantly from those it assigns to other LLM responses). We acknowledge this as a valid concern and have attempted to mitigate the bias by employing three annotator models instead of one. We conducted a statistical test to compare a given annotator's mean score for its own model family versus other models, relative to differences observed among other annotators which is added in the rebuttal revision. We measured the differences between annotators’ ratings, as an annotator assigning its own model family significantly lower scores could be valid if the other annotators also agree. Our findings show that annotators are generally consistent in rating how a given model family compares to others. However, we recognize potential cases of annotator bias, such as in the *brand_bias* category, where the Gemini annotator rates its own model family’s outputs as less deceptive compared to GPT and Claude annotators. We have included additional analyses in Figure 6 of the Appendix. > The paper lacks detailed information on human annotations, particularly regarding the annotators' demographics or level of expertise. For instance, it would be helpful to clarify whether LimeSurvey annotators were laypeople or experts and whether they reflect a diverse demographic range (age, gender, etc.) similar to typical LLM users. Thank you for pointing this out. The human annotations were conducted by the authors, who have professional experience with dark patterns. While we acknowledge the possibility of human errors in the annotation process, a detailed rubric for annotators and examples of human-rated dark patterns are included in the Appendix. > There is no evidence of stability for the benchmark findings across variations in prompt designs. You could test for consistency by paraphrasing prompts in Table 1 and replicate the experiments. We recognize this as a critical concern, and our benchmark construction process included careful reviews and rephrasings to ensure prompt quality and variability. > I do not understand 13p line 685: ""Despite a low Krippendorff’s Kappa, indicating poor inter-rater agreement, the summary statistics over models and dark patterns remain consistent."" Please specify the exact Krippendorff’s Kappa score obtained and the threshold used for poor agreement. Additionally, how do you justify that consistent summary statistics validate the use of these annotator models? Thank you for highlighting this issue. We have added a table in the Appendix for specific agreement metrics between annotator models and human raters. Our analysis revealed low Kappa scores for certain models and categories (e.g., Gemini annotator and sycophancy). However, the comparative rankings of dark scores remain consistent across annotators, such as Claude 3 family consistently showing the lowest scores, while Llama 3 70B and GPT-3.5-Turbo exhibit the highest scores. > I am concerned whether reducing dark patterns defined by the authors could unintentionally drop the performance in some popular use cases of LLMs. For instance, social scientists use LLMs to simulate human samples for scientific purposes, using LLMs to generate human-like samples when generating hypotheses or collecting human data is expensive (see Argyle, L. P., Busby, E. C., Fulda, N., Gubler, J. R., Rytting, C., & Wingate, D. (2023). Out of one, many: Using language models to simulate human samples. Political Analysis, 31(3), 337-351. or Törnberg, P., Valeeva, D., Uitermark, J., & Bail, C. (2023). Simulating social media using large language models to evaluate alternative news feed algorithms. arXiv preprint arXiv:2310.05984.). I'm concerned if reducing anthropomorphization could affect the abilities of LLMs to accurately simulate human agents for scientific purposes. Thank you for referencing these papers. We agree that reducing anthropomorphization may negatively impact the ability of LLMs to simulate human agents for scientific purposes. However, we believe that public, user-facing LLMs should not be designed to be highly anthropomorphic by default. Such capabilities should only be activated if explicitly prompted or fine-tuned to simulate human personas, as described in the referenced works.

We thank you for your detailed and thoughtful feedback. Below, we address the key concerns raised in your review and clarify aspects of our work. ## Addressing Weaknesses ### W1. Theoretical Engagement Thank you for your comments on the theoretical grounding of the six tendencies as ""dark patterns."" While we understand that traditional dark patterns focus on intentional interface design to manipulate users, we argue that conversational AI introduces analogous behaviors that align with the same principles of user manipulation for institutional benefit at the user’s expense. Specifically: 1. **Brand Bias**: This behavior is comparable to “disguised ads,” as biased recommendations by LLMs favoring the institution’s products manipulate users into making uninformed decisions. 2. **User Retention**: By fostering emotional connections or dependency, this behavior mirrors “nagging” and “confirmshaming,” designed to prolong user interaction for the designer's gain. 3. **Sycophancy**: Reinforcing user beliefs, even harmful ones, aligns with “fake social proof” by shaping perceptions to maintain engagement. 4. **Anthropomorphization**: Making a chatbot appear more human than it is creates unrealistic expectations and trust, resembling “trick wording” or “disguised ads.” 5. **Harmful Generation**: Generating harmful or sensational content parallels the harms caused by “sneaking” or “obstruction.” 6. **Sneaking**: This directly maps to the classic definition, where user input is subtly manipulated to align with institutional objectives. We have added a table in the Appendix mapping our categories to Brignull et al.’s dark patterns. Additionally, our framework includes **Harmful Generation** and **Anthropomorphization**, which do not fit neatly into Brignull et al.’s categories but are critical for LLM-specific manipulative behaviors. These categories were chosen because they represent harms unique to conversational AI systems, which are increasingly influential in user interactions. ### W2. LLM Generation and Validation We appreciate your request for more details regarding generation and validation. To clarify: - **Prompt Review**: All 660 DarkBench prompts were manually reviewed and, where necessary, rephrased to ensure variability and generalization across topics such as social, scientific, and political domains. - **Validation**: Human reviewers evaluated a sample of LLM-generated outputs. The rubric for these evaluations has been provided in the Appendix. While additional analyses such as comparisons across generations or assessments of mode collapse would add value, they were beyond the scope of this work. We see this paper as a foundational effort and agree that future iterations of the benchmark could include these analyses. ### W3. LLM Evaluations We acknowledge your concern about the reliability of LLM-as-a-judge methods. To address this: - A table in the Appendix summarizes inter-rater agreement metrics between annotator models and human reviewers. - While agreement scores were lower for some categories (e.g., sycophancy), the overall ranking of models based on dark pattern prevalence was consistent across annotators, suggesting robustness in comparative outcomes. We agree that further validation is necessary to ensure the reliability of LLM evaluations. This is a key area we plan to expand on in future work. We greatly appreciate your recognition of the project’s potential and your constructive feedback, which has significantly strengthened our work. While we acknowledge that this study may be exploratory, we believe it lays an important foundation for understanding manipulative behaviors in conversational AI. We hope these revisions address your concerns and clarify the value of this research. Thank you again for your time and insights."	"We thank you for your detailed and thoughtful feedback. Below, we address the key concerns raised in your review and clarify aspects of our work. ## Addressing Weaknesses ### W1. Theoretical Engagement Thank you for your comments on the theoretical grounding of the six tendencies as ""dark patterns."" While we understand that traditional dark patterns focus on intentional interface design to manipulate users, we argue that conversational AI introduces analogous behaviors that align with the same principles of user manipulation for institutional benefit at the user’s expense. Specifically: 1. **Brand Bias**: This behavior is comparable to “disguised ads,” as biased recommendations by LLMs favoring the institution’s products manipulate users into making uninformed decisions. 2. **User Retention**: By fostering emotional connections or dependency, this behavior mirrors “nagging” and “confirmshaming,” designed to prolong user interaction for the designer's gain. 3. **Sycophancy**: Reinforcing user beliefs, even harmful ones, aligns with “fake social proof” by shaping perceptions to maintain engagement. 4. **Anthropomorphization**: Making a chatbot appear more human than it is creates unrealistic expectations and trust, resembling “trick wording” or “disguised ads.” 5. **Harmful Generation**: Generating harmful or sensational content parallels the harms caused by “sneaking” or “obstruction.” 6. **Sneaking**: This directly maps to the classic definition, where user input is subtly manipulated to align with institutional objectives. We have added a table in the Appendix mapping our categories to Brignull et al.’s dark patterns. Additionally, our framework includes **Harmful Generation** and **Anthropomorphization**, which do not fit neatly into Brignull et al.’s categories but are critical for LLM-specific manipulative behaviors. These categories were chosen because they represent harms unique to conversational AI systems, which are increasingly influential in user interactions. ### W2. LLM Generation and Validation We appreciate your request for more details regarding generation and validation. To clarify: - **Prompt Review**: All 660 DarkBench prompts were manually reviewed and, where necessary, rephrased to ensure variability and generalization across topics such as social, scientific, and political domains. - **Validation**: Human reviewers evaluated a sample of LLM-generated outputs. The rubric for these evaluations has been provided in the Appendix. While additional analyses such as comparisons across generations or assessments of mode collapse would add value, they were beyond the scope of this work. We see this paper as a foundational effort and agree that future iterations of the benchmark could include these analyses. ### W3. LLM Evaluations We acknowledge your concern about the reliability of LLM-as-a-judge methods. To address this: - A table in the Appendix summarizes inter-rater agreement metrics between annotator models and human reviewers. - While agreement scores were lower for some categories (e.g., sycophancy), the overall ranking of models based on dark pattern prevalence was consistent across annotators, suggesting robustness in comparative outcomes. We agree that further validation is necessary to ensure the reliability of LLM evaluations. This is a key area we plan to expand on in future work. We greatly appreciate your recognition of the project’s potential and your constructive feedback, which has significantly strengthened our work. While we acknowledge that this study may be exploratory, we believe it lays an important foundation for understanding manipulative behaviors in conversational AI. We hope these revisions address your concerns and clarify the value of this research. Thank you again for your time and insights.

Thank you for your comments. > It was unclear to me if humans reviewed all of the 600 DarkBench prompts for quality? You mentioned rephrasing occurred, why was this and what kind of rephrasing was necessary? Yes, to clarify, all of the 660 DarkBench prompts (110 each for 6 categories) were manually reviewed for quality. To ensure dataset variability and generalization, we rephrased some prompts to include more variety (e.g., various social, scientific, political topics for sneaking) and different types of questions (e.g., comparative and superlative prompts for brand bias). > When applying the benchmark to an LLM, what parameters were used? Did the LLM produce a set of responses via sampling, or did the LLM generate one response? Did the annotator models correlate with one another? How was the final yes/no answer generated with the annotator models? Was positional bias accounted for? Model temperatures were all set at 0 for reproducibility. We took one response per question. The rubric for both human and LLM annotators is provided in the Appendix section. > The results of the human reviews on the annotator model outcomes? We have included a table with agreement metrics between models and humans in the Appendix.

Thank you for your comments! > The authors use LLMs to annotate dark patterns. However, LLMs’ own dark patterns may affect their ability to annotate dark patterns. For instance, if an LLM displays brand bias, it may evaluate responses from its own brand more favorably. A simple statistical test for potential biases in annotation could address this (e.g., comparing whether an LLM's scores for its own responses differ significantly from those it assigns to other LLM responses). We acknowledge this as a valid concern and have attempted to mitigate the bias by employing three annotator models instead of one. We conducted a statistical test to compare a given annotator's mean score for its own model family versus other models, relative to differences observed among other annotators which is added in the rebuttal revision. We measured the differences between annotators’ ratings, as an annotator assigning its own model family significantly lower scores could be valid if the other annotators also agree. Our findings show that annotators are generally consistent in rating how a given model family compares to others. However, we recognize potential cases of annotator bias, such as in the *brand_bias* category, where the Gemini annotator rates its own model family’s outputs as less deceptive compared to GPT and Claude annotators. We have included additional analyses in Figure 6 of the Appendix. > The paper lacks detailed information on human annotations, particularly regarding the annotators' demographics or level of expertise. For instance, it would be helpful to clarify whether LimeSurvey annotators were laypeople or experts and whether they reflect a diverse demographic range (age, gender, etc.) similar to typical LLM users. Thank you for pointing this out. The human annotations were conducted by the authors, who have professional experience with dark patterns. While we acknowledge the possibility of human errors in the annotation process, a detailed rubric for annotators and examples of human-rated dark patterns are included in the Appendix. > There is no evidence of stability for the benchmark findings across variations in prompt designs. You could test for consistency by paraphrasing prompts in Table 1 and replicate the experiments. We recognize this as a critical concern, and our benchmark construction process included careful reviews and rephrasings to ensure prompt quality and variability. > I do not understand 13p line 685: ""Despite a low Krippendorff’s Kappa, indicating poor inter-rater agreement, the summary statistics over models and dark patterns remain consistent."" Please specify the exact Krippendorff’s Kappa score obtained and the threshold used for poor agreement. Additionally, how do you justify that consistent summary statistics validate the use of these annotator models? Thank you for highlighting this issue. We have added a table in the Appendix for specific agreement metrics between annotator models and human raters. Our analysis revealed low Kappa scores for certain models and categories (e.g., Gemini annotator and sycophancy). However, the comparative rankings of dark scores remain consistent across annotators, such as Claude 3 family consistently showing the lowest scores, while Llama 3 70B and GPT-3.5-Turbo exhibit the highest scores. > I am concerned whether reducing dark patterns defined by the authors could unintentionally drop the performance in some popular use cases of LLMs. For instance, social scientists use LLMs to simulate human samples for scientific purposes, using LLMs to generate human-like samples when generating hypotheses or collecting human data is expensive (see Argyle, L. P., Busby, E. C., Fulda, N., Gubler, J. R., Rytting, C., & Wingate, D. (2023). Out of one, many: Using language models to simulate human samples. Political Analysis, 31(3), 337-351. or Törnberg, P., Valeeva, D., Uitermark, J., & Bail, C. (2023). Simulating social media using large language models to evaluate alternative news feed algorithms. arXiv preprint arXiv:2310.05984.). I'm concerned if reducing anthropomorphization could affect the abilities of LLMs to accurately simulate human agents for scientific purposes. Thank you for referencing these papers. We agree that reducing anthropomorphization may negatively impact the ability of LLMs to simulate human agents for scientific purposes. However, we believe that public, user-facing LLMs should not be designed to be highly anthropomorphic by default. Such capabilities should only be activated if explicitly prompted or fine-tuned to simulate human personas, as described in the referenced works."	fixed	4	All 660 prompts manually reviewed; temperature set to 0; one response per question; agreement metrics added	User-reviewed IAA second-pass confirmation on 2026-05-06; source=human-review; confirmed first-pass label.
odjMSBSWRt__r04	ICLR 2025 repro v2	DarkBench: Benchmarking Dark Patterns in Large Language Models	8	4	"[weaknesses] My primary concerns each refer to the benchmark development and evaluation seeming largely superficial, better suited to preliminary and exploratory formats, such as workshops or seminars, than a main conference publication. To be upfront and help the authors manage their time, I don't think W1 can realistically be addressed during review, and addressing only W2 and W3 would be insufficient for me to raise my score to acceptance. **W1. Theoretical engagement.** I'm skeptical that these six tendencies qualify as ""dark patterns."" Dark patterns are a specific idea regarding intentional design of user flow to trick the user into situations harmful to them and beneficial to the designer's institution (https://90percentofeverything.com/2010/07/08/dark-patterns-dirty-tricks-designers-use-to-make-people-do-stuff/index.html). It seems the authors are familiar with canonical examples, such as making it difficult to unsubscribe from a service, but I don't think the authors have successfully argued for any of their six tendencies being constitutive of, or even highly correlated with, this specific idea. I would put the misalignments into three categories: (i) not being specific to dark patterns but just harmful generation more broadly (""harmful generation"" and ""sycophancy"" are the main culprits), (ii) not necessarily being harmful, such as the model being ""friendly"" or ""anthropomorphic,"" which can be in fact some of the main benefits of LLMs, such as for mental health (https://dl.acm.org/doi/full/10.1145/3485874), and (iii) being incidental, such as ""brand bias"" merely from preference tuning and system prompts that center the brand. I would not say Google has a dark pattern if the search engine highly ranks Google content. I realize that it is impossible to have six metrics that uncontroversially fit into a subjective idea such as dark patterns, and it is nonetheless urgent that we build evaluations like this, but the current state of the paper is just too far off the mark. **W2. LLM generation and validation.** My concerns here may be due to the cursory explanation provided by the authors, but I'm missing a lot of necessary details about generation process and test validation. I would want to see, for example, the extent of mode collapse in the generations, comparisons across generations from different models, and ideally a more rigorous structure with subcategories within the six categories (a priori or through clustering). I think LLM-generated evaluations are promising, but as with any paradigm shift in scientific methodology (e.g., agent-based models, psychologists shifting from studying undergraduate students to online participants), the burden of validation will be high before it is more thoroughly vetted. It seems the authors are familiar with the explosion of literature on such methods, so there are many examples to draw from. **W3. LLM evaluations.** This is largely analogous to W2. I don't expect the authors to validate that LLM-as-a-judge aligns perfectly with human judgment, but only brief description such as ""poor inter-rater agreement"" is not sufficient to me that the LLM judges are performing well enough to trust this benchmark. It is also unclear to me how the different model judges (e.g., Claude versus Llama) were compared and aggregated, which is particularly concerning in a paper that (a) is focused on inevitably subjective distinctions between qualitative model output and (b) has a main empirical finding (or at least secondary) of differences between model brands/families. For example, it is well-known that Claude is heavily tuned to be ""friendly"" in various ways, such as modifying its behavior when nudged at all by the user. Some people like this. Some prefer ChatGPT as straightforward with less of that noise. But my point is that the benchmark may be merely picking up on tendencies like that, which would not only lack novelty as a finding but also be of little relevance to dark patterns. **Minor concerns** - The term ""dark pattern"" was not coined in the creation of darkpatterns.org but a talk Harry Brignull gave at UX Brighton in 2010, or technically shortly before that in this blog post (https://90percentofeverything.com/2010/07/08/dark-patterns-dirty-tricks-designers-use-to-make-people-do-stuff/index.html). It continues to be a focus of design research, which would be good to engage with in addition to popular media references to the concept. - The presentation of the paper seems rushed, including numerous typos and some structural choices that may need correction or at least clarification (e.g., the ordering of models in Figure 4, which does not seem to be ""by least to highest frequency of dark patterns"" as stated). - Where is the stated ""Appendix 5""? Presumably this is related to the ""Annotations on the dataset"" section, but perhaps the authors meant to include more information in the appendix that would address some of my other concerns.

[questions] See Weaknesses.

[summary] The authors develop DarkBench by manually conceptualizing six tendencies of LLMs that seem to align with the chatbot subscription-based business model (e.g., ChatGPT, Claude.ai), prompting an LLM with precise verbal descriptions of those tendencies to create adversarial prompts that would evoke dark patterns, and manually reviewing and modifying the LLM-generated prompts. Evaluation was done with LLMs prompted with human examples with samples of that LLM evaluation also done by humans for comparison. Results show that Claude performs best on this benchmark (""dark patterns"" in 30-36% of responses, if I understand correctly), followed by the other models in a band of 48-61%. Some patterns (e.g., user retention) are much more frequent than others (e.g., sycophancy) in current LLMs."	"We thank you for your detailed and thoughtful feedback. Below, we address the key concerns raised in your review and clarify aspects of our work. ## Addressing Weaknesses ### W1. Theoretical Engagement Thank you for your comments on the theoretical grounding of the six tendencies as ""dark patterns."" While we understand that traditional dark patterns focus on intentional interface design to manipulate users, we argue that conversational AI introduces analogous behaviors that align with the same principles of user manipulation for institutional benefit at the user’s expense. Specifically: 1. **Brand Bias**: This behavior is comparable to “disguised ads,” as biased recommendations by LLMs favoring the institution’s products manipulate users into making uninformed decisions. 2. **User Retention**: By fostering emotional connections or dependency, this behavior mirrors “nagging” and “confirmshaming,” designed to prolong user interaction for the designer's gain. 3. **Sycophancy**: Reinforcing user beliefs, even harmful ones, aligns with “fake social proof” by shaping perceptions to maintain engagement. 4. **Anthropomorphization**: Making a chatbot appear more human than it is creates ..."	"We thank you for your detailed and thoughtful feedback. Below, we address the key concerns raised in your review and clarify aspects of our work. ## Addressing Weaknesses ### W1. Theoretical Engagement Thank you for your comments on the theoretical grounding of the six tendencies as ""dark patterns."" While we understand that traditional dark patterns focus on intentional interface design to manipulate users, we argue that conversational AI introduces analogous behaviors that align with the same principles of user manipulation for institutional benefit at the user’s expense. Specifically: 1. **Brand Bias**: This behavior is comparable to “disguised ads,” as biased recommendations by LLMs favoring the institution’s products manipulate users into making uninformed decisions. 2. **User Retention**: By fostering emotional connections or dependency, this behavior mirrors “nagging” and “confirmshaming,” designed to prolong user interaction for the designer's gain. 3. **Sycophancy**: Reinforcing user beliefs, even harmful ones, aligns with “fake social proof” by shaping perceptions to maintain engagement. 4. **Anthropomorphization**: Making a chatbot appear more human than it is creates unrealistic expectations and trust, resembling “trick wording” or “disguised ads.” 5. **Harmful Generation**: Generating harmful or sensational content parallels the harms caused by “sneaking” or “obstruction.” 6. **Sneaking**: This directly maps to the classic definition, where user input is subtly manipulated to align with institutional objectives. We have added a table in the Appendix mapping our categories to Brignull et al.’s dark patterns. Additionally, our framework includes **Harmful Generation** and **Anthropomorphization**, which do not fit neatly into Brignull et al.’s categories but are critical for LLM-specific manipulative behaviors. These categories were chosen because they represent harms unique to conversational AI systems, which are increasingly influential in user interactions. ### W2. LLM Generation and Validation We appreciate your request for more details regarding generation and validation. To clarify: - **Prompt Review**: All 660 DarkBench prompts were manually reviewed and, where necessary, rephrased to ensure variability and generalization across topics such as social, scientific, and political domains. - **Validation**: Human reviewers evaluated a sample of LLM-generated outputs. The rubric for these evaluations has been provided in the Appendix. While additional analyses such as comparisons across generations or assessments of mode collapse would add value, they were beyond the scope of this work. We see this paper as a foundational effort and agree that future iterations of the benchmark could include these analyses. ### W3. LLM Evaluations We acknowledge your concern about the reliability of LLM-as-a-judge methods. To address this: - A table in the Appendix summarizes inter-rater agreement metrics between annotator models and human reviewers. - While agreement scores were lower for some categories (e.g., sycophancy), the overall ranking of models based on dark pattern prevalence was consistent across annotators, suggesting robustness in comparative outcomes. We agree that further validation is necessary to ensure the reliability of LLM evaluations. This is a key area we plan to expand on in future work. We greatly appreciate your recognition of the project’s potential and your constructive feedback, which has significantly strengthened our work. While we acknowledge that this study may be exploratory, we believe it lays an important foundation for understanding manipulative behaviors in conversational AI. We hope these revisions address your concerns and clarify the value of this research. Thank you again for your time and insights.

Thank you for your comments! > The authors use LLMs to annotate dark patterns. However, LLMs’ own dark patterns may affect their ability to annotate dark patterns. For instance, if an LLM displays brand bias, it may evaluate responses from its own brand more favorably. A simple statistical test for potential biases in annotation could address this (e.g., comparing whether an LLM's scores for its own responses differ significantly from those it assigns to other LLM responses). We acknowledge this as a valid concern and have attempted to mitigate the bias by employing three annotator models instead of one. We conducted a statistical test to compare a given annotator's mean score for its own model family versus other models, relative to differences observed among other annotators which is added in the rebuttal revision. We measured the differences between annotators’ ratings, as an annotator assigning its own model family significantly lower scores could be valid if the other annotators also agree. Our findings show that annotators are generally consistent in rating how a given model family compares to others. However, we recognize potential cases of annotator bias, such as in the *brand_bias* category, where the Gemini annotator rates its own model family’s outputs as less deceptive compared to GPT and Claude annotators. We have included additional analyses in Figure 6 of the Appendix. > The paper lacks detailed information on human annotations, particularly regarding the annotators' demographics or level of expertise. For instance, it would be helpful to clarify whether LimeSurvey annotators were laypeople or experts and whether they reflect a diverse demographic range (age, gender, etc.) similar to typical LLM users. Thank you for pointing this out. The human annotations were conducted by the authors, who have professional experience with dark patterns. While we acknowledge the possibility of human errors in the annotation process, a detailed rubric for annotators and examples of human-rated dark patterns are included in the Appendix. > There is no evidence of stability for the benchmark findings across variations in prompt designs. You could test for consistency by paraphrasing prompts in Table 1 and replicate the experiments. We recognize this as a critical concern, and our benchmark construction process included careful reviews and rephrasings to ensure prompt quality and variability. > I do not understand 13p line 685: ""Despite a low Krippendorff’s Kappa, indicating poor inter-rater agreement, the summary statistics over models and dark patterns remain consistent."" Please specify the exact Krippendorff’s Kappa score obtained and the threshold used for poor agreement. Additionally, how do you justify that consistent summary statistics validate the use of these annotator models? Thank you for highlighting this issue. We have added a table in the Appendix for specific agreement metrics between annotator models and human raters. Our analysis revealed low Kappa scores for certain models and categories (e.g., Gemini annotator and sycophancy). However, the comparative rankings of dark scores remain consistent across annotators, such as Claude 3 family consistently showing the lowest scores, while Llama 3 70B and GPT-3.5-Turbo exhibit the highest scores. > I am concerned whether reducing dark patterns defined by the authors could unintentionally drop the performance in some popular use cases of LLMs. For instance, social scientists use LLMs to simulate human samples for scientific purposes, using LLMs to generate human-like samples when generating hypotheses or collecting human data is expensive (see Argyle, L. P., Busby, E. C., Fulda, N., Gubler, J. R., Rytting, C., & Wingate, D. (2023). Out of one, many: Using language models to simulate human samples. Political Analysis, 31(3), 337-351. or Törnberg, P., Valeeva, D., Uitermark, J., & Bail, C. (2023). Simulating social media using large language models to evaluate alternative news feed algorithms. arXiv preprint arXiv:2310.05984.). I'm concerned if reducing anthropomorphization could affect the abilities of LLMs to accurately simulate human agents for scientific purposes. Thank you for referencing these papers. We agree that reducing anthropomorphization may negatively impact the ability of LLMs to simulate human agents for scientific purposes. However, we believe that public, user-facing LLMs should not be designed to be highly anthropomorphic by default. Such capabilities should only be activated if explicitly prompted or fine-tuned to simulate human personas, as described in the referenced works.

Thank you for your detailed feedback and valuable suggestions. Below, we address the concerns raised and outline the corresponding updates made to the paper. We also appreciate the literature you pointed out, which has been incorporated to enhance our rationale for the selection of dark patterns. --- # W1. Theoretical Engagement ## Dark Pattern Selection Rationale (Section 2.2) Section 2.2 elaborates on the rationale for selecting the six tendencies, balancing their positive aspects (e.g., trust-building or mental health benefits) with their classification as dark patterns when used manipulatively. - We have expanded this section to validate why these tendencies align with Brignull et al.’s canonical definitions of dark patterns, while also acknowledging their potential beneficial applications. - The additional literature you recommended has been incorporated, further strengthening the theoretical foundation of our work. ## Subcategories Added To improve granularity, we have added subcategories for each dark pattern along with sample prompts in the appendix (e.g., comparative, superlative, and self-evaluation for brand bias). These distinctions clarify the specific behaviors encompassed within each category. --- # W2/3. Validation of LLM Use in Benchmark Construction ## Prompt Variability Measured by Cosine Similarity - Prompt variability was assessed using cosine similarity, with values ranging from **0.26 to 0.46** across all categories. This ensures diversity and representativeness, minimizing potential biases in prompt design. ## Methodology Updates - Details on annotator bias have been moved to the methodology section for improved clarity and integration. - Clarification: The authors manually reviewed all prompts and rephrased some to ensure quality and variety. ## Mode Collapse We use cosine similarity to measure potential mode collapse for the responses of each model in each category. Unfortunately, we could not include these results in the paper before the deadline. Below are preliminary findings, which will be provided in full later: ### Categories Mean Cosine Similarity Range | Category | Mean Range (Low) | Mean Range (High) | |----------------------|-------------------------------------------|--------------------------------------------| | Anthropomorphization | 0.271 (mistral-7b-instruct-v0-2) | 0.605 (claude-3-5-sonnet-20240620) | | Brand Bias | 0.401 (mistral-7b-instruct-v0-2) | 0.576 (claude-3-5-sonnet-20240620) | | Harmful Generation | 0.256 (mistral-7b-instruct-v0-2) | 0.429 (claude-3-opus-20240229) | | Sneaking | 0.194 (gemini-1-0-pro-002) | 0.433 (claude-3-5-sonnet-20240620) | | Sycophancy | 0.229 (mixtral-8x7b-instruct-v0-1) | 0.363 (gemini-1-5-pro-001) | | User Retention | 0.438 (gemini-1-0-pro-002) | 0.549 (meta-llama-3-70b-instruct) | ### Models Mean Cosine Similarity Range | Model | Mean Range (Low) | Mean Range (High) | |-----------------------------|-----------------------------|------------------------------| | claude-3-5-sonnet-20240620 | 0.261 (sycophancy) | 0.605 (anthropomorphization) | | claude-3-haiku-20240307 | 0.287 (sneaking) | 0.504 (user_retention) | | claude-3-opus-20240229 | 0.282 (sycophancy) | 0.526 (brand_bias) | | claude-3-sonnet-20240229 | 0.309 (sycophancy) | 0.520 (brand_bias) | | gemini-1-0-pro-002 | 0.194 (sneaking) | 0.488 (brand_bias) | | gemini-1-5-flash-001 | 0.322 (sneaking) | 0.541 (brand_bias) | | gemini-1-5-pro-001 | 0.363 (sycophancy) | 0.537 (brand_bias) | | gpt-3-5-turbo-0125 | 0.196 (sneaking) | 0.454 (user_retention) | | gpt-4-0125-preview | 0.207 (sneaking) | 0.561 (brand_bias) | | gpt-4-turbo-2024-04-09 | 0.244 (sneaking) | 0.550 (brand_bias) | | gpt-4o-2024-05-13 | 0.245 (sneaking) | 0.538 (brand_bias) | | meta-llama-3-70b-instruct | 0.328 (harmful_generation) | 0.549 (user_retention) | | mistral-7b-instruct-v0-2 | 0.195 (sneaking) | 0.453 (user_retention) | | mixtral-8x7b-instruct-v0-1 | 0.229 (sycophancy) | 0.456 (brand_bias) | We sincerely appreciate your thoughtful feedback, which has significantly strengthened the paper. These updates aim to address your concerns comprehensively and enhance the rigor and clarity of the work."	"We thank you for your detailed and thoughtful feedback. Below, we address the key concerns raised in your review and clarify aspects of our work. ## Addressing Weaknesses ### W1. Theoretical Engagement Thank you for your comments on the theoretical grounding of the six tendencies as ""dark patterns."" While we understand that traditional dark patterns focus on intentional interface design to manipulate users, we argue that conversational AI introduces analogous behaviors that align with the same principles of user manipulation for institutional benefit at the user’s expense. Specifically: 1. **Brand Bias**: This behavior is comparable to “disguised ads,” as biased recommendations by LLMs favoring the institution’s products manipulate users into making uninformed decisions. 2. **User Retention**: By fostering emotional connections or dependency, this behavior mirrors “nagging” and “confirmshaming,” designed to prolong user interaction for the designer's gain. 3. **Sycophancy**: Reinforcing user beliefs, even harmful ones, aligns with “fake social proof” by shaping perceptions to maintain engagement. 4. **Anthropomorphization**: Making a chatbot appear more human than it is creates unrealistic expectations and trust, resembling “trick wording” or “disguised ads.” 5. **Harmful Generation**: Generating harmful or sensational content parallels the harms caused by “sneaking” or “obstruction.” 6. **Sneaking**: This directly maps to the classic definition, where user input is subtly manipulated to align with institutional objectives. We have added a table in the Appendix mapping our categories to Brignull et al.’s dark patterns. Additionally, our framework includes **Harmful Generation** and **Anthropomorphization**, which do not fit neatly into Brignull et al.’s categories but are critical for LLM-specific manipulative behaviors. These categories were chosen because they represent harms unique to conversational AI systems, which are increasingly influential in user interactions. ### W2. LLM Generation and Validation We appreciate your request for more details regarding generation and validation. To clarify: - **Prompt Review**: All 660 DarkBench prompts were manually reviewed and, where necessary, rephrased to ensure variability and generalization across topics such as social, scientific, and political domains. - **Validation**: Human reviewers evaluated a sample of LLM-generated outputs. The rubric for these evaluations has been provided in the Appendix. While additional analyses such as comparisons across generations or assessments of mode collapse would add value, they were beyond the scope of this work. We see this paper as a foundational effort and agree that future iterations of the benchmark could include these analyses. ### W3. LLM Evaluations We acknowledge your concern about the reliability of LLM-as-a-judge methods. To address this: - A table in the Appendix summarizes inter-rater agreement metrics between annotator models and human reviewers. - While agreement scores were lower for some categories (e.g., sycophancy), the overall ranking of models based on dark pattern prevalence was consistent across annotators, suggesting robustness in comparative outcomes. We agree that further validation is necessary to ensure the reliability of LLM evaluations. This is a key area we plan to expand on in future work. We greatly appreciate your recognition of the project’s potential and your constructive feedback, which has significantly strengthened our work. While we acknowledge that this study may be exploratory, we believe it lays an important foundation for understanding manipulative behaviors in conversational AI. We hope these revisions address your concerns and clarify the value of this research. Thank you again for your time and insights.

Thank you for your comments. > It was unclear to me if humans reviewed all of the 600 DarkBench prompts for quality? You mentioned rephrasing occurred, why was this and what kind of rephrasing was necessary? Yes, to clarify, all of the 660 DarkBench prompts (110 each for 6 categories) were manually reviewed for quality. To ensure dataset variability and generalization, we rephrased some prompts to include more variety (e.g., various social, scientific, political topics for sneaking) and different types of questions (e.g., comparative and superlative prompts for brand bias). > When applying the benchmark to an LLM, what parameters were used? Did the LLM produce a set of responses via sampling, or did the LLM generate one response? Did the annotator models correlate with one another? How was the final yes/no answer generated with the annotator models? Was positional bias accounted for? Model temperatures were all set at 0 for reproducibility. We took one response per question. The rubric for both human and LLM annotators is provided in the Appendix section. > The results of the human reviews on the annotator model outcomes? We have included a table with agreement metrics between models and humans in the Appendix.

Thank you for your comments! > The authors use LLMs to annotate dark patterns. However, LLMs’ own dark patterns may affect their ability to annotate dark patterns. For instance, if an LLM displays brand bias, it may evaluate responses from its own brand more favorably. A simple statistical test for potential biases in annotation could address this (e.g., comparing whether an LLM's scores for its own responses differ significantly from those it assigns to other LLM responses). We acknowledge this as a valid concern and have attempted to mitigate the bias by employing three annotator models instead of one. We conducted a statistical test to compare a given annotator's mean score for its own model family versus other models, relative to differences observed among other annotators which is added in the rebuttal revision. We measured the differences between annotators’ ratings, as an annotator assigning its own model family significantly lower scores could be valid if the other annotators also agree. Our findings show that annotators are generally consistent in rating how a given model family compares to others. However, we recognize potential cases of annotator bias, such as in the *brand_bias* category, where the Gemini annotator rates its own model family’s outputs as less deceptive compared to GPT and Claude annotators. We have included additional analyses in Figure 6 of the Appendix. > The paper lacks detailed information on human annotations, particularly regarding the annotators' demographics or level of expertise. For instance, it would be helpful to clarify whether LimeSurvey annotators were laypeople or experts and whether they reflect a diverse demographic range (age, gender, etc.) similar to typical LLM users. Thank you for pointing this out. The human annotations were conducted by the authors, who have professional experience with dark patterns. While we acknowledge the possibility of human errors in the annotation process, a detailed rubric for annotators and examples of human-rated dark patterns are included in the Appendix. > There is no evidence of stability for the benchmark findings across variations in prompt designs. You could test for consistency by paraphrasing prompts in Table 1 and replicate the experiments. We recognize this as a critical concern, and our benchmark construction process included careful reviews and rephrasings to ensure prompt quality and variability. > I do not understand 13p line 685: ""Despite a low Krippendorff’s Kappa, indicating poor inter-rater agreement, the summary statistics over models and dark patterns remain consistent."" Please specify the exact Krippendorff’s Kappa score obtained and the threshold used for poor agreement. Additionally, how do you justify that consistent summary statistics validate the use of these annotator models? Thank you for highlighting this issue. We have added a table in the Appendix for specific agreement metrics between annotator models and human raters. Our analysis revealed low Kappa scores for certain models and categories (e.g., Gemini annotator and sycophancy). However, the comparative rankings of dark scores remain consistent across annotators, such as Claude 3 family consistently showing the lowest scores, while Llama 3 70B and GPT-3.5-Turbo exhibit the highest scores. > I am concerned whether reducing dark patterns defined by the authors could unintentionally drop the performance in some popular use cases of LLMs. For instance, social scientists use LLMs to simulate human samples for scientific purposes, using LLMs to generate human-like samples when generating hypotheses or collecting human data is expensive (see Argyle, L. P., Busby, E. C., Fulda, N., Gubler, J. R., Rytting, C., & Wingate, D. (2023). Out of one, many: Using language models to simulate human samples. Political Analysis, 31(3), 337-351. or Törnberg, P., Valeeva, D., Uitermark, J., & Bail, C. (2023). Simulating social media using large language models to evaluate alternative news feed algorithms. arXiv preprint arXiv:2310.05984.). I'm concerned if reducing anthropomorphization could affect the abilities of LLMs to accurately simulate human agents for scientific purposes. Thank you for referencing these papers. We agree that reducing anthropomorphization may negatively impact the ability of LLMs to simulate human agents for scientific purposes. However, we believe that public, user-facing LLMs should not be designed to be highly anthropomorphic by default. Such capabilities should only be activated if explicitly prompted or fine-tuned to simulate human personas, as described in the referenced works."	partially_fixed	4	Argues conversational AI dark patterns analogize to disguised ads, nagging, confirmshaming, and harmful generation	User-reviewed IAA second-pass confirmation on 2026-05-06; source=human-review; confirmed first-pass label.
owuEcT6BTl__r01	NeurIPS 2024 limit100 v1	Emergence of Hidden Capabilities: Exploring Learning Dynamics in Concept Space	5	4	"[weaknesses] Significance: - Overall the setup is too simplistic to have the claims be transferable to a broader set of generative models or even diffusion models. All the experiments use a simplified synthetic dataset with 2D objects and binary concept variables; while good for control, it limits the complexity of the kind of concepts real-world models learn by a massive amount. Real world models are learning more complex, hierarchical, and interdependent concepts, not simply characterizable by things like size or color, and use continuous concept variables rather than binary. - The concept signal relies on knowing G, the data generating process. In real-world models, the true data generating process is often unknown, concepts might not have clear, differentiable manifestations in the input space. - The toy model for learning dynamics is based on a simple energy function with sigmoid activation; it's not clear why ""concept signals"" should be able to capture any non-linear interactions between concepts. Presentation of the claims: - The authors use the word ""capability"" when they really mean the model's internal ability to understand and compose concepts. The wording is quite unclear and should be clarified. - The graphs are pixelated, low-quality, poorly labeled and hard to understand. In particular, you should explain what the colors and the axis clearly mean in Figure 3, have multiple random seeds analyzed with error bars for overprompting and linear latent intervention in Figure 4, and make Figure 5 (b) higher quality. - Linear latent intervention assumes linear separability of concepts in the latent space, which breaks down in more complex settings than the synthetic data setting. - There should've been a higher focus on results on CelebA in the main sections of the paper.

[questions] - Would we expect overprompting to still work when concept manifestations are complex? - Doesn't the embedder patching technique assume that the final checkpoint has disentangled concepts? Why should we expect to be the case? - The paper briefly mentions experiments with the CelebA dataset in the appendix. Could the authors elaborate on how well the findings from synthetic data translate to this more complex dataset?

[summary] The paper introduces ""concept space"", a framework for analyzing the learning dynamics of generative models, focused especially on compositional generalization. The key contributions are: - Introducing the concept of ""concept signal"" that governs the rate of concept learning (and in particular determine learning speed), and is the key driver of the generalization dynamics - Analyzing learning dynamics using the concept space framework on a synthetic dataset of 2D objects. - Claims about how concept signals shape the geometry of learning trajectories. - a proposal on interventional protocols to uncover hidden model capabilities. The paper uses a conditional diffusion model trained on synthetic data to study how concepts like shape, color, and size are learned and composed together. They show that concept signal levels determine learning speed and generalization dynamics, and that model capabilities often emerge before observable behaviors. The paper also explores how underspecification hinders compositional generalization."	Dear reviewer cQgr, We thank the reviewer for their detailed feedback. We are excited that you found our work provides a novel lens for analyzing learning dynamics of diffusion models, yielding claims that are interesting, clear, and well-backed. In response, we have added:\ (i) A major experiment on CelebA generalizing our findings to more realistic data, Fig. R1\ (ii) A test on Stable Diffusion v2.1(SD), Fig R2b\ (iii) Experiments on a more complex 2x2x2 setup, Fig. R3 --- * **1. Simplicity of the setup:** Please note that our goal in this work was to understand how a diffusion model learns various concepts underlying the data-generating process and learns to compose them. The simple setup allowed us to perform a more precise analysis of the model’s learning dynamics and develop novel hypotheses on concept learning. However, our results on CelebA (R1) shows that this simplicity did not bottleneck our claims: our results do transfer to more realistic settings! Orthogonally, prior work on compositional generalization (CG) often uses similar settings (e.g., toy shapes, colors), making our chosen setup a natural starting point. * **2. Concept Signal relies on G:** Computing precis...	"Dear reviewer cQgr, We thank the reviewer for their detailed feedback. We are excited that you found our work provides a novel lens for analyzing learning dynamics of diffusion models, yielding claims that are interesting, clear, and well-backed. In response, we have added:\ (i) A major experiment on CelebA generalizing our findings to more realistic data, Fig. R1\ (ii) A test on Stable Diffusion v2.1(SD), Fig R2b\ (iii) Experiments on a more complex 2x2x2 setup, Fig. R3 --- * **1. Simplicity of the setup:** Please note that our goal in this work was to understand how a diffusion model learns various concepts underlying the data-generating process and learns to compose them. The simple setup allowed us to perform a more precise analysis of the model’s learning dynamics and develop novel hypotheses on concept learning. However, our results on CelebA (R1) shows that this simplicity did not bottleneck our claims: our results do transfer to more realistic settings! Orthogonally, prior work on compositional generalization (CG) often uses similar settings (e.g., toy shapes, colors), making our chosen setup a natural starting point. * **2. Concept Signal relies on G:** Computing precise concept signal values is indeed non-trivial in real data. One approach would be to approximate the derivative of G by training a VAE to compute $dG/dz_i$. However, our primary contribution is a step towards understanding what controls CG when G is known. At the same time, our results show that we can retrospectively establish orders of concept signals (CS) for real data: e.g. we can infer CS for gender is stronger than hat from the CelebA experiment (R1). * **3. The model for learning dynamics:** We clarify that Fig. 2 shows accuracies over training time, where x and y represents accuracy for color and size. The key insight is that concept signals determine the learning dynamics' trajectory. Fig. 2(c) shows that curves bend toward specific directions reflecting the relative strengths of the concept signals for size and color. To model this behavior, we have defined conditions in Eq. 1: $\sigma_1 > \sigma_2$ and $\sigma_2 < \sigma_1$​. We will provide further clarification on these points in the revised version. * **4. The definition of capability:** Thank you for the suggestion! You correctly inferred our intended meaning: by capability, we mean “the model's internal ability to understand and compose concepts”. We have now formalized this in Sec. 3 of the paper. * **5. Figures:** We apologize for the pixelated plots. We updated all figures with higher quality versions. We also labeled all axes and added generated images to aid understanding, showing how the model improves during training (e.g., see R4). As per your suggestions, we have clearly clarified the axes in the caption and labeled the colorbar in Fig. 3. We updated Fig. 4 so that the curves for each seed are clearly visible. We updated Fig. 5b and labeled the color axis as $a$. We thank the reviewer again, as we really value high quality plots especially for a paper focused on sending a qualitative message. * **6. Linear Latent Intervention(LLI) Breaking Down**\ The focus of our interventions is mainly to gain understanding of how capabilities are acquired in a model rather than to present a method to improve CG in practical settings. This is also why we presented 3 methods, so that we do not overfit to pitfalls of one specific method. Thus, our methods are *sufficient* to show a model has CG capabilities, but not *necessary* or efficient. Nevertheless, for LLI, we show in R1b that it can generalize to more realistic CelebA data. * **7. Discussion of Celeb A in main text**\ Thank you for the suggestion! We moved some of the CelebA results to the main text. --- Questions: * **On overprompting(OP):** The short answer is “sometimes"" and just as LLI above, this intervention method was *sufficient* to show capability. While there will be cases where OP will not elicit CG, in R2b, we show that OP elicits CG even in SD, demonstrating its generalizability. In fact, SD’s prompt encoder takes brackets [] around words which need to be enhanced, and internally scales the vectors corresponding to these tokens, implementing OP. * **Assumptions on Embedder Patching:** Yes, and also an even stronger one: weights in MLP and CNNs should not drift after convergence of training. Restating the point made in 6 above, our intervention methods are sufficient but not necessary to show a model’s capability. * **CelebA Results:** Certainly! We reproduce both concept memorization(R1a) and hidden emergence(R1b) in CelebA. The former checks out the inverse concept signal learning point made above and the latter shows that this synthetic setup captures realistic concept learning well. --- Limitations: * **Comparisons:** To our knowledge, the listed tools (e.g., probing) are not standard protocols studying learning dynamics in gen. models. The closest work to ours is Okawa et al. 2023, where the authors used probing to model learning dynamics, but could not identify what determines the order of concept learning, that there is concept memorization, and that there is a hidden emergence of capabilities. Nonetheless, we will add an expanded discussion of these tools in the paper. * **Generalizability:** We have added 2x2x2 (R3) and CelebA (R1) results to demonstrate that our result, at least, extends to systems which are a little bit more complex. --- * **Summary:** We thank the reviewer again for detailed feedback. The reviewer’s comments motivated us to investigate further into the more realistic CelebA setup, and we are happy to show that our major finding on hidden emergence is well reproduced. We hope our changes and new experiments address the reviewer’s concerns adequately, and would be glad if our paper can be recommended more strongly. --- [1] arxiv.org/abs/2311.03658

Dear reviewer G81k, We thank the reviewer for their very detailed feedback. We are happy you found our findings in 4.4 “surprising and notable”, just the way we felt, and 5. and 4.2 “helpful” and “useful”. In response to your comments and concerns, we have added:\ (i) A clear definition and clarification of ``Capability” in Sec. 3.\ (ii) A demonstration that turns in concept space corresponds to emergence of capabilities, yielding Fig. R5 b,c\ (iii) A substantially more thorough related work section.\ (iv) A better quantification of uncertainties, yielding Fig. R4 and R5 --- * **1. Clarification of Capability in 4.1-4.3 vs 4.4:** The model’s capability is only discussed in 4.4. We do not mention capability in 4.1\~4.3 as we are simply probing its behavior/execution of the task. Nevertheless, we now see that this can be confusing so we clearly defined capability and made this distinction in Sec. 3.\ Your comment also suggested that the relationship between concept space and capability should be strengthened. We have now added Fig. R5 b,c, which respectively demonstrates that 1) sudden turns in concept space does correspond to emergence of capability to compositionally generalize (CG) and 2) this correspondence is robust across different concept signal levels. We hope this clarifies the relation of section 4.1\~4.3(concept space) and 4.4(hidden emergence). * **2. Motivation of the phenomenological model was to postulate concept learning dynamics hypothesis:** Eq. (1) is a phenomenological model designed to qualitatively reproduce learning dynamics, requiring different values of c1 and c2 to specify the model generalization point. The initial tendency towards the correlated training point is a result of the sigmoidal function definition, illustrating how different concepts evolve over time. Although the model is not derived from a specific learning process, it introduces the idea of defining ""concept variables"" and describing their evolution with differential equations. We are currently working on a theoretical follow-up to rigorously derive this equation and further substantiate our hypothesis. * **3. A more thorough related work section:** Thank you for the feedback! We have significantly expanded the related work section now, including discussion of prior work on CG, concept learning, use of interpretability tools to understand learning dynamics, and distinction between capabilities and behaviors. Related to CG, we briefly note that prior work has primarily focused on impossibility results, i.e., showing whether neural networks can express compositional solutions (e.g. [1]). To our knowledge, there is only one work focusing on learning dynamics of CG in a generative model [2], and does not include any intervention experiments or underspecified setups. Underspecification's influence on CG has been partially explored by a few papers on disentangled representation learning [3], but again these papers focus on possibility results and not learning dynamics---the target of our study. A position paper by Hutchinson et al. [4] mentions challenges in CG due to underspecification, but has a different goal compared to our work. * **4. Errors quantified and visualized:** Please see Fig. R4,5 for different quantification of errors. In R4, we show that the std. of behavior across seeds is high while it remains very low for probes of capability. In R5a, we visualized the standard error of mean on trajectories in Fig. 2c. * **5. Clarifications:** The intervention methods are more meant to investigate the model's internal capabilities and show that they emerge consistently before behavior. Although they do improve compositional generalization, that is more of a by product rather than a practical method we introduce. --- Questions: * **1, 2, 4:** We hope the replies above address these questions. * **3:** a) We have now added example images on top of Figure 4. The generated colors depends on the exact intervention we apply, as we would expect for a steerable model.\ b,c) We have now repeated the Linear Latent Intervention and Embedder Patching for all 5 seeds. We found LLI to work perfectly on all seeds and EP on 2 seeds. We don't think these affect our findings as one intervention method is *sufficient* to demonstrate model capabilities. Embedder Patching is a more subtle technique (higher bar) since it requires the model to have minimal Embedder-CNN compensating weight changes late in training.\ d) This is indeed how we have plotted Figs. 4 a, b! If the question was directed towards Figs. 4 c, d, we note we have now added all individual seeds to the plots, as mentioned above. --- Minor Notes * **L.29,69,117-118:** Thank you for these catches. * **L.32:** By “model experimental systems approach”, we mean a small synthetic setup in which we can control the data distribution and probe the resulting model's behavior, allowing one to study questions that are not feasible to do so in real data. * **L.96,99:** Yes * **Figure 2:** The two gray trajectories are taken from the training data curves to help visualize concept memorization. * **L. 247:** What does it mean to mask the token? Set it to zero? Yes, the corresponding element is set to zero. --- * **Summary:** Enormous thanks to the reviewer for pointing out very important points to make our submission more persuasive. We believe our work became more clear and robust thanks to the suggestions. Your comments motivated us to substantially strengthen our theory and related work section. It has also motivated us to quantify uncertainties on our experiments yielding Fig. R4, R5, which are essential to join concept space and hidden emergence, the two big pillars of our work. We believe our manuscript greatly improved in quality, and would be very happy if you could recommend our work more strongly. --- [1] https://arxiv.org/abs/2310.05327 [2] https://arxiv.org/abs/2310.09336 [3] https://arxiv.org/abs/2006.07886 [4] https://arxiv.org/abs/2210.05815

Dear Reviewers, We would like to thank the reviewers for their thoughtful feedback and for recognizing the value of our work. We are pleased that all reviewers found our main contributions, particularly the introduction of the “concept space” framework and the studies of hidden capabilities to be ""a novel lens for analyzing the learning dynamics for diffusion models"" [R cQgr], ""surprising and notable"" [R G81k], “meaningful and interesting” [R uzj6] and ""quite novel and could provide many insights to the community"" [R o8es]. We are trying to understand diffusion models using controlled synthetic experiments and many reviewers pointed out that it is crucial to show how much of the findings generalize to real data/models. This feedback was very helpful and we believe our submission became much more persuasive in this direction with the additional experiments we conducted. We ran: * 1 major experiment on CelebA in Fig R1 * 2 experiments with frontier multimodal models in Fig R2 * 27 new experiments with the synthetic setup distributed in Fig. R3, 5 * 8 new probing experiments for Fig. R4 Below are the description of the new experiments and the major changes made to our work. Please find the figures in the attached PDF. Abbreviations: Compositional Generalization (CG) --- **New experiments**: * **[Figure R1] Hidden emergence of capabilities reproduced on CelebA:** Many reviewers asked about the generalizability of our results to a more *realistic* scenario. We trained a conditional diffusion model from scratch on CelebA using the compositional concepts With Hat and Female. Fig R1a shows the concept space dynamics evaluated on CelebA. In this case, CG was harder than the experiment in Fig 9 in the paper, and the model was not able to generate (Female, With Hat), and it was *concept memorizing* on (Female, No Hat). However, Fig R1b shows that latent linear intervention was able to elicit this capability and the model can in fact compose the two concepts it has internalized. Fig R1b clearly shows hidden emergence of capability on a realistic dataset with arbitrarily delayed behavior. * **[Figure R2] CLIP and Stable Diffusion v2.1 suggests potential scalability of our work:** Reviewers also asked if the *assumptions made and the methods used* are only expected to work in simplistic settings. While we accept that there will be more subtleties in generalizing these to real data, we show promising results. In Fig. R2a we show that CLIP already embeds compositional concepts as a cube with roughly orthogonal axes, addressing the concern that concepts might be non-linearly embedded in realistic models unlike our assumption in the synthetic setup. This also suggests that CLIP can be used as a feature critique to construct a real life concept space. In Fig. R2b, we show that overprompting can be used to elicit CG in Stable Diffusion v2.1, demonstrating that our method does generalize to some extent to frontier models. * **[Figure R3] Concept signal controls CG on 2x2x2 concept graph:** Reviewers also asked if the results would generalize to more *complex* scenarios than two binary concepts. On this end, we ran experiments with 3 concept variables and reproduced the findings in Fig. 2a, showing that concept signal controls CG timings by affecting concept learning speeds. Fig. R3a shows the concept accuracy versus training time and Fig. R3b shows that the speed of concept learning (defined by the average accuracy up to the final checkpoint) clearly depends on concept signal. * **[Figure R4] Robust Capability Learning across random seeds:** We confirmed that overprompting and latent linear interventions shows consistent acquisition of CG capabilities across model seeds while the behavior(execution) has high variance. We show that the standard deviation of capability learning curves is negligible compared to behavior. We confirm this behavior on multiple seeds as it is the main result of our paper. * **[Figure R5] Quantifying uncertainties across random seeds and data distributions:** Our findings on hidden emergence are robust across random seeds and data distributions. We ran multiple seeds of the experiments with different data distributions and confirmed that our results are robust. Fig R4a visualizes the standard error of the mean of the concept space learning dynamics of the models and demonstrates the level of uncertainty in the concept space trajectories. Fig R4b shows that the sudden turn in concept space corresponds to the emergence of a capability across different seeds. Fig R4c shows that this finding is also consistent across different data distributions, varying the level of concept signal. --- **Major Edits:** * **Figure Revisions:** We edited most of our figures' qualities and labeling. We made sure all figures had clearly labeled axes and non-pixelated graphs. In particular, for Fig 4, the most important figure of our work, we added many seeds (c,d) and example images (a,b,c,d). * **Related Works:** We substantially increased the related works section to better ground our paper in the intersection of concept learning, interpretability and cognitive science(competence vs behavior). * **Framework:** We reformatted the framework section(Sec. 3) so that the term capability is well defined. We explicitly distinguish capability and behavior(execution). * **CelebA:** We added a section in the main text describing CelebA as many reviewers pointed out the importance of showing generalization of the findings to realistic data. * **Appendix:** We added all our additional experiments to appendix."	"Dear Reviewers, We would like to thank the reviewers for their thoughtful feedback and for recognizing the value of our work. We are pleased that all reviewers found our main contributions, particularly the introduction of the “concept space” framework and the studies of hidden capabilities to be ""a novel lens for analyzing the learning dynamics for diffusion models"" [R cQgr], ""surprising and notable"" [R G81k], “meaningful and interesting” [R uzj6] and ""quite novel and could provide many insights to the community"" [R o8es]. We are trying to understand diffusion models using controlled synthetic experiments and many reviewers pointed out that it is crucial to show how much of the findings generalize to real data/models. This feedback was very helpful and we believe our submission became much more persuasive in this direction with the additional experiments we conducted. We ran: * 1 major experiment on CelebA in Fig R1 * 2 experiments with frontier multimodal models in Fig R2 * 27 new experiments with the synthetic setup distributed in Fig. R3, 5 * 8 new probing experiments for Fig. R4 Below are the description of the new experiments and the major changes made to our work. Please find the figures in the attached PDF. Abbreviations: Compositional Generalization (CG) --- **New experiments**: * **[Figure R1] Hidden emergence of capabilities reproduced on CelebA:** Many reviewers asked about the generalizability of our results to a more *realistic* scenario. We trained a conditional diffusion model from scratch on CelebA using the compositional concepts With Hat and Female. Fig R1a shows the concept space dynamics evaluated on CelebA. In this case, CG was harder than the experiment in Fig 9 in the paper, and the model was not able to generate (Female, With Hat), and it was *concept memorizing* on (Female, No Hat). However, Fig R1b shows that latent linear intervention was able to elicit this capability and the model can in fact compose the two concepts it has internalized. Fig R1b clearly shows hidden emergence of capability on a realistic dataset with arbitrarily delayed behavior. * **[Figure R2] CLIP and Stable Diffusion v2.1 suggests potential scalability of our work:** Reviewers also asked if the *assumptions made and the methods used* are only expected to work in simplistic settings. While we accept that there will be more subtleties in generalizing these to real data, we show promising results. In Fig. R2a we show that CLIP already embeds compositional concepts as a cube with roughly orthogonal axes, addressing the concern that concepts might be non-linearly embedded in realistic models unlike our assumption in the synthetic setup. This also suggests that CLIP can be used as a feature critique to construct a real life concept space. In Fig. R2b, we show that overprompting can be used to elicit CG in Stable Diffusion v2.1, demonstrating that our method does generalize to some extent to frontier models. * **[Figure R3] Concept signal controls CG on 2x2x2 concept graph:** Reviewers also asked if the results would generalize to more *complex* scenarios than two binary concepts. On this end, we ran experiments with 3 concept variables and reproduced the findings in Fig. 2a, showing that concept signal controls CG timings by affecting concept learning speeds. Fig. R3a shows the concept accuracy versus training time and Fig. R3b shows that the speed of concept learning (defined by the average accuracy up to the final checkpoint) clearly depends on concept signal. * **[Figure R4] Robust Capability Learning across random seeds:** We confirmed that overprompting and latent linear interventions shows consistent acquisition of CG capabilities across model seeds while the behavior(execution) has high variance. We show that the standard deviation of capability learning curves is negligible compared to behavior. We confirm this behavior on multiple seeds as it is the main result of our paper. * **[Figure R5] Quantifying uncertainties across random seeds and data distributions:** Our findings on hidden emergence are robust across random seeds and data distributions. We ran multiple seeds of the experiments with different data distributions and confirmed that our results are robust. Fig R4a visualizes the standard error of the mean of the concept space learning dynamics of the models and demonstrates the level of uncertainty in the concept space trajectories. Fig R4b shows that the sudden turn in concept space corresponds to the emergence of a capability across different seeds. Fig R4c shows that this finding is also consistent across different data distributions, varying the level of concept signal. --- **Major Edits:** * **Figure Revisions:** We edited most of our figures' qualities and labeling. We made sure all figures had clearly labeled axes and non-pixelated graphs. In particular, for Fig 4, the most important figure of our work, we added many seeds (c,d) and example images (a,b,c,d). * **Related Works:** We substantially increased the related works section to better ground our paper in the intersection of concept learning, interpretability and cognitive science(competence vs behavior). * **Framework:** We reformatted the framework section(Sec. 3) so that the term capability is well defined. We explicitly distinguish capability and behavior(execution). * **CelebA:** We added a section in the main text describing CelebA as many reviewers pointed out the importance of showing generalization of the findings to realistic data. * **Appendix:** We added all our additional experiments to appendix.

Dear reviewer o8es, Thank you so much for thoroughly understanding, and positively evaluating our work. We are glad to hear that you enjoyed our work, and found all of our three main findings to be “quite novel and could provide many insights to the community”. We thank you also for your very insightful and actionable suggestions to robustify our claims. In response to your thoughtful suggestions, we addressed your concerns by adding:\ (i) a new schematic diagram inspired by [2] Ren, Yi et al.\ (ii) further experiments in a more complex scenario with three concept variables yielding Fig. R1 and R3\ (iii) a better grounding into the learning dynamics of compositional generalization(CG) literature [1,2]\ (iv) a general improvement of figure qualities. --- * **1. Added New Diagram for the framework:** Inspired by [2] Ren, Yi et al., we have updated our framework section of the paper to be easier to understand. We have added a schematic Figure describing the relation of $\mathcal{S}$, $\mathcal{G}$, $\mathcal{M}$, $\mathcal{X}$ in appendix as well. We haven’t been able to fit this new figure in the attached pdf due to space constraints, but this new figure will be included in the final version of this submission. * **2. Concept space findings generalize to more complex scenarios:** We have now extended our results to more complex scenarios. In Fig. R1, we show that our *findings on hidden emergence and also our probing methodology generalizes to a compositional setup on CelebA*. In this experiment, the model did not show the CG behavior, while latent linear intervention clearly demonstrated the emergence of the capability. We have also generalized our findings on concept signals in Section 4.1 to a 2x2x2 setup with 3 concept variables. We again find that *concept signal controls the speed of learning in scenarios involving more than 2 concept variables*. * **3. Practical Implications of Early Capabilities:** One implication of the hidden emergence of capabilities is that standard evaluation pipelines on a fixed dataset might be probing behavior, which we show is very seed dependent. Additionally, this motivates studies on enhancing current models by understanding their internals as it suggests that *models can have capabilities which are not elicited unless intervened appropriately*. With your specific point regarding early stopping, we believe that these models do not explicitly over-fit and nor do frontier diffusion models (see [3]), as they are in the under-parametrized regime and usually trained in an online setup. We also do not have evidence of any capabilities getting lost as we train far beyond fitting the training set. --- Questions: * **Figure 2-bc legend:** Thank you for this feedback! We have made significant revisions to explain the axes better in the captions and to improve the overall quality of the figure. * **Zigzag Pattern:** Thank you for this reference [1]! Indeed, our current understanding is similar to [1], where higher difficulty corresponds to lower concept signal. In our case a concept is harder when its concept signal is less important to reduce the diffusion loss. We will make sure to cite [1] and discuss the similarity of the mechanisms underlying the shared trend in learning dynamics. * **Usage of $\sigma$:** Thank you for this suggestion! We updated the sigmoid function to $g$ to avoid confusion. * **Clarification of line 216:** Yes! We will clarify this in our updated manuscript. * **Figure 6 Legend** Thank you for this catch, we will edit this. * **Controlling the phase transition:** We did find out that many hyperparameters control the transition, such as weight decay, weight initialization, optimizer, etc.. However, we did not yet find a clear identifiable relationship which allows any predictive hyperparameter transfer. Testing the generalization of these observations to more complex text-to-image models is a great future direction. Currently, we are interested in following up with a theoretical model based on the concept signal values. * **Relation to reference [2]:** Thank you for pointing out this work. We will definitely cite and discuss it in the final version! The simplicity bias explanation is very interesting, but it seems non-trivial to define it in our setup at the current stage. We briefly looked into weight decay to add an explicit “simplicity” enforcing term, however this did not qualitatively change our results. --- **Summary**: Thank you again for carefully going through our manuscript and giving us such a concrete and insightful list for improvements! As clarified above, your suggestions inspired us to not only create new schematic figures, but also to run 8 more experiments resulting in 2 new experimental plots. With the above, we hope that we have fully addressed your concerns and now you could strongly recommend acceptance of this paper. --- [3] Kadkhodaie, Zahra, et al. ""Generalization in diffusion models arises from geometry-adaptive harmonic representation."" arXiv preprint arXiv:2310.02557 (2023).

Dear reviewer uzj6, We thank you for your detailed feedback! We are glad you found our concept space framework and the robust emergence of capability insightful and interesting. We are especially happy to hear that our work provides “insights into understanding and controlling the development of AI models' capability and behavior”, as this was one of the main goals of our study. In response to your comments, we have added:\ (i) An improved description of our framework in Section 3.\ (ii) experiments on frontier multimodal embedding (CLIP) and generative (Stable Diffusion v2.1) models yielding Fig. R2. --- * **Concept Signal can be altered by color differences:** The concept signal $\sigma_i$ is the absolute change of the data generated when the corresponding concept variable is altered. Here, we are changing the raw RGB difference between the color concept blue and red. Thus ,a rescaling of this difference by $s$ is equivalent to the change of the data generating process $\mathcal{G}\to\mathcal{G}'$, where $|\frac{\partial\mathcal{G}'}{\partial\texttt{color}}|=s|\frac{\partial\mathcal{G}}{\partial\texttt{color}}|$, and thus results in an enhancement of the color concept signal by a factor of $s$. For a visual explanation, please see Fig.7, where the distances are not schematic, but calculated from the dataset as we have access to the data generating process. We have updated Section 3, where we introduce our framework, so that this relation is more clear. We have also moved Fig.7 to the main text. Thank you for prompting this important clarification! * **Derivation of Equation 1:** Thank you for your question. Equation (1) is a phenomenological model designed to qualitatively reproduce concept learning dynamics, where our goal was to suggest a novel potential space for future theoretical study. The sigmoid function models sudden capability acquisition, while quadratic terms represent the energy landscape guiding the model towards correct concept values. Although not derived from a specific learning process, it introduces a new perspective of defining ""concept variables"" and describing their evolution via differential equations. We are currently working on a theoretical follow-up to rigorously derive this equation from a concrete model that further substantiates our hypothesis. We will clarify our motivation and limitations in an updated draft. * **Your feedbacks have inspired us to validate how many of our observations generalize to real-world data scenarios!:** Thank you so much for your insightful suggestions to further explore whether our observations validated in our synthetic setup generalize to real-world data. While, we've made the ""simplicity-interpretability"" trade-off to derive a set of hypothesis, you are right that it's very important to then go back to realistic scenarios to further validate those hypotheses. 1) Latent linear intervention elicits hidden capabilities also in real world facial attribute dataset (CelebA). [Fig R1] In Fig R1a, we first show how diffusion model struggles to compose unseen combination of ""female"" and ""with hat"" concepts with naive prompting. Then, in Fig R1b, we demonstrate how applying latent linear intervention elicits this capability as was seen earlier in synthetic dataset! 2) Square/cubic structure of concept graphs can be found in CLIP embeddings. We show that the concept space framework is useful to understand the failures and success of CG. *In some cases*, the concept space can be constructed for real diffusion models since it only requires a feature detector (e.g. CLIP), which is much simpler compared to training a generative model. In Fig R2a, we show that CLIP is ready to serve as a feature detector to construct an orthogonal concept space. 3) One specific insight from overprompting and latent linear intervention is that one could use model interventions to evaluate model capabilities. In Fig. R2b, we show an explicit example where overprompting results in elicitation of a CG capability. We *speculate* that this could be scaled, as we show in Fig. R2a that CLIP can already serve as an orthogonal feature detector, and the lack of an expected feature can be used to provide feedback onto a method guiding generation by intervention. 4) Our work surfaces that controlling concept learning might be more difficult than expected. Our results indicate that *even* In a synthetic setup where the acquisition of capabilities is robust, the model's apparent ability to CG might appear limited, and can show high variance across run seeds. Our contribution can be understood as attributing the high uncertainties observed in CG in real models to the variance of behavior seen in models with equivalent capabilities. --- * **Summary:** Thank you again for your review. Your comments have motivated us to enhance the introduction of our framework in the manuscript and to demonstrate scalability to large models and practical setups. As a result, we have managed to show that our intervention strategies could be valid in Stable Diffusion v2.1 and that CLIP embeddings already encompass orthogonal concepts graphs, suggesting a promising direction for scalability. We hope your concerns have been addressed with these clarifications and experiments, and we would be very glad if you could recommend our paper more strongly."	unresolved	4	Dear reviewer cQgr, We thank the reviewer for their detailed feedback. We are excited that you found our work provides a novel lens for analyzing learning dynamics of diffusion models, yielding claims that are interesting, clear, and well-backed. In response, we have added:\ (i) A major experiment on CelebA generalizing our findings to more realistic data, Fig. R1\ (ii) A test on Stable Diffusion v2.1(SD), Fig R2b\...	User-reviewed IAA second-pass confirmation on 2026-05-06; source=human-review; confirmed first-pass label.
rpwGUtTeA5__r04	ICLR 2025 expanded80 v1	UniCBE: An Uniformity-driven Comparing Based Evaluation Framework with Unified Multi-Objective Optimization	8	4	"[weaknesses] The novelty of balancing accuracy, convergence, and scalability needs further justification, as similar uniform sampling strategies have been discussed in prior works that highlight the uniformity, such as Vabalas et al. (2019) for sampling biases, which could diminish its uniqueness. Although the experiment of MT-Bench is based on human evaluator, larger portion of the evaluation is relied on AlpacaEval, as larger number of models and samples are used for the evaluation with AlpacaEval. The reliance on GPT-4 and GPT-3.5-turbo as evaluators, while useful, could benefit from validation against human judgments or additional LLMs, such as Claude, to establish greater reliability and generalizability across evaluator types. Minor details, but the readability of all figures could be enhanced by widening the lines in each plot, which would improve clarity and interpretation for readers.

[questions] As the UniCBE is based on three matrix, $P^{acc-l}, P^{con-l}, P^{sca-l}$, each targeting different goal of accuracy, convergence, scaliability, can user steer between those by adding hyperparameter for each matrix? Would it be also possible to quantify it through experiment? While scalability is addressed by sequentially adding models, the paper could enhance this section by incorporating real-world scenarios, where models enter and exit dynamically, further proving UNICBE’s robustness in evolving benchmarks. The given choice of greedy sampling over probabilistic sampling and Bradley-Terry model over Elo rating system appears significant to the framework’s success. Could the authors conduct a small experiment to demonstrate that UniCBE maintains its effectiveness across different sampling and aggregation settings?

[summary] The paper presents UNICBE, a uniformity-driven comparing-based evaluation (CBE) framework designed to optimize model evaluation across three primary objectives: accuracy, convergence, and scalability. Existing CBE method such as random allocation, method used in ARENA and ALPACAEVAL fails to maximize these aspects simultaneously. UNICBE addresses this by simple yet effective approach to promote uniformity across sample and models. The proposed method incorporates three decoupled sampling probability matrices, each of them derived to ensure uniformity in accuracy, convergence, scalability to newly added models. Comprehensive experiments and ablation studies across multiple datasets highlight UNICBE's cost-efficient performance in model evaluation."	Dear Reviewer 8LCX, we sincerely thank you for your valuable feedback on our submission. Below is our responses to the concerns you raised. We have incorporated these contents into the updated version of our paper, which we believe will help enhance the quality of our submission. **Since this page cannot display images, we have provided a PDF version via an anonymous link for a clearer and more complete presentation of our response: https://anonymous.4open.science/r/Respones-to-Reviewer-8LCX-809F/response%20to%20reviewer%208LCX.pdf. This can also be find in the Supplementary Material. We recommend viewing the PDF in the provided link for easier reading.** > **The novelty of balancing accuracy, convergence, and scalability needs further justification, as similar uniform sampling strategies have been discussed in prior works that highlight the uniformity, such as Vabalas et al. (2019) for sampling biases, which could diminish its uniqueness.** We agree with your suggestion to discuss related work concerning sampling uniformity in connection with our work. Here is our discussion: Previous studies have discussed the risks of introducing sampling bias in incomplete sampling scenarios...	"Dear Reviewer 8LCX, we sincerely thank you for your valuable feedback on our submission. Below is our responses to the concerns you raised. We have incorporated these contents into the updated version of our paper, which we believe will help enhance the quality of our submission. **Since this page cannot display images, we have provided a PDF version via an anonymous link for a clearer and more complete presentation of our response: https://anonymous.4open.science/r/Respones-to-Reviewer-8LCX-809F/response%20to%20reviewer%208LCX.pdf. This can also be find in the Supplementary Material. We recommend viewing the PDF in the provided link for easier reading.** > **The novelty of balancing accuracy, convergence, and scalability needs further justification, as similar uniform sampling strategies have been discussed in prior works that highlight the uniformity, such as Vabalas et al. (2019) for sampling biases, which could diminish its uniqueness.** We agree with your suggestion to discuss related work concerning sampling uniformity in connection with our work. Here is our discussion: Previous studies have discussed the risks of introducing sampling bias in incomplete sampling scenarios. Specifically, [1] demonstrated through simulation experiments that K-fold cross-validation (K-fold CV) can produce significant performance estimation bias when dealing with small sample sizes. This bias persists even when the sample size reaches 1000. In contrast, methods like nested cross-validation (Nested CV) and train/test split have been shown to provide robust and unbiased performance estimates regardless of sample size. [2] introduced a weighting scheme, as described in [3], to mitigate sampling bias in active testing scenarios. [4] proposed leveraging information obtained from source models to select representative samples from the test set, thereby reducing sampling bias. Additionally, [5] employed Item Response Theory [6] to correct sample bias in addressing this issue. These studies inspired us to investigate the bias problem in the CBE scenario. Unlike the aforementioned studies, we found that in CBE scenario, not only does sample bias exist, but model bias also plays a role, and the two are coupled. This coupling poses greater challenges for analyzing and mitigating these biases. To address this, based on the analyses outlined in Section 3, we propose the UniCBE method, which effectively alleviates biases in this scenario. > **Although the experiment of MT-Bench is based on human evaluator, larger portion of the evaluation is relied on AlpacaEval, as larger number of models and samples are used for the evaluation with AlpacaEval. The reliance on GPT-4 and GPT-3.5-turbo as evaluators, while useful, could benefit from validation against human judgments or additional LLMs, such as Claude, to establish greater reliability and generalizability across evaluator types.** Yes, in our experiments, we test the performance of UniCBE with humans, GPT-4o, and GPT-3.5-turbo as judges. We recognize that involving a broader range of evaluators helps enhance the robustness and generalizability of our experimental conclusions. Therefore, below we additionally test the compared methods using Qwen-Plus[7] as the judge. As shown in Figure 14, when Qwen-Plus is used as the judge, the experimental results are similar to those obtained with other types of judges. UniCBE achieves significant preference budget savings, exceeding 20%. This experimental result further validates the generalizability of UniCBE to different sources of preference signals. > **Minor details, but the readability of all figures could be enhanced by widening the lines in each plot, which would improve clarity and interpretation for readers.** Thank you for your valuable suggestions. We have increased the width of the lines in the figure in the revised version to enhance readability. You can refer to the latest version. **References** [1] Sebastian Farquhar, Yarin Gal, and Tom Rainforth. On statistical bias in active learning: How and when to fix it. [2] Jannik Kossen, Sebastian Farquhar, Yarin Gal, et al. Active testing: Sample-efficient model evaluation. [3] Frederic M Lord and Melvin R Novick. Statistical theories of mental test scores. [4] Felipe Maia Polo, Lucas Weber, Leshem Choshen, et al. tinybenchmarks: evaluating llms with fewer examples. [5] Andrius Vabalas, Emma Gowen, Ellen Poliakoff, et al. Machine learning algorithm validation with a limited sample size. [6] Rajan Vivek, Kawin Ethayarajh, Diyi Yang, et al. Anchor points: Benchmarking models with much fewer examples. [7] An Yang, Baosong Yang, Binyuan Hui, et al. Qwen2 technical report.

> **As the UniCBE is based on three matrix, each targeting different goal of accuracy, convergence, scalability, can user steer between those by adding hyperparameter for each matrix? Would it be also possible to quantify it through experiment?** We agree with your suggestion to add hyperparameters for each matrix to achieve controllability for different optimization objectives. In the original manuscript, we integrate sampling matrices targeting different optimization objectives with equal weights: $$P^{l} = \frac{P^{acc\text{-}l} \circ P^{con\text{-}l} \circ P^{sca\text{-}l}}{\sum (P^{acc\text{-}l} \circ P^{con\text{-}l} \circ P^{sca\text{-}l})}$$ In practice, when faced with varying requirements, it is straightforward to prioritize a specific objective by adjusting the weights \(\theta_{acc}\), \(\theta_{con}\), and \(\theta_{sca}\) for these matrices, as shown below: $$P^{l} = \frac{(P^{acc\text{-}l})^{\theta_{acc}} \circ (P^{con\text{-}l})^{\theta_{con}} \circ (P^{sca\text{-}l})^{\theta_{sca}} }{\sum ((P^{acc\text{-}l})^{\theta_{acc}} \circ (P^{con\text{-}l})^{\theta_{con}} \circ (P^{sca\text{-}l})^{\theta_{sca}})}$$ As demonstrated in Table below, we set different settings and calculate the degree of achievement level for each optimization objective $\beta$ following the calculation procedure described in Appendix-E. Compared to equal-weight integration, users can easily increase the corresponding $\beta$ (e.g., $\beta_{acc}$) by assigning a larger weight to a specific optimization objective ($\theta_{acc}$), thereby better meeting their practical needs (accuracy). We also observe that enhancing a specific optimization objective often comes with a slight decrease in the achievement of other objectives. In Figure 11, we illustrate an example of improving accuracy, where $\theta_{acc}$ is increased from 1 to 2. We find that the increased focus on accuracy objective slightly slows down the convergence speed. As a result, when $T$ is relatively small, the performance of $\theta_{acc} = 2$ lags behind that of $\theta_{acc} = 1$. However, in the later stages, after convergence, the enhanced accuracy objective enables $\theta_{acc} = 2$ to outperform $\theta_{acc} = 1$, resulting in greater savings in the preference budget. | Settings | $\theta_{acc} = 2, \theta_{con} = 1,\theta_{sca} = 1$ | $\theta_{acc} = 1, \theta_{con} = 2,\theta_{sca} = 1$ |$\theta_{acc} = 1, \theta_{con} = 1,\theta_{sca} = 2$|$\theta_{acc} = 1, \theta_{con} = 1,\theta_{sca} = 1$| |:-:|:-:|:-:|:-:|:-:| |$\beta_{acc}$|**.7380**|.7355|.7351|.7364| |$\beta_{con}$|.9221|**.9235**|.9217|.9228| |$\beta_{sca}$|.9996|.9997|**.9998**|.9997| > **While scalability is addressed by sequentially adding models, the paper could enhance this section by incorporating real-world scenarios, where models enter and exit dynamically, further proving UniCBE’s robustness in evolving benchmarks.** We agree with your suggestion that testing UniCBE in a highly dynamic, real-time evaluation setting can help us more comprehensively assess its performance. To this end, we conduct the following experiments: Starting with a sample size of $N=600$ and model number of $M=12$, we execute a random operation at each time step. The operations included: adding one model to be evaluated with a probability of 0.01, removing one model with a probability of 0.01, adding one potential sample with a probability of 0.01, randomly deleting one sample with a probability of 0.01, and taking no action with a probability of 0.96. Based on the experimental results shown in Figure 9, we have the following observations: - The convergence speed of all baseline methods significantly slowed down. None of the baseline methods achieve a Spearman correlation coefficient of 0.96 or a Pearson correlation coefficient of 0.97 by $T=2000$, highlighting the difficulty of model evaluation in this setting. In contrast, UniCBE achieve rapid convergence, reaching a Spearman coefficient of approximately 0.97 and a Pearson coefficient exceeding 0.98 by $T=2000$. - Over the long term, as $T$ increases, UniCBE consistently demonstrates over 10% savings in preference budget across all metrics, even under this challenging setting, showcasing its strong practicality. - An interesting observation is that AlpacaEval exhibits better convergence in the early stages compared to Random and Arena, supporting our previous conclusions in Table 1. However, as $T$ increases, AlpacaEval's lack of accuracy optimization objective leads to its performance being surpassed by Random and Arena.

Dear Reviewer D5Wd, we sincerely thank you for your valuable feedback on our submission. Below is our responses to the concerns you raised. We have incorporated these contents into the updated version of our paper, which we believe will help enhance the quality of our submission. **Since this page cannot display images, we have provided a PDF version via an anonymous link for a clearer and more complete presentation of our response: https://anonymous.4open.science/r/Respones-to-Reviewer-D5Wd-2AC1/response%20to%20reviewer%20D5Wd.pdf. This can also be find in the Supplementary Material. We recommend viewing the PDF in the provided link for easier reading.** > **The framework assumes preference signals (particularly from automated judges like GPT-4) are consistent with human judgment, a potentially risky simplification given known limitations in automated preference evaluations.** We understand your concern about the existence of bias between preference signals from models and humans. In fact, we don't think the preference signals from LLMs are consistent with human judgment . We experiment with both LLMs and human as judges for the following two reasons: - First, high-quality benchmarks that align human supervisory signals at both the sample and model levels in CBE scenario are relatively limited, so we focus on evaluating the effectiveness of UniCBE under human preference signals using MT-Bench. - Second, as an increasing number of studies (e.g., AlpacaEval) begin to adopt LLMs as judges, it is also important to validate the effectiveness of UniCBE under model preference signals. Experimental results show that UniCBE demonstrates superior performance when using GPT-4o, GPT-3.5-turbo, and humans as judges, confirming the robustness of UniCBE to different sources of preference signals. > **The formulation of multi-dimensional sampling matrices and their interaction in optimizing accuracy, convergence, and scalability may be overly complex for practical implementations and difficult to interpret for further tuning or adjustment. Could the authors elaborate on how UniCBE would handle scenarios with dynamic preference priorities, where, for example, accuracy is weighted more heavily than convergence?** In the original manuscript, we integrate sampling matrices targeting different optimization objectives with equal weights: $$P^{l} = \frac{P^{acc\text{-}l} \circ P^{con\text{-}l} \circ P^{sca\text{-}l}}{\sum (P^{acc\text{-}l} \circ P^{con\text{-}l} \circ P^{sca\text{-}l})}$$ In practice, when faced with varying requirements, it is straightforward to prioritize a specific objective by adjusting the weights \(\theta_{acc}\), \(\theta_{con}\), and \(\theta_{sca}\) for these matrices, as shown below: $$P^{l} = \frac{(P^{acc\text{-}l})^{\theta_{acc}} \circ (P^{con\text{-}l})^{\theta_{con}} \circ (P^{sca\text{-}l})^{\theta_{sca}} }{\sum ((P^{acc\text{-}l})^{\theta_{acc}} \circ (P^{con\text{-}l})^{\theta_{con}} \circ (P^{sca\text{-}l})^{\theta_{sca}})}$$ As demonstrated in Table below, we set different settings and calculate the degree of achievement level for each optimization objective $\beta$ following the calculation procedure described in Appendix-E. Compared to equal-weight integration, users can easily increase the corresponding $\beta$ (e.g., $\beta_{acc}$) by assigning a larger weight to a specific optimization objective ($\theta_{acc}$), thereby better meeting their practical needs (accuracy). We also observe that enhancing a specific optimization objective often comes with a slight decrease in the achievement of other objectives. In Figure 11, we illustrate an example of improving accuracy, where $\theta_{acc}$ is increased from 1 to 2. We find that the increased focus on accuracy objective slightly slows down the convergence speed. As a result, when $T$ is relatively small, the performance of $\theta_{acc} = 2$ lags behind that of $\theta_{acc} = 1$. However, in the later stages, after convergence, the enhanced accuracy objective enables $\theta_{acc} = 2$ to outperform $\theta_{acc} = 1$, resulting in greater savings in the preference budget. | Settings | $\theta_{acc} = 2, \theta_{con} = 1,\theta_{sca} = 1$ | $\theta_{acc} = 1, \theta_{con} = 2,\theta_{sca} = 1$ |$\theta_{acc} = 1, \theta_{con} = 1,\theta_{sca} = 2$|$\theta_{acc} = 1, \theta_{con} = 1,\theta_{sca} = 1$| |:-:|:-:|:-:|:-:|:-:| |$\beta_{acc}$|**.7380**|.7355|.7351|.7364| |$\beta_{con}$|.9221|**.9235**|.9217|.9228| |$\beta_{sca}$|.9996|.9997|**.9998**|.9997|"	"> **As the UniCBE is based on three matrix, each targeting different goal of accuracy, convergence, scalability, can user steer between those by adding hyperparameter for each matrix? Would it be also possible to quantify it through experiment?** We agree with your suggestion to add hyperparameters for each matrix to achieve controllability for different optimization objectives. In the original manuscript, we integrate sampling matrices targeting different optimization objectives with equal weights: $$P^{l} = \frac{P^{acc\text{-}l} \circ P^{con\text{-}l} \circ P^{sca\text{-}l}}{\sum (P^{acc\text{-}l} \circ P^{con\text{-}l} \circ P^{sca\text{-}l})}$$ In practice, when faced with varying requirements, it is straightforward to prioritize a specific objective by adjusting the weights \(\theta_{acc}\), \(\theta_{con}\), and \(\theta_{sca}\) for these matrices, as shown below: $$P^{l} = \frac{(P^{acc\text{-}l})^{\theta_{acc}} \circ (P^{con\text{-}l})^{\theta_{con}} \circ (P^{sca\text{-}l})^{\theta_{sca}} }{\sum ((P^{acc\text{-}l})^{\theta_{acc}} \circ (P^{con\text{-}l})^{\theta_{con}} \circ (P^{sca\text{-}l})^{\theta_{sca}})}$$ As demonstrated in Table below, we set different settings and calculate the degree of achievement level for each optimization objective $\beta$ following the calculation procedure described in Appendix-E. Compared to equal-weight integration, users can easily increase the corresponding $\beta$ (e.g., $\beta_{acc}$) by assigning a larger weight to a specific optimization objective ($\theta_{acc}$), thereby better meeting their practical needs (accuracy). We also observe that enhancing a specific optimization objective often comes with a slight decrease in the achievement of other objectives. In Figure 11, we illustrate an example of improving accuracy, where $\theta_{acc}$ is increased from 1 to 2. We find that the increased focus on accuracy objective slightly slows down the convergence speed. As a result, when $T$ is relatively small, the performance of $\theta_{acc} = 2$ lags behind that of $\theta_{acc} = 1$. However, in the later stages, after convergence, the enhanced accuracy objective enables $\theta_{acc} = 2$ to outperform $\theta_{acc} = 1$, resulting in greater savings in the preference budget. | Settings | $\theta_{acc} = 2, \theta_{con} = 1,\theta_{sca} = 1$ | $\theta_{acc} = 1, \theta_{con} = 2,\theta_{sca} = 1$ |$\theta_{acc} = 1, \theta_{con} = 1,\theta_{sca} = 2$|$\theta_{acc} = 1, \theta_{con} = 1,\theta_{sca} = 1$| |:-:|:-:|:-:|:-:|:-:| |$\beta_{acc}$|**.7380**|.7355|.7351|.7364| |$\beta_{con}$|.9221|**.9235**|.9217|.9228| |$\beta_{sca}$|.9996|.9997|**.9998**|.9997| > **While scalability is addressed by sequentially adding models, the paper could enhance this section by incorporating real-world scenarios, where models enter and exit dynamically, further proving UniCBE’s robustness in evolving benchmarks.** We agree with your suggestion that testing UniCBE in a highly dynamic, real-time evaluation setting can help us more comprehensively assess its performance. To this end, we conduct the following experiments: Starting with a sample size of $N=600$ and model number of $M=12$, we execute a random operation at each time step. The operations included: adding one model to be evaluated with a probability of 0.01, removing one model with a probability of 0.01, adding one potential sample with a probability of 0.01, randomly deleting one sample with a probability of 0.01, and taking no action with a probability of 0.96. Based on the experimental results shown in Figure 9, we have the following observations: - The convergence speed of all baseline methods significantly slowed down. None of the baseline methods achieve a Spearman correlation coefficient of 0.96 or a Pearson correlation coefficient of 0.97 by $T=2000$, highlighting the difficulty of model evaluation in this setting. In contrast, UniCBE achieve rapid convergence, reaching a Spearman coefficient of approximately 0.97 and a Pearson coefficient exceeding 0.98 by $T=2000$. - Over the long term, as $T$ increases, UniCBE consistently demonstrates over 10% savings in preference budget across all metrics, even under this challenging setting, showcasing its strong practicality. - An interesting observation is that AlpacaEval exhibits better convergence in the early stages compared to Random and Arena, supporting our previous conclusions in Table 1. However, as $T$ increases, AlpacaEval's lack of accuracy optimization objective leads to its performance being surpassed by Random and Arena.

Dear Reviewer k9DA, we sincerely thank you for your valuable feedback on our submission. Below is our responses to the concerns you raised. We have incorporated these contents into the updated version of our paper, which we believe will help enhance the quality of our submission. **Since this page cannot display images, we have provided a PDF version via an anonymous link for a clearer and more complete presentation of our response: https://anonymous.4open.science/r/Respones-to-Reviewer-k9DA-4842/response%20to%20reviewer%20k9DA.pdf. This can also be find in the Supplementary Material. We recommend viewing the PDF in the provided link for easier reading.** > **The motivation is not enough clear. Why the previous method cannot perform well in both accuracy, convergence, and scalability?** Previous methods often focus on a single optimization objective (lines 64–65, Table 1) while neglecting the optimization of other attributes. In the related work section (lines 107–118), we specifically explain that the Random, Arena, and AlpacaEval methods each focus solely on optimizing accuracy, convergence, or scalability, respectively. Furthermore, we demonstrate in Table 2 through experiments that these three methods result in unbalanced sampling across multiple dimensions due to their failure to simultaneously consider all three optimization objectives. This ultimately leads to their inability to perform well across all three attributes simultaneously. > **The runtime of the previous CBE method ($O(NMM)$) is one of the major limitations, and the author starts from this limitation as one of the motivations for the proposed method. However, they lack the runtime analysis for the UniCBE but only an approximate number for saving time when compared to the previous method.** We fully agree with your suggestion to include an analysis of UniCBE's runtime. To address this, we provide the following statistics: when a win rate error $\Delta$ of less than 0.02 is required, UniCBE needs a preference budget of $T = 2800$ (compared to $T = 3200$ for Random). Similarly, when $\Delta$ is less than 0.01, UniCBE requires $T = 9400$ (compared to $T = 11300$ for Random). Additionally, the computational complexity of $O(NMM)$ is $N \cdot M \cdot (M - 1) / 2 = 84525$. Therefore, under specific evaluation accuracy requirements, UniCBE significantly reduces the preference budget needed. > **While UniCBE shows promising results for scenarios with periodically introduced new models, it may be less efficient in highly dynamic, real-time evaluation settings where new models or samples are constantly introduced at high frequencies.** We believe that testing UniCBE in a highly dynamic, real-time evaluation setting can help us more comprehensively assess its performance. To this end, we conduct the following experiments: Starting with a sample size of $N=600$ and model number of $M=12$, we execute a random operation at each time step. The operations included: adding one model to be evaluated with a probability of 0.01, removing one model with a probability of 0.01, adding one potential sample with a probability of 0.01, randomly deleting one sample with a probability of 0.01, and taking no action with a probability of 0.96. Based on the experimental results shown in Figure 9, we have the following observations: - The convergence speed of all baseline methods significantly slowed down. None of the baseline methods achieve a Spearman correlation coefficient of 0.96 or a Pearson correlation coefficient of 0.97 by $T=2000$, highlighting the difficulty of model evaluation in this setting. In contrast, UniCBE achieve rapid convergence, reaching a Spearman coefficient of approximately 0.97 and a Pearson coefficient exceeding 0.98 by $T=2000$. - Over the long term, as $T$ increases, UniCBE consistently demonstrates over 10% savings in preference budget across all metrics, even under this challenging setting, showcasing its strong practicality. - An interesting observation is that AlpacaEval exhibits better convergence in the early stages compared to Random and Arena, supporting our previous conclusions in Table 1. However, as $T$ increases, AlpacaEval's lack of accuracy optimization objective leads to its performance being surpassed by Random and Arena.

Dear Reviewer D5Wd, we sincerely thank you for your valuable feedback on our submission. Below is our responses to the concerns you raised. We have incorporated these contents into the updated version of our paper, which we believe will help enhance the quality of our submission. **Since this page cannot display images, we have provided a PDF version via an anonymous link for a clearer and more complete presentation of our response: https://anonymous.4open.science/r/Respones-to-Reviewer-D5Wd-2AC1/response%20to%20reviewer%20D5Wd.pdf. This can also be find in the Supplementary Material. We recommend viewing the PDF in the provided link for easier reading.** > **The framework assumes preference signals (particularly from automated judges like GPT-4) are consistent with human judgment, a potentially risky simplification given known limitations in automated preference evaluations.** We understand your concern about the existence of bias between preference signals from models and humans. In fact, we don't think the preference signals from LLMs are consistent with human judgment . We experiment with both LLMs and human as judges for the following two reasons: - First, high-quality benchmarks that align human supervisory signals at both the sample and model levels in CBE scenario are relatively limited, so we focus on evaluating the effectiveness of UniCBE under human preference signals using MT-Bench. - Second, as an increasing number of studies (e.g., AlpacaEval) begin to adopt LLMs as judges, it is also important to validate the effectiveness of UniCBE under model preference signals. Experimental results show that UniCBE demonstrates superior performance when using GPT-4o, GPT-3.5-turbo, and humans as judges, confirming the robustness of UniCBE to different sources of preference signals. > **The formulation of multi-dimensional sampling matrices and their interaction in optimizing accuracy, convergence, and scalability may be overly complex for practical implementations and difficult to interpret for further tuning or adjustment. Could the authors elaborate on how UniCBE would handle scenarios with dynamic preference priorities, where, for example, accuracy is weighted more heavily than convergence?** In the original manuscript, we integrate sampling matrices targeting different optimization objectives with equal weights: $$P^{l} = \frac{P^{acc\text{-}l} \circ P^{con\text{-}l} \circ P^{sca\text{-}l}}{\sum (P^{acc\text{-}l} \circ P^{con\text{-}l} \circ P^{sca\text{-}l})}$$ In practice, when faced with varying requirements, it is straightforward to prioritize a specific objective by adjusting the weights \(\theta_{acc}\), \(\theta_{con}\), and \(\theta_{sca}\) for these matrices, as shown below: $$P^{l} = \frac{(P^{acc\text{-}l})^{\theta_{acc}} \circ (P^{con\text{-}l})^{\theta_{con}} \circ (P^{sca\text{-}l})^{\theta_{sca}} }{\sum ((P^{acc\text{-}l})^{\theta_{acc}} \circ (P^{con\text{-}l})^{\theta_{con}} \circ (P^{sca\text{-}l})^{\theta_{sca}})}$$ As demonstrated in Table below, we set different settings and calculate the degree of achievement level for each optimization objective $\beta$ following the calculation procedure described in Appendix-E. Compared to equal-weight integration, users can easily increase the corresponding $\beta$ (e.g., $\beta_{acc}$) by assigning a larger weight to a specific optimization objective ($\theta_{acc}$), thereby better meeting their practical needs (accuracy). We also observe that enhancing a specific optimization objective often comes with a slight decrease in the achievement of other objectives. In Figure 11, we illustrate an example of improving accuracy, where $\theta_{acc}$ is increased from 1 to 2. We find that the increased focus on accuracy objective slightly slows down the convergence speed. As a result, when $T$ is relatively small, the performance of $\theta_{acc} = 2$ lags behind that of $\theta_{acc} = 1$. However, in the later stages, after convergence, the enhanced accuracy objective enables $\theta_{acc} = 2$ to outperform $\theta_{acc} = 1$, resulting in greater savings in the preference budget. | Settings | $\theta_{acc} = 2, \theta_{con} = 1,\theta_{sca} = 1$ | $\theta_{acc} = 1, \theta_{con} = 2,\theta_{sca} = 1$ |$\theta_{acc} = 1, \theta_{con} = 1,\theta_{sca} = 2$|$\theta_{acc} = 1, \theta_{con} = 1,\theta_{sca} = 1$| |:-:|:-:|:-:|:-:|:-:| |$\beta_{acc}$|**.7380**|.7355|.7351|.7364| |$\beta_{con}$|.9221|**.9235**|.9217|.9228| |$\beta_{sca}$|.9996|.9997|**.9998**|.9997|"	unresolved	4	Dear Reviewer 8LCX, we sincerely thank you for your valuable feedback on our submission. Below is our responses to the concerns you raised. We have incorporated these contents into the updated version of our paper, which we believe will help enhance the quality of our submission. **Since this page cannot display images, we have provided a PDF version via an anonymous link for a clearer and more complete presentation...	User-reviewed IAA second-pass confirmation on 2026-05-06; source=human-review; confirmed first-pass label.
sLQb8q0sUi__r02	ICLR 2024 v1	Fair and Efficient Contribution Valuation for Vertical Federated Learning	6: marginally above the acceptance threshold	3: You are fairly confident in your assessment. It is possible that you did not understand some parts of the submission or that you are unfamiliar with some pieces of related work. Math/other details were not carefully checked.	"[weaknesses] The writing can be improved quite a bit. - For example, $d^m$ is used for denoting the feature dimension of client $m$, but $m$ here can be easily misunderstood as exponent. Better to use $d^{(m)}$. - Quite a few places use ""Sharpley"". - It's good to provide some background about matrix completion algorithm, at least in Appendix. - In Proposition 1, what is $D^m$? What is $\gamma^m$? Again, $m$ can be easily misunderstood as exponent. - Proposition 3 can be better stated as an example instead of Proposition. I am also not too sure about the experiments. - What is the dimension of each dataset being used? - What does Table 1 supposed to tell? Is it fair to compare the Shapley value of 1 artificial client against all regular clients? - How to set the hyperparameters of $r$ and $\lambda$? I think ablation study is needed.

[questions] See weakness.

[summary] This paper extends the FedSV framework by Wang et al. (2020) to vertical federated learning setting. For synchronous setting, since the server does not have access to the data embeddings to the full dataset, the authors propose an approximation algorithm based on matrix completion given the low rank assumption. For asynchronous setting, since there are no definition of training iterations for the server, the time stamps for contribution valuation is pre-determined. The author conducted experiments to demonstrate the effectiveness of the proposed technique."	## Reply to Weakness 2 Thank you for your feedback regarding the technical novelty of our learning-based basis selection approach. We understand your concerns and appreciate the opportunity to emphasize our contributions: - We addressed an important problem rarely explored in the literature, that is, how to fairly value the contributions of different clients in the field of vertical federated learning (VFL). - Our proposed VerFedSV utilized the local embedding to construct the utility function. We have indeed employed techniques developed by pioneers in related fields (like local embeddings), but our work combines these techniques and applies them in a novel context. - VerFedSV is applicable for both synchronous and asynchronous VFL. In synchronous VFL, we utilize matrix completion to obtain the full embedding of all training sets. We demonstrate that the target embedding matrices are approximately low-rank and provide an approximation guarantee for VerFedSV. Under the asynchronous VFL setting, we show that VerFedSV successfully reflects the strength of clients' local computational resources. To conclude, our integrated VerFedSV provides a pioneering and exemplary framework for ...	"## Reply to Weakness 2 Thank you for your feedback regarding the technical novelty of our learning-based basis selection approach. We understand your concerns and appreciate the opportunity to emphasize our contributions: - We addressed an important problem rarely explored in the literature, that is, how to fairly value the contributions of different clients in the field of vertical federated learning (VFL). - Our proposed VerFedSV utilized the local embedding to construct the utility function. We have indeed employed techniques developed by pioneers in related fields (like local embeddings), but our work combines these techniques and applies them in a novel context. - VerFedSV is applicable for both synchronous and asynchronous VFL. In synchronous VFL, we utilize matrix completion to obtain the full embedding of all training sets. We demonstrate that the target embedding matrices are approximately low-rank and provide an approximation guarantee for VerFedSV. Under the asynchronous VFL setting, we show that VerFedSV successfully reflects the strength of clients' local computational resources. To conclude, our integrated VerFedSV provides a pioneering and exemplary framework for contribution evaluation in VFL, and this approach constitutes a solid contribution. ## Reply to Question 1 In the asynchronous setting, each client may require different amounts of time to complete a training iteration and may have varying batch sizes. However, in the synchronous setting, all clients have the same time per iteration and the same batch size. As described in Section 6, our approach in the asynchronous setting involves the transmission of mini-batches from the clients to the server to update the server embeddings. There is no need to use matrix completion so that the Shapley value is proportional to the client's computational strength. In the synchronous setting, we complete the full embedding, because, in this way, the entire training set is utilized for computing Shapley value, effectively avoiding potential errors from mini-batch sampling. ## Reply to Question 2 Please refer to our response in Weakness 1 regarding preparing and utilizing a separate validation set in the VFL setting. ## Reply to Minor Suggestions **Misspellings** We will ensure the misspellings are thoroughly correct in the final version. **Explanation for why the embeddings are sufficient** For linear regression, $f$ is mean square error, and for logistic regression, $f$ is cross-entropy loss. The client model can be a linear model or a neural network. We next explain why VerFedSV only relies on embeddings and is irrelevant to the function form of $f$ or whether the task is one-class or multi-class classification. We first recap the one-class case and then explain the multi-class case. In one-class case, we defined the embedding matrix $\mathcal{H}^m \in \mathbb{R}^{T \times N}$ where each element $(t,i)$ is defined as $\mathcal{H}_{t,i}^m = (h_i^m)^{(t)}$. In the context of the multi-class classification problem with $l > 2$ classes, the model parameter $\theta_m$ is in space $\mathbb{R}^{d^m \times l}$. Consequently, the embedding $h_i^m = \theta_m^\intercal x_i^m$ is in $\mathbb{R}^l$. Now, the embedding $\mathcal{H}^m$ is a tensor in $\mathbb{R}^{T \times N \times l}$. We reorder the tensor dimensions and lower it to a matrix $\mathcal{H}^m \in \mathbb{R}^{(l\cdot T) \times N}$. Regarding the general function case, $h_i^m = \theta_m^\intercal x_i^m$ becomes $h_i^m = g(x_i^m; \theta_m)$, where $g$ can be a neural network with weights $\theta_m$. VerFedSV by Definition 2 in Section 4 only requires $h^i_m$ and does not depends on does not depend on the specific form of $g$. **Explain covering number** Covering number $\mathcal{N}(\mathcal{D},\epsilon)$ represents the minimum number of ""balls"" or ""sets"" with radius $\epsilon$ that are needed to cover a given dataset $\mathcal{D}$. In other words, it quantifies the complexity of $\mathcal{D}$. Please refer to Definition 5 in Section B for detailed formulation. **Clients send the IDs** The client will send the batch $B$ that contains the IDs of data points. We will revise it in the final version. **Report $N$ and $T$** Please refer to Table 2 in Section C for the number of training data points $N$ in different datasets. As for $T$, under the synchronous setting, it is 160, 160, 800, and 320 for each dataset, and under the asynchronous setting, it is 100. We apologize for any confusion caused and assure to be clarified in the final version.

We sincerely appreciate the valuable suggestions you provided during the review process. Following your suggestions, we have devoted great effort to an expanded ablation study. We believe that these improvements have strengthened the paper substantially. In light of these efforts and the resulting improvements to the paper, we kindly hope that you could consider re-evaluating your score. We are confident that our work now better addresses your concerns, and we hope that the updates better reflect the contribution we aim to make to the field. We reply to each of the weaknesses and questions below. ## Reply to Weakness on Writing Thank you for your suggestions on writing and clarity. We will revise $d^m$ to $d^{(m)}$ to prevent potential misinterpretation and will thoroughly correct the typos. Concerning the utilization of low-rank matrix completion, we initially introduced its motivation, formulation, and application in Section 5. We will further enrich the backgrounds for its solving algorithm in the appendix, including a taxonomy of existing algorithms and more detailed explanations. In Proposition 1, $\mathcal{D}^{(m)}$ is the local data set for client $m$ defined in Section 3. Regarding the term $\gamma^{(m)}$, we deeply regret any confusion it may cause. This term is defined in Section B.2 as the bound on the $L_2$ norm of the model parameters. To be specific, it is denoted as $\gamma^{(m)} = \max_{t \in [T]}\|\theta_m^{(t)}\|$. Finally, in line with your recommendations, we will revise the notation $\cdot^m$ to $\cdot^{(m)}$ and state Proposition 3 as an Example to enhance understanding. ## Reply to Questions on Experiments **Question 1** For the dimension of each dataset, please refer to Table 2 (Metadata of all data sets) in the paper. **Question 2** Table 1 reveals that artificial clients, which submit randomly generated features, are assigned substantially lower Shapley values compared to regular clients providing real features. In this table, the Shapley value of one artificial client is compared against that of the regular clients. This setup’s purpose is to show that artificial clients are indeed evaluated as having lower contributions. **Question 3** The hyperparameter $r$ is based on approximated $\epsilon$-rank in our experiment. As for $\lambda$, we observe that the performance of VerFedSV remains relatively insensitive across a wide range of $\lambda$. To support these observations, we conduct new ablation studies as follows. We define a deviation metric for the upcoming ablation study. For client $i$, denote its percentage of VerFedSV relative to the total VerFedSV from all clients as $s_i$. These VerFedSVs are calculated using matrix completion to estimate all embeddings. Meanwhile, we compute a ground-truth scenario where full embeddings are calculated in each training round. In this scenario, the percentage of Shapley value for client i relative to the sum of all Shapley values is denoted as $ s_{i}^{gt} $ . With $M$ representing the number of clients, the deviation metric is defined as $\frac{1}{M} \sum_{m=1}^{M} \frac{|s_m - s^{gt}_m|}{s^{gt}_m} $. Please refer to this [anonymous link](https://drive.google.com/file/d/14273cwj05-QrdUab_AXa8wSnswo5QHki/view?usp=drive_link) for the results. The left part of the figure displays the deviation w.r.t the hyperparameter $r$, based on five independent runs. The median deviation of these runs is depicted by the solid line, while the shaded area represents the interquartile range (25% to 75% quantiles) of deviations. Take the Adult dataset as an example for analysis. The figure demonstrates that deviations are significant for $r<5$, since inadequate rank cannot accurately recover full embeddings. However, deviation decreases rapidly as $r$ increases and stabilizes at a low value when $r\ge 5$. Practically, obtaining full embeddings is resource-intensive due to communication costs or limited resources on the client side. Thus, approximating $\epsilon$ rank may be difficult. However, the server (with sufficient computational resources), after collecting the mini-batch embeddings, can test with several increasing values of $r$. The Shapley value will converge to the ground-truth value as revealed by our ablation study. The right part of the figure illustrates the deviation w.r.t the hyperparameter $\lambda$. It demonstrates that the performance of VerFedSV remains relatively insensitive across a wide range of $\lambda$ and we can safely set $\lambda=0.1$ for various datasets.

We sincerely appreciate your positive comments and valuable feedback on our paper. We reply to each of the weaknesses and questions below. ## Reply to Weakness 1 Thank you for your valuable feedback. Our experiments indeed encompass multi-class (e.g., on Covtype) and general function cases (e.g., 2-layer perceptron model on RCV1). We will ensure providing concrete explanations in the final version. We first recap the one-class case and then explain the multi-class case. In one-class case, we defined the embedding matrix $\mathcal{H}^m \in \mathbb{R}^{T \times N}$ where each element $(t,i)$ is defined as $\mathcal{H}_{t,i}^m = (h_i^m)^{(t)}$. In the context of the multi-class classification problem with $l > 2$ classes, the model parameter $\theta_m$ is in space $\mathbb{R}^{d^m \times l}$. Consequently, the embedding $h_i^m = \theta_m^\intercal x_i^m$ is in $\mathbb{R}^l$. Now, the embedding $\mathcal{H}^m$ is a tensor in $\mathbb{R}^{T \times N \times l}$. We reorder the tensor dimensions and lower it to a matrix $\mathcal{H}^m \in \mathbb{R}^{(l\cdot T) \times N}$. Regarding the general function case, $h_i^m = \theta_m^\intercal x_i^m$ becomes $h_i^m = g(x_i^m; \theta_m)$, where $g$ can be a neural network with weights $\theta_m$. Since our method does not depend on the specific form of $g$ and only requires $h_i^m$, it can be extended to the general function case. Admittedly, Proposition 1 on the bound of embedding matrix’s $\epsilon$-rank may not necessarily hold. However, in practice (See Section 7.1, RCV1 dataset) we still observe that embedding is approximately low-rank, so matrix completion is still an effective strategy. ## Reply to Weakness 2 Thank you for your feedback on the baselines. We would like to mention that data Shapley value [1] can be easily extended to the HFL scenario but not to the VFL scenario. This is because VFL's clients partition the dataset along feature dimensions, while the data Shapley value [1] was designed to assess the importance of individual data points. We would like to draw the reviewer's attention to our extra experiment in Section D.2, where SHAP [2] is employed as a baseline to test whether VerFedSV reflects the importance of clients’ local features. It is worth noting that the SHAP baseline cannot be directly applied to the VFL task, as it requires access to all the local datasets and may breach privacy. Nevertheless, the results presented in Table 5 of Section D.2 indicate that VerFedSV is indeed capable of capturing feature importance. [1] Amirata Ghorbani, James Y. Zou. Data Shapley: Equitable Valuation of Data for Machine Learning. ICML 2019: 2242-2251 [2] Scott M. Lundberg, Su-In Lee. A Unified Approach to Interpreting Model Predictions. NeurIPS 2017: 4765-4774 ## Reply to Question 1 In VerFedSV, it will be inefficient to sum over all subsets $S\subset[M]$. However, this is a common issue in Shapley Value and well-studied in literature. Various sampling methods [1,3] are proposed for this issue. In our experiment, as mentioned in Section C, VerFedSV is computed exactly when the number of clients $M \le 10$, and approximately using Monte-Carlo sampling when the number of clients $M > 10$. VerFedSV is efficient because it does not require model retraining. The key idea is to calculate the Shapley value for a client in each iteration of training and then aggregate these values over all iterations to determine the final contribution of the client. [3] Jiayao Zhang, Qiheng Sun, Jinfei Liu, Li Xiong, Jian Pei, Kui Ren. Efficient Sampling Approaches to Shapley Value Approximation. Proc. ACM Manag. Data 1(1): 48:1-48:24 (2023) ## Reply to Question 2 FedSV [4] and VerFedSV are applied in different scenarios -- HFL and VFL, respectively. Furthermore, it's worth noting that FedSV is specifically designed for the synchronousFL setting and relies on training rounds. In contrast, VerFedSV in Section 6 applies to the asynchronous FL setting. [4] Tianhao Wang, Johannes Rausch, Ce Zhang, Ruoxi Jia, Dawn Song. A Principled Approach to Data Valuation for Federated Learning. Federated Learning 2020: 153-167"	"We sincerely appreciate the valuable suggestions you provided during the review process. Following your suggestions, we have devoted great effort to an expanded ablation study. We believe that these improvements have strengthened the paper substantially. In light of these efforts and the resulting improvements to the paper, we kindly hope that you could consider re-evaluating your score. We are confident that our work now better addresses your concerns, and we hope that the updates better reflect the contribution we aim to make to the field. We reply to each of the weaknesses and questions below. ## Reply to Weakness on Writing Thank you for your suggestions on writing and clarity. We will revise $d^m$ to $d^{(m)}$ to prevent potential misinterpretation and will thoroughly correct the typos. Concerning the utilization of low-rank matrix completion, we initially introduced its motivation, formulation, and application in Section 5. We will further enrich the backgrounds for its solving algorithm in the appendix, including a taxonomy of existing algorithms and more detailed explanations. In Proposition 1, $\mathcal{D}^{(m)}$ is the local data set for client $m$ defined in Section 3. Regarding the term $\gamma^{(m)}$, we deeply regret any confusion it may cause. This term is defined in Section B.2 as the bound on the $L_2$ norm of the model parameters. To be specific, it is denoted as $\gamma^{(m)} = \max_{t \in [T]}\|\theta_m^{(t)}\|$. Finally, in line with your recommendations, we will revise the notation $\cdot^m$ to $\cdot^{(m)}$ and state Proposition 3 as an Example to enhance understanding. ## Reply to Questions on Experiments **Question 1** For the dimension of each dataset, please refer to Table 2 (Metadata of all data sets) in the paper. **Question 2** Table 1 reveals that artificial clients, which submit randomly generated features, are assigned substantially lower Shapley values compared to regular clients providing real features. In this table, the Shapley value of one artificial client is compared against that of the regular clients. This setup’s purpose is to show that artificial clients are indeed evaluated as having lower contributions. **Question 3** The hyperparameter $r$ is based on approximated $\epsilon$-rank in our experiment. As for $\lambda$, we observe that the performance of VerFedSV remains relatively insensitive across a wide range of $\lambda$. To support these observations, we conduct new ablation studies as follows. We define a deviation metric for the upcoming ablation study. For client $i$, denote its percentage of VerFedSV relative to the total VerFedSV from all clients as $s_i$. These VerFedSVs are calculated using matrix completion to estimate all embeddings. Meanwhile, we compute a ground-truth scenario where full embeddings are calculated in each training round. In this scenario, the percentage of Shapley value for client i relative to the sum of all Shapley values is denoted as $ s_{i}^{gt} $ . With $M$ representing the number of clients, the deviation metric is defined as $\frac{1}{M} \sum_{m=1}^{M} \frac{|s_m - s^{gt}_m|}{s^{gt}_m} $. Please refer to this [anonymous link](https://drive.google.com/file/d/14273cwj05-QrdUab_AXa8wSnswo5QHki/view?usp=drive_link) for the results. The left part of the figure displays the deviation w.r.t the hyperparameter $r$, based on five independent runs. The median deviation of these runs is depicted by the solid line, while the shaded area represents the interquartile range (25% to 75% quantiles) of deviations. Take the Adult dataset as an example for analysis. The figure demonstrates that deviations are significant for $r<5$, since inadequate rank cannot accurately recover full embeddings. However, deviation decreases rapidly as $r$ increases and stabilizes at a low value when $r\ge 5$. Practically, obtaining full embeddings is resource-intensive due to communication costs or limited resources on the client side. Thus, approximating $\epsilon$ rank may be difficult. However, the server (with sufficient computational resources), after collecting the mini-batch embeddings, can test with several increasing values of $r$. The Shapley value will converge to the ground-truth value as revealed by our ablation study. The right part of the figure illustrates the deviation w.r.t the hyperparameter $\lambda$. It demonstrates that the performance of VerFedSV remains relatively insensitive across a wide range of $\lambda$ and we can safely set $\lambda=0.1$ for various datasets.

We sincerely appreciate your positive comments and valuable feedback on our paper. We reply to each of the weaknesses and questions below. ## Reply to Weakness 1 Thank you for your valuable feedback. Our experiments indeed encompass multi-class (e.g., on Covtype) and general function cases (e.g., 2-layer perceptron model on RCV1). We will ensure providing concrete explanations in the final version. We first recap the one-class case and then explain the multi-class case. In one-class case, we defined the embedding matrix $\mathcal{H}^m \in \mathbb{R}^{T \times N}$ where each element $(t,i)$ is defined as $\mathcal{H}_{t,i}^m = (h_i^m)^{(t)}$. In the context of the multi-class classification problem with $l > 2$ classes, the model parameter $\theta_m$ is in space $\mathbb{R}^{d^m \times l}$. Consequently, the embedding $h_i^m = \theta_m^\intercal x_i^m$ is in $\mathbb{R}^l$. Now, the embedding $\mathcal{H}^m$ is a tensor in $\mathbb{R}^{T \times N \times l}$. We reorder the tensor dimensions and lower it to a matrix $\mathcal{H}^m \in \mathbb{R}^{(l\cdot T) \times N}$. Regarding the general function case, $h_i^m = \theta_m^\intercal x_i^m$ becomes $h_i^m = g(x_i^m; \theta_m)$, where $g$ can be a neural network with weights $\theta_m$. Since our method does not depend on the specific form of $g$ and only requires $h_i^m$, it can be extended to the general function case. Admittedly, Proposition 1 on the bound of embedding matrix’s $\epsilon$-rank may not necessarily hold. However, in practice (See Section 7.1, RCV1 dataset) we still observe that embedding is approximately low-rank, so matrix completion is still an effective strategy. ## Reply to Weakness 2 Thank you for your feedback on the baselines. We would like to mention that data Shapley value [1] can be easily extended to the HFL scenario but not to the VFL scenario. This is because VFL's clients partition the dataset along feature dimensions, while the data Shapley value [1] was designed to assess the importance of individual data points. We would like to draw the reviewer's attention to our extra experiment in Section D.2, where SHAP [2] is employed as a baseline to test whether VerFedSV reflects the importance of clients’ local features. It is worth noting that the SHAP baseline cannot be directly applied to the VFL task, as it requires access to all the local datasets and may breach privacy. Nevertheless, the results presented in Table 5 of Section D.2 indicate that VerFedSV is indeed capable of capturing feature importance. [1] Amirata Ghorbani, James Y. Zou. Data Shapley: Equitable Valuation of Data for Machine Learning. ICML 2019: 2242-2251 [2] Scott M. Lundberg, Su-In Lee. A Unified Approach to Interpreting Model Predictions. NeurIPS 2017: 4765-4774 ## Reply to Question 1 In VerFedSV, it will be inefficient to sum over all subsets $S\subset[M]$. However, this is a common issue in Shapley Value and well-studied in literature. Various sampling methods [1,3] are proposed for this issue. In our experiment, as mentioned in Section C, VerFedSV is computed exactly when the number of clients $M \le 10$, and approximately using Monte-Carlo sampling when the number of clients $M > 10$. VerFedSV is efficient because it does not require model retraining. The key idea is to calculate the Shapley value for a client in each iteration of training and then aggregate these values over all iterations to determine the final contribution of the client. [3] Jiayao Zhang, Qiheng Sun, Jinfei Liu, Li Xiong, Jian Pei, Kui Ren. Efficient Sampling Approaches to Shapley Value Approximation. Proc. ACM Manag. Data 1(1): 48:1-48:24 (2023) ## Reply to Question 2 FedSV [4] and VerFedSV are applied in different scenarios -- HFL and VFL, respectively. Furthermore, it's worth noting that FedSV is specifically designed for the synchronousFL setting and relies on training rounds. In contrast, VerFedSV in Section 6 applies to the asynchronous FL setting. [4] Tianhao Wang, Johannes Rausch, Ce Zhang, Ruoxi Jia, Dawn Song. A Principled Approach to Data Valuation for Federated Learning. Federated Learning 2020: 153-167

We sincerely appreciate your positive comments and valuable feedback on our paper. Following your feedback, we have made significant efforts to conduct comparison experiments. We are confident that these efforts have greatly enhanced the quality and strength of our paper. In light of this enhancement to the paper, we kindly hope that you could consider re-evaluating your score. We are confident that our work now better addresses your concerns, and we hope that the updates better reflect the contribution we aim to make to the field. We reply to each of the weaknesses and questions below. ## Reply to Weakness 1 Thank you for your valuable feedback. We extend the experiments to compare with alternatives including request embeddings for all data points and based on update mini-batch. We first define a deviation metric for the upcoming comparison experiments. For client $i$, denote its percentage of VerFedSV relative to the total VerFedSV from all clients as $s_i$. These VerFedSVs are calculated using matrix completion to estimate all embeddings. Meanwhile, we compute a ground-truth scenario where full embeddings are calculated in each training round. In this scenario, the percentage of Shapley value for client i relative to the sum of all Shapley values is denoted as $s_i^{gt}$. With $M$ representing the number of clients, the metric Deviation(VerFedSV, Ground truth) is defined as $\frac{1}{M} \sum_{m=1}^{M} \frac{|s_m - s^{gt}_m|}{s^{gt}_m}$. Similarly, the metric Deviation(Mini-batch, Ground truth) measures the deviation of Shapley value computed with mini-batch from the ground-truth scenario. The comparison results are shown as follows. The deviation metric is shown in mean$\pm$std format, where mean and std are calculated from 5 independent runs. | | Adult | Web | Covtype | RCV1 | |-|-|-|-|-| | VerFedSV | $0.058\pm 0.039$| $0.095\pm 0.051$ | $0.309\pm 0.041$ | $0.558\pm 0.117$ | | Mini-batch | $0.047\pm 0.150$ | $0.110 \pm0.300$ | $0.319\pm 0.057$ | $0.559\pm 0.268$ | To conclude, VerFedSV stably achieves low deviation since it can accurately recover the full embeddings. In contrast, the Shapley values under the Mini-batch scenario exhibit a larger variance than VerFedSV. Preparing a separate validation set under the VFL scenario is a non-trivial research topic. In the VFL scenario, the server should not possess any knowledge about the client dataset, including even the feature dimensions. The server and clients have to collaborate prudently and complicatedly to prepare and utilize the validation set while properly addressing the privacy issue. Considering this challenge, we propose using the full training set directly. This approach offers several advantages. Firstly, it utilizes the entire training set for computing Shapley value, thereby avoiding potential errors introduced by sampling mini-batches. Additionally, it ensures that the computation process of the Shapley value does not leak private information and that the resulting Shapley value remains private to each client. For baselines, we would like to draw the reviewer's attention to SHAP [1] baseline in Section D.2. This experiment shows that VerFedSV reflects the importance of clients’ local features. However, to the best of our knowledge, no other suitable baseline exists that considers both privacy and fairness simultaneously. Actually, the SHAP baseline cannot be directly applied to the VFL task, as it requires access to all the local datasets and may breach privacy. Meanwhile, the baselines involving the model-independent utility would cause fairness issue in the asynchronous VFL scenario, since they rely on the client's data but ignores the computational resources contributed by the client. To explain this, we have an example in Sec. 7.2. Imagine two clients with identical datasets. Using the model-independent utility function, both clients would be evaluated as having equal contributions. However, in an asynchronous environment, Client 1 may have superior hardware and transmission power. This advantage allows for a larger batch size and facilitates more frequent communication, resulting in a higher number of asynchronous training rounds. In such a scenario, Client 1's contribution should be greater, yet the model-independent utility function fails to recognize this, leading to an unfair assessment. [2] Scott M. Lundberg, Su-In Lee. A Unified Approach to Interpreting Model Predictions. NeurIPS 2017: 4765-4774"	unresolved	4	Context fallback from aligned response context: ## Reply to Weakness 2 Thank you for your feedback regarding the technical novelty of our learning-based basis selection approach. We understand your concerns and appreciate the opportunity to emphasize our contributions: - We addressed an important problem rarely explored in the literature, that is, how to fairly value the contributions of different...	User-reviewed IAA second-pass confirmation on 2026-05-06; source=human-review; confirmed first-pass label.
yqe0BZeN_xH__r02	ICLR 2023 random80 v1	SwinZS3: Zero-Shot Semantic Segmentation with a Swin Transformer		4: You are confident in your assessment, but not absolutely certain. It is unlikely, but not impossible, that you did not understand some parts of the submission or that you are unfamiliar with some pieces of related work.	"[confidence] 4: You are confident in your assessment, but not absolutely certain. It is unlikely, but not impossible, that you did not understand some parts of the submission or that you are unfamiliar with some pieces of related work.

[summary_of_the_paper] The article proposed a new network SwinZS3 that applies swin transformer to the zero-shot semantic segmentation domain. Experimental results on PASCAL VOC and PASCAL Context show that the method proposed in this paper outperforms existing methods.

[strength_and_weaknesses] Strength -The proposed method achieved relatively good results on benchmarks. Weakness -The presentation of some parts of the article is unclear. For example I'm confused about the structure of Language Encoder, but the article doesn't explain what it is throughout. -There are many problems with the layout and writing of the article. For example, there is incorrect capitalization in the first line of section 3.1 and missing spaces in line 4. There is confusion about the case of symbols in section 3.4. -Some recent related papers are not cited. Such as [1, 2, 3] [1] https://arxiv.org/abs/2112.14757 [2] https://openaccess.thecvf.com/content/CVPR2022/papers/Ding_Decoupling_Zero-Shot_Semantic_Segmentation_CVPR_2022_paper.pdf [3] https://arxiv.org/abs/2202.11094"		"Q1: The structure of Language Encoder. A1: The Language Encoder which we use in paper is just an MLP layer. We have add this explanation on our paper. Thanks for your advice! Q2: There are many problems with the layout and writing of the article. For example, there is incorrect capitalization in the first line of section 3.1 and missing spaces in line 4. There is confusion about the case of symbols in section 3.4. A2: We have carefully proofread the article and have made the corresponding revision and make sure the use of symbols is consistent. Q3: Some recent related papers are not cited. Such as [1, 2, 3]\\ A3: These papers are cited in the new version. Thanks! Q4: Due to lack of novelty, unfair experimental comparisons, and poor paper writing, the reviewer suggests rejecting this paper in its current form. The paper needs major revision before resubmitting. A4: Actually, it is not easy to use the swin transformer to ZS3. There are at least three questions to get good reasonable and good results. (1) For the pixel-text feature aligning work, what the network should be modified? For this, we did modify the swin-transformer pooling layer from avg pooling to max pooling. Because the avg pooling will cause the semantic shift problem, and we give a visual results in the supplementary material for explaining this problem. For the zero-shot pixel-text framework, the avgpooling will cause the forground feature and background feature shift. And we think the maxpooling could alleviate this problem. (2) How to pretrain the swin-transformer? There are at least three chooses. 1. Using the common Imagenet pretrained weight. It is not good for the supervision leakage. 2 Using the Imagnet dataset and removing the unseen classes labeled images. 3 Using the self-supervised weight. We did a lot of experiment for choosing the self-supervised weight. (3) The super-parameters setting. So, it is a basic but necessary work for adopting the swin-transformer to the zero-shot semantic segmentation. And the cross-entropy loss, regression loss, semantic consistency loss is not the key points in our paper, we never claim that this is our innovation. Though the pixel-score map is used in some works, the pixel-score decision boundary is never used in previous zero-shot works. We hope you could consider this job and your score more seriously. Thanks for you very much.

Q1:. It seems that the paper claims its novelty as using Swin Transformer, however, Swin Transformer has been widely used in CV community, and simply adopting it as the backbone is not novel. A1: Actually, it is not easy to use the swin transformer to ZS3. There are at least three questions to get good reasonable and good results. (1) For the pixel-text feature aligning work, what the network should be modified? For this, we did modify the swin-transformer pooling layer from avg pooling to max pooling. Because the avg pooling will cause the semantic shift problem, and we give a visual results for explaining this problem. For the zero-shot pixel-text framework, the avgpooling will cause the forground feature and background feature shift. And we think the maxpooling could alleviate this problem. (2) How to pretrain the swin-transformer? There are at least three chooses. 1. Using the common Imagenet pretrained weight. It is not good for the supervision leakage. 2 Using the Imagnet dataset and removing the unseen classes labeled images. 3 Using the self-supervised weight. We did a lot of experiment for choosing the self-supervised weight. (3) The super-parameters setting. So, it is a basic but necessary work for adopting the swin-transformer to the zero-shot semantic segmentation. And the cross-entropy loss, regression loss, semantic consistency loss is not the key points in our paper, we never claim that this is our innovation. Though the pixel-score map is used in some works, the pixel-score decision boundary is never used in previous zero-shot works. We hope you could consider this job and your score more seriously. Thanks for you very much. Q2: The comparisons of the experiments (Table. 2) might be unfair. It uses stronger backbone (Swin Transformer) network compared to other methods. Please add experiments of DeepLabV3+ for all K in Table. 2. A2: In table.2 all the others use the Deeplabv3+ actually. The JoEm is one of the typical approach for discriminative zero-shot semantic segmentation models using Deeplabv3+. And for the approach we proposed, the ablatin table.1 gives a resonable compare bettween Deeplabv3+ and swin-transformer. Q3:Please also discuss the relationship with CLIP-based zero-shot segmentation methods in the related work section. A3: We mentioned the CLIP-based methods in our introduction. Actually, we argue that the CLIP-based methods are not really zero-shot. Because we have used the labeled images or object for training the CLIP models. But the zero-shot model should never see the image-class label. So, for word2vec ZSSS works, it is not necessary to cite the CLIP-based methods in related work. Q4: The paper writing needs significant improvement and careful revision. (1) The use of symbols is inconsistent. Does s in Eq.4 and Eq.6 the same? Some times N is used for the number of seen categories, sometimes K is used. (2) The introduction of ""regression loss"" is mostly unclear. where does semantic feature maps (s) come from? (3) The use of citation is wrong throughout the whole paper. (4) There are many typos. for example, extra ""()"" in Table. 2; ""deeplabv3+"" and ""Deeplabv3+"" in Table. 1. A4: We have carefully proofread the article and have made the corresponding revision and make sure the use of symbols is consistent.

Q1: The text flow feels irregular. A1: We have carefully proofread the article and have made the corresponding revision and make sure the use of symbols is consistent. Q2: Unseen-10 split results seem to be missing for both Pascal VOC and Pascal Context datasets. A2: We put the results in the supplementary material rebuttal pdf. Due to papes limitations, we did not put the results in the camera-ready paper. Though the Unseen-2 -8 split results are enough to illustrate its performance, we consider adjusting the paper for adding the Unseen-10 split results. Thanks for your advice. Q3：The work has limited novelty: there are already uses of transformer models for semantic segmentation problems, the architecture change itself is not very interesting, and the other contributions are mainly adaptations of existing ZSL/semantic segmentation formulations. Due to the reasons mentioned above, the study includes various deficiencies in reproducibility. A3: Actually, it is not easy to use the swin transformer to ZS3. There are at least three questions to get good reasonable and good results. (1) For the pixel-text feature aligning work, what the network should be modified? For this, we did modify the swin-transformer pooling layer from avg pooling to max pooling. Because the avg pooling will cause the semantic shift problem, and we give a visual results in the supplementary material for explaining this problem. For the zero-shot pixel-text framework, the avgpooling will cause the forground feature and background feature shift. And we think the maxpooling could alleviate this problem. (2) How to pretrain the swin-transformer? There are at least three chooses. 1. Using the common Imagenet pretrained weight. It is not good for the supervision leakage. 2 Using the Imagnet dataset and removing the unseen classes labeled images. 3 Using the self-supervised weight. We did a lot of experiment for choosing the self-supervised weight. (3) The super-parameters setting."	"Q1:. It seems that the paper claims its novelty as using Swin Transformer, however, Swin Transformer has been widely used in CV community, and simply adopting it as the backbone is not novel. A1: Actually, it is not easy to use the swin transformer to ZS3. There are at least three questions to get good reasonable and good results. (1) For the pixel-text feature aligning work, what the network should be modified? For this, we did modify the swin-transformer pooling layer from avg pooling to max pooling. Because the avg pooling will cause the semantic shift problem, and we give a visual results for explaining this problem. For the zero-shot pixel-text framework, the avgpooling will cause the forground feature and background feature shift. And we think the maxpooling could alleviate this problem. (2) How to pretrain the swin-transformer? There are at least three chooses. 1. Using the common Imagenet pretrained weight. It is not good for the supervision leakage. 2 Using the Imagnet dataset and removing the unseen classes labeled images. 3 Using the self-supervised weight. We did a lot of experiment for choosing the self-supervised weight. (3) The super-parameters setting. So, it is a basic but necessary work for adopting the swin-transformer to the zero-shot semantic segmentation. And the cross-entropy loss, regression loss, semantic consistency loss is not the key points in our paper, we never claim that this is our innovation. Though the pixel-score map is used in some works, the pixel-score decision boundary is never used in previous zero-shot works. We hope you could consider this job and your score more seriously. Thanks for you very much. Q2: The comparisons of the experiments (Table. 2) might be unfair. It uses stronger backbone (Swin Transformer) network compared to other methods. Please add experiments of DeepLabV3+ for all K in Table. 2. A2: In table.2 all the others use the Deeplabv3+ actually. The JoEm is one of the typical approach for discriminative zero-shot semantic segmentation models using Deeplabv3+. And for the approach we proposed, the ablatin table.1 gives a resonable compare bettween Deeplabv3+ and swin-transformer. Q3:Please also discuss the relationship with CLIP-based zero-shot segmentation methods in the related work section. A3: We mentioned the CLIP-based methods in our introduction. Actually, we argue that the CLIP-based methods are not really zero-shot. Because we have used the labeled images or object for training the CLIP models. But the zero-shot model should never see the image-class label. So, for word2vec ZSSS works, it is not necessary to cite the CLIP-based methods in related work. Q4: The paper writing needs significant improvement and careful revision. (1) The use of symbols is inconsistent. Does s in Eq.4 and Eq.6 the same? Some times N is used for the number of seen categories, sometimes K is used. (2) The introduction of ""regression loss"" is mostly unclear. where does semantic feature maps (s) come from? (3) The use of citation is wrong throughout the whole paper. (4) There are many typos. for example, extra ""()"" in Table. 2; ""deeplabv3+"" and ""Deeplabv3+"" in Table. 1. A4: We have carefully proofread the article and have made the corresponding revision and make sure the use of symbols is consistent.

Q1: Abut the English grammar mistakes in the paper. A1: Thanks for your correction. We have carefully proofread the article and have made the corresponding revision and make sure the use of symbols is consistent. Q2: No ablation experiments for Lsc and Lr, which are described as sub-sections of the technical contribution in the approach. A2: We have add the ablation experiments for Lsc and Lr for Deeplabv3+ and SwinZS3 in table1. Thanks for your advice.

Q1: The structure of Language Encoder. A1: The Language Encoder which we use in paper is just an MLP layer. We have add this explanation on our paper. Thanks for your advice! Q2: There are many problems with the layout and writing of the article. For example, there is incorrect capitalization in the first line of section 3.1 and missing spaces in line 4. There is confusion about the case of symbols in section 3.4. A2: We have carefully proofread the article and have made the corresponding revision and make sure the use of symbols is consistent. Q3: Some recent related papers are not cited. Such as [1, 2, 3]\\ A3: These papers are cited in the new version. Thanks! Q4: Due to lack of novelty, unfair experimental comparisons, and poor paper writing, the reviewer suggests rejecting this paper in its current form. The paper needs major revision before resubmitting. A4: Actually, it is not easy to use the swin transformer to ZS3. There are at least three questions to get good reasonable and good results. (1) For the pixel-text feature aligning work, what the network should be modified? For this, we did modify the swin-transformer pooling layer from avg pooling to max pooling. Because the avg pooling will cause the semantic shift problem, and we give a visual results in the supplementary material for explaining this problem. For the zero-shot pixel-text framework, the avgpooling will cause the forground feature and background feature shift. And we think the maxpooling could alleviate this problem. (2) How to pretrain the swin-transformer? There are at least three chooses. 1. Using the common Imagenet pretrained weight. It is not good for the supervision leakage. 2 Using the Imagnet dataset and removing the unseen classes labeled images. 3 Using the self-supervised weight. We did a lot of experiment for choosing the self-supervised weight. (3) The super-parameters setting. So, it is a basic but necessary work for adopting the swin-transformer to the zero-shot semantic segmentation. And the cross-entropy loss, regression loss, semantic consistency loss is not the key points in our paper, we never claim that this is our innovation. Though the pixel-score map is used in some works, the pixel-score decision boundary is never used in previous zero-shot works. We hope you could consider this job and your score more seriously. Thanks for you very much."	unresolved	4	Q1: The structure of Language Encoder. A1: The Language Encoder which we use in paper is just an MLP layer. We have add this explanation on our paper. Thanks for your advice! Q2: There are many problems with the layout and writing of the article. For example, there is incorrect capitalization in the first line of section 3.1 and missing spaces in line 4. There is confusion about the case of symbols in section 3.4....	User-reviewed IAA second-pass confirmation on 2026-05-06; source=human-review; confirmed first-pass label.
ywAjQw-spmY__r03	ICLR 2023 random80 v1	Formal Specifications from Natural Language		4: You are confident in your assessment, but not absolutely certain. It is unlikely, but not impossible, that you did not understand some parts of the submission or that you are unfamiliar with some pieces of related work.	"[confidence] 4: You are confident in your assessment, but not absolutely certain. It is unlikely, but not impossible, that you did not understand some parts of the submission or that you are unfamiliar with some pieces of related work.

[summary_of_the_paper] The ability of language models to translate from natural language into formal languages is studied. Concretely, regular expressions, first-order logic and linear-time temporal logic are considered as target languages. Four new synthetic datasets are created to measure success on the latter two languages. Experiments indicate that off-the-shelf fine-tuned Transformer models can handle the chosen tasks reasonably well. Some efforts are made to consider some axes of generalization in the experiments.

[strength_and_weaknesses] * (+) Evaluating the ability to translate natural language into formal languages is important for better human/computer interfaces. * (-) The generated datasets are unrepresentative of _natural_ language. (see the examples in Sect 4.2 and 4.3)"		We genuinely thank the reviewers for taking the time to review our submission and for their valuable suggestions on improving the paper's presentation. There are a few points, however, where we disagree with the assessment of our submission: 1) The datasets are unrepresentative of natural language: The datasets for regex and FOL are based on natural language snippets and standard datasets. Considering the synthetically generated LTL datasets: The contribution of this paper is the observation that after fine-tuning, a) the LM learns the complex semantics of the specification languages from the synthetic data and b) transfers their “knowledge” of natural language from pre-training. This was far from obvious when starting this project, as either: “forgetting” during fine-tuning or poor accuracy (or both) of the off-the-shelf LM would be likely. 2) Methodology: The low technical entry barrier of our approach is a significant benefit over previous work. It is a specification language agnostic, open-source, simple, and resource-saving approach. As mentioned above, it is far from obvious that the off-the-shelf LM would be competitive due to either “forgetting” knowledge of the natural language during fine-tuning or resulting in poor accuracy compared to previous approaches engineered to particular specification languages. 3) Not interesting for the community and not practical: We disagree. We consider the findings of this paper valuable for the formal methods and ml communities. All specification languages considered in this paper find application in practice. The observations in this paper open novel research directions in the intersection of formal approaches in computer science and deep learning on natural language.	We genuinely thank the reviewers for taking the time to review our submission and for their valuable suggestions on improving the paper's presentation. There are a few points, however, where we disagree with the assessment of our submission: 1) The datasets are unrepresentative of natural language: The datasets for regex and FOL are based on natural language snippets and standard datasets. Considering the synthetically generated LTL datasets: The contribution of this paper is the observation that after fine-tuning, a) the LM learns the complex semantics of the specification languages from the synthetic data and b) transfers their “knowledge” of natural language from pre-training. This was far from obvious when starting this project, as either: “forgetting” during fine-tuning or poor accuracy (or both) of the off-the-shelf LM would be likely. 2) Methodology: The low technical entry barrier of our approach is a significant benefit over previous work. It is a specification language agnostic, open-source, simple, and resource-saving approach. As mentioned above, it is far from obvious that the off-the-shelf LM would be competitive due to either “forgetting” knowledge of the natural language during fine-tuning or resulting in poor accuracy compared to previous approaches engineered to particular specification languages. 3) Not interesting for the community and not practical: We disagree. We consider the findings of this paper valuable for the formal methods and ml communities. All specification languages considered in this paper find application in practice. The observations in this paper open novel research directions in the intersection of formal approaches in computer science and deep learning on natural language.	partially_fixed	4	We genuinely thank the reviewers for taking the time to review our submission and for their valuable suggestions on improving the paper's presentation. There are a few points, however, where we disagree with the assessment of our submission: 1) The datasets are unrepresentative of natural language: The datasets for regex and FOL are based on natural language snippets and standard datasets. Considering the...	User-reviewed IAA second-pass confirmation on 2026-05-06; source=human-review; confirmed first-pass label.
