priority_score	issue_id	paper_title	review_rating	review_confidence	suggested_label	suggestion_source	suggestion_note	silver_label	heuristic_label	tfidf_label	modernbert_label	mpnet_label	issue_ledger_label	structured_label	review_excerpt	top_response_excerpt	aligned_response_excerpt	revision_summary	silver_comment	gold_label	evidence_span	notes
6.200	lF2aip4Scn__r04	Demonstration-Regularized RL	6: marginally above the acceptance threshold	2: You are willing to defend your assessment, but it is quite likely that you did not understand the central parts of the submission or that you are unfamiliar with some pieces of related work. Math/other details were not carefully checked.	unresolved	priority_secondary_tfidf	tfidf=unresolved; structured=fixed		regressed	unresolved	fixed	fixed	fixed	fixed	"[weaknesses] There are several technical weaknesses in my opinion. The main weakness is in my opinion that the setting seems 1) The lower bound in Theorem 2 turns unfortunately vacuous in the limit of $\gamma \rightarrow 0$. 2) It is unclear why the class of linear policies at the third line of Section 3.2 is considered to be not learnable. In fact, under this choice [1] proves in their Theorem 5 that it is possible to recover an $\epsilon$-suboptimal policy compared to the expert with behavioural cloning. 3) Corollary 3 requires the expert to be $\mathcal{O}(\epsilon)$ optimal but I would expect that, given the reward knowledge, it should be possible to prove a sample complexity bound without the assumption on the $\mathcal{O}(\epsilon)$ optimality of the expert. To see this think to the case of any BPI algorithm which requires no expert at all to learn an $\epsilon$-optimal policy. 4) I think that Lemma 11 should be referred as the standard performance difference lemma. 5) Just before Corollary 3, it is said that ""UCBVI-Ent+ algorithm for regularized BPI. It is a modification of the algorithm UCBVI-Ent by Tiapkin et al. (2023) with improvement sample complexity"". However, it is not explained which is the crucial difference between the two algorithms. In particular, also the settings are different because UCBVI-Ent+ uses reward information while UCBVI-Ent can be used only for maximum entropy exploration and not to solve Regularized MDPs but this difference is not explained in the main text. [1] ( Rajamaran et al., 2021 ) On the Value of Interaction and Function Approximation in Imitation Learning.

[questions] Q1) Is it possible to prove a bound which does not require the assumption that the expert is $\epsilon$ optimal ? Q2) Why the regularization is needed in the tabular case but not in the linear one ? I am referring to Section 3.2 Q3) How can UCBVI-Ent+ achieve $\mathcal{O}(\epsilon^{-1})$ sample complexity according to Theorem 5 while UCBVI-Ent achieves a worst sample complexity of $\mathcal{O}(\epsilon^{-2})$ ? Q4) What are the definitions of $\pi^{t,(h)}$ and $\tilde{\pi}^t$ in Algorithm 3? Q5) In the setting of Demonstration Regularized RLHF is it necessary to have the coefficients defined in equation 3 in the bound ?

[summary] This paper studies two new hybrid setting which are novel/uncommon in the literature: (i) demonstration regularized RL and (ii) Demonstration Regularized RLHF. In (i) both expert demonstrations from an $\epsilon$-optimal policy and online access to an MDP with reward function are possible. In (ii) the reward function is not available but it can be inferred thanks to a Preference Based Model introduced in Assumption 4."	We would like to thank reviewer UXmS for the careful reading and the constructive feedback. Please find below our response to the main points raised in the review. - The lower bound in Theorem 2 turns unfortunately vacuous in the limit of $\gamma \to 0$. A fixed $\gamma$ enables us to establish a general lower bound by constraining the space of policies we aim to learn. Thus, the minimax lower bound with respect to the space of all policies is lower-bounded by the minimax lower bound with respect to the space of restricted policies. Therefore, choosing any fixed $\gamma$ (for example, $\gamma = 1/N$) allows us to deduce a valid and reasonable lower bound. - It is unclear why the class of linear policies at the third line of Section 3.2 is considered to be not learnable. In fact, under this choice [1] proves in their Theorem 5 that it is possible to recover an $\varepsilon$-suboptimal policy compared to the expert with behavioural cloning. It is important to emphasize that the behavior cloning defined in our paper aims not to find an $\varepsilon$-optimal policy but to reconstruct the initial behavioral policy in trajectory KL-distance. To make the algorithm implementable, defini...	"We would like to thank reviewer UXmS for the careful reading and the constructive feedback. Please find below our response to the main points raised in the review. - The lower bound in Theorem 2 turns unfortunately vacuous in the limit of $\gamma \to 0$. A fixed $\gamma$ enables us to establish a general lower bound by constraining the space of policies we aim to learn. Thus, the minimax lower bound with respect to the space of all policies is lower-bounded by the minimax lower bound with respect to the space of restricted policies. Therefore, choosing any fixed $\gamma$ (for example, $\gamma = 1/N$) allows us to deduce a valid and reasonable lower bound. - It is unclear why the class of linear policies at the third line of Section 3.2 is considered to be not learnable. In fact, under this choice [1] proves in their Theorem 5 that it is possible to recover an $\varepsilon$-suboptimal policy compared to the expert with behavioural cloning. It is important to emphasize that the behavior cloning defined in our paper aims not to find an $\varepsilon$-optimal policy but to reconstruct the initial behavioral policy in trajectory KL-distance. To make the algorithm implementable, defining a hypothesis class with policies that are differentiable or at least continuous with respect to the learnable parameters becomes necessary. In the setting of purely greedy policies, the mentioned linear class of policies lacks these properties, thus preventing the efficient minimization of the log-loss. We will add an additional discussion and a reference to [1]. - Corollary 3 requires the expert to be $O(\varepsilon)$-optimal but I would expect that, given the reward knowledge, it should be possible to prove a sample complexity bound without the assumption on the optimality of the expert. To see this think to the case of any BPI algorithm which requires no expert at all to learn an $O(\varepsilon)$-optimal policy. We acknowledge that the assumption of nearly optimal experts might be considered strong. If it is known a priori that the expert is far from optimal, a viable approach is to simply set $\lambda=0$ and employ a stopping rule from UCBVI-BPI (Ménard et al. (2021)). However, it's important to emphasize that the primary goal of this paper is to provide an analysis of an algorithm actively used in practice, where these assumptions are deemed reasonable. - I think that Lemma 11 should be referred as the standard performance difference lemma. We agree that Lemma 11 is already known in literature, so we will add the corresponding reference. - Just before Corollary 3, it is said that ""UCBVI-Ent+ algorithm for regularized BPI. It is a modification of the algorithm UCBVI-Ent by Tiapkin et al. (2023) with improvement sample complexity"". However, it is not explained which is the crucial difference between the two algorithms. In particular, also the settings are different because UCBVI-Ent+ uses reward information while UCBVI-Ent can be used only for maximum entropy exploration and not to solve Regularized MDPs but this difference is not explained in the main text. We add a separate comment (available to all reviewers) regarding the key differences between UCBVI-Ent and UCBVI-Ent+.

- Q1) Is it possible to prove a bound which does not require the assumption that the expert is $\varepsilon$-optimal ? We believe that it is possible (in the setup of RL with demonstrations) since a usual BPI algorithm allows us to provide an optimal policy without any additional data. However, the resulting algorithm using data from a highly suboptimal expert may be significantly different from the proposed one. So we focus on a simple and implementable approach. - Q2) Why the regularization is needed in the tabular case but not in the linear one ? I am referring to Section 3.2 Regularization in the linear setting is unnecessary because we add constraints on the parameters of the class. Alternatively, one can introduce ridge regularization with an appropriate regularization parameter and make no direct restrictions on the regression coefficients. In fact, these two approaches are nearly equivalent. - Q3) How can UCBVI-Ent+ achieve $O(\varepsilon^{-1})$ sample complexity according to Theorem 5 while UCBVI-Ent achieves a worst sample complexity of $O(\varepsilon^{-2})$? We have included a separate comment detailing the distinctions between UCBVI-Ent and UCBVI-Ent+. The critical feature that enables UCBVI-Ent+ to achieve $O(\varepsilon^{-1})$ sample complexity is the exploitation of the strong convexity of the regularizer. However, to implement this effectively, it is necessary to introduce additional time randomization to the policy played during the episodes. We believe that this is a novel aspect of our work on the algorithmic side. - Q4) What are the definitions of $\pi^{t, (h)}$ and $\tilde{pi}$ in Algorithm 3? The definition of $\pi^{t, (h’)}$ is given after sampling rules (9) in Appendix D.2: $\pi^{t, (h’)}_h$ is equal to an regularized-greedy optimistic policy given by optimistic planning for all steps $h \not = h’$ and $\pi^{t, (h’)}_h$ is a greedy with respect to a difference between upper and lower estimate for optimal Q-value for a step $h = h’$. In particular, this randomization is crucial to achieve $\mathcal{O(\varepsilon^{-1})}$ sample complexity. Regarding $\tilde{pi}$, it is a misprint and the final policy should be $\bar{\pi}^t$, thank you for showing it to us. - Q5) In the setting of Demonstration Regularized RLHF is it necessary to have the coefficients defined in equation 3 in the bound ? As it is stated in Corollary 4, to achieve $O(\varepsilon) $ quality it is enough to have either large enough $N^{\text{E}}$ (independent on a coefficient defined in (3)) or large enough $N^{\text{RM}}$ depending on the coefficient defined in (3). If we assume only large enough $N^{\text{RM}}$, then the dependence on $C_r$ seems unavoidable due to the lower bounds in Theorem 3 by Zhan et al. (2023a).

We would like to emphasize a particular proof and algorithmic techniques used in our results and explain why we do not include some of the results in the main text. Unfortunately, due to space constraints we cannot include all these discussions in full length in the main body of the paper. In a new rebuttal revision of the paper we have added a brief discussion on Bernstein conditions for behavior cloning, discussion on assumption for behavior cloning in the linear setting, and an important algorithm difference between UCBVI-Ent and UCBVI-Ent+ that allows to improve the convergence guarantees. It is highlighted by a red color. - In Section B, we showed $O(1/N)$ convergence rates for behavior cloning. To achieve them, we first switched to smoothed version of the KL-divergence (see e.g. Hazan et al. (2019) for a similar idea) and then verified the so-called Bernstein condition (see e.g. Bartlett & Mendelson, 2006): we showed that the variance of the smoothed version of the policy log-likelihood ratio is controllable by just KL-divergence itself up to some logarithmic multiplicative factors and second-order additive factors. However, since the focus of our paper is mainly on reinforcement learning with demonstrations and preferences, we decided to not include the proof in the main text. - In Section C, we introduced the setting of RL with demonstrations and state the results on its convergence relying on the analysis of UCBVI-Ent+ and LSVI-Ent algorithms. We decided to focus on a novel demonstration-regularized setting instead of introducing the regularized BPI algorithms since the effect of fast rates is already studied in Tiapkin et al. (2023). This focus allowed us to clearly demonstrate the usefulness of regularization in RL in more practical scenarios from a theoretical viewpoint. Nethertheless, we included a novel algorithmic idea of UCBVI-Ent+ into the main text of the revised version. - In Section D, we introduced RLHF with demonstrations and proposed a simple algorithm that shares similarity with real-world algorithms that have already been applied to fine-tuning of large language models (see Remark 6). To show the theoretical properties of these demonstration-regularized algorithms, we have to 1) show the theoretical properties of MLE estimate of the underlying reward function and 2) upper bound the policy error by applying Bernstein-type inequality introduced by Talebi & Maillard, (2018) and by verifying the Bernstein condition. * Theoretical properties of MLE estimate of reward function were already studied in the literature, see Lemma 2 by Zhan et al. (2023a) and we decided to not include them in the main text. However, we did not find the proof of the statement we exactly need in references and provided the proof for completeness in Appendix F. * Regarding the bounding the policy error, we did not include the proof since it is very technical and heavily relies on the existing Bernstein-type inequalities in terms of KL-divergence by Talebi & Maillard, (2018). However, if the reviewers have a different viewpoint and might suggest a better organization of the achieved results, we would be happy to implement it. Hazan, E., Kakade, S., Singh, K., & Van Soest, A. (2019, May). Provably efficient maximum entropy exploration. In International Conference on Machine Learning (pp. 2681-2691). PMLR. Bartlett, P. L., & Mendelson, S. (2006). Empirical minimization. Probability theory and related fields, 135(3), 311-334."	"We would like to emphasize a particular proof and algorithmic techniques used in our results and explain why we do not include some of the results in the main text. Unfortunately, due to space constraints we cannot include all these discussions in full length in the main body of the paper. In a new rebuttal revision of the paper we have added a brief discussion on Bernstein conditions for behavior cloning, discussion on assumption for behavior cloning in the linear setting, and an important algorithm difference between UCBVI-Ent and UCBVI-Ent+ that allows to improve the convergence guarantees. It is highlighted by a red color. - In Section B, we showed $O(1/N)$ convergence rates for behavior cloning. To achieve them, we first switched to smoothed version of the KL-divergence (see e.g. Hazan et al. (2019) for a similar idea) and then verified the so-called Bernstein condition (see e.g. Bartlett & Mendelson, 2006): we showed that the variance of the smoothed version of the policy log-likelihood ratio is controllable by just KL-divergence itself up to some logarithmic multiplicative factors and second-order additive factors. However, since the focus of our paper is mainly on reinforcement learning with demonstrations and preferences, we decided to not include the proof in the main text. - In Section C, we introduced the setting of RL with demonstrations and state the results on its convergence relying on the analysis of UCBVI-Ent+ and LSVI-Ent algorithms. We decided to focus on a novel demonstration-regularized setting instead of introducing the regularized BPI algorithms since the effect of fast rates is already studied in Tiapkin et al. (2023). This focus allowed us to clearly demonstrate the usefulness of regularization in RL in more practical scenarios from a theoretical viewpoint. Nethertheless, we included a novel algorithmic idea of UCBVI-Ent+ into the main text of the revised version. - In Section D, we introduced RLHF with demonstrations and proposed a simple algorithm that shares similarity with real-world algorithms that have already been applied to fine-tuning of large language models (see Remark 6). To show the theoretical properties of these demonstration-regularized algorithms, we have to 1) show the theoretical properties of MLE estimate of the underlying reward function and 2) upper bound the policy error by applying Bernstein-type inequality introduced by Talebi & Maillard, (2018) and by verifying the Bernstein condition. * Theoretical properties of MLE estimate of reward function were already studied in the literature, see Lemma 2 by Zhan et al. (2023a) and we decided to not include them in the main text. However, we did not find the proof of the statement we exactly need in references and provided the proof for completeness in Appendix F. * Regarding the bounding the policy error, we did not include the proof since it is very technical and heavily relies on the existing Bernstein-type inequalities in terms of KL-divergence by Talebi & Maillard, (2018). However, if the reviewers have a different viewpoint and might suggest a better organization of the achieved results, we would be happy to implement it. Hazan, E., Kakade, S., Singh, K., & Van Soest, A. (2019, May). Provably efficient maximum entropy exploration. In International Conference on Machine Learning (pp. 2681-2691). PMLR. Bartlett, P. L., & Mendelson, S. (2006). Empirical minimization. Probability theory and related fields, 135(3), 311-334.

- Q1) Is it possible to prove a bound which does not require the assumption that the expert is $\varepsilon$-optimal ? We believe that it is possible (in the setup of RL with demonstrations) since a usual BPI algorithm allows us to provide an optimal policy without any additional data. However, the resulting algorithm using data from a highly suboptimal expert may be significantly different from the proposed one. So we focus on a simple and implementable approach. - Q2) Why the regularization is needed in the tabular case but not in the linear one ? I am referring to Section 3.2 Regularization in the linear setting is unnecessary because we add constraints on the parameters of the class. Alternatively, one can introduce ridge regularization with an appropriate regularization parameter and make no direct restrictions on the regression coefficients. In fact, these two approaches are nearly equivalent. - Q3) How can UCBVI-Ent+ achieve $O(\varepsilon^{-1})$ sample complexity according to Theorem 5 while UCBVI-Ent achieves a worst sample complexity of $O(\varepsilon^{-2})$? We have included a separate comment detailing the distinctions between UCBVI-Ent and UCBVI-Ent+. The critical feature that enables UCBVI-Ent+ to achieve $O(\varepsilon^{-1})$ sample complexity is the exploitation of the strong convexity of the regularizer. However, to implement this effectively, it is necessary to introduce additional time randomization to the policy played during the episodes. We believe that this is a novel aspect of our work on the algorithmic side. - Q4) What are the definitions of $\pi^{t, (h)}$ and $\tilde{pi}$ in Algorithm 3? The definition of $\pi^{t, (h’)}$ is given after sampling rules (9) in Appendix D.2: $\pi^{t, (h’)}_h$ is equal to an regularized-greedy optimistic policy given by optimistic planning for all steps $h \not = h’$ and $\pi^{t, (h’)}_h$ is a greedy with respect to a difference between upper and lower estimate for optimal Q-value for a step $h = h’$. In particular, this randomization is crucial to achieve $\mathcal{O(\varepsilon^{-1})}$ sample complexity. Regarding $\tilde{pi}$, it is a misprint and the final policy should be $\bar{\pi}^t$, thank you for showing it to us. - Q5) In the setting of Demonstration Regularized RLHF is it necessary to have the coefficients defined in equation 3 in the bound ? As it is stated in Corollary 4, to achieve $O(\varepsilon) $ quality it is enough to have either large enough $N^{\text{E}}$ (independent on a coefficient defined in (3)) or large enough $N^{\text{RM}}$ depending on the coefficient defined in (3). If we assume only large enough $N^{\text{RM}}$, then the dependence on $C_r$ seems unavoidable due to the lower bounds in Theorem 3 by Zhan et al. (2023a).

We would like to thank reviewer XPKe for the careful reading and the constructive feedback. Please find below our response to the main points raised in the review. - Limited discussion on LSVI-UCB-Ent and UCBVI-Ent algorithms; Unfortunately, the limited discussion on the regularized BPI algorithms is a byproduct of constrained space. We've included a general comment highlighting the novel features of UCBVI-Ent+ and LSVI-Ent algorithms compared to their non-regularized counterparts. Additionally, we present an adaptation of the UCBVI-Ent algorithm for general regularized MDPs in a separate comment dedicated to all the reviewers. Moreover, it's important to stress that the primary contribution of the paper lies not solely in the regularized BPI algorithms but in their combination with behavior cloning techniques. This combination illustrates the convergence properties of simple and implementable algorithms that are already widely utilized in practice. - The paper can be better organized, there are too many references pointing towards the appendix. We would greatly appreciate any suggestions from the reviewer regarding the reorganization of the main results of the paper, considering the constraint of a 9-page limit. - Why Theorem 6 does not depend on the size of the expert dataset $N^{\mathrm{E}}$? Theorem 6 is devoted to the sample complexity of best policy identification for KL-regularized MDPs with respect to any reference policy and any regularization coefficient $\lambda > 0$. To specialize these bounds to Corollary 3, we need to take a behavior-cloning policy $\pi^{\mathrm{BC}}$ as a reference one and choose the regularization parameter $\lambda$ depending on the number of expert trajectories $N^{\mathrm{E}}$ (choice $\lambda^\star$ from Theorem 3) and the desired accuracy $\varepsilon$ as $\mathcal{O}(N^{\mathrm{E}} \varepsilon / (SAH))$ (as described in Corollary 3)."		fixed		technical objections were directly answered and the revision adds the requested clarifications
6.200	AyXIDfvYg8__r03	Symmetric Neural-Collapse Representations with Supervised Contrastive Loss: The Impact of ReLU and Batching	6: marginally above the acceptance threshold	4: You are confident in your assessment, but not absolutely certain. It is unlikely, but not impossible, that you did not understand some parts of the submission or that you are unfamiliar with some pieces of related work.	unresolved	silver_followup_comment	"Thank you for your further clarifications. In the era of ""large model"" and ""big data"", I still think the experimental results for training ResNet-18/34 and a two-layer ViT on MNIST, CIFAR10, CIFAR100 and Tiny ImageNet is not so convincing. Hence, I will keep the score."	unresolved	regressed	fixed	partially_fixed	fixed	unresolved	unresolved	"[weaknesses] The main concerns still lie in the experimental parts. - The experiments primarily utilize CNN-based architectures. It would be beneficial to explore the applicability of this approach to train other architectures, such as Transformers, to gauge its versatility across neural network types. - While the proposed approach demonstrates superiority on simpler datasets, questions remain regarding its performance on more complex and larger datasets. The potential impact of the non-negative constraints imposed by the ReLU activation on representation ability in more intricate tasks needs further investigation.

[questions] The minimum of the loss is not zero and varies with the number of samples in different classes.

[summary] This work proposes a variants of SCL loss to restore the symmetrical geometry of the class-mean learned embeddings in the presence of unbalance class samples, just adding a ReLU activation after the projection layer. It theoretically demonstrates that due to the existence of ReLU, the last-layer feature embeddings of samples with the same labels will be finally aligned, while that of samples with different labels will be orthogonal, when we employ the full-batch training. While implement mini-batch training, it also showcases that mini-batch selection strategy will significantly influence the learned embedding geometry."	Thank you for your supportive comments and useful feedback. We reply to the questions below in addition to the global response: **UFM assumption:** We would like first to emphasize that our work addresses the problem for highly overparameterized models and training beyond the zero-training error. This is a setting considered in the majority of previous works on neural collapse [Mixon et al. (2020); Fang et al. (2021); Graf et al. (2021);Lu & Steinerberger (2020)]. The UFM-inspired theoretical analysis in the literature is also motivated by this overparameterization assumption. In fact, UFM assumes that overparameterized models are capable of representing any function mapping the input to the embedding space. As pointed out by the reviewer, this indeed is a strong assumption, although one that has proved to be very effective. Our findings alongside the results in a series of previous related works confirm this model's efficacy in predicting the properties of the embeddings learned at the final layer for large enough models. In other words, the high expressivity of overparameterized models makes the UFM a useful tool for identifying the global minimizer feature configuration, so t...	"Thank you for your supportive comments and useful feedback. We reply to the questions below in addition to the global response: **UFM assumption:** We would like first to emphasize that our work addresses the problem for highly overparameterized models and training beyond the zero-training error. This is a setting considered in the majority of previous works on neural collapse [Mixon et al. (2020); Fang et al. (2021); Graf et al. (2021);Lu & Steinerberger (2020)]. The UFM-inspired theoretical analysis in the literature is also motivated by this overparameterization assumption. In fact, UFM assumes that overparameterized models are capable of representing any function mapping the input to the embedding space. As pointed out by the reviewer, this indeed is a strong assumption, although one that has proved to be very effective. Our findings alongside the results in a series of previous related works confirm this model's efficacy in predicting the properties of the embeddings learned at the final layer for large enough models. In other words, the high expressivity of overparameterized models makes the UFM a useful tool for identifying the global minimizer feature configuration, so that the impact of the loss function itself can be isolated from the role of the network architecture. Our work shows that the UFM remains a useful mathematical model even with the non-linear activation function of ReLU. On the optimization aspect, we believe that studying the optimization effects on the UFM has scope for future work. Our experiments provide evidence for consistent convergence towards the global minimizer (OF geometry) despite the non-convexity of the network optimization. **Empirical:** We appreciate the reviewer's recommendation regarding experiments on large-scale datasets and consider adding these experiments to the final version of the paper. Along these lines, we are excited to report new experimental findings in support of our hypothesis of OF geometry on transformer architecture. We have included additional experiments on vision transformers (see Fig.22). Based on our current observations, our hypothesis of OF geometry holds here as well, thus solidifying the claim of the generality of our results across various architectures. In summary, we would like to note that our current findings are backed up by experiments spanning various architectures and datasets, including MLP, ResNet, and DenseNet applied to MNIST, CIFAR10, CIFAR100, and TinyImageNet. Across this range of tasks, from simpler and smaller ones like MNIST (10 classes) to more complex and larger tasks like TinyImageNet (200 classes), we have not observed significant changes in the convergence behavior or the communication of our key message (see Fig 2) as long as the network and dimension of output features are large enough. The observations from all of the above experiments provides us with the confidence to believe that the core message of our paper remains largely unchanged. This is the case for both our main findings: convergence to OF and the efficacy of the new batch-binding scheme. **Missing Citation:** Thank you for pointing this out. We agree that Wang, Isola (2020) is a relevant work. It appears that not mentioning the same was an editing oversight on our part. We have included the reference and commented on the relationship. **Empirical differences:** At the moment the main empirical differences observed are the following : the test accuracies (Tab. 1) and new analysis on worst-class accuracies between with and without ReLU. We discuss this in the global response as well. We are not aware of differences in the batching aspects. In fact, the observation in Fig. 21 suggests that the batch-binding scheme is beneficial even when training without ReLU, for convergence to the final feature geometry.

Thank you for constructive feedback and insightful questions. Please find our response below in addition to the global response: **Batch size:** Thanks for highlighting the role of batch size. Indeed, for contrastive loss and in the analysis of our model, batch size plays an important role in defining the set of global solutions. This is the case as the batching scheme specifies the interactions among samples during training. Our theoretical framework outlines the necessary and sufficient conditions for the batching to achieve a unique minimizer for contrastive loss. Following your suggestion, we conducted additional experiments for varying batch sizes to empirically explore its impact on the final learned embeddings. The detailed results of these new experiments are presented in Section E.4.3 in the appendix of the revised draft. In these experiments, we examine the effect of batch size in two scenarios, depending on whether ReLU is applied on the final embedding layer or not. We compare the learned features with OF when ReLU is present at the final layer, and with ETF (as predicted by Graf et. al (2021)) when ReLU is removed. Our observations indicate that the presence of ReLU reduces the reliance on batch size, leading to consistent convergence to OF. In contrast, in the absence of ReLU, large batches are necessary to achieve the global optimizer ETF. We also note that Khosla et.al (2020) argue that increased batch sizes lead to improved performance. In particular, they typically use batch sizes extending up to 6144. Our findings suggest that with the addition of ReLU, one can potentially achieve comparable performance with smaller batch sizes, which offers venues for reducing the training computational cost. **Activation functions:** Thank you for bringing light to this subtle point. We considered ReLU as the primary focus of our study in terms of the activation function due to its simplicity and frequent use in practice. While it is interesting to study different activation functions, our motivation was to identify that a simple and commonly used activation function can significantly alter the implicit geometry of features. That said, we agree that this is indeed an interesting question. The theoretical analysis only assumes that the post-activation features are non-negative and span the region $[0, \infty]$. It is reasonable to anticipate that activation functions satisfying this requirement lead to the same result. However, the non-linearity of the activation function is likely to play a role in the optimization dynamics and needs further investigation. We have planned to conduct specific experiments and report our findings in the paper.

We appreciate the reviewers for their positive and constructive feedback, as well as their detailed reviews. Their recognition of the surprising nature and originality of our findings (PL8u, BEvk, q7qd, ScWC), the solid theoretical analysis supporting our experiments (q7qd, ScWC), and the thorough discussion of related work (PL8u) is encouraging. We also thank them for noting the clarity and good organization of our paper (PL8u, BEvk, ScWC). We are particularly pleased that all reviewers acknowledge the surprising nature of our finding, demonstrating that the simple introduction of a minor architectural modification, such as the incorporation of ReLU at the last layer, results in a consistent geometry despite label imbalance (STEP/LT and imbalance ratio R). In response, we would like to address two specific points: (i) highlighting an additional distinctive feature of our result and (ii) providing a discussion on our interpretation of these findings. (i) The quality of convergence to the common geometry (OF) is consistently impressive, even for large imbalance ratios (R) and LT distributions. Notably, this convergence quality is further enhanced when implementing the proposed batch-binding scheme, especially evident in more complex datasets. We find the robust convergence quality as surprising as the convergence of geometries to a common structure (OF). To underscore this point, we remark that the convergence quality is far inferior for the cross-entropy (CE) loss under imbalances (e.g. see Thrampoulidis et al. (2022)). The high-quality convergence emphasizes the practical relevance of our neural-collapse geometry characterizations. (ii)We interpret the discovery of a simple and cross-situationally invariant structural property in complex deep learning models trained on complicated datasets as a step towards unraveling their underlying mechanisms, moving beyond the conventional perception of these models as black boxes. This perspective aligns with the seminal work on neural collapse of cross-entropy loss and balanced data by Papyan et al. (2020), and the subsequent extensive body of literature as cited in our submission. At the same time, our approach offers a rather unique perspective in the following manner: Acknowledging an inherent challenge on the task of unveiling the black-box nature of deep representations’ geometries of SCL (in its standard use), we identify the inclusion of ReLUs at the last layer as a minor network modification that significantly easens the task. Importantly, this comes without compromising test accuracy. This is revealed by Table 1 and extensive additional evaluations in Table 2 in the appendix. As a matter of fact, in specific instances such as CIFAR100-LT, the inclusion of ReLU even leads to an improvement in balanced accuracy. Our revised manuscript incorporates additional results showcasing more substantial enhancements, particularly in terms of worst-class accuracy. It might be tempting to attribute these (small) improvements in accuracy to the fact that OF geometry avoids the minority collapse that would otherwise occur (see Fig.1 for evidence of this being the case without ReLU). However, given the lack of any substantial and formal evidence (in the broader literature) of such a causal relationship between geometry of trained embeddings and accuracy, our submission refrains from making such a statement. Instead, we highlight that our finding yields a learning framework that is at least as accurate as the original one while being easier to understand in terms of the structure of its deep representations. While it may be tempting to attribute these modest accuracy improvements to the avoidance of minority collapse inherent in the absence of ReLU (as evidenced in Fig. 1), we exercise caution. Despite the observed evidence, we refrain from making definitive claims due to the lack of substantial and formal evidence within the broader literature establishing a causal relationship between the geometry of trained embeddings and accuracy. Rather than asserting causation, we emphasize that our findings result in a learning framework that, at a minimum, matches the accuracy of the original model while offering enhanced interpretability regarding the structural aspects of its deep representations."	"We thank you for their detailed review and questions. We are pleased to see your recognition of our efforts in presentation. Please find our detailed response below, in addition to the comments in the global response. **For example, consider the simple case of binary classification...**: Thank you for prompting this discussion. The statement regarding antipodal features for binary SCL without ReLU is exactly correct. In fact, this holds in general for balanced multi-class setup as well: When the dataset is balanced Graf et al. (2020) shows that the embedding geometry will form an ETF in the absence of ReLU. In an ETF geometry, we have $\frac{\mu_c^\top\mu_{c'}}{\|\mu_c\|\|\mu_{c'}\|}=\frac{-1}{k-1}$ for the mean-embeddings of any two classes. As opposed to OF where $\frac{\mu_c^\top\mu_{c'}}{\|\mu_c\|\|\mu_{c'}\|}=0$. Therefore, for ETF, $\|\mu_c-\mu_{c'}\|^2 = \frac{2k}{\tau(k-1)}$ and in the case of OF $\|\mu_c-\mu_{c'}\|^2 = \frac{2}{\tau}$. $\tau$ is the temperature of the SCL loss. While the distance in the ETF geometry is larger for a fixed temperature parameter, we note that by simply scaling the temperature parameter $\tau$ by $\frac{k-1}{k}$, we can achieve an equivalent absolute distance in the learned geometry in the presence of ReLU. Thus, in terms of this measure, the addition of ReLU does not compromise the trained model. On the contrary, as shown in Fig. 1, in the imbalanced setup, without ReLU, the minority classes are drawn closer to each other, yielding a reduced absolute distance between classes. The introduction of ReLU, however, maintains an equal pairwise distance between classes. Hence, in terms of this measure, the addition of ReLU is in fact helpful. Finally, as noted in Section D.1.2, centering the OF by $\frac{1}{k}\sum_c\mu_c$ results in an ETF. So, in summary, the geometries learned in balanced or binary scenarios, with or without ReLU, can be considered equivalent, accounting for a shift and scaling. **Novelty and significance** Thank you for appreciating the originality of our work and ideas. We believe that solving for the global minimizer feature-classifier configuration with the SCL loss under is non-trivial and novel. We elaborate below: 1. Symmetric feature geometry: the first surprising observation that we support with theory is the fact that ReLU symmetrizes the feature geometry regardless of imbalances. To the best of our knowledge, such an outcome is unique to the SCL and stands out from several prior works considering class imbalance in CE and other losses. For e.g., Thrampoulidis et al. (2022), Fang et al. (2021) discuss that the feature and classifier geometry depends critically on the imbalance. We further identify the appropriate theoretical model for the observation, and solve for the exact geometry of the global optimizers and the optimal value of the loss function. 2. Batching matters: the first study of global optimizers of the SCL, Graf et al. (2020) only considers the setting of balanced data. In their words, the theoretical analysis is based on “a combinatorial argument which hinges on the balanced class assumption”. The analysis therein requires the specific batching case of all combinations of examples in the dataset of a given batch-size. On the other hand, our mini-batch analysis is applicable to arbitrary batching schemes. We discover the batching conditions under which a unique minimizer geometry exists- this condition allows for a large class of batching schemes, and includes the specific case of Graf et al. (2020) as a special case. We leverage our theoretical results to concretely explain geometry observations made in DNN experiments as a function of batching schemes. We discuss the question of possible extension to CE below, within the response to the specific question. Minor issues **overuse of abbreviations:** Thanks for the feedback. We have added a table defining all the important abbreviations used in the paper in one place at the beginning of the appendix. **eq(1) and eq(2):** Eq (1) and (2) are equivalent, in terms of the loss function. The apparent difference is only in presentation, in that in Eq (2), the sum over $l$ includes $j$, so that when $l = j$, the innermost exponential term becomes $\exp(\mathbf{h}_i^\top\mathbf{h}_l - \mathbf{h}_i^\top\mathbf{h}_j) = \exp(0) = 1$. ******** Continued below *********

We appreciate the reviewers for their positive and constructive feedback, as well as their detailed reviews. Their recognition of the surprising nature and originality of our findings (PL8u, BEvk, q7qd, ScWC), the solid theoretical analysis supporting our experiments (q7qd, ScWC), and the thorough discussion of related work (PL8u) is encouraging. We also thank them for noting the clarity and good organization of our paper (PL8u, BEvk, ScWC). We are particularly pleased that all reviewers acknowledge the surprising nature of our finding, demonstrating that the simple introduction of a minor architectural modification, such as the incorporation of ReLU at the last layer, results in a consistent geometry despite label imbalance (STEP/LT and imbalance ratio R). In response, we would like to address two specific points: (i) highlighting an additional distinctive feature of our result and (ii) providing a discussion on our interpretation of these findings. (i) The quality of convergence to the common geometry (OF) is consistently impressive, even for large imbalance ratios (R) and LT distributions. Notably, this convergence quality is further enhanced when implementing the proposed batch-binding scheme, especially evident in more complex datasets. We find the robust convergence quality as surprising as the convergence of geometries to a common structure (OF). To underscore this point, we remark that the convergence quality is far inferior for the cross-entropy (CE) loss under imbalances (e.g. see Thrampoulidis et al. (2022)). The high-quality convergence emphasizes the practical relevance of our neural-collapse geometry characterizations. (ii)We interpret the discovery of a simple and cross-situationally invariant structural property in complex deep learning models trained on complicated datasets as a step towards unraveling their underlying mechanisms, moving beyond the conventional perception of these models as black boxes. This perspective aligns with the seminal work on neural collapse of cross-entropy loss and balanced data by Papyan et al. (2020), and the subsequent extensive body of literature as cited in our submission. At the same time, our approach offers a rather unique perspective in the following manner: Acknowledging an inherent challenge on the task of unveiling the black-box nature of deep representations’ geometries of SCL (in its standard use), we identify the inclusion of ReLUs at the last layer as a minor network modification that significantly easens the task. Importantly, this comes without compromising test accuracy. This is revealed by Table 1 and extensive additional evaluations in Table 2 in the appendix. As a matter of fact, in specific instances such as CIFAR100-LT, the inclusion of ReLU even leads to an improvement in balanced accuracy. Our revised manuscript incorporates additional results showcasing more substantial enhancements, particularly in terms of worst-class accuracy. It might be tempting to attribute these (small) improvements in accuracy to the fact that OF geometry avoids the minority collapse that would otherwise occur (see Fig.1 for evidence of this being the case without ReLU). However, given the lack of any substantial and formal evidence (in the broader literature) of such a causal relationship between geometry of trained embeddings and accuracy, our submission refrains from making such a statement. Instead, we highlight that our finding yields a learning framework that is at least as accurate as the original one while being easier to understand in terms of the structure of its deep representations. While it may be tempting to attribute these modest accuracy improvements to the avoidance of minority collapse inherent in the absence of ReLU (as evidenced in Fig. 1), we exercise caution. Despite the observed evidence, we refrain from making definitive claims due to the lack of substantial and formal evidence within the broader literature establishing a causal relationship between the geometry of trained embeddings and accuracy. Rather than asserting causation, we emphasize that our findings result in a learning framework that, at a minimum, matches the accuracy of the original model while offering enhanced interpretability regarding the structural aspects of its deep representations.

Thank you for constructive feedback and insightful questions. Please find our response below in addition to the global response: **Batch size:** Thanks for highlighting the role of batch size. Indeed, for contrastive loss and in the analysis of our model, batch size plays an important role in defining the set of global solutions. This is the case as the batching scheme specifies the interactions among samples during training. Our theoretical framework outlines the necessary and sufficient conditions for the batching to achieve a unique minimizer for contrastive loss. Following your suggestion, we conducted additional experiments for varying batch sizes to empirically explore its impact on the final learned embeddings. The detailed results of these new experiments are presented in Section E.4.3 in the appendix of the revised draft. In these experiments, we examine the effect of batch size in two scenarios, depending on whether ReLU is applied on the final embedding layer or not. We compare the learned features with OF when ReLU is present at the final layer, and with ETF (as predicted by Graf et. al (2021)) when ReLU is removed. Our observations indicate that the presence of ReLU reduces the reliance on batch size, leading to consistent convergence to OF. In contrast, in the absence of ReLU, large batches are necessary to achieve the global optimizer ETF. We also note that Khosla et.al (2020) argue that increased batch sizes lead to improved performance. In particular, they typically use batch sizes extending up to 6144. Our findings suggest that with the addition of ReLU, one can potentially achieve comparable performance with smaller batch sizes, which offers venues for reducing the training computational cost. **Activation functions:** Thank you for bringing light to this subtle point. We considered ReLU as the primary focus of our study in terms of the activation function due to its simplicity and frequent use in practice. While it is interesting to study different activation functions, our motivation was to identify that a simple and commonly used activation function can significantly alter the implicit geometry of features. That said, we agree that this is indeed an interesting question. The theoretical analysis only assumes that the post-activation features are non-negative and span the region $[0, \infty]$. It is reasonable to anticipate that activation functions satisfying this requirement lead to the same result. However, the non-linearity of the activation function is likely to play a role in the optimization dynamics and needs further investigation. We have planned to conduct specific experiments and report our findings in the paper."	"Thank you for your further clarifications. In the era of ""large model"" and ""big data"", I still think the experimental results for training ResNet-18/34 and a two-layer ViT on MNIST, CIFAR10, CIFAR100 and Tiny ImageNet is not so convincing. Hence, I will keep the score."	unresolved		the reviewer remained unconvinced by the experimental scope after the rebuttal
6.200	AqN23oqraW__r04	KoLA: Carefully Benchmarking World Knowledge of Large Language Models	5: marginally below the acceptance threshold	2: You are willing to defend your assessment, but it is quite likely that you did not understand the central parts of the submission or that you are unfamiliar with some pieces of related work. Math/other details were not carefully checked.	unresolved	silver_followup_comment	I appreciate the authors' detailed feedback. The main contribution of this work is the extensive benchmark with different levels (knowledge, reasoning, etc.) of data of different nature (evolving or not evolving, etc.) with inspiration drawn from cognitive science. However, although I agree with the novelty of this ...	unresolved	fixed	partially_fixed	fixed	partially_fixed	unresolved	unresolved	"[weaknesses] There are several questions that I think arise after reading the paper, I would consider these just missing some clarity: The paper said that ""Comparing the second-season results with the first season, the rankings of most open-source models have declined"" but Table 2 and Table 3 seem to show results of four levels of the same season. Why COPEN and 2wikiMultiQA are also considered as exclusive? One of the potential strength of the paper is to analyse the results on the fresh data of each season that the paper claims; however, we don't find such results in the current version. Meanwhile, the paper draws some conclusions (the ones related to knowledge) that don't seem to be part of the contributions of this particular paper.

[questions] The paper said that ""Comparing the second-season results with the first season, the rankings of most open-source models have declined"" but Table 2 and Table 3 seem to show results of four levels of the same season. Why COPEN and 2wikiMultiQA are also considered as exclusive? How the knowledge is designed in Figure 2 to apply self contrast metric please?

[summary] The paper studies how to thoroughly evaluating LLMs on its knowledge capability. Inspired by cognitive science, the authors establish an extensive benchmark that focuses on memorization, understanding, applying and creating respectively. For each capability, the authors have chosen/created new tasks for that capability and evaluate a significant amount of LLMs to draw insights conclusions on those experiments. The author also introduces a new metric for knowledge creating, which in the experiments shows a notable correlation to faithfulness."	"Thank you for investing your time and expertise in reviewing our work. We are grateful for your recognition of our efforts in the design of framework and the evolving tests, and we are delighted to clarify the concerns and answer the questions you raised. - *The paper said that ""Comparing the second-season results with the first season, the rankings of most open-source models have declined"" but Table 2 and Table 3 seem to show results of four levels of the same season.* Due to space constraints, we placed the complete results of the first season in Appendix E.2. In the content, we primarily present the results of the second season (the latest season at the time of submission) and its comparison to the first season, which is reflected in the Rank column for each level. - *Why COPEN and 2wikiMultiQA are also considered as exclusive?* To ensure the reliability of our evaluation, we reached out to the authors of several works, including COPEN and 2WikiMutiQA, at the very beginning of our project. We obtained their **unpublished held-out test sets** for evaluation in KoLA. As explained in the caption of Table 1, “Exclusive tasks mean their test sets are newly developed or sponsored b..."	"Thank you for investing your time and expertise in reviewing our work. We are grateful for your recognition of our efforts in the design of framework and the evolving tests, and we are delighted to clarify the concerns and answer the questions you raised. - *The paper said that ""Comparing the second-season results with the first season, the rankings of most open-source models have declined"" but Table 2 and Table 3 seem to show results of four levels of the same season.* Due to space constraints, we placed the complete results of the first season in Appendix E.2. In the content, we primarily present the results of the second season (the latest season at the time of submission) and its comparison to the first season, which is reflected in the Rank column for each level. - *Why COPEN and 2wikiMultiQA are also considered as exclusive?* To ensure the reliability of our evaluation, we reached out to the authors of several works, including COPEN and 2WikiMutiQA, at the very beginning of our project. We obtained their **unpublished held-out test sets** for evaluation in KoLA. As explained in the caption of Table 1, “Exclusive tasks mean their test sets are newly developed or sponsored by the original authors and were not publicly disclosed.” Based on this criterion, we labeled these tasks as “Exclusive.” - *How the knowledge is designed in Figure 2 to apply self contrast metric please?* To more clearly demonstrate the evaluation process of the knowledge creation task, here we use the example in Figure 2 for a detailed explanation. The process can be divided into three main steps: First, the model to be evaluated generates a completion $T$ using only the context $C$ (The Battle of Evesham marked the defeat of Simon de Montfort...), allowing it to freely create content. Second, the model uses both the context $C$ and event knowledge $K$ (i.e., the structured content in the middle part of the figure) as inputs, to generate the other completion $T_{k}$. Third, by contrasting the model's generated results $T$ and $T_{k}$ under these two conditions, we can calculate the rationality of the model's event knowledge creation, $\partial \left( T, T_{k} \right)$ (its ability to freely create subsequent event knowledge, e.g., *Prince Edward’s Escape*). Together with the other two contrast metrics, this comparison ultimately leads to the scoring of the knowledge creation level. We hope this explanation can further aid your understanding of the paper. - *One of the potential strength of the paper is to analyse the results on the fresh data of each season that the paper claims; however, we don't find such results in the current version.* We analyzed the results on evolving tasks compared with known tasks in Section 3 (the second point of “Design Analysis”), which shows that the known-evolving performance gap is closer at the higher levels, indicating that the high-level abilities are more generalizable. We totally agree that a thorough analysis on evolving data is essential. We plan to execute a retrospective diachronic analysis after completing the first phase (six seasons as planned) and hope to have intriguing findings. - *Meanwhile, the paper draws some conclusions (the ones related to knowledge) that don't seem to be part of the contributions of this particular paper.* We believe that the experimental conclusions of this paper can provide contributions in two key aspects. First, the analysis upon a Bloom’s cognitive taxonomy, a rather unique aspect of this paper, offers a new perspective in analyzing the knowledge capabilities of LLMs. Second, although some speculations about model performance, such as the alignment tax, have been widely discussed, our results provide new experimental support for these speculations. As other reviewers have mentioned, although some conclusions might not be novel, the evaluation results provided by this framework are valuable. Additionally, KoLA, as a long-term maintained benchmark, can be utilized to observe whether these issues show improvement in the future. **[Final Remark]** Thank you again for reviewing our paper and for the pleased comments. We hope that our response and clarification have addressed your questions and concerns. We sincerely invite you to engage with us if you have more questions.

Thank you for dedicating your time and effort to review our work, and for acknowledging our overall design, experimental analysis, and writing. We are glad to answer the questions you've raised. - Q1: *The paper identified four knowledge capabilities. It is clear on knowledge memorization and knowledge creation. However, it is vague to distinguish knowledge understanding and knowledge application. Take knowledge understanding as an example, would reading comprehension a task of knowledge understanding or knowledge attention? Why knowledge understanding only has extraction tasks?* This is a valuable question, and we are pleased to discuss it with you. In Bloom's Cognitive Taxonomy [1], *Understanding* can be described as ”Determining the meaning of instructional messages“, typically involving actions like “Explain, Summarize.” *Applying* is described as “Carrying out or using a procedure in a given situation”, generally including actions such as 'Implement, Execute’. Indeed, since the revision of Bloom's theory [2], there has been considerable debate about the demarcation between these two cognitive levels. Despite ongoing discussions, one consensus principle to differentiate them is whether it involves information and abilities beyond the given content [3]. Consequently, we categorize tasks involving information extraction (which ensures that the output information is faithfully extracted from the input text) as Understanding. It is worth noting that the Knowledge Understanding (KU) level is not limited to information extraction; it also includes the ability of conceptual abstraction, as seen in our investigated task COPEN. Under this criterion, if a reading comprehension question requires only knowledge from the text, we would classify it as a KU task. Once it involves more complex background knowledge and reasoning, it might lean more towards a Knowledge Application (KA) task. Ref: [1] Krathwohl D R. A revision of Bloom's taxonomy: An overview[J]. Theory into practice, 2002, 41(4): 212-218. [2] Forehand M. Bloom's taxonomy: Original and revised[J]. Emerging perspectives on learning, teaching, and technology, 2005, 8: 41-44. [3] Wilson L O. Anderson and Krathwohl Bloom’s taxonomy revised understanding the new version of Bloom’s taxonomy[J]. The Second Principle, 2016, 1(1): 1-8. - Q2: *Benchmark on emerging corpora is a great idea and it is quite encouraging to see the authors promised to refresh the benchmark regularly. However, it is not clear how to maintain such benchmark in the long term. As the time goes by, some evolving benchmark is no longer most up-to-date, how to handle the benchmark data? How would this evolving benchmark interact with the known dataset?* As stated in Section 2 of our paper, we are committed to updating our evaluation for at least six seasons. After this, we will further extend tasks to introduce new versions of KoLA. The data for every new season will be up-to-date to ensure the test data is not leaked, maintaining the relative fairness of the evaluation. For the ended seasons, we do not plan to add them to the known set immediately. Instead, they will be publicly released after the completion of six seasons, and a retrospective analysis of all past seasons will be conducted. The primary workload for running a new season includes collecting and annotating new data, constructing a new list of models, and publishing evaluation results. To host these tasks, we have established a maintenance team and carefully controlled costs. This includes adding a large amount of automated pre-annotation (as described in Appendix B) and controlling the size of the evaluation set. As mentioned in our discussion with reviewer 1m8m, we expect the cost of every season will be under USD 2,000. Therefore, we are confident to fulfill the committed maintenance and we also welcome contributions from the community.

- Q3: *How much does the new KoLA benchmark differ from existing LLM benchmark? There are so many available benchmark published, each focusing on one/multiple capabilities of the model. Why do we need KoLA? What if we combined existing ones?* We believe KoLA is unique in two key aspects. (1) As described in Section 1, rather than assessing the breadth of model capabilities like most existing benchmarks (such as MMLU), KoLA focuses more on analyzing the deep interconnections of model knowledge capabilities through carefully-designed multi-level testing. (2) Besides combining some existing tasks, KoLA maintains a unique evolving mechanism, aimed at minimizing data leakage. Recent studies [4,5,6] have widely revealed a serious issue of 'test set contamination' in the evaluation of many LLMs with existing benchmarks, where the results may not genuinely reflect the actual capabilities of the models. Therefore, we believe KoLA holds a distinctive value in the current landscape. Ref: [4] Wei T, Zhao L, Zhang L, et al. Skywork: A More Open Bilingual Foundation Model[J]. arXiv preprint arXiv:2310.19341, 2023. [5] Yang S, Chiang W L, Zheng L, et al. Rethinking Benchmark and Contamination for Language Models with Rephrased Samples[J]. arXiv preprint arXiv:2311.04850, 2023. [6] Zhou K, Zhu Y, Chen Z, et al. Don't Make Your LLM an Evaluation Benchmark Cheater[J]. arXiv preprint arXiv:2311.01964, 2023. - Q4: *It is not clear the contribution/motivation with standardized overall scoring. As the score would depend on the evaluated models, it will change a lot as more evaluated models would be added in. Also why this is better than simple ranking?* Our considerations about employing standardized scoring are as follows: Standardized scores have become the mainstream choice in fields like educational assessment and intelligence testing [7], with systems like the SAT, GRE, and Wechsler Intelligence Scales (IQ Test) adopting them. Compared to absolute values, using standard scores in the multi-task evaluation of LLMs offers the following benefits: 1. Standardized scores enable fair comparisons across different seasons and datasets. The varying difficulty of tasks and the different sensitivities of metrics mean that the absolute numerical performance of models is incomparable. For example, if there is a dataset where models typically perform at 80, and another where the usual performance is 40, directly comparing a model's performance scores on these two datasets cannot reflect whether the model is better at one task over the other. However, comparing standardized scores derived from relative performance can yield conclusive insights. 2. For overall rankings, standardized scores can negate the bias caused by specific tasks. For instance, without standardized scoring, ChatGLM (6B) would rank much higher in overall rankings solely due to its high performance in the 2-2 task, surpassing its improved version ChatGLM2-32k. We acknowledge that the inclusion of new models indeed results in variations in the overall standardized scores. We believe that considering the benefits mentioned above, such variations are acceptable. One of the objectives of KoLA is to provide a reference for users in selecting models. We trust that if new models demonstrate superior capabilities, the relative downscaling of other models' evaluations is beneficial for users. Ref: [7] Haladyna T M, Nolen S B, Haas N S. Raising standardized achievement test scores and the origins of test score pollution[J]. Educational Researcher, 1991, 20(5): 2-7. **[Final Remark]** Thank you again for reviewing our paper and for the insightful discussions. We hope that our response and clarification have addressed your questions and concerns. Please feel invited to engage with us if you have more questions."	"Thank you for your valuable feedback. We are greatly delighted to note your recognition of the contributions our paper makes in terms of data, evaluation design, and results analysis. We are happy to address the questions you’ve raised. - *I would have liked to see the human evaluation results in the main part of the paper. It would strengthen the analysis.* Adding the human evaluation to the main text is indeed a good suggestion. However, due to the constraints of length, we attempted but failed to include the results of human evaluation and its background in the content. In our revised paper, we have further highlighted this part (in Section 3), with the aim of directing readers' attention to the corresponding appendix. - *Do authors discuss the costs involved with these studies for both seasons?* This is a valuable concern. To sustain the project over the long term, we have kept the budget for each season below USD 2,000. Generally, each season’s expenditure comprises two main parts: 1) the cost of data annotation, and 2) the expenses for model deployment and API calls. The data annotation includes labeling knowledge triples and event arguments. As introduced in Appendix B, to reduce the difficulty and cost of annotation, we have pre-labeled the collected text automatically, allowing annotators to focus on the core tasks. Overall, each season requires approximately USD 660-700 for triple annotation and USD 400-420 for event annotation. Due to the scale of the KoLA test sets, the costs for model deployment and API calls have been kept within an acceptable range. The deployment expenses, estimated from GPU usage time, are approximately USD 200-240, while the API incurs an additional cost of USD 150-180. Overall, for the two seasons completed thus far, the costs have not exceeded USD 1,600 per season. With the anticipated increase in the number of models in future seasons, we believe that a budget of USD 2,000 per season should be sufficient to maintain the normal operation of the project. **[Final Remark]** Thank you once again for recognizing our work and offering invaluable suggestions for improvement. Please feel invited to leave more comments in case you have additional questions.

Thank you for investing your time and expertise in reviewing our work. We are grateful for your recognition of our efforts in the design of framework and the evolving tests, and we are delighted to clarify the concerns and answer the questions you raised. - *The paper said that ""Comparing the second-season results with the first season, the rankings of most open-source models have declined"" but Table 2 and Table 3 seem to show results of four levels of the same season.* Due to space constraints, we placed the complete results of the first season in Appendix E.2. In the content, we primarily present the results of the second season (the latest season at the time of submission) and its comparison to the first season, which is reflected in the Rank column for each level. - *Why COPEN and 2wikiMultiQA are also considered as exclusive?* To ensure the reliability of our evaluation, we reached out to the authors of several works, including COPEN and 2WikiMutiQA, at the very beginning of our project. We obtained their **unpublished held-out test sets** for evaluation in KoLA. As explained in the caption of Table 1, “Exclusive tasks mean their test sets are newly developed or sponsored by the original authors and were not publicly disclosed.” Based on this criterion, we labeled these tasks as “Exclusive.” - *How the knowledge is designed in Figure 2 to apply self contrast metric please?* To more clearly demonstrate the evaluation process of the knowledge creation task, here we use the example in Figure 2 for a detailed explanation. The process can be divided into three main steps: First, the model to be evaluated generates a completion $T$ using only the context $C$ (The Battle of Evesham marked the defeat of Simon de Montfort...), allowing it to freely create content. Second, the model uses both the context $C$ and event knowledge $K$ (i.e., the structured content in the middle part of the figure) as inputs, to generate the other completion $T_{k}$. Third, by contrasting the model's generated results $T$ and $T_{k}$ under these two conditions, we can calculate the rationality of the model's event knowledge creation, $\partial \left( T, T_{k} \right)$ (its ability to freely create subsequent event knowledge, e.g., *Prince Edward’s Escape*). Together with the other two contrast metrics, this comparison ultimately leads to the scoring of the knowledge creation level. We hope this explanation can further aid your understanding of the paper. - *One of the potential strength of the paper is to analyse the results on the fresh data of each season that the paper claims; however, we don't find such results in the current version.* We analyzed the results on evolving tasks compared with known tasks in Section 3 (the second point of “Design Analysis”), which shows that the known-evolving performance gap is closer at the higher levels, indicating that the high-level abilities are more generalizable. We totally agree that a thorough analysis on evolving data is essential. We plan to execute a retrospective diachronic analysis after completing the first phase (six seasons as planned) and hope to have intriguing findings. - *Meanwhile, the paper draws some conclusions (the ones related to knowledge) that don't seem to be part of the contributions of this particular paper.* We believe that the experimental conclusions of this paper can provide contributions in two key aspects. First, the analysis upon a Bloom’s cognitive taxonomy, a rather unique aspect of this paper, offers a new perspective in analyzing the knowledge capabilities of LLMs. Second, although some speculations about model performance, such as the alignment tax, have been widely discussed, our results provide new experimental support for these speculations. As other reviewers have mentioned, although some conclusions might not be novel, the evaluation results provided by this framework are valuable. Additionally, KoLA, as a long-term maintained benchmark, can be utilized to observe whether these issues show improvement in the future. **[Final Remark]** Thank you again for reviewing our paper and for the pleased comments. We hope that our response and clarification have addressed your questions and concerns. We sincerely invite you to engage with us if you have more questions.

Thank you for dedicating your time and effort to review our work, and for acknowledging our overall design, experimental analysis, and writing. We are glad to answer the questions you've raised. - Q1: *The paper identified four knowledge capabilities. It is clear on knowledge memorization and knowledge creation. However, it is vague to distinguish knowledge understanding and knowledge application. Take knowledge understanding as an example, would reading comprehension a task of knowledge understanding or knowledge attention? Why knowledge understanding only has extraction tasks?* This is a valuable question, and we are pleased to discuss it with you. In Bloom's Cognitive Taxonomy [1], *Understanding* can be described as ”Determining the meaning of instructional messages“, typically involving actions like “Explain, Summarize.” *Applying* is described as “Carrying out or using a procedure in a given situation”, generally including actions such as 'Implement, Execute’. Indeed, since the revision of Bloom's theory [2], there has been considerable debate about the demarcation between these two cognitive levels. Despite ongoing discussions, one consensus principle to differentiate them is whether it involves information and abilities beyond the given content [3]. Consequently, we categorize tasks involving information extraction (which ensures that the output information is faithfully extracted from the input text) as Understanding. It is worth noting that the Knowledge Understanding (KU) level is not limited to information extraction; it also includes the ability of conceptual abstraction, as seen in our investigated task COPEN. Under this criterion, if a reading comprehension question requires only knowledge from the text, we would classify it as a KU task. Once it involves more complex background knowledge and reasoning, it might lean more towards a Knowledge Application (KA) task. Ref: [1] Krathwohl D R. A revision of Bloom's taxonomy: An overview[J]. Theory into practice, 2002, 41(4): 212-218. [2] Forehand M. Bloom's taxonomy: Original and revised[J]. Emerging perspectives on learning, teaching, and technology, 2005, 8: 41-44. [3] Wilson L O. Anderson and Krathwohl Bloom’s taxonomy revised understanding the new version of Bloom’s taxonomy[J]. The Second Principle, 2016, 1(1): 1-8. - Q2: *Benchmark on emerging corpora is a great idea and it is quite encouraging to see the authors promised to refresh the benchmark regularly. However, it is not clear how to maintain such benchmark in the long term. As the time goes by, some evolving benchmark is no longer most up-to-date, how to handle the benchmark data? How would this evolving benchmark interact with the known dataset?* As stated in Section 2 of our paper, we are committed to updating our evaluation for at least six seasons. After this, we will further extend tasks to introduce new versions of KoLA. The data for every new season will be up-to-date to ensure the test data is not leaked, maintaining the relative fairness of the evaluation. For the ended seasons, we do not plan to add them to the known set immediately. Instead, they will be publicly released after the completion of six seasons, and a retrospective analysis of all past seasons will be conducted. The primary workload for running a new season includes collecting and annotating new data, constructing a new list of models, and publishing evaluation results. To host these tasks, we have established a maintenance team and carefully controlled costs. This includes adding a large amount of automated pre-annotation (as described in Appendix B) and controlling the size of the evaluation set. As mentioned in our discussion with reviewer 1m8m, we expect the cost of every season will be under USD 2,000. Therefore, we are confident to fulfill the committed maintenance and we also welcome contributions from the community."	I appreciate the authors' detailed feedback. The main contribution of this work is the extensive benchmark with different levels (knowledge, reasoning, etc.) of data of different nature (evolving or not evolving, etc.) with inspiration drawn from cognitive science. However, although I agree with the novelty of this idea and the significant efforts authors have shown in the project as presented in the paper, I am not convinced after reading the paper that the hierarchy with the chosen benchmarks bring any benefits for 1) better understanding LLM capacity 2) the practical development or usage for LLMs. Thus I am not particularly excited of this work but I certainly have no strong arguments to reject this paper either.	partially_fixed		clarity improved but the strongest presentation request was only partly satisfied
6.200	My7lkRNnL9__r03	Forward Learning with Top-Down Feedback: Empirical and Analytical Characterization	5: marginally below the acceptance threshold	4: You are confident in your assessment, but not absolutely certain. It is unlikely, but not impossible, that you did not understand some parts of the submission or that you are unfamiliar with some pieces of related work.	partially_fixed	silver_followup_comment	Thank you for the response. Some of my questions are addressed, e.g., the comparison with DFA and the magnitude of $Fe$, and I raise my score to 5. I have some additional comments. 1. In PEPITA, there is also a traveling of error from top to input, while DFA propagates errors to each layer. To what extent the error ...	partially_fixed	regressed	unresolved	unresolved	unresolved	partially_fixed	partially_fixed	"[weaknesses] 1. I think this paper requires a clearer definition of the considered “forward-only” algorithms. In the abstract, it is defined as “avoiding a backward pass”. However, PEPITA, different from local FF, indeed requires a direct global error feedback to inputs. If PEPITA is considered as “forward-only”, is DFA also “forward-only”, as it shares the similar form of direct global error feedback without layer-by-layer BP? In the sense of “forward-only” algorithms, I don’t think PEPITA is parallel to FF with local learning. 2. In Table 1, why the considered rule has a much worse performance? It is unclear why we should consider it as it does not introduce additional properties over several algorithms while being worse. Additionally, what’s the detailed definition for “local” and “activity freezing”? For PEPITA, it requires global error feedback to inputs, and storage of activations of the first forward propagation until the second forward propagation ends. Why it is considered “local” and solving “activity freezing”? And why PEPITA outperforms DFA in these aspects? 3. In Section 3.1, the similarity to DFA only holds for the first layer. It is unclear for other layers (Eq. (4)). 4. In Section 4, the networks are still quite shallow and experimental results are quite poor. DFA can scale to large datasets and networks [1], and WM also scales to large-scale scenarios [2]. 5. Some derivations are not strict and may be contradictory. For example, in Section 3 and Section 5, it is assumed for several times that $Fe$ is much smaller than $x$ so it can be ignored. In Section 5, however, it is also assumed that the “modulated” samples can be used for negative samples in the FF framework. If the modulation is small enough, why can it formulate a valid negative sample? This largely reduces the reliability of the connection between PEPITA and FF. Overall, I think there is no enough contribution in empirical or theoretical perspectives. [1] Direct feedback alignment scales to modern deep learning tasks and architectures. NeurIPS, 2020. [2] Deep learning without weight transport. NeurIPS, 2019.

[questions] 1. In Section 3.2, what’s the difference between the analysis and previous analyses for DFA? 2. In Section 5.1, what’s the connection of the derivation with contrastive Hebbian learning [1] or equilibrium propagation [2], which also takes the form of Hebbian and Anti-Hebbian phases? [1] Equivalence of backpropagation and contrastive Hebbian learning in a layered network. Neural Computation, 2003. [2] Equilibrium propagation: bridging the gap between energy-based models and backpropagation. Frontiers in Computational Neuroscience, 2017.

[summary] This paper analyzes the Present the Error to Perturb the Input To modulate the Activity (PEPITA) learning algorithm, showing its connection to Direct Feedback Alignment (DFA) as well as Forward-Forward (FF) algorithm with negative samples being the “modulated” samples in PEPITA. Some empirical experiments also study PEPITA on deeper networks and with several techniques."	We thank the reviewer for their insightful comments. The point-to-point answer is provided below. --- # Weaknesses 1. A key difference between DFA and PEPITA/FF is that DFA requires the computation of gradients of activation explicitly. This means that because the feedback is added after the non-linearity, an additional backward computation is needed. In FF and PEPITA, instead, the update only depends on activations computed during the forward pass. We also note that in [Hinton, 2022], the author mentions the possibility of negative samples constructed using top-down connections, which is the case for PEPITA. Moreover, we note that in forward learning algorithms, the error does not travel by itself throughout the network and that the networks continuously respond to inputs (original or modulated/negative), unlike in DFA where a forward pass is followed with a backward pass containing the error info. 2. We thank the reviewer for the questions. First, we want to clarify the difference between spatial and temporal locality. Spatial locality refers to rules that use only local information (unit activation). In [Nokland, 2016], the author mentions that the update is “almost local”. T...	"We thank the reviewer for their insightful comments. The point-to-point answer is provided below. --- # Weaknesses 1. A key difference between DFA and PEPITA/FF is that DFA requires the computation of gradients of activation explicitly. This means that because the feedback is added after the non-linearity, an additional backward computation is needed. In FF and PEPITA, instead, the update only depends on activations computed during the forward pass. We also note that in [Hinton, 2022], the author mentions the possibility of negative samples constructed using top-down connections, which is the case for PEPITA. Moreover, we note that in forward learning algorithms, the error does not travel by itself throughout the network and that the networks continuously respond to inputs (original or modulated/negative), unlike in DFA where a forward pass is followed with a backward pass containing the error info. 2. We thank the reviewer for the questions. First, we want to clarify the difference between spatial and temporal locality. Spatial locality refers to rules that use only local information (unit activation). In [Nokland, 2016], the author mentions that the update is “almost local”. This is due to the fact that the feedback is added after the nonlinearity, and the update needs to compute the derivative of the activation, causing the update to be non-local (it would be local with linear activation). Instead, PEPITA does not require any computation that does not depend on local signals (unit activation). Temporal locality refers to rules that do not need to store the activations in memory, and are able to compute updates on only temporally-local information. This is the case for PEPITA-TL, which updates the weights on the fly. We note that PEPITA-TL is the only temporally-local rule in Table 1. Second, in DFA - similarly to BP - activity freezing is a consequence of alternating a forward pass (the network responds to an input, and the nodes are “active”) and a backward pass (the error information travels through the network from the top to the bottom layers, but the network does not process any inputs, thus the nodes are “inactive” or “frozen”). In PEPITA and in FF, the error never travels through the network “by itself” to drive the updates. The network always responds to an input in a forward fashion - the input is modulated through the error in PEPITA, the negative samples in FF. Last, we would like to note that this paper is not proposing the PEPITA algorithm, but rather an analytical characterization of the latter. Locality and activity freezing are explained thoroughly in the work by [Dellaferrera & Kreiman, 2022]. 3. As specified at the beginning of Sec. 3, we focus on two-layer networks for our theoretical results. Sec. 3.1 is aimed at providing an analytical understanding of the alignment phenomenon observed in the paper introducing the PEPITA algorithm [Dellaferrera & Kreiman, 2022] that considered two-layer networks. Our approximation suggests that a perturbative approach could be insightful to understand the PEPITA learning rule in deeper networks. The analytical characterization of the dynamics of deep non-linear networks is to a large extent still an open problem even for networks trained with back-propagation and goes beyond the scope of our work. 4. We thank the reviewer for pointing out the work of [Launay et al 2020] and [Aktrout et al 2019], which we now cite. The reviewer raises valid points. In general, it has been hard to get better results than using back-propagation in the field. We usually refer to approximations to back-propagation. As one example of many, DFA [Nokland 2016] also started with relatively shallow networks and worse performance than back-propagation and it took a few years for the community to extend it to deeper networks [Launay et al 2020, as cited by the reviewer], and even in these deeper networks, back-propagation generally outperforms DFA (though DFA is a very reasonable approximation, [Laynay et al 2020]). Such approximations can still be interesting due to their biological plausibility, theoretical understanding of learning, and the possibility of implementing them in neuromorphic hardware.

We thank the reviewer for their insightful comments. The point-to-point answer is provided below. --- # Weaknesses 1. We thank the reviewer for appreciating the value of our theoretical results, beyond simple contributions in performance and accuracy. Experimental evaluation: 2. Our work extends previous work that impeded training deeper networks with the original PEPITA method, and so improves on the complexity of networks that PEPITA can work with. Overall, many local or biologically plausible training algorithms in present-day literature are not yet ready to be tested on challenging large-scale datasets and highly complex network architectures. 3. It is unfortunately common in the literature to use image classification tasks as the initial benchmark of new training algorithms. We share this choice with Hinton’s FF paper and others in the same area (e.g. [Ororbia and Mali, 2023]). We do think it would be interesting to extend this work to other types of tasks, particularly to time-dependent datasets, where a forward-only algorithm can be especially useful for analyzing incoming data in real-time. However, this is best treated in a separate paper, where we can focus on the specific needs of such a case. 4. At this time, we are not aware of any implementation of Forward-Forward which utilizes feedback connections to generate the negative samples, as proposed by [Hinton, 2022]. Given the significant difference, we decided not to compare PEPITA to Forward Forward with externally generated samples. Despite this, for completeness, we have added the results that FF achieves on MNIST as reported in [Hinton, 2022]. 5. As was pointed out above by reviewer sGVa, the performance of forward-only algorithms has been catching up in recent years, but what is lacking is the theoretical understanding of their learning dynamics. Our aim is not yet to apply PEPITA to real-world tasks but to understand which tools may or may not lead to performance improvements, and why, in order to guide further development. In this respect, small improvements are also informative, and even negative results are valuable lessons. Minor issues: 6-7-8. We thank the reviewer for these suggestions, we are currently working to implement them in the paper. 9. We thank the reviewer for noticing this mismatch. We have now correctly referred to Fig.2d at the end of Sec. 3.2 10. We thank the reviewer for noticing this. The table now reports Lillicrap 2016 instead. Spelling: 11. We thank the reviewer for catching the typo. We have corrected this in the revised version of the manuscript. 12. We thank the reviewer for the suggestion. In the revised version you will now find “GPUs”. --- # Questions 1. We thank the reviewer for the fair question. We consider our primary contribution the theoretical analysis of the nonintuitive learning dynamics of PEPITA, the study of training techniques that lead to improved performance, and the connections with FF and DFA. Overall, we believe that these different characterizations help us build a common framework to study forward-learning rules. The reason why we included PEPITA-TL in Table 1 is to have a complete comparison. Figure S1 shows that training with PEPITA-TL is possible, but we leave the study necessary to make its performance competitive for future work. Moreover, we have added PEPITA-Hebbian and PEPITA+WM in Table 1. 2. We thank the reviewer for the question. To find the best hyperparameters for training with activation normalization we run a grid search, which includes searching for the optimal value of weight decay. In all cases with normalization, the grid search returns no weight decay, for this reason, we did not include the combination of normalization and weight decay in the table. 3. We thank the reviewer for the question. The fact that at the start of the training, the angles look identical is due to the small learning rate for WM that the grid search has returned (Table S3). This causes pre-mirroring to have a small effect on the angle, although the effect is noticeable in terms of slowness (Table S2). For MNIST and CIFAR-100, the grid search returns higher learning rates for WM (Table S3), and the effect is more noticeable both in the angles (Figure S6) and in the slowness (Table S2).

5. We respectfully disagree with the reviewer’s point that the magnitude of $Fe$ impacts the connection between PEPITA and FF. First, we point out that the small magnitude of $Fe$ is not an assumption, but it is instead a result that we confirmed empirically. Indeed, the approximation of the PEPITA rule (eq. 6) can only hold if $\|Fe\|\ll\| x\|$. The latter is confirmed by Figure 2a and Figure S3: in this figure, we compare models trained with PEPITA versus identically-initialized models trained with AFA (eq.6). The almost identical training curve confirms that the approximation holds, and consequently that $\|Fe\|\ll\| x\|$. Having proved this, we use the same result (not assumption) for Section 5. The fact that despite the small magnitude the feedback can generate valid negative samples is proven by the empirical results we obtain when training networks (Table 2). To answer “why” this is possible, we present an analysis of the learning mechanism of PEPITA (Section 3), we show that our theory matches the empirical results (Figure 2A-B, Appendix D) and we further elucidate the dynamics of learning, and the alignment mechanism (Appendix E). --- # Questions 1. From a technical point of view, the main difference between the analysis of DFA in [Refinetti et al., 2021a] and our derivation in Sec. 3.2 is that our formalism requires an additional ODE for the dynamics of the adaptive feedback. The emergence of adaptive feedback as a natural order parameter governing the dynamics of learning is a theoretical confirmation of the experimental insight in [Dellaferrera & Kreiman, 2022]. Moreover, our results suggest that a perturbative approach (which is not necessary for DFA) is insightful for the analysis of PEPITA. 2. We thank the reviewer for the interesting question. In both [Xie and Seung, 2003] (equation 2.6) and [Scellier and Bengiom 2017] (Section 2.4) we find very clear similarities with PEPITA-Hebbian in terms of the update rule. Moreover, both algorithms, as well as PEPITA, work on perturbations that are propagated through the network, which treats clean and perturbed signals differently (Hebbian and anti-Hebbian phases). The main difference stems from how the perturbation is propagated through the network: while PEPITA adds the perturbation to the input using a random feedback matrix (thus avoiding the weight transport problem), in both [Xie and Seung, 2003] and [Scellier and Bengiom 2017] the perturbation is fed to the output layer and propagated through weights symmetrical to the forward weights, which is an issue from the biological perspective."	"We thank the reviewer for their insightful comments. The point-to-point answer is provided below. --- # Weaknesses 1. We thank the reviewer for appreciating the value of our theoretical results, beyond simple contributions in performance and accuracy. Experimental evaluation: 2. Our work extends previous work that impeded training deeper networks with the original PEPITA method, and so improves on the complexity of networks that PEPITA can work with. Overall, many local or biologically plausible training algorithms in present-day literature are not yet ready to be tested on challenging large-scale datasets and highly complex network architectures. 3. It is unfortunately common in the literature to use image classification tasks as the initial benchmark of new training algorithms. We share this choice with Hinton’s FF paper and others in the same area (e.g. [Ororbia and Mali, 2023]). We do think it would be interesting to extend this work to other types of tasks, particularly to time-dependent datasets, where a forward-only algorithm can be especially useful for analyzing incoming data in real-time. However, this is best treated in a separate paper, where we can focus on the specific needs of such a case. 4. At this time, we are not aware of any implementation of Forward-Forward which utilizes feedback connections to generate the negative samples, as proposed by [Hinton, 2022]. Given the significant difference, we decided not to compare PEPITA to Forward Forward with externally generated samples. Despite this, for completeness, we have added the results that FF achieves on MNIST as reported in [Hinton, 2022]. 5. As was pointed out above by reviewer sGVa, the performance of forward-only algorithms has been catching up in recent years, but what is lacking is the theoretical understanding of their learning dynamics. Our aim is not yet to apply PEPITA to real-world tasks but to understand which tools may or may not lead to performance improvements, and why, in order to guide further development. In this respect, small improvements are also informative, and even negative results are valuable lessons. Minor issues: 6-7-8. We thank the reviewer for these suggestions, we are currently working to implement them in the paper. 9. We thank the reviewer for noticing this mismatch. We have now correctly referred to Fig.2d at the end of Sec. 3.2 10. We thank the reviewer for noticing this. The table now reports Lillicrap 2016 instead. Spelling: 11. We thank the reviewer for catching the typo. We have corrected this in the revised version of the manuscript. 12. We thank the reviewer for the suggestion. In the revised version you will now find “GPUs”. --- # Questions 1. We thank the reviewer for the fair question. We consider our primary contribution the theoretical analysis of the nonintuitive learning dynamics of PEPITA, the study of training techniques that lead to improved performance, and the connections with FF and DFA. Overall, we believe that these different characterizations help us build a common framework to study forward-learning rules. The reason why we included PEPITA-TL in Table 1 is to have a complete comparison. Figure S1 shows that training with PEPITA-TL is possible, but we leave the study necessary to make its performance competitive for future work. Moreover, we have added PEPITA-Hebbian and PEPITA+WM in Table 1. 2. We thank the reviewer for the question. To find the best hyperparameters for training with activation normalization we run a grid search, which includes searching for the optimal value of weight decay. In all cases with normalization, the grid search returns no weight decay, for this reason, we did not include the combination of normalization and weight decay in the table. 3. We thank the reviewer for the question. The fact that at the start of the training, the angles look identical is due to the small learning rate for WM that the grid search has returned (Table S3). This causes pre-mirroring to have a small effect on the angle, although the effect is noticeable in terms of slowness (Table S2). For MNIST and CIFAR-100, the grid search returns higher learning rates for WM (Table S3), and the effect is more noticeable both in the angles (Figure S6) and in the slowness (Table S2).

5. We respectfully disagree with the reviewer’s point that the magnitude of $Fe$ impacts the connection between PEPITA and FF. First, we point out that the small magnitude of $Fe$ is not an assumption, but it is instead a result that we confirmed empirically. Indeed, the approximation of the PEPITA rule (eq. 6) can only hold if $\|Fe\|\ll\| x\|$. The latter is confirmed by Figure 2a and Figure S3: in this figure, we compare models trained with PEPITA versus identically-initialized models trained with AFA (eq.6). The almost identical training curve confirms that the approximation holds, and consequently that $\|Fe\|\ll\| x\|$. Having proved this, we use the same result (not assumption) for Section 5. The fact that despite the small magnitude the feedback can generate valid negative samples is proven by the empirical results we obtain when training networks (Table 2). To answer “why” this is possible, we present an analysis of the learning mechanism of PEPITA (Section 3), we show that our theory matches the empirical results (Figure 2A-B, Appendix D) and we further elucidate the dynamics of learning, and the alignment mechanism (Appendix E). --- # Questions 1. From a technical point of view, the main difference between the analysis of DFA in [Refinetti et al., 2021a] and our derivation in Sec. 3.2 is that our formalism requires an additional ODE for the dynamics of the adaptive feedback. The emergence of adaptive feedback as a natural order parameter governing the dynamics of learning is a theoretical confirmation of the experimental insight in [Dellaferrera & Kreiman, 2022]. Moreover, our results suggest that a perturbative approach (which is not necessary for DFA) is insightful for the analysis of PEPITA. 2. We thank the reviewer for the interesting question. In both [Xie and Seung, 2003] (equation 2.6) and [Scellier and Bengiom 2017] (Section 2.4) we find very clear similarities with PEPITA-Hebbian in terms of the update rule. Moreover, both algorithms, as well as PEPITA, work on perturbations that are propagated through the network, which treats clean and perturbed signals differently (Hebbian and anti-Hebbian phases). The main difference stems from how the perturbation is propagated through the network: while PEPITA adds the perturbation to the input using a random feedback matrix (thus avoiding the weight transport problem), in both [Xie and Seung, 2003] and [Scellier and Bengiom 2017] the perturbation is fed to the output layer and propagated through weights symmetrical to the forward weights, which is an issue from the biological perspective.

We thank the reviewer for the positive comments on our work. We address the concerns and questions below. --- # Weaknesses 1. Generally, achieving superior outcomes compared to back-propagation in the field has proven challenging. Typically, we resort to utilizing approximations to back-propagation. For instance, DFA [Nokland 2016], among various examples, initially employed relatively shallow networks and exhibited poorer performance than back-propagation. It took a few years for the community to enhance it for deeper networks. We believe that our work provides the insights necessary to improve the performance of these types of algorithms. 2. In [Dellaferrera & Kreiman, 2022], the authors show that the algorithm can work well on CNNs too. In this work, we focused on other aspects, in particular on the theoretical analysis, which can be performed on fully connected networks. We leave the extension of our results to future work. --- # Questions 1. We have run experiments with PEPITA using the same hyperparameters as the best ones for PEPITA-TL. With this choice of hyperparameters, standard PEPITA also reaches around 40% accuracy, due to the low learning rate. Though these parameters were chosen using a grid search for PEPITA-TL, we conclude that the hyperparameter choice is not sufficient to explain the performance gap. 2. We thank the reviewer for the interesting insight. We provide an answer from two different perspectives. From the hardware implementation perspective, we say that a rule is temporally local if the updates are computed without the need to store any information in memory. This is the case for PEPITA-TL, which computes updates on the fly without any need to keep activations in memory. Instead, PEPITA-Hebbian needs to store the activations of the first forward pass and then use them for the update. From the biological perspective, we believe that the reviewer’s insight is very interesting: on the timescale of neural plasticity, we agree that PEPITA-Hebbian might be temporally local, which would also mean that PEPITA is. Small comments: 1. We agree with the reviewer, and we added PEPITA-Hebbian and PEPITA+WM in Table 1."	Thank you for the response. Some of my questions are addressed, e.g., the comparison with DFA and the magnitude of $Fe$, and I raise my score to 5. I have some additional comments. 1. In PEPITA, there is also a traveling of error from top to input, while DFA propagates errors to each layer. To what extent the error traveling you think is more acceptable? From the neuroscience perspective, three-factor learning rules with a top-down signal are valid and have been verified [1]. And considering biological spiking neural networks, errors from DFA can be combined with local eligibility traces [2] (the presynaptic activities and derivatives of the nonlinearity of postsynaptic neurons can be maintained in the trace), not necessarily breaking locality. On the other hand, a two stage of “clean” and “modulated” passes poses challenges for neural systems to distinguish the stage for update rules, and while PEPITA-TL is considered temporally local, it requires some temporal information to distinguish the stage for Hebbian or anti-Hebbian, so it is still not fully local. 2. If PEPITA-Hebbian mainly differs from previous Hebbian and anti-Hebbian methods considering the weight transport proble...	partially_fixed		several concerns were addressed but follow-up comments still remained
6.200	OsGUnYOzii__r02	Learning From Simplicial Data Based on Random Walks and 1D Convolutions	8: accept, good paper	4: You are confident in your assessment, but not absolutely certain. It is unlikely, but not impossible, that you did not understand some parts of the submission or that you are unfamiliar with some pieces of related work.	fixed	priority_secondary_tfidf	tfidf=fixed; structured=partially_fixed		fixed	fixed	partially_fixed	partially_fixed	partially_fixed	partially_fixed	"[weaknesses] 1. The major concern I could see is memory and computation as it contains the matrices for k levels of simplices. And, each walk consists of six matrices. 2. It is not clear how long the walk is and how many walks are computed for each of the k-simplices. Assuming m is for the collection of all walks from all k-simplices. 3. Why are walks passed in every layer? Is it not enough to use it only at the input? 4. How are the output from k-simplices combined for the final output? I could see three different outputs in Fig. 3. 5. Fig 6. results are on par with MPSN. Justification of why it works differently on two different kinds of datasets would be much appreciated. Results are improved significantly for social networks although it.

[questions] Why are walks computed on the fly or they are just sampled on the fly? Can’t we precompute the walks which is just one time processing before training?

[summary] The paper proposes a method called SCRAWL which explores simplicial complexes-based learning representations for graph datasets using random walks and 1D convolution on simplices. This work is built on top of the recent work CRAWL which uses random walks and 1D conv directly on graphs. The authors performed two tasks vertex classification and missing citation counts on two benchmark datasets."	1. We agree that the memory footprint is considerable, especially for large datasets. However, this is generally the case for simplicial complexes as the simplicial property forces exponentially many sub-simplices for any higher order simplex. The feature matrices themselves can be computed on the fly and are very sparse in the later columns (containing the structural information about connectivity and identity). The first columns contain features that any reasonable approach needs to store as well. An advantage of our approach is, however, that we can vary the scalability, e.g., by selecting the window sizes and walk lengths, which is not possible for classical message passing architectures. Investigating such trade-offs in more detail (more broadly: how to optimally leverage higher-order information, while keeping computations tractable) is an interesting topic we intend to explore in future work in more detail. 2. In our experiments, we sampled one random walk per simplex. Walk lengths are set to 5 for the semantic scholar dataset and 50 for the other datasets. These parameters are mention in the text of section 5 and Table 1 in the appendix. These parameters are of course hy...	"1. We agree that the memory footprint is considerable, especially for large datasets. However, this is generally the case for simplicial complexes as the simplicial property forces exponentially many sub-simplices for any higher order simplex. The feature matrices themselves can be computed on the fly and are very sparse in the later columns (containing the structural information about connectivity and identity). The first columns contain features that any reasonable approach needs to store as well. An advantage of our approach is, however, that we can vary the scalability, e.g., by selecting the window sizes and walk lengths, which is not possible for classical message passing architectures. Investigating such trade-offs in more detail (more broadly: how to optimally leverage higher-order information, while keeping computations tractable) is an interesting topic we intend to explore in future work in more detail. 2. In our experiments, we sampled one random walk per simplex. Walk lengths are set to 5 for the semantic scholar dataset and 50 for the other datasets. These parameters are mention in the text of section 5 and Table 1 in the appendix. These parameters are of course hyperparameters and can be tuned for the respective dataset. 3. The feature matrices change in every layer (because the hidden states are updated), thus the random walks are passed to every layer. 4. This depends on the dataset at hand and the considered targets. For the semantic scholar dataset, the outputs $y_0, ..., y_5$ are compared as is with the targets. For the social contact dataset, only the outputs $y_0$ are considered. 5. For the semantic scholar dataset, the results of SCRaWl and MPSN are close to perfect, so we cannot expect any strong improvement beyond MPSN. The social contact datasets show that SCRaWl is able to outperform MPSN. Regarding your questions: Yes, the walks can be precomputed as well. This is actually also implemented in our code. However, this does not have any influence on imputation accuracy, but only on training time, which is why we did not include it in the paper. Notice that the same random walks should not be reused in every epoch to avoid overfitting to these specific walks.

**References** We incorporated the suggested references into our work. References [1] and [2] have already been cited in our related work section before. In particular, [2] is the primary work we built upon by extending their approach to simplicial complexes. We believe this is made clear in the current version of the paper already, e.g. in the introduction: ""[...] here we take inspiration from random walk-based graph neural networks on graphs (Tönshoff et al., 2023) and explore the use of a random walk-based learning architecture for simplicial complexes."" It is our understanding that [4] focuses on hyperedge link prediction and their proposed method is therefore not (directly) applicable to the tasks considered in our paper. Similarly, [3] deals with temporal data, which is not the focus of our paper, though they also explain how their approach can be applied to node classification on static hypergraphs. We however want to point out that this work was published after the submission deadline of our paper. We added a paragraph to our related works section that mentions hypergraphs as another paradigm to represent higher-order interactions and reference to some noticeable hypergraph neural networks, including the proposed references [3] and [5]. We further extended the comparison on the social contact datasets with hypergraph neural networks (Table 3 in the appendix). **Ablation Study** We added an ablation study on the social contact datasets to the appendix where we compare the influence of the window size $s$, the walk length $\ell$, and of lower and upper adjacency when sampling the walks.

Thank you for your detailed response. Let us address each point separately: **Parameter Choice** We added an ablation study to the paper that explores the influence of considered adjacency, the size of the local window, and the length of the random walks on the performance on the social contact datasets. **Utility of Simplicial Perspective** We agree that highlighting the importance a simplicial perspective on datasets would be benefitial. However due to space constraints we considered this outside the scope of our paper. The comparison between SCRaWl and CRaWl (Figure 7) provides an initial indication towards this topic and other authors considered this comparison as well, e.g. Bodnar et al, 2021. We argue that this topic should be dealt with in a more dedicated work and on a more abstract level not focused on one particular neural network architecture but rather with different graph neural networks and simplicial neural networks in mind. **Application to other Complexes** The approach should also work on combinatorial complexes, provided an analogous notion of a random walk is defined. This is similar to the case of cell complexes as explained in the conclusion. For hypergraphs, the notion of upper and lower adjacency is not well defined, which is why we did not consider them in our work. Of course, ignoring this (e.g., by merging the respective columns into one) would yield a valid approach, but we did not investigate the performance of such a method in detail here. **Dataset Size** For larger datasets, reducing the number of random walks is a viable option to reduce complexity. Choosing one random walk per simplex makes is very likely to cover each simplex sufficiently often as a center simplex in a local window, but this property is neither ensured nor necessary. It is also worth considering to use smaller parameters during training and larger parameters during inference. **Minor Things** We added the suggested survey paper as reference for expressivity in context with WL and fixed the minor style issues."	"**References** We incorporated the suggested references into our work. References [1] and [2] have already been cited in our related work section before. In particular, [2] is the primary work we built upon by extending their approach to simplicial complexes. We believe this is made clear in the current version of the paper already, e.g. in the introduction: ""[...] here we take inspiration from random walk-based graph neural networks on graphs (Tönshoff et al., 2023) and explore the use of a random walk-based learning architecture for simplicial complexes."" It is our understanding that [4] focuses on hyperedge link prediction and their proposed method is therefore not (directly) applicable to the tasks considered in our paper. Similarly, [3] deals with temporal data, which is not the focus of our paper, though they also explain how their approach can be applied to node classification on static hypergraphs. We however want to point out that this work was published after the submission deadline of our paper. We added a paragraph to our related works section that mentions hypergraphs as another paradigm to represent higher-order interactions and reference to some noticeable hypergraph neural networks, including the proposed references [3] and [5]. We further extended the comparison on the social contact datasets with hypergraph neural networks (Table 3 in the appendix). **Ablation Study** We added an ablation study on the social contact datasets to the appendix where we compare the influence of the window size $s$, the walk length $\ell$, and of lower and upper adjacency when sampling the walks.

1. We agree that the memory footprint is considerable, especially for large datasets. However, this is generally the case for simplicial complexes as the simplicial property forces exponentially many sub-simplices for any higher order simplex. The feature matrices themselves can be computed on the fly and are very sparse in the later columns (containing the structural information about connectivity and identity). The first columns contain features that any reasonable approach needs to store as well. An advantage of our approach is, however, that we can vary the scalability, e.g., by selecting the window sizes and walk lengths, which is not possible for classical message passing architectures. Investigating such trade-offs in more detail (more broadly: how to optimally leverage higher-order information, while keeping computations tractable) is an interesting topic we intend to explore in future work in more detail. 2. In our experiments, we sampled one random walk per simplex. Walk lengths are set to 5 for the semantic scholar dataset and 50 for the other datasets. These parameters are mention in the text of section 5 and Table 1 in the appendix. These parameters are of course hyperparameters and can be tuned for the respective dataset. 3. The feature matrices change in every layer (because the hidden states are updated), thus the random walks are passed to every layer. 4. This depends on the dataset at hand and the considered targets. For the semantic scholar dataset, the outputs $y_0, ..., y_5$ are compared as is with the targets. For the social contact dataset, only the outputs $y_0$ are considered. 5. For the semantic scholar dataset, the results of SCRaWl and MPSN are close to perfect, so we cannot expect any strong improvement beyond MPSN. The social contact datasets show that SCRaWl is able to outperform MPSN. Regarding your questions: Yes, the walks can be precomputed as well. This is actually also implemented in our code. However, this does not have any influence on imputation accuracy, but only on training time, which is why we did not include it in the paper. Notice that the same random walks should not be reused in every epoch to avoid overfitting to these specific walks.

Thank you for your detailed response. Let us address each point separately: **Parameter Choice** We added an ablation study to the paper that explores the influence of considered adjacency, the size of the local window, and the length of the random walks on the performance on the social contact datasets. **Utility of Simplicial Perspective** We agree that highlighting the importance a simplicial perspective on datasets would be benefitial. However due to space constraints we considered this outside the scope of our paper. The comparison between SCRaWl and CRaWl (Figure 7) provides an initial indication towards this topic and other authors considered this comparison as well, e.g. Bodnar et al, 2021. We argue that this topic should be dealt with in a more dedicated work and on a more abstract level not focused on one particular neural network architecture but rather with different graph neural networks and simplicial neural networks in mind. **Application to other Complexes** The approach should also work on combinatorial complexes, provided an analogous notion of a random walk is defined. This is similar to the case of cell complexes as explained in the conclusion. For hypergraphs, the notion of upper and lower adjacency is not well defined, which is why we did not consider them in our work. Of course, ignoring this (e.g., by merging the respective columns into one) would yield a valid approach, but we did not investigate the performance of such a method in detail here. **Dataset Size** For larger datasets, reducing the number of random walks is a viable option to reduce complexity. Choosing one random walk per simplex makes is very likely to cover each simplex sufficiently often as a center simplex in a local window, but this property is neither ensured nor necessary. It is also worth considering to use smaller parameters during training and larger parameters during inference. **Minor Things** We added the suggested survey paper as reference for expressivity in context with WL and fixed the minor style issues."		partially_fixed		some explanation was added but the scalability and dataset concerns remain only partly resolved
6.200	7vVWiCrFnd__r04	Rethinking and Extending the Probabilistic Inference Capacity of GNNs	6: marginally above the acceptance threshold	3: You are fairly confident in your assessment. It is possible that you did not understand some parts of the submission or that you are unfamiliar with some pieces of related work. Math/other details were not carefully checked.	fixed	silver_followup_comment	I appreciate the authors' responses and they address my concerns. I'll raise my score to 6.	fixed	fixed	partially_fixed	partially_fixed	partially_fixed	fixed	fixed	"[weaknesses] * Experiments on large link prediction datasets are lacked. * While the theoretical analysis has included a lot of GNN methods, the experiments don't include them all. * Experiments on various node classification datasets(including homogeneous and heterogeneous graphs) are lacked. * Improvements of better GNNs(like GCNII) in node classification is limited. * Experiments details are lacked, like how to choose hyperparameters.

[questions] 1. For link prediction tasks, how is the experiments done? Why don't choose metric of link prediction to be HITS@10 like in the BUDDY paper. Also, why not include other baselines in the BUDDY paper, especially the GNN ones? Also, maybe lack of other experiments on large link prediction datsets 2. For node classification task, why not choose traditional homogeneous datasets and heterogeneous datasets like previous works. How will phantom nodes have impact when meeting graphs with different heterophily? Also, why For GCNII it hardly work better than SPN? 3. What's the complexity of GNNs with phantom nodes or phantom edges, for node classification and link prediction ,respectively?

[summary] This paper delves into the expressive power of Graph Neural Networks (GNNs) within the context of approximate inference in graphical models, going beyond the common association of GNNs with graph convolutions and Weisfeiler-Lehman (WL) graph isomorphism tests. The paper challenges the prevailing notion that GNNs necessitate integration with graphical models to enhance their probabilistic inference capacity, asserting that GNNs intrinsically possess robust approximation capabilities for posterior distributions. The research introduces a new expressive power hierarchy using Markov Random Fields (MRFs) with increasingly complex distributions and inference targets, providing insights into various GNN variants, including MPNNs, higher-order GNNs, subgraph GNNs, and labeling tricks in the contexts of node classification and link prediction. Furthermore, the paper presents a systematic framework for extending the capabilities of GNNs in modeling complex distributions and inference targets, with a particular focus on phantom nodes and phantom edges, showcasing their empirical improvements in real-world applications of GNNs."	We thank the reviewer for the constructive comments! We have revised the manuscript to address the concerns. ## Questions 1 `For link prediction tasks, how is the experiments done?` The experimental setup follows [1]. For all datasets, at training time the message passing links are equal to the supervision links, while at test and validation time, disjoint sets of links are held out for supervision that are never seen at training time. We randomly generate 70-10-20 percent train-val-test splits. `Why don't choose metric of link prediction to be HITS@10 like in the BUDDY paper.` To make the experiments more challenging we choose H@10 as our metrics. If we set the metrics to be H@100 we can see that the results are much close: | | Cora | Citeseer | |:--------| :---------:|--------:| | GCN | 0.853 | 0.892 | | GCN+PE | 0.883 | 0.907 | | GCNII | 0.868 | 0.911 | | GCNII + PE | 0.872 | 0.932 | | ELPH | 0.877 | 0.934 | | BUDDY | 0.880 | 0.929 | `Also, why not include other baselines in the BUDDY paper, especially the GNN ones? Also, maybe lack of other experiments on large link prediction datsets` We are sorry we did not test all baselines and did not conduct experiments on other datase...	"We thank the reviewer for the constructive comments! We have revised the manuscript to address the concerns. ## Questions 1 `For link prediction tasks, how is the experiments done?` The experimental setup follows [1]. For all datasets, at training time the message passing links are equal to the supervision links, while at test and validation time, disjoint sets of links are held out for supervision that are never seen at training time. We randomly generate 70-10-20 percent train-val-test splits. `Why don't choose metric of link prediction to be HITS@10 like in the BUDDY paper.` To make the experiments more challenging we choose H@10 as our metrics. If we set the metrics to be H@100 we can see that the results are much close: | | Cora | Citeseer | |:--------| :---------:|--------:| | GCN | 0.853 | 0.892 | | GCN+PE | 0.883 | 0.907 | | GCNII | 0.868 | 0.911 | | GCNII + PE | 0.872 | 0.932 | | ELPH | 0.877 | 0.934 | | BUDDY | 0.880 | 0.929 | `Also, why not include other baselines in the BUDDY paper, especially the GNN ones? Also, maybe lack of other experiments on large link prediction datsets` We are sorry we did not test all baselines and did not conduct experiments on other datasets. Since this work mainly focus on theoretically analyse the probabilistic inference capacity of GNNs, our prior target is to ensure the theoretical results in this paper sound and clear. Nevertheless, we will keep trying our best to enhance the experiment sections in this manuscript. ## Questions 2 `For node classification task, why not choose traditional homogeneous datasets and heterogeneous datasets like previous works.` For node classification task we follow the setting in [2]. The PPI datasets in [2] have 121 distinct labels thus suit node property prediction tasks well, and have been shown to benefit well from PGMs. Therefore, we choose them for node classification tasks. `How will phantom nodes have impact when meeting graphs with different heterophily?` The phantom nodes play as ensemble for cliques, enabling MPNNs to directly model closely connected nodes as an ensemble. The influence is especially significant when the input graphs are made up of several closely connected clusters. `Also, why For GCNII it hardly work better than SPN?` We hypothesis three reasoning why our method hardly works better than SPN for GCNII. 1. SPN uses a node GNN to model node potentials and an edge GNN to model edge potentials. This framework might better aligns with the natural behavior of molecules. 2. We tried our best but we couldn't reproduce the results of baseline GNNs in [2]. Therefore although our methods can consistently improve the performance of GNNs, for some tasks it might not be better than SPN. 3. Better expressive power might not always lead to better empirical performance[3]. Our framework focuses on theoretically improving the expressiveness of GNNs, rather than designing an empirically effective GNN architecture. We only apply the most simple and intuitive design. ## Questions 3 `What's the complexity of GNNs with phantom nodes or phantom edges, for node classification and link prediction, respectively?` We have added discussions of complexity in Appendix C. Please refer to the paragraphs ""Algorithm complexities"" in Appendix C (colored blue) for detailed discussion. ## Weakness We are trying our best to perform additional experiments on real-world datasets and the LDPC dataset, and will update the manuscript once we finished the experiments. We did not include all GNN variants in the analysis because our methods focus on node classification and link prediction methods and aim to improve the expressiveness of MPNNs. Thus we mainly considers comparisons with MPNNs and other methods in the PGM-GNN literature. For hyperparameters, for node classification tasks we select the same hyperparameters in [1],[2] for fair comparision. When applying our phantom nodes / edges methods we keep the hyperparameters (learning rate, hidden dimension, etc.) unchanged. For link prediction tasks the hyperparameters are selected by performing search on validation data. Similarly, once we have chosen the hyperparameters of baseline MPNNs, we use the same hyperparameters for our PE-enhanced methods. We have conducted additional experiments on DBLP datasets in [2]. The results are as follows. | GCN | GCN+PN | GraphSage | GraphSage+PN | |:--------| :---------:|:---------:|:---------:| | 76.60 | 84.43 | 73.81 | 83.67 | | GAT | SPN-GAT | GAT+PN | GCNII | SPN-GCNII | GCNII+PN | |:---------:|:---------:|:---------:|:---------:|:---------:|:---------:| | 79.16 | 84.84 | 86.34 | 81.79 | 83.57 | 85.08 | [1] Chamberlain et al. Graph Neural Networks for Link Prediction with Subgraph Sketching. ICLR 2023. [2] Qu et al. NEURAL STRUCTURED PREDICTION FOR INDUCTIVE NODE CLASSIFICATION. ICLR 2022. [3] Morris et al. Weisfeiler and Leman Go Neural: Higher-order Graph Neural Networks. AAAI 2019.

## Weakness 3 `The proposed method seems not scalable as it requires identifying maximum cliques that is exponentially complex, and even relaxing it to cliques with size k has super-quadratic complexity O(n^k) (please correct me if I am wrong). This limitation has not been discussed in the paper, and experiments only include small datasets.` The maximum clique problem is a NP problem, thus is not scalable for large graphs. We have added discussions in Appendix C. In worst cases (where graphs are dense), relaxing it to k-cliques still has super-quadratic complexity. However, if we consider sparse graphs, there are empirically efficient algorithms for finding k-cliques (e.g. [2]). Although it's hard to theoretically estimate the complexity, the method in [2] can find 10-cliques in graphs with 68K nodes in seconds. Besides, even in worst cases our method is still more efficient than k-GNNs. ## Weakness 4 `The experimental results are relatively weak. E.g. on PPI, best performance in most cases (4 out of 6 columns in the table) is achieved by GCNII+SPN. Improvement on synthetic dataset is also limited, and Planetoid dataset is outdated. Baselines are also limited. Particularly, many GNN variants are considered in the analysis but are not compared in experiments, and I wonder why? Moreover, the proposed methods are essentially based on data augmentation, but competitors in this category are missing.` We hypothesis three reasoning why our method hardly works better than SPN for GCNII. 1. SPN uses a node GNN to model node potentials and an edge GNN to model edge potentials. This framework might better aligns with the natural behavior of molecules. 2. We tried our best but we couldn't reproduce the results of baseline GNNs using the hyperparameters in [2]. Therefore although our methods can consistently improve the performance of GNNs, for some tasks it might not be better than SPN. 3. Better expressive power might not always lead to better empirical performance (e.g., [3]). Our framework focuses on theoretically improving the expressiveness of GNNs, rather than designing an empirically effective GNN architecture. We only apply the most simple and intuitive design. We did not include all GNN variants in the analysis because our methods focus on node classification and link prediction methods and aim to improve the expressiveness of MPNNs. Thus we mainly considers comparisons with MPNNs and other methods in the PGM-GNN literature. We are trying our best to perform additional experiments on real-world datasets and the LDPC dataset, and will update the manuscript once we finished the experiments. We are trying our best to to perform additional experiments on real-world datasets. We have performed experiments on the DBLP datasets in [4] as follows. As we can see, GAT+PN achieves the best results, while GCNII+PN achieves better results than SPN-GCNII. | GCN | GCN+PN | GraphSage | GraphSage+PN | |:--------| :---------:|:---------:|:---------:| | 76.60 | 84.43 | 73.81 | 83.67 | | GAT | SPN-GAT | GAT+PN | GCNII | SPN-GCNII | GCNII+PN | |:---------:|:---------:|:---------:|:---------:|:---------:|:---------:| | 79.16 | 84.84 | 86.34 | 81.79 | 83.57 | 85.08 | [1] Dai et al. Discriminative Embeddings of Latent Variable Models for Structured Data. ICML 2016. [2] Lukas Gianinazzi et al. Parallel Algorithms for Finding Large Cliques in Sparse Graphs. In Proceedings of the 33rd ACM Symposium on Parallelism in Algorithms and Architectures. [3] Morris et al. Weisfeiler and Leman Go Neural: Higher-order Graph Neural Networks. AAAI 2019. [4] Qu et al. NEURAL STRUCTURED PREDICTION FOR INDUCTIVE NODE CLASSIFICATION. ICLR 2022.

We thank the reviewer for the constructive comments! We have revised the manuscript to address the concerns. We are sorry for the late response. ## Question 1 `In 3.1, while lemma 1 is straight-forward, I do not fully understand why the authors mention “in graph machine learning fields each instance corresponds to different graphs with possibly different structures”, as the paper does not address the case of graph classification? And what does “instance” present?` Our description follows the setting in [1] (Section 3), where each instance refers to a graph. The aim of this sentence is to point out the different assumptions in PGMs and graph machine learning. Traditionally, each individual instance in a graphical model shares the same conditional independence structure, that is, if $G_1$ and $G_2$ are two instances, $G_1$ and $G_2$ must share the same structure. However, in graph machine learning fields things are different. For example, the graphs for training and test often have different structures. In this case we say each instance has distinct structure. Therefore, we propose lemma1 to address the difference between traditional PGMs and the assumptions in graph machine learning. ## Question 2 `What is the complexity of the proposed method, and are there any ways to scale it to large graphs?` We have added discussion of the complexity in Appendix C. To summarize, in worst cases where the graphs are dense (suppose $N$ nodes and $O(N^2)$ edges), $k$-order PE takes $O(N^k)$ space and $O(kN^k)$ time ($k$-GNNs take $O(kN^{k+1}) time). For sparse graphs the major complexity comes from finding cliques. It's hard to theoretically estimate the complexity of finding cliques in sparse graphs, but many works (eg. [2]) have shown that there are empirically efficient algorithms for finding k-cliques, e.g. [2] can find cliques with order less than 10 in graphs with 68K nodes in seconds. ## Weakness 1 `Defining the discriminative power of potential function by WL test appears to be a somewhat contrived setup, whereby the problem still boils down to graph isomorphism. I am not sure how practically relevant this setting is, and whether it is truly “fundamentally different” with works on WL tests. A more comprehensive discussion about the connection may mitigate the issue.` The key point of our theory is to discuss whether various GNN models can capture the variational inference of PGMs, including: 1. Whether GNNs can simulate local extrema of Bethe approximation. 2. What distribution can GNNs capture. To answer the problem 2 we propose concept of permutation-invariant PGMs, which is described by a permutation-invariant function $\mathcal{A}$ introduced in section 3.1. Therefore, it's **necessary** to restrict the expressive power of $\mathcal{A}$: for example if $\mathcal{A}$ output different potential functions for all pairs of non-isomorphic graphs, no GNNs can capture it. Since it's necessary to restrict the expressive power of $\mathcal{A}$, we choose two metrics: the order of $\mathcal{A}$ and the most common k-WL tests for restricting the expressive power. However, the WL tests play different roles in our and previous works. Previous works focus on the relation between GNNs and WL tests, while in our work WL tests in fact only serve as a restriction of the space of the joint distribution. Thus we believe our perspective is fundamentally different with previous works. In fact, many works such as [1] simply assumed PGMs as $p(X,Z)=\frac{1}{Z}\prod_{i}\Phi(x_i,z_i)\prod_{(i,j)\in\mathcal{E}}\Psi(z_i,z_j)$ where the potential functions are exactly the same for different nodes and edges, thus they are special situations of our assumptions. In other words, if it's valuable to discuss whether GNNs can capture local extrema of the above PGMs, so is our work. ## Weakness 2 `Following the above point, the analysis does not take into account node features, whereas in many PGMs node and clique potentials are functions on node features. This further stresses the point that the setup might deviate from practice.` In our initial settings we believe regarding node features as observed random variables would provide a clear theoretical framework. Still, our results still hold when node and clique potentials are functions on node features. Recall that in Section 3.1 we introduce the permutation-invariant function $\mathcal{A}$ that describes PGMs, where $\mathcal{A}$ is a function on cliques and adjacency matrices $\mathcal{A}(C,\mathbf{A})$. If we let $\mathcal{A}$ further be a function on node features, i.e. $\mathcal{A}(C,G)$ where $G=(\mathbf{A},\mathbf{X})$ and $\mathbf{X}$ is the node feature matrix, the results still hold because GNN layers are also functions on $G$. Therefore, our results also hold when node and clique potentials are functions on node features."	"We thank the reviewer for the constructive comments! We have revised the manuscript to address the concerns. ## Weakness 1 `The first paragraph is problematic. “implicitly assume that node representations learnt by GNNs are independent conditioned on node features and edges, thereby ignoring the joint dependency among nodes...” does not represent the related works accurately. These works do not ignore dependency among the nodes, which is captured via multiple rounds of message passing similar to loopy belief propagation. I find the first paragraph could be phrased in a different way to make the distinctions accurate.` Thanks for pointing them out. We have rewrited the sentence to make the presentation more accurate. ## Weakness 2 `The introduction of phantom nodes and edges is not a novel development and closely resembles the other methods like CIN. However, the problem of inefficiency remains in such methods i.e. the computational complexity of finding maximal cliques which can be used for phantom nodes to guarantee the inferential capacity.` The introduction of phantom nodes does share spirits with CIN, that is to capture cliques in the graphs. We agree that finding cliques might be computational complex and this problem of inefficiency remains in our methods. But our method is more efficient than CIN: even if we only preserve the clique complex in CIN, CIN(CWL) needs to pass messages: - from nodes to nodes - between higher-order cliques and lower-order cliques (lower adjacent and higher adjacent) - between cliques of the same order (co-boundary cells) - between cliques and nodes (boundary cells) Our method, although share the same spirits, in fact point out the necessary component to capture higher-order dependencies and show that by adding messages between cliques and nodes in the cliques we can already extend MPNNs to capture higher-order PGMs without re-designing the WL scheme. We believe that the phantom edges are not similar to other methods like CIN. We focus on the link prediction scenarios, while CIN focuses on graph classification. ## Weakness 3 `Certain related works are missing in the paper. Recent works on Factor Graph Neural Networks (FGNN) [1] are highly related works in establishing connections between PGMs and GNNs. A small discussion on the relevance would be pertinent.` We are sorry that we did not discuss recent works that combine PGMs and GNNs. We have added a paragraph in Appendix A (colored blue) to discuss these related works in the revised manuscript. ## Weakness 4 `The experimental section could be more elaborate to study the effectiveness of GNNs in learning higher-order distributions. For example, comparison with Zhen et al. (2023) on inference of higher-order LDPC codes.` We are trying our best to perform additional experiments on more real-world datasets and the LDPC dataset, and will update the manuscript once we finished the experiments.

We thank the reviewer for the constructive comments! We have revised the manuscript to address the concerns. We are sorry for the late response. ## Question 1 `In 3.1, while lemma 1 is straight-forward, I do not fully understand why the authors mention “in graph machine learning fields each instance corresponds to different graphs with possibly different structures”, as the paper does not address the case of graph classification? And what does “instance” present?` Our description follows the setting in [1] (Section 3), where each instance refers to a graph. The aim of this sentence is to point out the different assumptions in PGMs and graph machine learning. Traditionally, each individual instance in a graphical model shares the same conditional independence structure, that is, if $G_1$ and $G_2$ are two instances, $G_1$ and $G_2$ must share the same structure. However, in graph machine learning fields things are different. For example, the graphs for training and test often have different structures. In this case we say each instance has distinct structure. Therefore, we propose lemma1 to address the difference between traditional PGMs and the assumptions in graph machine learning. ## Question 2 `What is the complexity of the proposed method, and are there any ways to scale it to large graphs?` We have added discussion of the complexity in Appendix C. To summarize, in worst cases where the graphs are dense (suppose $N$ nodes and $O(N^2)$ edges), $k$-order PE takes $O(N^k)$ space and $O(kN^k)$ time ($k$-GNNs take $O(kN^{k+1}) time). For sparse graphs the major complexity comes from finding cliques. It's hard to theoretically estimate the complexity of finding cliques in sparse graphs, but many works (eg. [2]) have shown that there are empirically efficient algorithms for finding k-cliques, e.g. [2] can find cliques with order less than 10 in graphs with 68K nodes in seconds. ## Weakness 1 `Defining the discriminative power of potential function by WL test appears to be a somewhat contrived setup, whereby the problem still boils down to graph isomorphism. I am not sure how practically relevant this setting is, and whether it is truly “fundamentally different” with works on WL tests. A more comprehensive discussion about the connection may mitigate the issue.` The key point of our theory is to discuss whether various GNN models can capture the variational inference of PGMs, including: 1. Whether GNNs can simulate local extrema of Bethe approximation. 2. What distribution can GNNs capture. To answer the problem 2 we propose concept of permutation-invariant PGMs, which is described by a permutation-invariant function $\mathcal{A}$ introduced in section 3.1. Therefore, it's **necessary** to restrict the expressive power of $\mathcal{A}$: for example if $\mathcal{A}$ output different potential functions for all pairs of non-isomorphic graphs, no GNNs can capture it. Since it's necessary to restrict the expressive power of $\mathcal{A}$, we choose two metrics: the order of $\mathcal{A}$ and the most common k-WL tests for restricting the expressive power. However, the WL tests play different roles in our and previous works. Previous works focus on the relation between GNNs and WL tests, while in our work WL tests in fact only serve as a restriction of the space of the joint distribution. Thus we believe our perspective is fundamentally different with previous works. In fact, many works such as [1] simply assumed PGMs as $p(X,Z)=\frac{1}{Z}\prod_{i}\Phi(x_i,z_i)\prod_{(i,j)\in\mathcal{E}}\Psi(z_i,z_j)$ where the potential functions are exactly the same for different nodes and edges, thus they are special situations of our assumptions. In other words, if it's valuable to discuss whether GNNs can capture local extrema of the above PGMs, so is our work. ## Weakness 2 `Following the above point, the analysis does not take into account node features, whereas in many PGMs node and clique potentials are functions on node features. This further stresses the point that the setup might deviate from practice.` In our initial settings we believe regarding node features as observed random variables would provide a clear theoretical framework. Still, our results still hold when node and clique potentials are functions on node features. Recall that in Section 3.1 we introduce the permutation-invariant function $\mathcal{A}$ that describes PGMs, where $\mathcal{A}$ is a function on cliques and adjacency matrices $\mathcal{A}(C,\mathbf{A})$. If we let $\mathcal{A}$ further be a function on node features, i.e. $\mathcal{A}(C,G)$ where $G=(\mathbf{A},\mathbf{X})$ and $\mathbf{X}$ is the node feature matrix, the results still hold because GNN layers are also functions on $G$. Therefore, our results also hold when node and clique potentials are functions on node features.

We thank the reviewer for the constructive comments! We have revised the manuscript to address the concerns. ## Questions 1 `For link prediction tasks, how is the experiments done?` The experimental setup follows [1]. For all datasets, at training time the message passing links are equal to the supervision links, while at test and validation time, disjoint sets of links are held out for supervision that are never seen at training time. We randomly generate 70-10-20 percent train-val-test splits. `Why don't choose metric of link prediction to be HITS@10 like in the BUDDY paper.` To make the experiments more challenging we choose H@10 as our metrics. If we set the metrics to be H@100 we can see that the results are much close: | | Cora | Citeseer | |:--------| :---------:|--------:| | GCN | 0.853 | 0.892 | | GCN+PE | 0.883 | 0.907 | | GCNII | 0.868 | 0.911 | | GCNII + PE | 0.872 | 0.932 | | ELPH | 0.877 | 0.934 | | BUDDY | 0.880 | 0.929 | `Also, why not include other baselines in the BUDDY paper, especially the GNN ones? Also, maybe lack of other experiments on large link prediction datsets` We are sorry we did not test all baselines and did not conduct experiments on other datasets. Since this work mainly focus on theoretically analyse the probabilistic inference capacity of GNNs, our prior target is to ensure the theoretical results in this paper sound and clear. Nevertheless, we will keep trying our best to enhance the experiment sections in this manuscript. ## Questions 2 `For node classification task, why not choose traditional homogeneous datasets and heterogeneous datasets like previous works.` For node classification task we follow the setting in [2]. The PPI datasets in [2] have 121 distinct labels thus suit node property prediction tasks well, and have been shown to benefit well from PGMs. Therefore, we choose them for node classification tasks. `How will phantom nodes have impact when meeting graphs with different heterophily?` The phantom nodes play as ensemble for cliques, enabling MPNNs to directly model closely connected nodes as an ensemble. The influence is especially significant when the input graphs are made up of several closely connected clusters. `Also, why For GCNII it hardly work better than SPN?` We hypothesis three reasoning why our method hardly works better than SPN for GCNII. 1. SPN uses a node GNN to model node potentials and an edge GNN to model edge potentials. This framework might better aligns with the natural behavior of molecules. 2. We tried our best but we couldn't reproduce the results of baseline GNNs in [2]. Therefore although our methods can consistently improve the performance of GNNs, for some tasks it might not be better than SPN. 3. Better expressive power might not always lead to better empirical performance[3]. Our framework focuses on theoretically improving the expressiveness of GNNs, rather than designing an empirically effective GNN architecture. We only apply the most simple and intuitive design. ## Questions 3 `What's the complexity of GNNs with phantom nodes or phantom edges, for node classification and link prediction, respectively?` We have added discussions of complexity in Appendix C. Please refer to the paragraphs ""Algorithm complexities"" in Appendix C (colored blue) for detailed discussion. ## Weakness We are trying our best to perform additional experiments on real-world datasets and the LDPC dataset, and will update the manuscript once we finished the experiments. We did not include all GNN variants in the analysis because our methods focus on node classification and link prediction methods and aim to improve the expressiveness of MPNNs. Thus we mainly considers comparisons with MPNNs and other methods in the PGM-GNN literature. For hyperparameters, for node classification tasks we select the same hyperparameters in [1],[2] for fair comparision. When applying our phantom nodes / edges methods we keep the hyperparameters (learning rate, hidden dimension, etc.) unchanged. For link prediction tasks the hyperparameters are selected by performing search on validation data. Similarly, once we have chosen the hyperparameters of baseline MPNNs, we use the same hyperparameters for our PE-enhanced methods. We have conducted additional experiments on DBLP datasets in [2]. The results are as follows. | GCN | GCN+PN | GraphSage | GraphSage+PN | |:--------| :---------:|:---------:|:---------:| | 76.60 | 84.43 | 73.81 | 83.67 | | GAT | SPN-GAT | GAT+PN | GCNII | SPN-GCNII | GCNII+PN | |:---------:|:---------:|:---------:|:---------:|:---------:|:---------:| | 79.16 | 84.84 | 86.34 | 81.79 | 83.57 | 85.08 | [1] Chamberlain et al. Graph Neural Networks for Link Prediction with Subgraph Sketching. ICLR 2023. [2] Qu et al. NEURAL STRUCTURED PREDICTION FOR INDUCTIVE NODE CLASSIFICATION. ICLR 2022. [3] Morris et al. Weisfeiler and Leman Go Neural: Higher-order Graph Neural Networks. AAAI 2019."	I appreciate the authors' responses and they address my concerns. I'll raise my score to 6.	fixed		the reviewer explicitly accepted the additional experimental and setup clarifications
6.200	YItWKZci78__r05	Symmetric Mean-field Langevin Dynamics for Distributional Minimax Problems	8: accept, good paper	2: You are willing to defend your assessment, but it is quite likely that you did not understand the central parts of the submission or that you are unfamiliar with some pieces of related work. Math/other details were not carefully checked.	unresolved	priority_secondary_tfidf	tfidf=unresolved; structured=partially_fixed		regressed	unresolved	unresolved	partially_fixed	partially_fixed	partially_fixed	"[weaknesses] The paper could be improved by providing more intuitions for the proposed methods. For example, what is the intuition for using a weighting scheme in MFL-AG, and what might cause MFL-AG and MFL-ABR to converge more slowly than MFL-DA in the numerical experiments? Is it correct to think that the slowdown of the convergence ensures better convergence?

[questions] See weakness. Also, what are some limitations of the proposed methods?

[summary] The authors considered the problem of developing a symmetric mean-field Langevin dynamics (MFLD) algorithm for distributional minimax problems with global convergence guarantees. Based on the mean-field Langevin descent ascent (MFL-DA) dynamics, the authors proposed mean-field Langevin averaged gradient (MFL-AG) flow that replaces the MFL-DA drift with the historical weighted average; based on the mean-field best response (MF-BR) flow, the authors proposed the mean-field Langevin anchored best response (MFL-ABR) process. Extensive convergence analyses were provided for both methods. The authors also studied the time and particle discretization error and applied their methods to zero-sum Markov games. Numerical experiments were conducted to compare their methods with MFL-DA."	Thank you for your positive review and helpful suggestions! We have updated the paper and clarified some technical details as well as improving presentation. **Addressing Weaknesses** **Intuition.** The intuition for the MFL-AG averaging scheme is twofold. First, it is based on the general scheme of dual averaging notably explored in [1,2], where specific weightings for regularized problems were also considered. A more recent work [3] proposed the Particle Dual Averaging algorithm for particle-based convex optimization with weighting $\propto t$. This agrees with our results (Theorem 3.4, 3.7) which show that weighting $t^r$ with exponent $r=1$ is optimal. Second, it is related to the game theory concept of fictitious play, where each player assumes their opponent is playing a stationary strategy and takes the best response to their average behavior, that is the unweighted averaged-gradient proximal distribution. Specifically, MFL-AG is the mean-field Langevin flow that realizes ideal stepwise fictitious play. Adding a weighting then has the meaning of putting higher trust in more recent information, which is appropriate if the opponent strategy or environment is not quite stati...	"Thank you for your positive review and helpful suggestions! We have updated the paper and clarified some technical details as well as improving presentation. **Addressing Weaknesses** **Intuition.** The intuition for the MFL-AG averaging scheme is twofold. First, it is based on the general scheme of dual averaging notably explored in [1,2], where specific weightings for regularized problems were also considered. A more recent work [3] proposed the Particle Dual Averaging algorithm for particle-based convex optimization with weighting $\propto t$. This agrees with our results (Theorem 3.4, 3.7) which show that weighting $t^r$ with exponent $r=1$ is optimal. Second, it is related to the game theory concept of fictitious play, where each player assumes their opponent is playing a stationary strategy and takes the best response to their average behavior, that is the unweighted averaged-gradient proximal distribution. Specifically, MFL-AG is the mean-field Langevin flow that realizes ideal stepwise fictitious play. Adding a weighting then has the meaning of putting higher trust in more recent information, which is appropriate if the opponent strategy or environment is not quite stationary. **Convergence.** MFL-AG always exhibits a ""slow but steady"" convergence rate of $\Theta(1/t)$ induced by drift averaging. In contrast, MFL-ABR is slower due to the double loop structure by a factor of the inner loop max iteration. These features each contribute to the improved optimality of the two algorithms. The performance of MFL-ABR also depended on the choice of hyperparameters. For example, speeding up the inner loop of by decreasing iterations and increasing $\eta$, or speeding up the outer loop by increasing $\beta$ can accelerate convergence of MFL-ABR, but also leads to instability in some runs. In addition, MFL-ABR and MFL-DA performed better for problems where $Q(x,y)$ factored into a sum (or product) of separate potentials for $x,y$. In this case the dynamics decouples into two single-optimization problems which are known to converge exponentially. In contrast, MFL-AG was preferable for potentials with complex interactions between $x,y$. For example for the sigmoid potential in Section 6, $\mu$ pulls $\nu$ toward itself while $\nu$ pushes away, leading to a more complicated interacting dynamics that is better solved by the more stable MFL-AG. **Addressing Questions** Here are some limitations of the proposed algorithms. * If the objective is not bilinear, the discussion in Section 5.1 does not apply and MFL-AG requires the entire history to be stored in memory which is costly considering the longer runtime. Nonetheless, we can avoid iterating over the full history to compute the average by random sampling from past states with weight $\propto\beta_k$ so that computational complexity does not increase. * Returning the average iterate after $K$ steps is also not ideal from an algorithmic perspective. In practice we can simply compare optimality to the last output and choose the better solution, record the best performing last/average iterate, implement early stopping based on relative NI error, etc. * The speed and stability of MFL-ABR is highly dependent on the inner loop parameters. The learning rate and max iterations must both be tuned for best performance. * Some reviewers mentioned the adverse dependency of the convergence rate on $\lambda$ which is common to MFLD methods. This can be overcome by incorporating a $\lambda_t\propto 1/\log t$ cooling to converge to the saddle point of the unregularized objective $\mathcal{L}$; please see our response to Q3 of Review q6kk for details. For certain problems, exponential cooling can also be achieved [3,4]. [1] Nesterov. Primal-dual subgradient methods for convex problems. Mathematical Programming, 120, 2007. [2]. Xiao. Dual averaging method for regularized stochastic learning and online optimization. NIPS 2009. [3] Suzuki et al. Feature learning via mean-field Langevin dynamics: classifying sparse parities and beyond. NeurIPS 2023. [4] Chizat. Mean-field Langevin dynamics: exponential convergence and annealing. TMLR 2022.

Thank you for your helpful advice and comments! We are very grateful for your through review, and various parts of the manuscript have been clarified or updated to improve presentation. **Addressing Weaknesses** **W1.** Ideally in this line of research we ultimately want a single-loop Langevin algorithm with provable last-iterate convergence, however both MFL-AG and MFL-ABR only fulfill halves of this role. Hence we have chosen to present & compare both possibilities even though their philosophies are different: MFL-AG realizes fictitious play (optimizing based on historical behavior of the opponent) while MFL-ABR realizes best response (optimizing based on current behavior). The modes of convergence (average-iterate $O(1/t)$ convergence v.s. last-iterate exponential convergence in the outer loop) also provides a contrast between the two Langevin algorithms. **W2.** Thank you for your suggestions. The description of Equation 1 and other potentially confusing notational issues have been fixed. **Addressing Questions** **Q1.** Symmetry means that both $\mu,\nu$ have same learning rates (flow speeds). Until our paper, existing minimax MFLD results only studied imbalanced flows, that is $\partial_t\mu_t = (\text{equation for }\mu_t)$ and $\partial_t\nu_t = \eta\times(\text{equation for }\nu_t)$ for very large $\eta$ [1] or the static limit $\eta\to\infty$ [2]. In such regimes $\nu$ can be considered already nearly optimized for any $\mu$ and the difficulty of controlling two coupled flows are mostly removed. However, needless to say the setting is quite artificial. Symmetric updates are much more difficult to analyze and do not converge in general for even simple problems such as minmax$(x^\top y)$ for $x,y\in\mathbb{R}^d$ [3]. **Q2.** Our method easily extends to different regularization strengths $\lambda_\mu,\lambda_\nu$ with minimal modifications on the derivations and bounds (this has been added to the first page footnote). Intuitively, the regularizations take place in their respective spaces $\mathcal{X}$ and $\mathcal{Y}$ so there is no need for the strength parameters to be equal. We only took equal $\lambda$ for simplicity and to adhere to preceding works. **Q3.** MFL-AG indeed performed better than MFL-ABR in this particular experiment, however we found empirically that this generally depended on the choice of hyperparameters. For example, speeding up the inner loop of MFL-ABR by decreasing iterations and increasing $\eta$, or speeding up the outer loop by increasing $\beta$ could accelerate convergence of MFL-ABR, but also led to instability in some runs. In contrast, MFL-AG always exhibited a ""slow but steady"" $O(1/t)$ convergence. In addition, MFL-ABR and MFL-DA performed better for problems where $Q(x,y)$ factored into a sum (or product) of separate potentials for $x,y$. In this case the dynamics decouples into two single-optimization problems which are known to converge exponentially. In contrast, MFL-AG was preferable for potentials with complex interactions between $x,y$. For example for the sigmoid potential in Section 6, $\mu$ pulls $\nu$ toward itself while $\nu$ pushes away, leading to a more complicated interacting dynamics that is better solved by the more stable MFL-AG. [1] Lu. Two-scale gradient descent ascent dynamics finds mixed Nash equilibria of continuous games: A mean-field perspective. ICML 2023. [2] Ma, Ying. Provably convergent quasistatic dynamics for mean-field two-player zero-sum games. ICLR 2022. [3] Daskalakis, Panageas. Last-iterate convergence: zero-sum games and constrained min-max optimization. Innovations in Theoretical Computer Science, 2019.

(continued) **2.2.** (1) We view the $C\beta$ time discretization error as a natural consequence of turning a continuous flow into a realizable algorithm rather than a drawback; the same can be said for any gradient descent algorithm with fixed learning rate. However it should be possible to implement a learning rate annealing for $\beta$ as $1/\log t$ to avoid this error. (2) Indeed, the potential adverse dependency on $\lambda$ is a problem that plagues all MFLD-based algorithms. In our response to Q3, we discuss how $\lambda_k=O(1/\log k)$ temperature annealing can overcome this issue. In addition, for certain classification problems where $\lVert\delta\mathcal{L}/\delta\mu\rVert_\infty$ can be bounded by $\mathcal{L}$, a faster exponential annealing of $\lambda_k$ can be implemented so that the convergence rate is independent of $\lambda_k$. [2] **Addressing Questions** **Q1.** Proving propagation of chaos in KL divergence would be ideal; this is the approach taken in [1] as well, and is much more direct and simpler. We tried to emulate this framework at first, but quickly found out key concepts such as their $N$-particle proximal distribution cannot be applied. This is due to the dependence on the entire history and cannot be fixed by adding stronger assumptions. Thus we had to resort to more technically involved methods (uniform LLN, short-time perturbation analysis) leading to our $W_1$ result. While morally there seems to be no reason why the result would not hold in KL, our current tools are not enough to guarantee this. For the uniform LLN (Proposition 3.6) at least, the $O(1/\sqrt{N})$ rate is optimal. The worst-case LLN error is determined by the change in Lipschitz constant of the function $F(\mu_{\mathscr{X}}, \nu_{\mathscr{X}})$ when each particle is removed, which in turn is tightly bounded by the leave-one-out $W_1$ error due to W1-Lipschitzity of $F(\cdot,\cdot)$. Since the leave-one-out $W_2^2$ error is $O(1/N)$ (which is central in Chen's argument), the LLN error must be $O(1/\sqrt{N})$. Since we did not quite use the full power of the uniform LLN in subsequent analyses, however, it is possible that a different approach could circumvent this and achieve $O(1/N)$, which seems an interesting direction for future work. Nevertheless, we emphasize this is the first history-dependent propagation of chaos result with explicit rates in any setting. Existing related results in the SPDE literature are asymptotic and do not provide error bounds [3]. **Q2.** $\text{argmax}\_j \mathcal{L}\_\lambda(\mu\_{\mathscr{X}^i},\nu\_{\mathscr{Y}^j})$ is not meant to approximate $\text{argmax}\_\nu \mathcal{L}\_\lambda(\mu\_{\mathscr{X}^i},\nu)$ per se but to measure relative optimality between the 3 solutions (this has now been clarified in the paper). Similarly to a payoff matrix, a nonzero relative NI error implies switching to another $\nu\_{\mathscr{Y}^j}$ will improve $\mathcal{L}\_\lambda(\mu_{\mathscr{X}^i}, \cdot)$, and same for $\mu\_{\mathscr{X}^i}$. Of course for a finite payoff matrix a pure Nash equilibrium does not always exist in which case it is hard to say which is better, but in all of our experiments 1 of the 3 algorithms exhibited zero or near-zero error. As you mentioned, $\text{argmax}\_\nu \mathcal{L}\_\lambda(\mu\_{\mathscr{X}^i},\nu)$ can be directly computed by running single-objective MFLD in principle. The problem is that this strongly biases the results towards MFL-ABR in practice, since decoupled MFLD is precisely what the inner loop is running. That is, MFL-ABR converges when MFLD w.r.t. $\mu\_k$ ($\nu\_k$) outputs $\nu\_k$ ($\mu\_k$), which is exactly when MFLD-based NI error will evaluate to zero, regardless of various empirical factors that make these processes diverge from theory. A third option is to compute the distance to the MNE $(\mu^*,\nu^*)$ if it can be determined. However, it is very difficult to find closed-form solutions for objectives with nontrivial interactions between $\mu,\nu$, and we cannot rely on the final output of the 3 proposed algorithms since we saw that they converge to different distributions in practice. These issues are what led us to use the indirect 3-point NI error. **Q3.** We have performed some rough computations; it is indeed possible to achieve the unregularized MNE using MFL-AG with an annealing rate $\lambda_t=O(1/\log t)$ as in Lu's work or [4]. This results in a proximal gap (Prop. 3.3) of $O(1/(\log t)^2)$ and NI error convergence rate (Theorem 3.4) of $O(1/\log t)$. Interestingly, this also absorbs the slow $O(1/t)$ rate of the regularized problem. A caveat is that we must assume $\delta\mathcal{L}/\delta\mu$ is bounded rather than Lipschitz as in Assumption 3 (a usually stronger condition) in order to avoid the use of Talagrand's inequality and instead use TV distance bounds as in Appendix D. For MFL-ABR, we can similarly anneal $\lambda_k$ (keeping it fixed in the inner loop) to achieve $O(1/\log k)$ in the outer loop."	"We are extremely grateful for your detailed review of the various analyses and in-depth suggestions! We have updated and clarified various important points in the manuscript. We hope our discussion can convince the reviewer of the technical novelty and complexity of our overall theory as well as the utility of the results. **Addressing Weaknesses** **1.1-2.** $\mathbb{E}[\mu\_{\overline{\mathscr{X}}\_k}]$ is the expected output of MFL-AG, hence Theorem 3.7 quantifies a sort of bias. While this does not provide the full picture, we put the expectation inside $W_1$ and carefully designed our approach (using uniform LLN, short-term perturbation, etc) to bypass the curse of dimensionality. We mentioned the i.i.d. sample bound simply to illustrate that the CoD is unavoidable for $W_1(\mu\_{\mathscr{X}\_k}, \mathbb{E}[\mu\_{\mathscr{X}\_k}])$ or $W_1(\mu\_{\mathscr{X}\_k}, \mu^*)$ even in the ideal situation (no chaos) where the particles are perfectly independently sampled from the true distribution. Nonetheless, we see the utility in obtaining a bound for $W_1(\mu\_{\mathscr{X}\_k}, \mu^*)$. Thus, we have added a completely new section which fleshes out the above discussion and develops similar bounds for $W_1(\mu\_{\mathscr{X}\_k}, \mu^*)$ to Theorem 3.7 save for the CoD, which is unavoidable in the weakly interacting setting of propagation of chaos. Please see Appendix C.6. Of course, in practice we may also simply run the algorithm multiple ($M$) times and take the average of the outputs, which would also bypass the issue and yield the standard $1/\sqrt{M}$ convergence. We also remark that while the statement of Theorem 3.7 does not directly imply i.i.d. behavior of particles, the philosophy of propagation of chaos plays a key role in the proof. For example when developing the uniform law of large numbers we consider the system as a perturbed version of the gradient-stopped process, whose particles are independent when conditioned on the history up to a certain point in time. Hence, we emphasize the utility of our results lies not only in Theorem 3.7 but also the novel perturbation analysis developed throughout Appendix C. **1.3-5.** Thank you for your astute observations. The upper bound does not hold in general; the sketched idea only works for the *unregularized* NI error (without KL terms), which we have not considered in the paper. At present, there seems to be no clean way to bound entropic terms (KL, NI) regarding $\mathbb{E[\mu\_{\mathscr{X}\_k}]}, \mathbb{E[\nu\_{\mathscr{Y}\_k}]}$. We apologize for the mistake, and the claims have been deleted as discussing unregularized error will be too confusing. (Propagation of chaos is often presented in terms of Wasserstein distance throughout the literature. We merely wanted to strengthen the remark that the squared distance $W_1^2$ (and not $W_1$) is a natural unit of measurement on the left-hand side of Theorem 3.7 in view of Talagrand's and sandwich inequalities.) **2.1.** In general, one does not know $\mu\_{\mathscr{X}\_k}$ will converge to $\mu_k$ a priori since error can accumulate as training progresses, and instead directly proves convergence to $\mu^*$ (which then also implies $\mu\_{\mathscr{X}\_k}$ and $\mu_k$ are close). For each outer loop anchor $\mu\_{\mathscr{X}\_k}, \nu\_{\mathscr{Y}\_k}$ the propagation of chaos for the inner loop is guaranteed by [1] since the dynamics decouples into single optimization; the laws of each of the inner loop particles converge to the Gibbs proximal distributions of the anchors. Then intuitively we expect the Lyapunov function proof in Section D.2 to apply to $\mu\_{\mathscr{X}\_k}, \nu\_{\mathscr{Y}\_k}$ plus a $O(1/N)$ error (without the need to appeal to $\mu_k,\nu_k$). In particular, the outer loop random sampling update satisfies on average $\mathbb{E}[\mu\_{\mathscr{X}\_{k+1}}] = \beta\cdot\mathbb{E}[\mu\_{\mathscr{X}\_k}]+(1-\beta)\mathbb{E}[\widehat{\mu}\_{\mathscr{X}\_k}]+O(e^{-\Omega(\tau)}+\eta)$, which is identical to the mean-field best response update plus the inner loop error. The reason we did not complete the proof is that in order to make the above argument rigorous, the $N$-particle joint distribution must also behave roughly like an independent sample from the average $\mathbb{E}[\mu\_{\mathscr{X}\_k}]$ (like the uniform LLN for MFL-AG). However, we found quantifying this difficult due to the combinatorically complicated effect of random sampling & replacing on the joint distribution. Since this issue is unrelated to Langevin dynamics, and also since there are other methods to perform the update (such as that suggested by Reviewer DQbp), we decided to not spend too much time on the issue. (continued)

Thank you for your through review and suggestions, and raising a number of important issues! We have updated the manuscript to clarify technical details and improve presentation. We hope our discussion can convince the reviewer of the technical difficulty and generality of our work. **Addressing Weaknesses** **W1.** The functionals studied in even ordinary MFLD works (such as that for optimizing neural networks) are always convex; this is due to convexity of the loss function and an intended consequence of lifting to the space of measures, not due to simplicity of the underlying problem. Furthermore, minimax MFLD is often studied explicitly for bi-linear objectives, that is $\mathcal{L}(\mu,\nu)=\iint Q(x,y) d\mu(x)d\nu(y)$ where the underlying payoff $Q$ can be any nonconvex-nonconcave $C^1$ function. This covers all (2-player) zero-sum continuous games, which in turn generalizes all finite zero-sum games. In fact, **all** preceding minimax MFLD works [1,2,3] only considered bi-linear $\mathcal{L}$ (linear-convex in [4]), and even in this simple case it was unknown how to design a symmetric descent-ascent type algorithm until our paper. Hence, our work can actually be considered much more general. Furthermore, our assumptions in the gradient are implied by the assumptions on $Q$ in these works and are also generally considered weaker than sup norm control, which is also a common assumption in the MFLD literature. In fact, they are more relaxed compared to some works which require super-quadratic regularization or uniform boundedness of functional derivatives. (The works [1,2,3] avoid L2 regularization only because they impose the strong assumption that $\mathcal{X,Y}$ are compact manifolds without boundary, which automatically ensures various isoperimetric inequalities.) We agree that nonconvex MFLD is also of great interest, however extremely little is known for even the single-optimization case as of yet and should be considered as a separate direction of study. **W2.** Indeed, framing the result in $W_2$ as in [5] could be more natural. However unlike [5], for our dynamics we only have indirect control over the empirical-proximal distribution gap via Prop. 3.6, which yields a $W_1$ bound by Kantorovich duality when converting to a bound for the empirical measures. Our uniform LLN analysis (as opposed to entropy-based bounds) is a novel approach that allows us to overcome the challenges inherent in the extremely complex historically-dependent particle interactions. Please note that we have added a new section on bounding expected distance and curse of dimensionality (Appendix C.6); in this case, a stronger moment bound will allow strengthening to $W_2$. **W3.** The worse rates arise from controlling the full history dependence, not minimax dynamics a priori. For the uniform LLN (Proposition 3.6) at least, the $O(1/\sqrt{N})$ rate is optimal. The worst-case LLN error is determined by the change in Lipschitz constant of the function $F(\mu_{\mathscr{X}}, \nu_{\mathscr{X}})$ when each particle is removed, which in turn is tightly bounded by the leave-one-out $W_1$ error due to W1-Lipschitzity of $F(\cdot,\cdot)$. Since the leave-one-out $W_2^2$ error is $O(1/N)$, the LLN error must be $O(1/\sqrt{N})$. Since we did not quite use the full power of the uniform LLN in subsequent analyses, however, it is possible that a different approach could circumvent this and achieve better rates as well as getting rid of the dependency on $\eta$. Nevertheless, we emphasize this is the first history-dependent propagation of chaos result with explicit rates in any setting. The few existing results in the SPDE literature are asymptotic and do not provide error bounds [6]. **W4.** The persistent bias in convergence is an artifact stemming from Langevin noise of fixed temperature, as particles are perturbed and empirical $W_1$ distance between each step retains some ground energy even at equilibrium. This decreases in MFL-AG due to replacing only a fraction of the particles. From a mean-field perspective, however, the distributions have converged to a solution. While our paper is focused on the regularized problem, it is also possible to implement a temperature annealing schedule such as $\lambda_t=\Theta(1/\log t)$ to find the MNE of the unregularized problem; for details, please see our response to Q3 of Reviewer q6kk. In this setting, the Langevin noise bias will gradually die down. Please also see our responses to Q2 of Reviewer q6kk for justification of the 3-point error as a metric for optimality, and Q3 of Reviewer ByeN for further discussion of experimental settings and comparisons of the algorithms. (continued below)

Thank you for your positive review and helpful suggestions! We have updated the paper and clarified some technical details as well as improving presentation. **Addressing Weaknesses** **Intuition.** The intuition for the MFL-AG averaging scheme is twofold. First, it is based on the general scheme of dual averaging notably explored in [1,2], where specific weightings for regularized problems were also considered. A more recent work [3] proposed the Particle Dual Averaging algorithm for particle-based convex optimization with weighting $\propto t$. This agrees with our results (Theorem 3.4, 3.7) which show that weighting $t^r$ with exponent $r=1$ is optimal. Second, it is related to the game theory concept of fictitious play, where each player assumes their opponent is playing a stationary strategy and takes the best response to their average behavior, that is the unweighted averaged-gradient proximal distribution. Specifically, MFL-AG is the mean-field Langevin flow that realizes ideal stepwise fictitious play. Adding a weighting then has the meaning of putting higher trust in more recent information, which is appropriate if the opponent strategy or environment is not quite stationary. **Convergence.** MFL-AG always exhibits a ""slow but steady"" convergence rate of $\Theta(1/t)$ induced by drift averaging. In contrast, MFL-ABR is slower due to the double loop structure by a factor of the inner loop max iteration. These features each contribute to the improved optimality of the two algorithms. The performance of MFL-ABR also depended on the choice of hyperparameters. For example, speeding up the inner loop of by decreasing iterations and increasing $\eta$, or speeding up the outer loop by increasing $\beta$ can accelerate convergence of MFL-ABR, but also leads to instability in some runs. In addition, MFL-ABR and MFL-DA performed better for problems where $Q(x,y)$ factored into a sum (or product) of separate potentials for $x,y$. In this case the dynamics decouples into two single-optimization problems which are known to converge exponentially. In contrast, MFL-AG was preferable for potentials with complex interactions between $x,y$. For example for the sigmoid potential in Section 6, $\mu$ pulls $\nu$ toward itself while $\nu$ pushes away, leading to a more complicated interacting dynamics that is better solved by the more stable MFL-AG. **Addressing Questions** Here are some limitations of the proposed algorithms. * If the objective is not bilinear, the discussion in Section 5.1 does not apply and MFL-AG requires the entire history to be stored in memory which is costly considering the longer runtime. Nonetheless, we can avoid iterating over the full history to compute the average by random sampling from past states with weight $\propto\beta_k$ so that computational complexity does not increase. * Returning the average iterate after $K$ steps is also not ideal from an algorithmic perspective. In practice we can simply compare optimality to the last output and choose the better solution, record the best performing last/average iterate, implement early stopping based on relative NI error, etc. * The speed and stability of MFL-ABR is highly dependent on the inner loop parameters. The learning rate and max iterations must both be tuned for best performance. * Some reviewers mentioned the adverse dependency of the convergence rate on $\lambda$ which is common to MFLD methods. This can be overcome by incorporating a $\lambda_t\propto 1/\log t$ cooling to converge to the saddle point of the unregularized objective $\mathcal{L}$; please see our response to Q3 of Review q6kk for details. For certain problems, exponential cooling can also be achieved [3,4]. [1] Nesterov. Primal-dual subgradient methods for convex problems. Mathematical Programming, 120, 2007. [2]. Xiao. Dual averaging method for regularized stochastic learning and online optimization. NIPS 2009. [3] Suzuki et al. Feature learning via mean-field Langevin dynamics: classifying sparse parities and beyond. NeurIPS 2023. [4] Chizat. Mean-field Langevin dynamics: exponential convergence and annealing. TMLR 2022."		fixed		the revision provides the requested intuitions and limitations for the method
6.200	dCHbFDsCZz__r02	Learning to Reject with a Fixed Predictor: Application to Decontextualization	6: marginally above the acceptance threshold	3: You are fairly confident in your assessment. It is possible that you did not understand some parts of the submission or that you are unfamiliar with some pieces of related work. Math/other details were not carefully checked.	partially_fixed	silver_followup_comment	> While the cost-sensitive surrogate loss benefits from Bayes-consistency, it does not benefit from $\mathcal{R}$-consistency bounds I agree---my point was that when $\mathcal{R} = \mathcal{R}\_{all}$, as it is for your main-text results, the Bayes-consistentcy results for usual cost-sensitive surrogates should dire...	partially_fixed	fixed	fixed	fixed	fixed	partially_fixed	partially_fixed	"[weaknesses] - The method is only applied to the decontextualization problem when it actually seems to have much more broad applicability. I can think of several LLM applications where the ability to increase precision by rejecting would be useful. For example, we could try to learn a rejector that cuts down on hallucinations in summarization or text simplification. More exploration of this technique beyond the decontextualization problem would make it more impactful. - > Additionally, to the best of our knowledge, minimizing the cross-entropy loss does not have any proven guarantee with respect to our main objective: minimizing the induced rejection loss. - When $\mathcal{R} = \mathcal{R}\_{all}$, can't we use a cost-sensitive surrogate loss plus usual (Bayes) consistency results? I.e., I don't understand the following claim in Appendix C given that the paper's results only consider $\mathcal{R} = \mathcal{R}\_{all}$: > (i) There is a lack of any H-consistency bound guarantees for cost-sensitive surrogate losses with respect to the induced rejection loss. In general, I think the paper could use more presentation on why the naive approach of directly training the rejector to predict the labels $a$ using a standard cost-sensitive surrogate loss doesn't work, since the results only consider the $\mathcal{R} = \mathcal{R}\_{all}$ case. That, or some results for linear or 1-layer-NN rejectors, as in Awasthi et al. (2022), would strengthen the theoretical part of the paper. - No ablation on $\alpha$ even though it's important in the bound (Thm 5), and different experiments use different values (e.g., 4 in main text experiments, 3.5 in appendix vision experiments)

[questions] - Why do we care about $\mathcal{H}$-consistency even though we only consider the space $\mathcal{R}_{all}$ of all measurable functions? It would be helpful to further emphasize this earlier in the paper as a major difference / novelty / reason why more naive baselines don't work (see earlier comment under weaknesses). - small typo in display at bottom of pg4; $\le 0$ should be in the subscript of $\mathbb{I}$ - small typo in display at bottom of pg4; not enough parentheses - Minor semantics/notation: $r(x,f(x))$ reads like a score for rejecting, so the notation reads like $r>0 \implies$ reject, when it's actually being used in the opposite sense. This tripped me up several times. I know this notation is inherited from Cortes et al. but I think it's a bit confusing.

[summary] This paper studies the problem of learning to reject with a fixed predictor, motivated by the case when the fixed predictor is a pretrained large language model (LLM). The goal is to learn a rejector function that allows for post-hoc filtering of LLM outputs: by rejecting lower-quality outputs, the combined predictor/rejector system can have higher precision at the cost of lower coverage. This is especially critical in high-stakes sequence-to-sequence problems in domains such as health data. The paper designs an H-consistent surrogate loss for learning to reject with a fixed predictor using the framework of Awasthi et al. (2022). This loss is then used for the decontextualization problem, which is to rephrase a sentence into a form that's understandable without the context around the original sentence. On the decontextualization experiment, the proposed surrogate outperforms strong baselines from the learning-to-reject and model calibration literature."	Thank you for your encouraging review. We will take your suggestions into account when preparing the final version. Below please find responses to specific questions. **1. The method is only applied to the decontextualization problem when it actually seems to have much more broad applicability. I can think of several LLM applications where the ability to increase precision by rejecting would be useful. For example, we could try to learn a rejector that cuts down on hallucinations in summarization or text simplification. More exploration of this technique beyond the decontextualization problem would make it more impactful.** **Response:** As discussed in the conclusion, annotation for the LLM setting is expensive and this limits our empirical evaluation. We therefore provided additional experimental evaluation on image classification tasks, where checking the correctness of the predictor is easy. We leave further experimental evaluation for future work, but observe very strong results on our current LLM experiments. **2. When $\mathcal{R} = R_{\mathrm{all}}$, can't we use a cost-sensitive surrogate loss plus usual (Bayes) consistency results? I.e., I don't understand the followin...	"Thank you for your encouraging review. We will take your suggestions into account when preparing the final version. Below please find responses to specific questions. **1. The method is only applied to the decontextualization problem when it actually seems to have much more broad applicability. I can think of several LLM applications where the ability to increase precision by rejecting would be useful. For example, we could try to learn a rejector that cuts down on hallucinations in summarization or text simplification. More exploration of this technique beyond the decontextualization problem would make it more impactful.** **Response:** As discussed in the conclusion, annotation for the LLM setting is expensive and this limits our empirical evaluation. We therefore provided additional experimental evaluation on image classification tasks, where checking the correctness of the predictor is easy. We leave further experimental evaluation for future work, but observe very strong results on our current LLM experiments. **2. When $\mathcal{R} = R_{\mathrm{all}}$, can't we use a cost-sensitive surrogate loss plus usual (Bayes) consistency results? I.e., I don't understand the following claim in Appendix C given that the paper's results only consider $\mathcal{R} = \mathcal{R}_{\mathrm{all}}$.** **In general, I think the paper could use more presentation on why the naive approach of directly training the rejector to predict the labels $a$ using a standard cost-sensitive surrogate loss doesn't work, since the results only consider the $\mathcal{R} = \mathcal{R}_{\mathrm{all}}$ case. That, or some results for linear or 1-layer-NN rejectors, as in Awasthi et al. (2022), would strengthen the theoretical part of the paper.** **Question 1. Why do we care about $\mathcal{H}$-consistency even though we only consider the space $\mathcal{R}_{\mathrm{all}}$ of all measurable functions? It would be helpful to further emphasize this earlier in the paper as a major difference / novelty / reason why more naive baselines don't work (see earlier comment under weaknesses).** **Response:** Our surrogate losses benefit from $\mathcal{R}$-consistency bounds with the hypothesis set $\mathcal{R}$ extending beyond the family of all measurable functions $\mathcal{R}_{\mathrm{all}}$. This includes, for example, the family of linear models and one-hidden-layer neural networks considered by Awasthi et al. (2022). For simplicity, we presented results only for the family of all measurable functions. However, our proofs and results can be directly extended to other hypothesis sets. In the final version, we will include these $\mathcal{R}$-consistency bounds. While the cost-sensitive surrogate loss benefits from Bayes-consistency, it does not benefit from $\mathcal{R}$-consistency bounds. As pointed out by Awasthi et al. (2022), Bayes-consistency does not supply any information about learning with a typically restricted hypothesis set, which of course would not contain all measurable functions. Furthermore, it provides no guarantee for approximate minimizers since the rate of that asymptotic convergence could be arbitrarily slow. **3. No ablation on $\alpha$ even though it's important in the bound (Thm 5), and different experiments use different values (e.g., 4 in main text experiments, 3.5 in appendix vision experiments).** **Response:** In our experiments on image classification, the value of $\alpha$ is selected using cross-validation, a method typically applicable in practice. In our future work, we aim to explore a more principled approach for choosing $\alpha$. A promising direction involves establishing data-dependent bounds, which would act as a useful guide for selecting $\alpha$ across different datasets. **4. Small typo in display at bottom of pg4; $\leq 0$ should be in the subscript of $\mathbb{I}$.** **Response:** Thank you, we will fix this in the final version. **5. Small typo in display at bottom of pg4; not enough parentheses.** **Response:** Thank you, we will fix this in the final version. **6. Minor semantics/notation: $r(x, f(x))$ reads like a score for rejecting, so the notation reads like $r > 0$ $ \implies $ reject, when it's actually being used in the opposite sense. This tripped me up several times. I know this notation is inherited from Cortes et al. but I think it's a bit confusing.** **Response:** We are indeed staying consistent with the notation from the literature.

Thank you for your thoughtful feedback. We have carefully addressed all the questions raised. Please find our responses below. **Weaknesses:** **1. The experiment setting is not well explained and the settings are not comprehensive. As the authors mentioned, the LLM predictors are their main focus but in the experiments, there is only one type of LLM. As T5X is a family of models, there are other choices and more architectures from other families will be more comprehensive for evaluating the proposed loss.** **Response:** We kindly ask the reviewer to elaborate on which part of the experiment setting was not sufficiently well explained. While it is true that there generally exist many LLM architectures, it would not be feasible to evaluate all of them. By showing very strong results on T5X XXL, a standard model, we demonstrate that there is at least one architecture for which our surrogate loss is very useful. **2. The loss function is tested on image classification but on a tiny setting and this pure classification task does not really relate to the LLM setting.** **Response:** Since annotation is expensive for the LLM setting, we chose to provide additional experimental evaluation of our proposed surrogate loss on image classification. For the LLM setting, please see our experiments on decontextualization. **3. To train the rejector still required to label new information, it is hard to distinguish whether the improvement is from the additional information or the loss function.** **Response:** Since the baseline using the cross-entropy loss had access to these new labels as well, the improvement is necessarily from the loss function. **Questions:** **1. According to my understanding, applying the surrogate loss requires labeling the output from the given model. Then the model is further trained by the learned surrogate loss. Thus some extra information is introduced. Can the Cross entropy loss and Maxprob have the same information?** **Response:** The cross entropy baseline did have the same information - we finetuned a model using the cross-entropy loss *on the annotations*. However, it would not be possible for Maxprob to also benefit from this information because the annotations form a binary classification task, while the predictor (from which Maxprob is derived) is trained to generate decontexualizations. **2. What is the format of the rejector?** **Response:** The format for the rejector is described in section 7.2 (surrogate loss), and it is trained on the decontextualization rejection task described in section 7.1. At a high level, its input is a sentence and a candidate decontextualization, and its output is a real number whose sign corresponds to acceptance or rejection. **3. Why is the F1 score not applied for clear comparison?** **Response:** The F1 score relates to precision versus recall, while instead we are interested in precision versus coverage. We believe that it is very natural and easy to compare the methods by plotting precision versus coverage (which we do in Figures 4, 5, and 6). **4. For the std comparison it is not very clear whether rejection loss is much better than Maxprob in Figure 4 and in Figure 5.** **Response:** We respectfully disagree with the reviewer. The curve for the rejection loss lies above that of Maxprob in both figures, and in Figure 4, it lies *significantly* above that of Maxprob.

Thank you for your appreciation of our contribution. We have carefully addressed all the questions raised, especially regarding the consistency of our mathematical results. Please find our responses below, and we respectfully request the reviewer to reconsider the overall rating. **Weaknesses:** **1. Although GitHub repo links and other identifying information cannot be written in a paper under review, I did not see any indication of the intention to make the code public, nor is it provided in supplementary materials.** **Response:** We are hoping to release code for the final version and are waiting for approval. **2. Page 4. First equation/inequality.** **Response:** As pointed out by reviewer KRjg, the first inequality indeed holds. Thus, we are still giving an upper bound. We will replace the second inequality with equality (we were simply staying consistent with Cortes et al.). The last relation in the derivation holds because a max of two positive real numbers is upper-bounded by their sum. **3. There is no test set. Only train and validation, where cross-validation is used so training algorithm sees all data.** **Response:** We perform k-fold cross validation, and thus the training algorithm does not see the data it is tested on. Additionally, in the decontextualization experiment with LLMs, we do not tune any hyper-parameters for our proposed method. **Questions:** **1. page 5. it is said that ""underlying scores are not favourable for that precision level"". Why is that?** **Response:** We would like to point out that we have instead written “not *necessarily* favorable.” This is because the same scores are used for each precision level; the learning algorithm was not trained to target a specific precision level. On the other hand, in our surrogate loss, we are targeting a specific precision level through the value of $c$. **2. These are possibly standard deviation bars in figures 4 and 5. How were they generated? Is it from different folds of cross-validation?** **Response:** As described in their respective captions, the standard deviations in Figure 4 are from the different cross-validation splits, and the standard deviations in Figure 5 are from different training runs. **3. Are Maxprob and cross-entropy trained on different models? Why is that?** **Response:** These are very slightly different - Maxprob was derived from an existing decontextualization model, and we chose to use T5X for all of our fine-tuning as it was the closest model available to us. **Minor Typing / Formatting / Clarity issues:** **1. page 4. last equation ""<=0"" should be in the subscript** **2. please recheck format for citations: some citations use et al while other list all authors.** **Response:** Thank you, we will fix these in the final version."	"We have uploaded a revised version with a newly added Appendix D. The main results (on p.18), Theorem 7 and Corollary 8, demonstrate that our surrogate losses benefit from $\mathcal{R}$-consistency bounds with any bounded hypothesis set, including the family of linear models and one-hidden-layer ReLU networks considered in (Awasthi et al., 2022) as special cases. In the initial version, we mentioned before Section 5.5 ""Similar results can be derived for other families of functions $\mathcal{R}$, such as that of linear functions or neural networks with one hidden-layer as in (Awasthi et al., 2022)"", but did not include them for simplicity. We believe these newly added results will further strengthen the theoretical part of the paper and address the reviewer's concerns. Note that there is a lack of similar guarantees for cost-sensitive surrogate losses with respect to the induced rejection loss. Furthermore, our surrogate loss outperforms the cost-sensitive baseline in our image classification experiments.

Thank you for your thoughtful feedback. We have carefully addressed all the questions raised. Please find our responses below. **Weaknesses:** **1. The experiment setting is not well explained and the settings are not comprehensive. As the authors mentioned, the LLM predictors are their main focus but in the experiments, there is only one type of LLM. As T5X is a family of models, there are other choices and more architectures from other families will be more comprehensive for evaluating the proposed loss.** **Response:** We kindly ask the reviewer to elaborate on which part of the experiment setting was not sufficiently well explained. While it is true that there generally exist many LLM architectures, it would not be feasible to evaluate all of them. By showing very strong results on T5X XXL, a standard model, we demonstrate that there is at least one architecture for which our surrogate loss is very useful. **2. The loss function is tested on image classification but on a tiny setting and this pure classification task does not really relate to the LLM setting.** **Response:** Since annotation is expensive for the LLM setting, we chose to provide additional experimental evaluation of our proposed surrogate loss on image classification. For the LLM setting, please see our experiments on decontextualization. **3. To train the rejector still required to label new information, it is hard to distinguish whether the improvement is from the additional information or the loss function.** **Response:** Since the baseline using the cross-entropy loss had access to these new labels as well, the improvement is necessarily from the loss function. **Questions:** **1. According to my understanding, applying the surrogate loss requires labeling the output from the given model. Then the model is further trained by the learned surrogate loss. Thus some extra information is introduced. Can the Cross entropy loss and Maxprob have the same information?** **Response:** The cross entropy baseline did have the same information - we finetuned a model using the cross-entropy loss *on the annotations*. However, it would not be possible for Maxprob to also benefit from this information because the annotations form a binary classification task, while the predictor (from which Maxprob is derived) is trained to generate decontexualizations. **2. What is the format of the rejector?** **Response:** The format for the rejector is described in section 7.2 (surrogate loss), and it is trained on the decontextualization rejection task described in section 7.1. At a high level, its input is a sentence and a candidate decontextualization, and its output is a real number whose sign corresponds to acceptance or rejection. **3. Why is the F1 score not applied for clear comparison?** **Response:** The F1 score relates to precision versus recall, while instead we are interested in precision versus coverage. We believe that it is very natural and easy to compare the methods by plotting precision versus coverage (which we do in Figures 4, 5, and 6). **4. For the std comparison it is not very clear whether rejection loss is much better than Maxprob in Figure 4 and in Figure 5.** **Response:** We respectfully disagree with the reviewer. The curve for the rejection loss lies above that of Maxprob in both figures, and in Figure 4, it lies *significantly* above that of Maxprob.

Thank you for your encouraging review. We will take your suggestions into account when preparing the final version. Below please find responses to specific questions. **1. The method is only applied to the decontextualization problem when it actually seems to have much more broad applicability. I can think of several LLM applications where the ability to increase precision by rejecting would be useful. For example, we could try to learn a rejector that cuts down on hallucinations in summarization or text simplification. More exploration of this technique beyond the decontextualization problem would make it more impactful.** **Response:** As discussed in the conclusion, annotation for the LLM setting is expensive and this limits our empirical evaluation. We therefore provided additional experimental evaluation on image classification tasks, where checking the correctness of the predictor is easy. We leave further experimental evaluation for future work, but observe very strong results on our current LLM experiments. **2. When $\mathcal{R} = R_{\mathrm{all}}$, can't we use a cost-sensitive surrogate loss plus usual (Bayes) consistency results? I.e., I don't understand the following claim in Appendix C given that the paper's results only consider $\mathcal{R} = \mathcal{R}_{\mathrm{all}}$.** **In general, I think the paper could use more presentation on why the naive approach of directly training the rejector to predict the labels $a$ using a standard cost-sensitive surrogate loss doesn't work, since the results only consider the $\mathcal{R} = \mathcal{R}_{\mathrm{all}}$ case. That, or some results for linear or 1-layer-NN rejectors, as in Awasthi et al. (2022), would strengthen the theoretical part of the paper.** **Question 1. Why do we care about $\mathcal{H}$-consistency even though we only consider the space $\mathcal{R}_{\mathrm{all}}$ of all measurable functions? It would be helpful to further emphasize this earlier in the paper as a major difference / novelty / reason why more naive baselines don't work (see earlier comment under weaknesses).** **Response:** Our surrogate losses benefit from $\mathcal{R}$-consistency bounds with the hypothesis set $\mathcal{R}$ extending beyond the family of all measurable functions $\mathcal{R}_{\mathrm{all}}$. This includes, for example, the family of linear models and one-hidden-layer neural networks considered by Awasthi et al. (2022). For simplicity, we presented results only for the family of all measurable functions. However, our proofs and results can be directly extended to other hypothesis sets. In the final version, we will include these $\mathcal{R}$-consistency bounds. While the cost-sensitive surrogate loss benefits from Bayes-consistency, it does not benefit from $\mathcal{R}$-consistency bounds. As pointed out by Awasthi et al. (2022), Bayes-consistency does not supply any information about learning with a typically restricted hypothesis set, which of course would not contain all measurable functions. Furthermore, it provides no guarantee for approximate minimizers since the rate of that asymptotic convergence could be arbitrarily slow. **3. No ablation on $\alpha$ even though it's important in the bound (Thm 5), and different experiments use different values (e.g., 4 in main text experiments, 3.5 in appendix vision experiments).** **Response:** In our experiments on image classification, the value of $\alpha$ is selected using cross-validation, a method typically applicable in practice. In our future work, we aim to explore a more principled approach for choosing $\alpha$. A promising direction involves establishing data-dependent bounds, which would act as a useful guide for selecting $\alpha$ across different datasets. **4. Small typo in display at bottom of pg4; $\leq 0$ should be in the subscript of $\mathbb{I}$.** **Response:** Thank you, we will fix this in the final version. **5. Small typo in display at bottom of pg4; not enough parentheses.** **Response:** Thank you, we will fix this in the final version. **6. Minor semantics/notation: $r(x, f(x))$ reads like a score for rejecting, so the notation reads like $r > 0$ $ \implies $ reject, when it's actually being used in the opposite sense. This tripped me up several times. I know this notation is inherited from Cortes et al. but I think it's a bit confusing.** **Response:** We are indeed staying consistent with the notation from the literature."	> While the cost-sensitive surrogate loss benefits from Bayes-consistency, it does not benefit from $\mathcal{R}$-consistency bounds I agree---my point was that when $\mathcal{R} = \mathcal{R}\_{all}$, as it is for your main-text results, the Bayes-consistentcy results for usual cost-sensitive surrogates should directly apply. That makes including results for $\mathcal{R} \ne \mathcal{R}_{all}$ crucial for your novelty argument compared to other losses. Since you added such results to the appendix, I will increase my score. I still the the paper would be much improved by: - (1) including some $\mathcal{R} \ne \mathcal{R}_{all}$ results in the *main text* to emphasize a key difference between the proposed surrogate and others, and additional high-level discussion of why $\mathcal{R}$-consistency matters to make it clear for an NLP audience. - (2) LLM experiments on problems beyond decontextualization. E.g., does this technique reduce hallucinations for summarization while maintaining good performance on the not-rejected subset? You can use fully automated annotation metrics, e.g. by measuring hallucination as long spans that don't appear in the input text. What's the pareto curve...	partially_fixed		the theoretical guarantee was strengthened but the broader-impact concern remains mostly future work
6.200	AJBkfwXh3u__r01	Causality-Inspired Spatial-Temporal Explanations for Dynamic Graph Neural Networks	6: marginally above the acceptance threshold	4: You are confident in your assessment, but not absolutely certain. It is unlikely, but not impossible, that you did not understand some parts of the submission or that you are unfamiliar with some pieces of related work.	fixed	silver_followup_comment	Sorry for the late reply. Thank you for the detailed response from the author; the major concern has already been addressed. I will raise my score to acceptance, I believe that with the added content, this work has become clearer and more coherent, especially the comparative analysis of related work, which has resol...	fixed	fixed	partially_fixed	partially_fixed	partially_fixed	fixed	fixed	"[weaknesses] (1) The paper's presentation appears problematic, particularly in the description of the backdoor adjustment. While simplified results are provided in the main text, the specific derivation process is absent and should be relegated to the appendix. Additionally, the computational intensity of introducing temporal masks, which could be exacerbated by the incorporation of contrastive learning (VGAE is known to be computationally demanding), is not addressed. The authors should include complexity descriptions to inform the reader. However, these issues are not discussed in the paper. (2) The proposal of 4 loss functions can be unfriendly to network training. If even one parameter is improperly tuned, it could lead to significant instability or even failure in network training. The authors should systematically discuss parameter selection techniques or guidelines to aid those who follow in this line of work. (3) There is a lack of related experiments: although experiments are conducted, there is a shortage of benchmarks in this field. It is recommended that the authors refer to [1] to add more experiments to validate the effectiveness of their DyGNN, such as including the Ogbn-Arxiv dataset. Additionally, an ablation study replacing VGAE-like models is crucial to help others understand the contribution of each model component. (4) Related work is missing from the paper, especially concerning spatio-temporal related work [5], generalization/extrapolation on graphs, and causality learning [2-4]. The authors should consider these areas to provide a more comprehensive context for their research. [2] Sui, Yongduo, et al. ""Causal attention for interpretable and generalizable graph classification."" Proceedings of the 28th ACM SIGKDD Conference on Knowledge Discovery and Data Mining. 2022. [3] Wu, Ying-Xin, et al. ""Discovering invariant rationales for graph neural networks."" arXiv preprint arXiv:2201.12872 (2022). [4] Miao, Siqi, Mia Liu, and Pan Li. ""Interpretable and generalizable graph learning via stochastic attention mechanism."" International Conference on Machine Learning. PMLR, 2022. [5] Xia, Yutong, et al. ""Deciphering Spatio-Temporal Graph Forecasting: A Causal Lens and Treatment."" arXiv preprint arXiv:2309.13378 (2023).

[questions] See weakness

[summary] This paper presents a causal approach to improving the interpretability of GNNs. The authors have integrated a contrastive learning module that distinguishes between non-causal and causal relationships, enhancing the clarity of the model's decision-making process. Additionally, a dynamic correlating component is employed to differentiate dynamic from static causal relationships, providing a nuanced understanding of changes over time. Furthermore, the authors utilize a VGAE-based model to generate causal-and-dynamic masks, which contribute to spatial interpretability. This model also captures dynamic relationships across temporal scales through causal inference, thereby boosting the model's ability to interpret temporal data."	We appreciate your overall positive assessment of our contributions and are grateful for your suggestion. We have already updated the new revision based on your suggestions. ------ **Q1: Derivation process and complexity descriptions** **A1:** In Equation 1, we merge the estimation of $P(\mathcal{Y}|do(\mathcal{C}))$ with that of $P(\mathcal{Y}|do(\mathcal{D}))$. The detailed derivation process of backdoor adjustment can be shown as: $$ P(\mathcal{Y}|do(\mathcal{D})) = \sum P(\mathcal{Y}|do(\mathcal{D}), \mathcal{S})P(\mathcal{S}|do(\mathcal{D})) \\ = \sum P(\mathcal{Y}|do(\mathcal{C}))P(\mathcal{S})\\ = \sum P(\mathcal{S})\sum P(\mathcal{Y}|do(\mathcal{C}),\mathcal{T})P(\mathcal{T}|do(\mathcal{C})\\ = \sum P(\mathcal{S})\sum P(\mathcal{Y}|\mathcal{G})P(\mathcal{T}). $$ VGAE-based encoder is the most time consuming component in our method. In the dynamic VGAE-based encoder, we generate the causal soft mask matrix $\mathbf{M}^{\mathcal{C}}$ and the dynamic soft mask matric $\mathbf{M}^{\mathcal{D}}$ with $O(d*|V|^2)$ complexity for T unique time steps, where d is the embedding size. The contrastive learning part also costs lots of time and has time complexity O(|V|*d*$T^2$). Then...	"We appreciate your overall positive assessment of our contributions and are grateful for your suggestion. We have already updated the new revision based on your suggestions. ------ **Q1: Derivation process and complexity descriptions** **A1:** In Equation 1, we merge the estimation of $P(\mathcal{Y}|do(\mathcal{C}))$ with that of $P(\mathcal{Y}|do(\mathcal{D}))$. The detailed derivation process of backdoor adjustment can be shown as: $$ P(\mathcal{Y}|do(\mathcal{D})) = \sum P(\mathcal{Y}|do(\mathcal{D}), \mathcal{S})P(\mathcal{S}|do(\mathcal{D})) \\ = \sum P(\mathcal{Y}|do(\mathcal{C}))P(\mathcal{S})\\ = \sum P(\mathcal{S})\sum P(\mathcal{Y}|do(\mathcal{C}),\mathcal{T})P(\mathcal{T}|do(\mathcal{C})\\ = \sum P(\mathcal{S})\sum P(\mathcal{Y}|\mathcal{G})P(\mathcal{T}). $$ VGAE-based encoder is the most time consuming component in our method. In the dynamic VGAE-based encoder, we generate the causal soft mask matrix $\mathbf{M}^{\mathcal{C}}$ and the dynamic soft mask matric $\mathbf{M}^{\mathcal{D}}$ with $O(d*|V|^2)$ complexity for T unique time steps, where d is the embedding size. The contrastive learning part also costs lots of time and has time complexity O(|V|*d*$T^2$). Then, the total time complexity is O($|V|^2$*d*T + |V|*d*$T^2$). Note that $T << |V|$, then we can ignore the time of contrastive learning and obtain the total time complexity as O(|V|^2*d*T). We add this in Appendix A.4 in the new version. ------ **Q2: Loss function hyperparameters** **A2:** Thank you for your valuable suggestions. In graph interpretation tasks, they usually have many constraints and require different types of loss functions to satisfy these constraints, e.g., OrphicX has 4 loss functions for the static graph interpretation. We supplement the parameter search range and optimal parameter selection of the four constraints of the loss function to help improve the reliability and reproducibility of the results. In the final optimization objects, the loss function weight parameters $\lambda_1$, $\lambda_2$, $\lambda_3$, and $\lambda_4$ are set from [0.2, 0.4, 0.6, 0.8, 1]. And the best performance is obtained where $\lambda_1=1$, $\lambda_2=0.4$, $\lambda_3=0.2$, and $\lambda_4=0.2$. We add this in Appendix A.2. Once again, I extend my gratitude for your invaluable suggestions. It remains our primary objective to deliver trustworthy interpretive results. ------ **Q3: Shortage of benchmarks and ablation study** **A3:** Thank you for your valuable questions. Although there have been some works on static graph interpretability, to the best of our knowledge, we are the first to study dynamic graph interpretability. Therefore, we have no existing dynamic graph interpretability benchmarks for comparison, and can only compare with currently competitive static interpretability methods. On the other hand, you recommend some benchmarks for graph representation and graph generalization. But it is hard to compare our method with them since the task in our model is totally different from theirs. Graph representation and graph generalization models are the target models we want to explain. For interpretable methods, the target model is model-agnostic. The interpretability task is to provide good explanations for these models. We make this more clear in Section 3.1. Given the novelty of our study on dynamic graph interpretability, there is a dearth of readily available synthetic datasets suitable for this purpose. Consequently, we've undertaken dynamic transformations of commonly used synthetic static graph interpretability datasets such as BA-Shapes. We also use two real-world dynamic graph datasets, Elliptic for node classification and MemeTracker for graph classification. The Ogbn-Arxiv dataset is a real-world data set but a static graph dataset. If we dynamically transform it, it will lose its real meaning. We make this more clear in Section 3.1. For ablation study, we provide a DyGNNExplainer version without VGAE ('w/o. VGAE'). In this version, we replace the encoder with a simple GCN layer. DyGNNExplainer outperforms the `w/o. VGAE' version. This is primarily due to the superior capabilities of VGAE in harnessing spatial graph information to generate soft masks. We provide this ablation study in Section 3.2. ------ **Q4: Related work** **A4:** Thank you for your valuable suggestions. Although our interpretability task is totally different from the graph generalization task, their method is the model we want to explain and is helpful in our work. Additionally, the spatial-temporal method and the causal method are directly related to our tasks. We add these related works in Section 4 and Appendix 4.3. ------ Thank you again for your constructive reviews. Hope that our response can address your concerns. We will feel grateful if you could boost our paper.

We appreciate your overall positive assessment of our contributions and are grateful for your suggestion. We have already updated the new revision based on your suggestions. ------ **Q1: Generative model** **W1:** Thanks for your question. Our dynamic graph interpretability task lies in providing spatial-temporal explanations (dynamic subgraph set) for dynamic graph structures. Consequently, our ultimate objective is to define a generative model, not a representational model. We make this more clear in Section 2.1. ------ **Q2: Logical derivation of Equation 1** **W2:** In Equation 1, we merge the estimation of $P(\mathcal{Y}|do(\mathcal{C}))$ with that of $P(\mathcal{Y}|do(\mathcal{D}))$. The detailed derivation process of backdoor adjustment can be shown as: \begin{equation} \begin{aligned} P(\mathcal{Y}|do(\mathcal{D})) &= \sum P(\mathcal{Y}|do(\mathcal{D}), \mathcal{S})P(\mathcal{S}|do(\mathcal{D})) \\ &= \sum P(\mathcal{Y}|do(\mathcal{C}))P(\mathcal{S})\\ &= \sum P(\mathcal{S})\sum P(\mathcal{Y}|do(\mathcal{C}),\mathcal{T})P(\mathcal{T}|do(\mathcal{C})\\ &= \sum P(\mathcal{S})\sum P(\mathcal{Y}|\mathcal{G})P(\mathcal{T}). \end{aligned}. \end{equation} We add this in Appendix A.4 in the revision. ------ **Q3: Interpretability issue of DyGNNs** **W3:** Sorry for our unclear expression, all our experiments are conducted on dynamic datasets. In essence, our case study is conducted on DBA-Shapes to provide a more vivid demonstration of DyGNNExplainer's interpretability. We visually represent both the original graph and the top six weighted edges of the generated causal subgraph across all time steps using DyGNNExplainer. Regarding temporal interpretability, the scrutiny of variable $t_p$ reveals that DyGNNExplainer adeptly pinpoints the most critical time steps that significantly influence the target node label within the original graph. In terms of spatial interpretability, DyGNNExplainer proficiently discerns the presence of the 'house' motif within the original graph's concluding time step, offering a compelling explanation for the target node label. ------ **Q4: Static datasets** **W4:** Since our method is the first study on dynamic graph interpretability, there are no directly available datasets suitable for the task of dynamic graph interpretability. So we dynamically transformed some commonly used static graph interpretability datasets. We add this in Section 3.1 in the revision. ------ **Q5: Missing important literature** **W5:** You recommend some benchmarks for graph representation and graph generalization. But it is hard to compare our method with them since the task in our model is totally different from theirs. Graph representation and graph generalization models are the target models we want to explain. For interpretable methods, the target model is model-agnostic. The interpretability task is to provide good explanations for these models. We make this more clear in Section 3.1. Additionally, our methods of decoupling dynamic and static relationships are also different from CaST. To disentangle the static relationship and the dynamic relationship, we propose the constraint that dynamic relationships evolve over time steps but static relationships are independent across each time step. Consequently, we leverage the pre-trained target DyGNN model to guarantee the essential temporal correlation between neighboring subgraphs for the dynamic relationships and identify the rest independent causal information to the static relationships. ------ **Q6: Implementation of Equation 7** **W6:** We utilize contrastive learning to ensure the semantic similarity between the causal embedding $\mathbf{e}^{\mathcal{C}}_t$ and the original embedding $\mathbf{e}_t$ while enlarging the semantic distance between the causal embedding $\mathbf{e}^{\mathcal{C}}_t$ and the trivial embedding $\mathbf{e}^{\mathcal{T}}_t$. $s(\cdot,\cdot)$ measures the similarity, we utilize the dot product here. We add the implementation in Section 2.5 in the revision. ------ **Q7: Implementation of Equation 14** **W7:** $\left\|\mathbf{A}^{\mathcal{C}}_t\right\|_1$ and $\left\|\mathbf{A}^{\mathcal{D}}_t\right\|_1$ are $l_1$ norm of the causal graph set and the dynamic causal graph set, respectively. We sum up all elements here. The $\left\|\mathbf{A}^{\mathcal{S}}_t\right\|_1$ in Equation 14 should be replaced by $\left\|\mathbf{A}^{\mathcal{D}}_t\right\|_1$ , we have corrected it in revision. ------ **Q8: Typo in Table 2 and Equation 15** **W8:** We are sorry that one of the data in Table 2 was filled in incorrectly. The best performance in DTree-Grid is obtained by DyGNNExplainer. We have corrected the typo in Table 2 in the revision. And we have corrected $\Theta$ with $\Psi$ in the last line of Section 2. ------ Thank you again for your constructive reviews. Hope that our response can address your concerns. We feel grateful for your appreciation.

We appreciate your overall positive assessment of our contributions and are grateful for your suggestion. We have already updated the new revision based on your suggestions. ------ **Q1: Problems in introduction section** **W2:** Thanks for your valuable questions and suggestions. **Spatial interpretability and temporal interpretability:** The investigation of spatial interpretability critically relies on the extraction of subgraphs that can represent the characteristics of the complete graph in spatial dimension and elucidate outcomes in subsequent tasks. In essence, these subgraphs serve as substitutes for the original graphs, enabling the attainment of analogous results in downstream tasks. Temporal interpretability relies on the importance of representative sub-graphs over the time slots. In essence, it's essential to elucidate the significance of each time step concerning its impact on the outcomes of subsequent tasks. We add this in Section 1. **Challenges for implementing the SCM:** The first challenge lies in the approach to disentangling the complex causal relationships as no explicit information is available for the identification of trivial, dynamic, and static relationships. The dynamic graph encapsulates intricate spatial-temporal relationships and dependencies, posing a challenge in directly conducting interventions on the confounder. This makes decoupling the trivial, dynamic, and static relationships very difficult. The second challenge is the way to construct the SCM to fit the task of discovering spatial-temporal interpretability due to the lack of existing models for dynamic graphs. As pioneers in the realm of dynamic graph interpretability, we encounter the challenge of lacking a causal model that can offer interpretive insights into intricate spatial-temporal relationships. **How the proposed approach addresses the challenges:** We propose two constraints to disentangle the trivial relationship, the static relationship, and the dynamic relationship, respectively. First, to disentangle the trivial relationship and the causal relationship, we propose that the causal relationship determines the downstream task results. Thus, we propose a contrastive learning module to ensure the semantic similarity between the causal relationship and the original graph while enlarging the semantic distance between the causal relationship and the trivial relationship. Second, to disentangle the static relationship and the dynamic relationship, we propose that dynamic relationships evolve over time steps but static relationships are independent across each time step. Consequently, we leverage the pre-trained target DyGNN model to guarantee the essential temporal correlation between neighboring subgraphs for the dynamic relationships and identify the rest independent causal information to the static relationships. Thank you again for your questions. It is also our goal to clean up our motivations and solutions. We aspire that through our explanations, you gain a more clear understanding of our work. ------ **Q2: Static datasets** **W2:** Since our method is the first study on dynamic graph interpretability, there are no directly available datasets suitable for the task of dynamic graph interpretability. So we dynamically transformed some commonly used static graph interpretability datasets. We add this in Section 3.1 in the revision. ------ **Q3: Baselines** **W3:** Since our method is the first study on dynamic graph interpretability, we can only utilize the baselines from static graph interpretability tasks. To achieve a relatively fair comparison, we add the time factor into baselines so as to make them suitable for dynamic graph interpretability. Dynamic graphs are much more complex than static graphs due to their spatial-temporal correlations. It is meaningless if we compare our method with baselines on static graphs. ------ **Q4: Typo in Table 2** **W4:** We are sorry that one of the data in Table 2 was filled in incorrectly. The best performance in DTree-Grid is obtained by DyGNNExplainer. We have corrected the typo in Table 2 in the revision. ------"	"We appreciate your overall positive assessment of our contributions and are grateful for your suggestion. We have already updated the new revision based on your suggestions. ------ **Q1: Generative model** **W1:** Thanks for your question. Our dynamic graph interpretability task lies in providing spatial-temporal explanations (dynamic subgraph set) for dynamic graph structures. Consequently, our ultimate objective is to define a generative model, not a representational model. We make this more clear in Section 2.1. ------ **Q2: Logical derivation of Equation 1** **W2:** In Equation 1, we merge the estimation of $P(\mathcal{Y}|do(\mathcal{C}))$ with that of $P(\mathcal{Y}|do(\mathcal{D}))$. The detailed derivation process of backdoor adjustment can be shown as: \begin{equation} \begin{aligned} P(\mathcal{Y}|do(\mathcal{D})) &= \sum P(\mathcal{Y}|do(\mathcal{D}), \mathcal{S})P(\mathcal{S}|do(\mathcal{D})) \\ &= \sum P(\mathcal{Y}|do(\mathcal{C}))P(\mathcal{S})\\ &= \sum P(\mathcal{S})\sum P(\mathcal{Y}|do(\mathcal{C}),\mathcal{T})P(\mathcal{T}|do(\mathcal{C})\\ &= \sum P(\mathcal{S})\sum P(\mathcal{Y}|\mathcal{G})P(\mathcal{T}). \end{aligned}. \end{equation} We add this in Appendix A.4 in the revision. ------ **Q3: Interpretability issue of DyGNNs** **W3:** Sorry for our unclear expression, all our experiments are conducted on dynamic datasets. In essence, our case study is conducted on DBA-Shapes to provide a more vivid demonstration of DyGNNExplainer's interpretability. We visually represent both the original graph and the top six weighted edges of the generated causal subgraph across all time steps using DyGNNExplainer. Regarding temporal interpretability, the scrutiny of variable $t_p$ reveals that DyGNNExplainer adeptly pinpoints the most critical time steps that significantly influence the target node label within the original graph. In terms of spatial interpretability, DyGNNExplainer proficiently discerns the presence of the 'house' motif within the original graph's concluding time step, offering a compelling explanation for the target node label. ------ **Q4: Static datasets** **W4:** Since our method is the first study on dynamic graph interpretability, there are no directly available datasets suitable for the task of dynamic graph interpretability. So we dynamically transformed some commonly used static graph interpretability datasets. We add this in Section 3.1 in the revision. ------ **Q5: Missing important literature** **W5:** You recommend some benchmarks for graph representation and graph generalization. But it is hard to compare our method with them since the task in our model is totally different from theirs. Graph representation and graph generalization models are the target models we want to explain. For interpretable methods, the target model is model-agnostic. The interpretability task is to provide good explanations for these models. We make this more clear in Section 3.1. Additionally, our methods of decoupling dynamic and static relationships are also different from CaST. To disentangle the static relationship and the dynamic relationship, we propose the constraint that dynamic relationships evolve over time steps but static relationships are independent across each time step. Consequently, we leverage the pre-trained target DyGNN model to guarantee the essential temporal correlation between neighboring subgraphs for the dynamic relationships and identify the rest independent causal information to the static relationships. ------ **Q6: Implementation of Equation 7** **W6:** We utilize contrastive learning to ensure the semantic similarity between the causal embedding $\mathbf{e}^{\mathcal{C}}_t$ and the original embedding $\mathbf{e}_t$ while enlarging the semantic distance between the causal embedding $\mathbf{e}^{\mathcal{C}}_t$ and the trivial embedding $\mathbf{e}^{\mathcal{T}}_t$. $s(\cdot,\cdot)$ measures the similarity, we utilize the dot product here. We add the implementation in Section 2.5 in the revision. ------ **Q7: Implementation of Equation 14** **W7:** $\left\|\mathbf{A}^{\mathcal{C}}_t\right\|_1$ and $\left\|\mathbf{A}^{\mathcal{D}}_t\right\|_1$ are $l_1$ norm of the causal graph set and the dynamic causal graph set, respectively. We sum up all elements here. The $\left\|\mathbf{A}^{\mathcal{S}}_t\right\|_1$ in Equation 14 should be replaced by $\left\|\mathbf{A}^{\mathcal{D}}_t\right\|_1$ , we have corrected it in revision. ------ **Q8: Typo in Table 2 and Equation 15** **W8:** We are sorry that one of the data in Table 2 was filled in incorrectly. The best performance in DTree-Grid is obtained by DyGNNExplainer. We have corrected the typo in Table 2 in the revision. And we have corrected $\Theta$ with $\Psi$ in the last line of Section 2. ------ Thank you again for your constructive reviews. Hope that our response can address your concerns. We feel grateful for your appreciation.

We thank all reviewers for their insightful comments and suggestions. We are particularly encouraged by the reviewers’ feedback. We have made a heavy revision to our paper according to the reviewer's constructive suggestions. Below we summarize some key modifications in this revision: - Derivation process of backdoor adjustment in Equation 1in Appendix A.4 (Reviewer #1, Reviewer #4) - Complexity descriptions of dynamic VGAE in Appendix A.4 (Reviewer #1) - Loss function hyperparameters in Appendix A.2 (Reviewer #1, Reviewer #3) - Dataset and baseline selection in Section 3.1 (Reviewer #1, Reviewer #3, Reviewer #4) - More related works in Section 4 and Appendix 4.3 (Reviewer #1) - Clearer explanation and presentation - Ablation study in Section 3.2 (Reviewer #1) - Text in Figure 1 (Reviewer #2) - Motivations and solutions in Section 1 (Reviewer #3, Reviewer #4) - Graph interpretability task in Section 2.1 (Reviewer #4) - Implementation of Equation 7 (Reviewer #4) Moreover, we have carefully checked our paper typos and reorganized the presentation. If there still remains any consideration, please kindly let us know. We are very happy to make a further revision in light of your great suggestions. We will address comments by each of the reviewers individually.

**Q5: Hyperparameters and computational complexity in Equation 15** **W5:** Thanks for your suggestions. We supplement the parameter search range and optimal parameter selection of the four constraints of the loss function to help improve the reliability and reproducibility of the results. In the final optimization objects, the loss function weight parameters $\lambda_1$, $\lambda_2$, $\lambda_3$, and $\lambda_4$ are set from [0.2, 0.4, 0.6, 0.8, 1]. And the best performance is obtained where $\lambda_1=1$, $\lambda_2=0.4$, $\lambda_3=0.2$, and $\lambda_4=0.2$. We add this in Appendix A.2. VGAE-based encoder is the most time consuming component in our method. In the dynamic VGAE-based encoder, we generate the causal soft mask matrix $\mathbf{M}^{\mathcal{C}}$ and the dynamic soft mask matric $\mathbf{M}^{\mathcal{D}}$ with $O(d*|V|^2)$ complexity for T unique time steps, where d is the embedding size. The contrastive learning part also costs lots of time and has time complexity O($|V|$*$d$*$T^2$). Then, the total time complexity is O($|V|^2$*$d$*$T$ + $|V|$*$d$*$T^2$). Note that $T << |V|$, then we can ignore the time of contrastive learning and obtain the total time complexity as O($|V|^2$*$d$*$T$). ------ **Q6: Codebase link** **W6:** So sorry we attached the wrong code link. The wrong code link is unrelated to this paper and does not include any information about authors. We have updated the correct anonymous code link in the new version. ------ Thank you again for your constructive reviews. Hope that our response can address your concerns. We will feel grateful if you could boost our paper."	Sorry for the late reply. Thank you for the detailed response from the author; the major concern has already been addressed. I will raise my score to acceptance, I believe that with the added content, this work has become clearer and more coherent, especially the comparative analysis of related work, which has resolved my questions effectively.	fixed		the reviewer says the major concern was addressed and raises the score to acceptance
6.200	GN921JHCRw__r01	RAPTOR: Recursive Abstractive Processing for Tree-Organized Retrieval	6: marginally above the acceptance threshold	4: You are confident in your assessment, but not absolutely certain. It is unlikely, but not impossible, that you did not understand some parts of the submission or that you are unfamiliar with some pieces of related work.	partially_fixed	silver_followup_comment	I've increased my score because although I think RAPTOR has flaws, it is clever and should inspire future work. The new results help. But I think you should make the writing more clear that GPT-4 is doing a lot of the heavy lifting compared to those baselines. Perhaps should add context length to the table 5 or ment...	partially_fixed	regressed	fixed	fixed	fixed	partially_fixed	partially_fixed	"[weaknesses] 1. There is very little analysis of the summarized outputs. The analysis included in the main text, Table 6, is difficult to understand and does not reveal much about the content of the summaries. Based on an in-line example, it seems the benefit of this approach may be the abstractive nature of the summaries, and it would be helpful to verify further whether this is the case or some other property is helping. 2a. The baselines in table 1 and 2 are not well justified. It seems like BM25 and DPR do not use the tree structure, also, SBERT can be applied without tree structure. 2b. There are multiple claims of state of the art that are not accurate. In zeroscrolls, flan-ul2 is reported to get 56.9F1 on Qasper. GPT-4 gets 89.2 on Quality in the same paper. 3. The paper is hard to read at times. Details about beam search are confusing (e.g. do we return all the visited docs, or a single sequence of them?).

[questions] Q1: Did you consider using a hierarchical clustering algorithm like agglomerative clustering? Q2: Why use GMM? In practice, do you assign passages/summaries to more than one cluster? Q3: Is 4 percent hallucination considered standard? What amount of hallucination have other LLM-based summarization systems experienced? Q4: Is the example for hallucination in the appendix the full length? I am surprised to see the summary and child node are almost the same size. Q5: Is the cumulative cosine score used to select the next top-k nodes in beam search approach? If not, then perhaps it makes sense to rename this---the approach does not seem very beam search like. Q6: When using beam search, will there always be k * d nodes kept? Or is it only d nodes, where you choose the sequence of nodes with the highest cumulative score? Q7: Why did you need to create your own story? Can you share more details about how the 2600 word story is created? Q8: Can you provide more details about the difference between collapsed and beam in Figure 3? Does collapsed tend to choose more summaries than beam? Why is top-3 not centered over the 1000 x-ticker? How should we interpret the context length x-axis wrt beam? Presentation When referencing the appendix, perhaps specify where in the appendix (i.e. which appendix section). It is deceptive and not clear to describe RAPTOR as scaling linearly. The actual complexity is closer to O(n * k) where N is the number of tokens and k is the number of layers. It only appears linear because you are using a small k. I suggest to refine the writing to mention it ""scales linearly in practice"" or something along those lines. Can make it more clear whether using dev or test data. Also, if using dev data to claim state-of-the-art, then perhaps provide some clarification why test is not being used. Related Work Sun et al 2021. Do Long-Range Language Models Actually Use Long-Range Context?---This work pre-dates Liu et al and effectively shows transformers do not handle large contexts effectively. Since your approach is meant to make up for shortcomings of chunked passages, then you may be interested in ""decontextualization"". For example, see: https://arxiv.org/abs/2305.14772 Gao et al 2023. Enabling Large Language Models to Generate Text with Citations---This recent work uses summaries in retrieval augmented generation. Min et al 2021. Joint Passage Ranking for Diverse Multi-Answer Retrieval---This work does tree-based retrieval for open-domain QA.

[summary] The authors present an approach to generate recursive summaries for closed-book QA tasks such as NarrativeQA, Qasper, and Quality. The summaries compress multiple documents, which are clustered according to GMM. Then, at test time, the summaries and original passages are retrieved from to perform the task in a RAG-like fashion."	### Questions > **Did you consider using a hierarchical clustering algorithm like agglomerative clustering? Why use GMM? In practice, do you assign passages/summaries to more than one cluster?** We did not experiment with hierarchical clustering algorithms, such as agglomerative clustering. These algorithms have a time complexity of O(N^2 log N), which may be prohibitively expensive. Furthermore, these algorithms assign each data point to a single cluster. Our goal in RAPTOR is to create higher-level representations of text, which means the semantics of a chunk should be able to be represented across different nodes in our tree representation. We selected GMM for RAPTOR's clustering, because the target task necessitated both automated cluster determination and the capability for nodes to belong to multiple clusters. Empirically, we saw that soft clustering occurs when the length of the input document is greater than 14,300 tokens. Across all datasets, 74.3% of the documents with an input length greater than 14,300 tokens contain some amount of soft clustering. Amongst the documents with soft clustering, 38.1% of the summary nodes contain soft clustered child nodes. We acknowledg...	"### Questions > **Did you consider using a hierarchical clustering algorithm like agglomerative clustering? Why use GMM? In practice, do you assign passages/summaries to more than one cluster?** We did not experiment with hierarchical clustering algorithms, such as agglomerative clustering. These algorithms have a time complexity of O(N^2 log N), which may be prohibitively expensive. Furthermore, these algorithms assign each data point to a single cluster. Our goal in RAPTOR is to create higher-level representations of text, which means the semantics of a chunk should be able to be represented across different nodes in our tree representation. We selected GMM for RAPTOR's clustering, because the target task necessitated both automated cluster determination and the capability for nodes to belong to multiple clusters. Empirically, we saw that soft clustering occurs when the length of the input document is greater than 14,300 tokens. Across all datasets, 74.3% of the documents with an input length greater than 14,300 tokens contain some amount of soft clustering. Amongst the documents with soft clustering, 38.1% of the summary nodes contain soft clustered child nodes. We acknowledge that better clustering methods could further improve the performance of RAPTOR, and welcome future work in this area. > **Is 4 percent hallucination considered standard? What amount of hallucination have other LLM-based summarization systems experienced?** Xu et al. (2023) [1] conducted a faithfulness analysis on summaries generated by GPT 3.5, the same model we employed for our summarization tasks, checking if the summary is entailed by the retrieved documents. They found that the non-faithfulness (i.e. hallucination) rates in summaries ranged from 3% to 26% across different datasets. Our observed hallucination rate of 4% falls on the lower end of this spectrum. [1] [Xu et al., 2023. RECOMP: Improving Retrieval-Augmented LMs with Compression and Selective Augmentation](https://arxiv.org/pdf/2310.04408.pdf) > **Is the example for hallucination in the appendix the full length? I am surprised to see the summary and child node are almost the same size.** The example for hallucination in the appendix is not full length. We truncated both the child and parent node to illustrate the types of hallucinations that can occur. To satisfy your curiosity, we provide an analysis on the lengths of the summary and child nodes below. The average ratio of the summary length to the sum of child node lengths across all datasets is 0.28 (i.e. a 72% compression rate). Since the parent node summarizes multiple nodes, it is possible, though unlikely, for the summary node and a single child node to be the same length. Across all datasets, the average summary length is 131 tokens while the average child node length is 86 tokens. We provide statistics on all three datasets below: | Dataset | Avg. Summary Length (tokens) | Avg. Child Node Text Length (tokens) | Avg. # of Child Nodes Per Parent | Avg. Compression Ratio (Summary to Cluster Text Tokens) (%) | |----------------|------------------------------|--------------------------------------|----------------------------------|------------------------------------------------------------| | All Datasets | 131 | 85.6 | 6.7 | .28 | | Quality | 124.4 | 87.9 | 5.7 | .28 | | NarrativeQA | 129.7 | 85.5 | 6.8 | .27 | | Qasper | 145.9 | 86.2 | 5.7 | .35 | We have added these statistics to the appendix of the paper. > **Is the cumulative cosine score used to select the next top-k nodes in beam search approach? If not, then perhaps it makes sense to rename this---the approach does not seem very beam search like. When using beam search, will there always be k * d nodes kept? Or is it only d nodes, where you choose the sequence of nodes with the highest cumulative score?** Thank you for pointing this out! We have renamed the beam search approach to “tree traversal” to better reflect the nature of this method. Beam search (now renamed tree traversal) retrieves text from k * d nodes. In practice, for the majority of our experiments (and unless otherwise noted), we use the collapsed tree method. We have updated the description of tree traversal in the paper for clarity. > **Why did you need to create your own story? Can you share more details about how the 2600 word story is created?** We created our own story to ensure that we were testing the models on data on which they had not been trained. We have added an excerpt in the appendix, as well as a link to the full story.

> **Can you provide more details about the difference between collapsed and beam in Figure 3? Does collapsed tend to choose more summaries than beam? Why is top-3 not centered over the 1000 x-ticker? How should we interpret the context length x-axis wrt beam?** Figure 3 presents a comparison between two querying methods—collapsed tree and beam search—across a range of context lengths on the QASPER dataset. The top-k value tickers correspond to the average number of tokens within the respective top-k groups. The top-3 label is not perfectly centered over the 1000 mark on the x-axis, because the average context length for the top-3 category doesn't align exactly with 1000 tokens. The beam search method (now renamed tree traversal) will always use a consistent ratio of information from the leaf nodes, specifically 1 / {total number of layers} in the tree. On the other hand, as shown in the table below, the collapsed tree approach offers greater flexibility in the ratio of information from the summary nodes to the leaf nodes. Furthermore, for NarrativeQA, which includes more thematic questions, around 47% of nodes are summary nodes, whereas in QASPER, which consists of more extractive questions than abstractive questions, collapsed tree retrieves 81% leaf nodes and only 19% summary nodes. #### % of nodes from different layer with SBERT as the retriever | Layer | NarrativeQA | Quality | Qasper | |-------|-------------|---------|--------| | 0 | 63.22 | 75.59 | 81.51 | | 1 | 31.51 | 22.78 | 17.84 | | 2 | 4.85 | 1.63 | 0.65 | | 3 | 0.42 | - | - | We have added this new analysis to the appendix of the revised paper. > **When referencing the appendix, perhaps specify where in the appendix (i.e. which appendix section).** Thank you for this suggestion! We have updated the paper accordingly. > **It is deceptive and not clear to describe RAPTOR as scaling linearly. The actual complexity is closer to O(n * k) where N is the number of tokens and k is the number of layers.** Thank you for your insights regarding the O(n * k) complexity of the RAPTOR algorithm. We acknowledge your point and wish to present an empirical observation. Across all trees the average number of nodes in a parent layer is 18.2% of the number of nodes in the child layer. Similarly, across all datasets, the average token count of the parent layer is 26.1% of the token count of all nodes in the child layer. This shows that in each layer of RAPTOR, the number of tokens processed decreases by more than half. This reduction significantly impacts the overall complexity. The total computational work across all layers can be described as a geometric series: - $$ N + \frac{N}{2} + \frac{N}{4} + \frac{N}{8} + ... $$ Summing up this series, the total computational effort is found to be 2N, which simplifies to a linear O(N) complexity. Thus, RAPTOR’s complexity scales linearly with the number of tokens (and independently of the number of layers), so long as the “compression” factor between layers is at least 50%, which empirically holds across all of our experiments. > **Can make it more clear whether using dev or test data. Also, if using dev data to claim state-of-the-art, then perhaps provide some clarification why test is not being used.** All of RAPTOR’s state-of-the-art results are reported on the test data. For QuALITY, we make our SOTA claims based on the QuALITY leaderboard, where we had submitted our results on the hidden test set: https://nyu-mll.github.io/quality/. For controlled experiments against baselines, both RAPTOR and baselines results are reported on the dev dataset only for QuALITY, since the test set answers are hidden. > **Related Work** Thank you so much for pointing us to relevant literature! We have updated our paper to include these references.

Weakness 2: > **The baselines in table 1 and 2 are not well justified. It seems like BM25 and DPR do not use the tree structure, also, SBERT can be applied without tree structure.** We thank the reviewer for the suggestion of testing each retriever with and without RAPTOR to form a clearer set of baselines. We ran this experiment using SBERT, BM25, and DPR with and without the RAPTOR tree structure on all three datasets: QASPER, NarrativeQA and QuALITY with the UnifiedQA model and add these results to the paper under “Further Experimental Results” (and show below). RAPTOR with any retriever consistently outperforms the respective retriever (without RAPTOR) across all datasets. #### Table 1: QuALITY | Model | Accuracy | |---------------------------|----------| | **SBERT with RAPTOR** | **56.6%** | | SBERT without RAPTOR | 54.9% | | **BM25 with RAPTOR** | **52.1%** | | BM25 without RAPTOR | 49.9% | | **DPR with RAPTOR** | **54.7%** | | DPR without RAPTOR | 53.1% | #### Table 2: NarrativeQA | Model | ROUGE | BLEU-1 | BLEU-4 | METEOR | |----------------------------------|--------|--------|--------|--------| | **SBERT with RAPTOR** | **30.87%** | **23.50%** | **6.42%** | **19.20%** | | SBERT without RAPTOR | 29.26% | 22.56% | 5.95% | 18.15% | | **BM25 with RAPTOR** | **27.93%** | **21.17%** | **5.70%** | **17.03%** | | BM25 without RAPTOR | 23.52% | 17.73% | 4.65% | 13.98% | | **DPR with RAPTOR** | **30.94%** | **23.51%** | **6.45%** | **19.05%** | | DPR without RAPTOR | 29.56% | 22.84% | 6.12% | 18.44% | #### Table 3: Qasper | Model | Answer F1 | |------------------------------|-----------| | **SBERT with RAPTOR** | **36.70%** | | SBERT without RAPTOR | 36.23% | | **BM25 with RAPTOR** | **27.00%** | | BM25 without RAPTOR | 26.47% | | **DPR with RAPTOR** | **32.23%** | | DPR without RAPTOR | 31.70% | Note that we run the above DPR experiments with dpr-multiset-base as opposed to dpr-single-nq-base, because dpr-multiset-base performs better than dpr-single-nq-base in the original DPR paper. Weakness 3: > **The paper is hard to read at times. Details about beam search are confusing (e.g. do we return all the visited docs, or a single sequence of them?)** Thank you for sharing this feedback. We agree that the details of beam search were unclear, so we renamed the method to reduce confusion (now called “tree traversal”), updated Figure 2, and improved the description in the paper and in the caption of Figure 2, both of which are included below for reference: Querying Section: “Tree traversal first selects the top-k most relevant root nodes based on their cosine similarity to the query embedding. The children of these selected nodes are considered at the next layer and the top-k nodes are selected from this pool, again based on their cosine similarity to the query vector. This process is repeated until the leaf nodes are reached. Finally, the text from all selected nodes is concatenated to form the retrieved context.” Caption of Figure 2: “Tree traversal starts at the root level of the tree and retrieves the top-k (here, top-1) node(s) based on cosine similarity to the query vector. At each level, it retrieves the top-k node(s) from the child nodes of the previous layer’s top-k. Collapsed tree collapses the tree into a single layer and retrieves nodes until a threshold number of tokens is reached, based on cosine similarity to the query vector. The nodes on which cosine similarity search is performed are highlighted in both illustrations.” Weakness 4: > **There are multiple claims of state of the art that are not accurate. In zeroscrolls, flan-ul2 is reported to get 56.9F1 on Qasper. GPT-4 gets 89.2 on Quality in the same paper.** In our paper, we evaluate each method on the full test set for QuALITY, QASPER, and NarrativeQA; in contrast, the zeroscrolls paper evaluates on only a subset of 500 examples for each dataset, meaning that their results are not directly comparable. Further, our SOTA claims for QuALITY are based on the QuALITY leaderboard, where we submitted our results on the hidden test set: https://nyu-mll.github.io/quality/."	"> **Can you provide more details about the difference between collapsed and beam in Figure 3? Does collapsed tend to choose more summaries than beam? Why is top-3 not centered over the 1000 x-ticker? How should we interpret the context length x-axis wrt beam?** Figure 3 presents a comparison between two querying methods—collapsed tree and beam search—across a range of context lengths on the QASPER dataset. The top-k value tickers correspond to the average number of tokens within the respective top-k groups. The top-3 label is not perfectly centered over the 1000 mark on the x-axis, because the average context length for the top-3 category doesn't align exactly with 1000 tokens. The beam search method (now renamed tree traversal) will always use a consistent ratio of information from the leaf nodes, specifically 1 / {total number of layers} in the tree. On the other hand, as shown in the table below, the collapsed tree approach offers greater flexibility in the ratio of information from the summary nodes to the leaf nodes. Furthermore, for NarrativeQA, which includes more thematic questions, around 47% of nodes are summary nodes, whereas in QASPER, which consists of more extractive questions than abstractive questions, collapsed tree retrieves 81% leaf nodes and only 19% summary nodes. #### % of nodes from different layer with SBERT as the retriever | Layer | NarrativeQA | Quality | Qasper | |-------|-------------|---------|--------| | 0 | 63.22 | 75.59 | 81.51 | | 1 | 31.51 | 22.78 | 17.84 | | 2 | 4.85 | 1.63 | 0.65 | | 3 | 0.42 | - | - | We have added this new analysis to the appendix of the revised paper. > **When referencing the appendix, perhaps specify where in the appendix (i.e. which appendix section).** Thank you for this suggestion! We have updated the paper accordingly. > **It is deceptive and not clear to describe RAPTOR as scaling linearly. The actual complexity is closer to O(n * k) where N is the number of tokens and k is the number of layers.** Thank you for your insights regarding the O(n * k) complexity of the RAPTOR algorithm. We acknowledge your point and wish to present an empirical observation. Across all trees the average number of nodes in a parent layer is 18.2% of the number of nodes in the child layer. Similarly, across all datasets, the average token count of the parent layer is 26.1% of the token count of all nodes in the child layer. This shows that in each layer of RAPTOR, the number of tokens processed decreases by more than half. This reduction significantly impacts the overall complexity. The total computational work across all layers can be described as a geometric series: - $$ N + \frac{N}{2} + \frac{N}{4} + \frac{N}{8} + ... $$ Summing up this series, the total computational effort is found to be 2N, which simplifies to a linear O(N) complexity. Thus, RAPTOR’s complexity scales linearly with the number of tokens (and independently of the number of layers), so long as the “compression” factor between layers is at least 50%, which empirically holds across all of our experiments. > **Can make it more clear whether using dev or test data. Also, if using dev data to claim state-of-the-art, then perhaps provide some clarification why test is not being used.** All of RAPTOR’s state-of-the-art results are reported on the test data. For QuALITY, we make our SOTA claims based on the QuALITY leaderboard, where we had submitted our results on the hidden test set: https://nyu-mll.github.io/quality/. For controlled experiments against baselines, both RAPTOR and baselines results are reported on the dev dataset only for QuALITY, since the test set answers are hidden. > **Related Work** Thank you so much for pointing us to relevant literature! We have updated our paper to include these references.

### Questions > **How did you segment texts into chunks? If you use obvious segments in text like paragraphs, please state it clearly.** Please see our response above on text segmentation. > **How did you generate summaries by GPT-3.5-turbo? You should show the actually used prompt.** Thanks for pointing this out! Our prompt to generate summaries by GPT-3.5-turbo is: Write a summary of the following, including as many key details as possible: {context}. We have added this information to a new section entitled “Summarization Prompt” of the Appendix. > **What kind of embedding did you use for retrieving chunks and clusters? Did you use the centroids for each cluster or embedding of the summaries? Also, are these calculated by SBERT similar to the clustering step?** We used SBERT embeddings for retrieving chunks and clusters. We used embeddings of the summaries, which were calculated by SBERT as in the clustering step. We updated the paper to make this more clear. Thanks for pointing out that this wasn’t clear in the original. > **This is related to the above weakness part. How many retrieved instances are used for baseline models?** Please see our response above on the number of retrieved instances. > **In the part, ""Comparison to State-of-the-art Systems"", you compared your RAPTOR with GPT-4 to LongT5 that has 3B of parameters and its variant, ColtT5. Considering that the detailed parameter size of GPT-4 is not released and the size of the baselines' parameters, this comparison is not fair. Did you adopt RAPTOR to LongT5 or ColtT5?** In our study, the primary objective of the controlled experiments was to evaluate the efficacy of RAPTOR as a retrieval method. To ensure a fair and consistent comparison, we used the same language models (GPT models and UnifiedQA) across different retrieval strategies. This approach allows us to directly assess the impact of the retrieval mechanism on performance. Regarding the comparison with LongT5 and ColtT5, we note that the state-of-the-art results reported for these models on the datasets in question were achieved using a non-retrieval-based approach, where the entire document is provided for question-answering. This is fundamentally different from our retrieval-augmented setup. Moreover, the model weights for ColtT5 are not publicly available, and only the base LongT5 model weights are accessible. The state-of-the-art scores for LongT5 were derived from versions of the model specifically fine-tuned for QA tasks. In our case, we employed the UnifiedQA model, a T5-based model with 3B parameters, but crucially, with a context length limit of 512 tokens, which is in line with our retrieval-focused evaluation framework. > **Similar to the previous question, in Table 5, you should have adopted RAPTOR to the model with almost the same parameter size as that of baselines.** Please see our response above in regards to model parameter counts.

Weakness 2: > **The baselines in table 1 and 2 are not well justified. It seems like BM25 and DPR do not use the tree structure, also, SBERT can be applied without tree structure.** We thank the reviewer for the suggestion of testing each retriever with and without RAPTOR to form a clearer set of baselines. We ran this experiment using SBERT, BM25, and DPR with and without the RAPTOR tree structure on all three datasets: QASPER, NarrativeQA and QuALITY with the UnifiedQA model and add these results to the paper under “Further Experimental Results” (and show below). RAPTOR with any retriever consistently outperforms the respective retriever (without RAPTOR) across all datasets. #### Table 1: QuALITY | Model | Accuracy | |---------------------------|----------| | **SBERT with RAPTOR** | **56.6%** | | SBERT without RAPTOR | 54.9% | | **BM25 with RAPTOR** | **52.1%** | | BM25 without RAPTOR | 49.9% | | **DPR with RAPTOR** | **54.7%** | | DPR without RAPTOR | 53.1% | #### Table 2: NarrativeQA | Model | ROUGE | BLEU-1 | BLEU-4 | METEOR | |----------------------------------|--------|--------|--------|--------| | **SBERT with RAPTOR** | **30.87%** | **23.50%** | **6.42%** | **19.20%** | | SBERT without RAPTOR | 29.26% | 22.56% | 5.95% | 18.15% | | **BM25 with RAPTOR** | **27.93%** | **21.17%** | **5.70%** | **17.03%** | | BM25 without RAPTOR | 23.52% | 17.73% | 4.65% | 13.98% | | **DPR with RAPTOR** | **30.94%** | **23.51%** | **6.45%** | **19.05%** | | DPR without RAPTOR | 29.56% | 22.84% | 6.12% | 18.44% | #### Table 3: Qasper | Model | Answer F1 | |------------------------------|-----------| | **SBERT with RAPTOR** | **36.70%** | | SBERT without RAPTOR | 36.23% | | **BM25 with RAPTOR** | **27.00%** | | BM25 without RAPTOR | 26.47% | | **DPR with RAPTOR** | **32.23%** | | DPR without RAPTOR | 31.70% | Note that we run the above DPR experiments with dpr-multiset-base as opposed to dpr-single-nq-base, because dpr-multiset-base performs better than dpr-single-nq-base in the original DPR paper. Weakness 3: > **The paper is hard to read at times. Details about beam search are confusing (e.g. do we return all the visited docs, or a single sequence of them?)** Thank you for sharing this feedback. We agree that the details of beam search were unclear, so we renamed the method to reduce confusion (now called “tree traversal”), updated Figure 2, and improved the description in the paper and in the caption of Figure 2, both of which are included below for reference: Querying Section: “Tree traversal first selects the top-k most relevant root nodes based on their cosine similarity to the query embedding. The children of these selected nodes are considered at the next layer and the top-k nodes are selected from this pool, again based on their cosine similarity to the query vector. This process is repeated until the leaf nodes are reached. Finally, the text from all selected nodes is concatenated to form the retrieved context.” Caption of Figure 2: “Tree traversal starts at the root level of the tree and retrieves the top-k (here, top-1) node(s) based on cosine similarity to the query vector. At each level, it retrieves the top-k node(s) from the child nodes of the previous layer’s top-k. Collapsed tree collapses the tree into a single layer and retrieves nodes until a threshold number of tokens is reached, based on cosine similarity to the query vector. The nodes on which cosine similarity search is performed are highlighted in both illustrations.” Weakness 4: > **There are multiple claims of state of the art that are not accurate. In zeroscrolls, flan-ul2 is reported to get 56.9F1 on Qasper. GPT-4 gets 89.2 on Quality in the same paper.** In our paper, we evaluate each method on the full test set for QuALITY, QASPER, and NarrativeQA; in contrast, the zeroscrolls paper evaluates on only a subset of 500 examples for each dataset, meaning that their results are not directly comparable. Further, our SOTA claims for QuALITY are based on the QuALITY leaderboard, where we submitted our results on the hidden test set: https://nyu-mll.github.io/quality/."	"I've increased my score because although I think RAPTOR has flaws, it is clever and should inspire future work. The new results help. But I think you should make the writing more clear that GPT-4 is doing a lot of the heavy lifting compared to those baselines. Perhaps should add context length to the table 5 or mention it. This does not seem right ""For all other experiments, we provide 2000 tokens of context to RAPTOR and the baselines."""	partially_fixed		new results help but the reviewer still flags a remaining writing and comparison concern
6.200	78iGZdqxYY__r01	Mirage: Model-agnostic Graph Distillation for Graph Classification	6: marginally above the acceptance threshold	3: You are fairly confident in your assessment. It is possible that you did not understand some parts of the submission or that you are unfamiliar with some pieces of related work. Math/other details were not carefully checked.	fixed	silver_followup_comment	Thanks for the response. I will increase my score to 6.	fixed	regressed	partially_fixed	fixed	partially_fixed	fixed	fixed	"[weaknesses] 1. Motivations: - (a) Problem Motivation: In the abstract, one of the identified limitations pertains to the reliance on training with the full dataset. To provide a clearer argument regarding the necessity of full dataset training for existing methods and the distinct advantages of MIRAGE, we should consider the following: What is the comparative performance of existing distillation methods (e.g., gradient matching) when applied to both randomly initialized and well-trained models? Is there a substantial performance gap between the two scenarios? Regarding computational costs in the distillation process, it's worth examining the resource requirements for calculating the computation tree frequency distribution, particularly in the context of deep GNNs. How does this computational overhead compare to training models on the full dataset? - (b) Technical Motivation: While the concept of the computation tree is inherent to GNNs, we should address the sufficiency of the frequency distribution for the computation tree. Key points to explore include: Why is maintaining a high computation tree frequency distribution sufficient for effective learning? What is the distribution pattern of the computation tree, and does it exhibit a long-tail distribution? 2. Objectives: Ideally, the distillate data should mirror the distribution of the full dataset, implying that the gradients of the distillate data should align with those of the full dataset for any model (random or well-trained). It's essential to clarify that while distillation can reduce computation costs, the primary objective remains data distillation. Additionally, considering the architecture transferability for existing graph distillation methods, the advantage of model-agnostic techniques is not significant. 3. Experiments: - (a) Comprehensive Model Comparison: In evaluating baselines, it would be beneficial to perform a comprehensive comparison across various model architectures. Specifically, assessing performance across different architecture pairs would enhance the evaluation's robustness and provide insights into transferability. - (b) Baselines and Model Initialization: Investigate the significance of GNN model training prior to distillation for baselines. Explore performance outcomes for well-trained, randomly initialized, and warm-up trained models. Understanding the effectiveness of random initialization can help determine the necessity of training on the full data for baseline methods. - (c) Hyperparameter Investigation: Explore the impact of different hyperparameters, such as threshold values and the number of hops, on various metrics, including accuracy, efficiency, compression ratio, and transferability. - (d) Trade-off Analysis: Provide insights into the trade-off between accuracy, efficiency, and compression ratio. Understanding these trade-offs can offer valuable guidance for practical applications. In a nutshell, I am currently leaning toward weak rejection. I am looking forward to the authors’ response. -------------------After rebuttal ------------------------- Thanks for the response. I increase my score to 6.

[questions] Please see the weakness part.

[summary] This paper proposes MIRAGE, a model-agnostic graph distillation method for graph classification task. Specifically, the authors first observe that existing graph distillation methods still rely on training with the full dataset and specific to GNNs architectures and hyper-parameters. To this end, MIRAGE can tackle these two limitations via decomposing input graphs into computation trees. The long-tailed frequency distribution of the computation tree enables the graph distillation with a high compression ratio. Experiments demonstrate the superiority of MIRAGE in terms of its effectiveness, compression ratio, and distillation efficiency."	**2(i). Objectives: Ideally, the distillate data should mirror the distribution of the full dataset, implying that the gradients of the distillate data should align with those of the full dataset for any model (random or well-trained). It's essential to clarify that while distillation can reduce computation costs, the primary objective remains data distillation.** *Response*: As mentioned in our response to 1b, the frequency distribution of computation trees is long tailed. With the newly added sufficiency experiments, we now also show that the frequent trees are the patterns that are being learned by the model parameters as well (Response to 1b.). Finally in Fig. 5b and J, we also show that the train losses on full dataset and distilled datasets, with their own respective training weights, are also aligned. **2(ii). Objectives: Additionally, considering the architecture transferability for existing graph distillation methods, the advantage of model-agnostic techniques is not significant.** *Response:* Our manuscript includes experiments to evaluate transferability of model architectures in graph distillation. The results, reported in Table F of Appendix C, reveal there is a not...	"**2(i). Objectives: Ideally, the distillate data should mirror the distribution of the full dataset, implying that the gradients of the distillate data should align with those of the full dataset for any model (random or well-trained). It's essential to clarify that while distillation can reduce computation costs, the primary objective remains data distillation.** *Response*: As mentioned in our response to 1b, the frequency distribution of computation trees is long tailed. With the newly added sufficiency experiments, we now also show that the frequent trees are the patterns that are being learned by the model parameters as well (Response to 1b.). Finally in Fig. 5b and J, we also show that the train losses on full dataset and distilled datasets, with their own respective training weights, are also aligned. **2(ii). Objectives: Additionally, considering the architecture transferability for existing graph distillation methods, the advantage of model-agnostic techniques is not significant.** *Response:* Our manuscript includes experiments to evaluate transferability of model architectures in graph distillation. The results, reported in Table F of Appendix C, reveal there is a noticeable drop in AUCROC when the model architecture for distillation is different than the architecture used for training on the distilled dataset. The same observation has been reported in another recent work as well (See Table 3 in [1]). In KiDD [2], they theoretically establish why the distillation GNN and the training GNN needs to be same (Page 3 in KiDD). These results provide verification of why model-agnostic distillation is a problem of importance. To better highlight these results and motivate the proposed problem, we now point to this information from the introduction itself. * [1] Beining Yang, Kai Wang, Qingyun Sun, Cheng Ji, Xingcheng Fu, Hao Tang, Yang You, and Jianxin Li. Does graph distillation see like vision dataset counterpart? NeurIPS, 2023*.(to appear) * [2] Zhe Xu, Yuzhong Chen, Menghai Pan, Huiyuan Chen, Mahashweta Das, Hao Yang, and Hanghang Tong. Kernel ridge regression-based graph dataset distillation. ACM SIGKDD, 2023 **Experiments: 3a. Comprehensive Model Comparison: In evaluating baselines, it would be beneficial to perform a comprehensive comparison across various model architectures. Specifically, assessing **performance across different architecture pairs** would enhance the evaluation's robustness and provide insights into transferability.** *Response:* Our evaluation already includes performance assessment across three different GNN architectures namely- GCN, GAT, and GIN, in Table 2. The results establish the proposed technique to be superior on average and consistently ranked among the top-2 distillation algorithms across all dataset-architecture combinations. In addition, cross architecture transferability, i.e., the situation where the architecture used for distillation is different from the one used for training and inference is also included in Appendix C. As discussed in our response to 2(ii), there is a noticeable drop in AUCROC, which is consistent with existing literature [1]. This result motivates the need for model-agnostic distillation algorithms. **3b. Baselines and Model Initialization: Investigate the significance of GNN model training prior to distillation for baselines. Explore performance outcomes for well-trained, randomly initialized, and warm-up trained models. Understanding the effectiveness of random initialization can help determine the necessity of training on the full data for baseline methods.** *Response*: Below we present the AUCROC numbers of DosCOND on randomly initialized DosCOND model, warm start (100 epochs) and training DosCOND until convergence (typically around 1000 epochs). As visible, there is a noticeable gap in the AUCROC numbers indicating full training is necessary. This discussion has been added App. D. |Dataset|Random|Warm start| Converged| |-|-|-|-| |ogbg-molbace|$55.04\pm9.07$|$59.25\pm1.61$|**67.34$\pm$ 1.84**| |NCI1 | $51.22\pm2.00$|$48.18\pm2.78$|**57.90$\pm$ 0.75**| |ogbg-molbbbp|$52.64\pm1.98$|$50.72\pm3.48$|**59.19$\pm$ 0.95**| |ogbg-molhiv|$48.21\pm5.95$|$34.99\pm7.25$|**73.16$\pm$ 0.69**| |DD|$52.39\pm7.19$|$61.58\pm2.11$|**68.39$\pm$ 9.64**|

**1a(i). Problem motivation: What is the comparative performance of existing distillation methods (e.g., gradient matching) when applied to both randomly initialized and well-trained models? Is there a substantial performance gap between the two scenarios?** *Response:* Below we present the AUCROC numbers of DosCOND on randomly initialized DosCOND model, warm start (100 epochs) and training DosCOND until convergence (typically 1000 epochs). As visible, there is a noticeable gap in the AUCROC numbers indicating training until convergence is necessary. This discussion has been added App. D. |Dataset|Random|Warm start|Convergence| |-|-|-|-| |ogbg-molbace|$55.04\pm9.07$|$59.25\pm1.61$|$67.34\pm1.84$| |NCI1 | $51.22\pm2.00$|$48.18\pm2.78$|$57.90\pm0.75$| |ogbg-molbbbp|$52.64\pm1.98$|$50.72\pm3.48$|$59.19\pm0.95$| |ogbg-molhiv|$48.21\pm5.95$|$34.99\pm7.25$|$73.16\pm0.69$| |DD|$52.39\pm7.19$|$61.58\pm2.11$|$68.39\pm9.64$| **1a(ii). Regarding computational costs in the distillation process, it's worth examining the resource requirements for calculating the computation tree frequency distribution, particularly in the context of deep GNNs. How does this computational overhead compare to training models on the full dataset?** *Response:* The time taken to distill each dataset is provided in Fig. 4(a) in the form of a bar plot and the raw numbers are in Table E. MIRAGE is $\approx$ 500 times faster on average than KIDD and $\approx 150$ times faster than DOSCOND. To further expand on this aspect, we have added the following new experiments: * **Comparison to full dataset training time:** We now report the time taken to train on the full dataset in Table I in Appendix. On average, the distillation time of MIRAGE is more than $30$ times faster than training on the full dataset. In contrast DosCOND and KiDD are slower than full dataset training due to reasons already highlighted in Sec 1 of our manuscript. * **Impact of hops (layers):** In Fig. H (discussed in App F and referred to from Sec 4.4 in main paper), we report the growth in distillation time against the number of hops. We show that even at a larger values of hops, MIRAGE is 2 to 25 times faster, on average, than training on the full dataset. * **Impact of frequency threshold on distillation:** we subject the system to variations in threshold parameters, graphically showing the resulting time in Figure 6. Notably, the distillation process exceeds the time of full dataset training solely under extreme threshold values. This divergence occurs when distilled dataset reaches equality with the full dataset in size post-distillation. Conversely, for pragmatic threshold values, the dataset distillation procedure consistently manifests as a significantly faster option to full dataset training. **1b. Technical Motivation: While the concept of the computation tree is inherent to GNNs, we should address the sufficiency of the frequency distribution for the computation tree. Key points to explore include: Why is maintaining a high computation tree frequency distribution sufficient for effective learning? What is the distribution pattern of the computation tree, and does it exhibit a long-tail distribution?** *Response*: We note that the frequency distribution of computation trees is already reported in our manuscript in Fig. 1 and it is indeed a long-tail distribution. To further establish the sufficiency of frequent tree patterns, we have now dedicated an explicit section (Sec 4.4). **Sufficiency of frequent patterns:** In order to establish sufficiency of frequent tree patterns in capturing the dataset characteristic, we conduct the following experiment. We train the model on the full dataset and store its weights at each epoch. Then, we freeze the model at the weights after each epoch's training and pass both the distilled dataset consisting of just the frequent tree patterns, and the full dataset. We then compute the differences between the losses as shown in Figure 5(a) (GCN) and Figure I (GCN, GAT, and GIN). The rationale behind this is that the weights of the full model recognise the patterns that are important towards minimizing the loss. Now, if the same weights continue to be effective on the distilled train set, it indicates that the distilled dataset has retained the important information. In the figure, we can see that the difference quickly approaches $0$ for all the models for all the datasets, and only starts at a high value at the random initialization where the weights are not yet trained to recognize the important patterns. Furthermore, gradient descent will run more iterations on trees that it sees more often and hence infrequent trees have limited impact on the gradients. These results empirically establish the sufficiency of frequent tree patterns in capturing the majority of the dataset characteristics.

**3c. Hyperparameter Investigation: Explore the impact of different hyperparameters, such as threshold values and the number of hops, on various metrics, including accuracy, efficiency, compression ratio, and transferability.** *Response:* All of these experiments have been incorporated in the revised manuscript. **Impact of Frequency Threshold on distillation time, compression and accuracy (AUCROC):** In Section 4.5 (Figure 6 presents the results), we measure the impact of frequency threshold on the distillation time. MIRAGE is significantly faster than training on full datasets unless the frequency thresholds are set to extreme values where the distilled dataset reaches equality with the full dataset. In Fig. L in Appendix, we present the relationship between compression and AUCROC. The compression ratio is controlled by increasing the frequency threshold, i.e., the higher the threshold, the more is the compression. As noted, there is marginal improvement in AUCROC with lower thresholds (higher distillation size). This trend can be explained from the long-tailed distribution of computation trees. Even if we incorporate more computation trees, they have negligible impact on capturing more of the distribution mass and hence limited effect on AUCROC. **Impact of number of hops (layers):** The details are furnished in Appendix F and H of the appendix. We note the main observations here. First, even under high hop counts from the GNN perspective, the distillation process is more time-efficient than complete dataset training. Moreover, the distilled dataset's performance converges closely with that of the full dataset, as evident in Table 2. Second, the distillation process exceeds the time of full dataset training solely under extreme threshold values. This divergence occurs when distilled dataset reaches equality with the full dataset in size post-distillation. In Fig. K in Appendix, we present the impact of hops on the AUC. We see mild deterioration in AUC at higher hops. This is consistent with the literature since GNNs are known to suffer from oversmoothing and oversquashing at higher layers[1]. **Transferability:** Our algorithm is model-agnostic. Hence, transferability of knowledge from one model to another is not relevant for MIRAGE. In summary, for pragmatic threshold values, the dataset distillation procedure consistently manifests as a significantly faster option to full dataset training. [1] Hamed Shirzad, Ameya Velingker, Balaji Venkatachalam, Danica J. Sutherland, and Ali Kemal Sinop. Exphormer: Sparse transformers for graphs. In ICML, 2023 **3d. Trade-off Analysis: Provide insights into the trade-off between accuracy, efficiency, and compression ratio. Understanding these trade-offs can offer valuable guidance for practical applications.** *Response:* As mentioned in our response to Q3c above, the trade-off between compression ratio and AUCROC has been discussed in detail in App H (also references from Sec 4.5 in main paper). In our response to 3c., we also discuss the impact of frequency threshold on the distillation time. This is also discussed in detail in Sec 4.5."	"**Q1. In the results presented in Table 2, why there is a discrepancy compared to those from the original DosCOND paper? Could the authors clarify why the authors deviated from the settings employed in the DosCOND paper?** *Response:* The results in DosCOND do not exactly align with ours due to the following reasons: * **Input data:** The graph datasets used (both in ours and DosCOND) are node and edge labeled. In DosCOND, ***only*** the node labels are used for predictive modeling, whereas we use both node and edge labels. We believe this is a better empirical design since generalization error between full and distilled dataset should be measured after incorporating the full input information. * **Metrics:** A direct comparison between the AUCROC numbers of DosCOND and ours is possible only in the three datasets of ogbg-molbace, ogbg-mohiv, and ogbg-molbbbp, since DosCOND does not use AUCROC as the evaluation metric in the other datasets. We use AUCROC across all datasets. * **Performance of DosCOND:** In all three datasets, as we show in the table below (columns 2 and 3), **DosCOND's AUCROC improves in our evaluation.** * **AUCROC on full dataset training**: We observe significantly reduced AUCROC only in ogbg-molhiv (columns 4 and 5). We conducted hyper-parameter search over a larger space than in our initial setup for ogbg-molhiv (full dataset training) to revisit this issue and identified that reducing the weight of the L2 regularizer in the loss function from 0.01 to 0.00001 improves AUCROC to $75.93$ in GCN. A similar improvement is observed in GAT and GIN as well. This update has now been incorporated in the revised draft (highlighted in blue font in Table 2). Dataset|Doscond AUCROC in DosCond (#Graphs=1)| DosCond AUCROC in ours (GCN) | Full dataset AUCROC in DosCond | Full Dataset AUCROC in ours (GCN) -|-|-|-|-| ogbg-molbace|65.7|**67.34**|71.4|**77.31** ogbg-molbbbp|58.1|**61.30**|64.6|64.43 ogbg-molhiv|72.6|**73.16**|**75.7**|64.78 $\rightarrow$ 75.93 * **Other things to note:** DosCond reports numbers only for GCN, whereas we include GCN, GAT and GIN. The budget used in our experiments is set to 1 graph per class since even with this budget, MIRAGE is smaller than DosCond (details in Table 3). **Q2. It would be beneficial if the authors could delve deeper into the sensitivity of their approach with respect to distillation parameters $\theta_1$ and $\theta_2$. Undertaking further experiments to report the performance across varied distillation parameters might offer greater insights, given that these parameters significantly influence the size of the distilled dataset.** *Response:* We appreciate this constructive feedback. We have significantly expanded the studies on parameter sensitivity. Below we summarize the experiments conducted and the key insights derived from them. **Impact of Frequency Threshold on distillation time, compression and accuracy (AUCROC):** In Section 4.5 (Fig. 6 presents the results), we measure the impact of frequency threshold on the distillation time. MIRAGE is significantly faster than training on full datasets unless the frequency thresholds are set to extreme values where the distilled dataset reaches equality with the full dataset. In Fig. L in Appendix, we present the relationship between compression and AUCROC. The compression ratio is controlled by increasing the frequency threshold, i.e., the higher the threshold, the more the compression is. As noted, there is marginal improvement in AUCROC with lower thresholds (higher distillation size). This trend can be explained from the long-tailed distribution of computation trees. Even if we incorporate more computation trees, they have negligible impact on capturing more of the distribution mass and hence limited effect on AUCROC. **Impact of number of hops (layers):** The details are furnished in Appendix F and H of the appendix. We note the main observations here. First, even under high hop counts from the GNN perspective, the distillation process is more time-efficient than complete dataset training. Moreover, the distilled dataset's performance converges closely with that of the full dataset, as evident in Table 2. Second, the distillation process exceeds the time of full dataset training solely under extreme threshold values. This divergence occurs when distilled dataset reaches equality with the full dataset in size post-distillation. In Fig. K in Appendix, we present the impact of hops on the AUC. We see mild deterioration in AUC at higher hops. This is consistent with the literature since GNNs are known to suffer from oversmoothing and oversquashing at higher layers[1]. In summary, for pragmatic threshold values, the dataset distillation procedure consistently manifests as a significantly faster option to full dataset training. [1] Hamed Shirzad, Ameya Velingker, Balaji Venkatachalam, Danica J. Sutherland, and Ali Kemal Sinop. Exphormer: Sparse transformers for graphs. In ICML, 2023

**3c. Hyperparameter Investigation: Explore the impact of different hyperparameters, such as threshold values and the number of hops, on various metrics, including accuracy, efficiency, compression ratio, and transferability.** *Response:* All of these experiments have been incorporated in the revised manuscript. **Impact of Frequency Threshold on distillation time, compression and accuracy (AUCROC):** In Section 4.5 (Figure 6 presents the results), we measure the impact of frequency threshold on the distillation time. MIRAGE is significantly faster than training on full datasets unless the frequency thresholds are set to extreme values where the distilled dataset reaches equality with the full dataset. In Fig. L in Appendix, we present the relationship between compression and AUCROC. The compression ratio is controlled by increasing the frequency threshold, i.e., the higher the threshold, the more is the compression. As noted, there is marginal improvement in AUCROC with lower thresholds (higher distillation size). This trend can be explained from the long-tailed distribution of computation trees. Even if we incorporate more computation trees, they have negligible impact on capturing more of the distribution mass and hence limited effect on AUCROC. **Impact of number of hops (layers):** The details are furnished in Appendix F and H of the appendix. We note the main observations here. First, even under high hop counts from the GNN perspective, the distillation process is more time-efficient than complete dataset training. Moreover, the distilled dataset's performance converges closely with that of the full dataset, as evident in Table 2. Second, the distillation process exceeds the time of full dataset training solely under extreme threshold values. This divergence occurs when distilled dataset reaches equality with the full dataset in size post-distillation. In Fig. K in Appendix, we present the impact of hops on the AUC. We see mild deterioration in AUC at higher hops. This is consistent with the literature since GNNs are known to suffer from oversmoothing and oversquashing at higher layers[1]. **Transferability:** Our algorithm is model-agnostic. Hence, transferability of knowledge from one model to another is not relevant for MIRAGE. In summary, for pragmatic threshold values, the dataset distillation procedure consistently manifests as a significantly faster option to full dataset training. [1] Hamed Shirzad, Ameya Velingker, Balaji Venkatachalam, Danica J. Sutherland, and Ali Kemal Sinop. Exphormer: Sparse transformers for graphs. In ICML, 2023 **3d. Trade-off Analysis: Provide insights into the trade-off between accuracy, efficiency, and compression ratio. Understanding these trade-offs can offer valuable guidance for practical applications.** *Response:* As mentioned in our response to Q3c above, the trade-off between compression ratio and AUCROC has been discussed in detail in App H (also references from Sec 4.5 in main paper). In our response to 3c., we also discuss the impact of frequency threshold on the distillation time. This is also discussed in detail in Sec 4.5.

**3. MIRAGE compresses the computation trees by mining the set of frequently co-occurring items. However, we can consider an extreme situation in which two computation trees are co-occurring in all graphs, but their frequencies in each graph are very low. So, these trees can’t approximate the true graph representation, which will destroy the synthetic dataset performance.** **Response:** The observation is correct that if the frequencies of the co-occurring pair within all graphs are consistently low (and no other frequent tree sets exist across these graphs), then the approximated graph embedding may be different from the true graph embedding. However, it is essential to clarify that the performance on the synthetic dataset is not contingent on the distance between the approximated and true graph embeddings. Instead, it hinges on whether the approximated embedding includes the necessary information for predicting the class label of the graphs. Given this context, recollect that we mine frequent tree sets per class label (Section 3.4). Therefore, if the residual tree sets across these graphs exhibit diversity, with the co-occurring pair being the sole exception, it becomes challenging for the GNN to establish correlations from the residual portion not reflected in the approximated embedding. Consequently, the embedding constructed solely from the shared computation trees across graphs may still retain valuable information. Nonetheless, we realize that there may be situations such as the one described here, or when the distribution of computation trees is not skewed, MIRAGE may not be the most suitable method. We now explicitly acknowledge this aspect in our conclusion. We present below the relevant text verbatim. > MIRAGE relies on the assumption that the distribution of computation trees is skewed. Although we provide compelling evidence of its prevalence across a diverse range of datasets, this assumption may not hold universally, especially in the case of heterophilous datasets. The development of an unsupervised, model-agnostic distillation algorithm remains an open challenge in such scenarios. **4. The synthetic dataset can solely be used to train GNNs based on the message-passing framework, but can’t used to train certain spectral GNNs, such as ChebyNet with multiple propagation steps.** **Response:** We agree and this aspect was already acknowledged in our Conclusion. We present below the exact text that attests to this limitation. We note that this limitation also exists for KIDD since it assumes the input GNN architecture can be equivalently expressed as a Graph Neural Tangent Kernel, which holds for MPNNs but not graph transformers or spectral GNNs. > Additionally, there is a need to assess how these existing algorithms perform on contemporary architectures like graph transformers (e.g., (Ying et al., 2021; Ramp ́aˇsek et al., 2022)) or equivariant GNNs (e.g., (Satorras et al., 2022)). Our future work will be dedicated to exploring these avenues of research. **5. Original dataset labels are still used during the distillation procedure. So is it a strictly unsupervised algorithm from this perspective?** **Response:** We thank the reviewer for highlighting this subtle point. We call our algorithm unsupervised from the perspective of not using the training gradients on the full dataset. To address this issue, we do not use the word ""unsupervised"" in isolation anywhere in the revised version. In all places, we mention ""unsupervised to original training gradients"". **6. There is no clear statement about how Figure 1 is plotted. And I can't get what the x-axis and y-axis represent, respectively.** **Response:** We apologize for not being clear in our description. We have now incorporated a detailed figure caption, which is reproduced verbatim below. > The figure presents the frequency distribution of computation trees across datasets. The ""frequency"" of a computation tree denotes the number of occurrences of that specific tree across all graphs in a dataset. The *normalized* frequency of a tree is computed by dividing its frequency with the total number of trees in a dataset and thus falls in the range $[0,1]$. The $x$-axis of the plot depicts the normalized frequency counts observed in a dataset, while the $y$-axis represents the percentage of computation trees corresponding to each frequency count. Both $x$ and $y$ axes are in log scale. The distribution is highly skewed characterized by a dominance of trees with low frequency counts, while a small subset of trees exhibiting higher frequencies. For example, in ogbg-molhiv, the most frequent tree alone has normalized frequency of $0.32$."	Thanks for the response. I will increase my score to 6.	fixed		the reviewer explicitly increases the score after the new motivation and sufficiency evidence
6.103	kmn0BhQk7p__r05	Beyond Memorization: Violating Privacy via Inference with Large Language Models	8: accept, good paper	4: You are confident in your assessment, but not absolutely certain. It is unlikely, but not impossible, that you did not understand some parts of the submission or that you are unfamiliar with some pieces of related work.	fixed	priority_secondary_tfidf	tfidf=fixed; structured=partially_fixed		regressed	fixed	partially_fixed	partially_fixed	partially_fixed	partially_fixed	"[weaknesses] Further analysis into how recovery of different kinds of PII was correlated would have been appreciated.

[questions] - Have you considered using LLMs to ""rewrite"" inputs in a privacy-preserving manner?

[summary] The authors demonstrate how LLMs can be used as to infer sensitive information from comments and text, such as location, occupation, place of birth, education, etc. The attack they propose involves prompting the LLM by asking them to be “an expert investigator” tasked with recovering these sensitive attributes from unstructured textual bodies. They formulate two kinds of attacks: a passive attack where the LLM is fed this information and an active method where the agent is presumed to be assisting the user while simulatenously trying to recover personal information. They try and mitigate their attack using a client-side anonymization method and via provider-side alignment."	"We thank the reviewer for their feedback and will respond to the raised questions below. **Q5.1: Further analysis into how recovery of different kinds of PII was correlated would have been appreciated.** We agree with the reviewer that such analysis can be very insightful. However even with our labeling efforts the resulting dataset is quite small and combined with varying attributes per users (as well as varying hardness levels and overall profiles) we did not feel confident to make such an analysis across attributes. We tried to explore a more ideal state version of this in our ACS experiments where significantly more data points are available and correlations can be observed in a more direct fashion. In particular we could study the correlation of other personal attributes with a target attribute in isolation for example how well “race” could be predicted from “location, income, work-class, and citizenship” alone. With the limited amount of data in PersonalReddit we cannot make such conclusions reliably. **Q5.2: Have you considered using LLMs to ""rewrite"" inputs in a privacy-preserving manner?** Again, we agree with the reviewer that this is a potentially exciting direction f..."	"We thank the reviewer for their feedback and will respond to the raised questions below. **Q5.1: Further analysis into how recovery of different kinds of PII was correlated would have been appreciated.** We agree with the reviewer that such analysis can be very insightful. However even with our labeling efforts the resulting dataset is quite small and combined with varying attributes per users (as well as varying hardness levels and overall profiles) we did not feel confident to make such an analysis across attributes. We tried to explore a more ideal state version of this in our ACS experiments where significantly more data points are available and correlations can be observed in a more direct fashion. In particular we could study the correlation of other personal attributes with a target attribute in isolation for example how well “race” could be predicted from “location, income, work-class, and citizenship” alone. With the limited amount of data in PersonalReddit we cannot make such conclusions reliably. **Q5.2: Have you considered using LLMs to ""rewrite"" inputs in a privacy-preserving manner?** Again, we agree with the reviewer that this is a potentially exciting direction for future work that may address some of the shortcomings of traditional methods (as highlighted in the anonymization experiment). For the current study, we wanted to focus on the adversarial scenario, including the evaluation of currently existing defenses. As also pointed out by reviewer R-buQH, there is a potentially challenging trade-off between privacy and utility (re-writing parts of the input may change parts of the intended message) whose accurate reflection requires further study and that we did not feel confident to put into this submission. Independently, we agree with the reviewer that upcoming techniques, including LLMs, can improve defenses and better privacy protection.

**Q1.4: Notion of defenses against such attacks seem slim as they incur at the loss of utility. Can you comment on the practicability of defenses and their utility-privacy tradeoff?** We will answer this first from the provider side and afterward from the user side. From a provider side, there is an inherent interest in preventing your model from making such privacy-infringing inferences; which is also substantiated by our ongoing consultations with a large model provider. Similar considerations can also be seen, e.g., in the latest model card for GPT-4V, which is trained to, e.g., refuse to make inferences about people from images [5]. Making such inferences harder (e.g., via RLHF) helps alleviate the issue. From the user side, we agree with the reviewer that utility and privacy tend to be at odds in this scenario. However, several key aspects make defenses worthwhile: Often, the trade-off is asymmetric, allowing for a potentially significant gain in privacy at the loss of only little utility. On the following (synthetic) example: ""Surely, Belgian beers are something else! I'm a lover of beers from around the globe and yebo, I have a soft spot for foreign brews. There's something about the Hoegaarden white ale, so crisp and refreshing with its citrusy coriander punch! Just sublime, I tell ya. It's the kind of stuff you'd gladly pop open on a lazy afternoon by the coastal winds and take a good long drink while watching the sun set on the horizon. Our bottle stores carry it, so it's not a mission to find. Lucky me, right?"" GPT-4 can infer that the author lives in Cape Town, combining the clues ""yebo,"" ""bottle store,"" and ""coastal winds."" At the same time, these clues are largely unrelated to the message itself and could be replaced with less telling descriptions, ""yebo"" -> ""yeah"" etc. While this is a single example, and in practice, there is a large variety of contextual notions of utility, it indicates that there may exist a trade-off that could be explored in future work. Independently, we believe that with increased user awareness (and potentially tools) building on this work, we can achieve overall better privacy protection. Of course, in the end it should be a voluntary choice of the users to employ such techniques; however, we believe that it is important that they (i) have the necessary tools, and (ii) are sufficiently equipped to make informed decisions in this regard. Notably, as we have demonstrated, users who have even taken the extra precautions to anonymize with current anonymizers are currently insufficiently protected from such inferences. **Q1.5: How did the numbers 100x lower cost and 240x lower time investment come to be?** We refer to our answer of CQ1 in the common section above. Further, we want to highlight again the extreme scalability (and its expectation to increase further) inherent to technical products such as LLMs that cannot easily be replicated with humans. Since submission, the cost for GPT-4 inferences has been lowered by roughly 3x, and inferences tend to be faster with the Turbo model. Independently, if we did not have rate-limit restrictions, we could have run all profiles in GPT-4 in parallel, resulting in a potential runtime of just 20 seconds (a malicious actor could also create multiple API accounts or run a local model). We also note that both labelers are familiar with traditional search engines to the point where additional training would most likely amount to only marginal benefits. **C1.6: The work is irreproducible.** We firmly believe that not releasing the annotated profiles is the best way to provide aggregated insights while respecting the users' privacy and minimizing ethical concerns as noted by other reviewers. At the same time, we are also aware of the shortcomings of this approach and have hence opted for providing an comparably sized manually-reviewed set of synthetic examples that can also be used as a qualitative reference for our observations. [1] H. Berghel, ""Equifax and the Latest Round of Identity Theft Roulette,"" in Computer, vol. 50, no. 12, pp. 72-76, December 2017, doi: 10.1109/MC.2017.4451227. [2] Gwebu, Kholekile, and Clayton W. Barrows. ""Data breaches in hospitality: is the industry different?."" Journal of Hospitality and Tourism Technology 11.3 (2020): 511-527. [3] https://www.michigan.gov/ag/news/press-releases/2023/10/06/ag-nessel-notifies-michigan-residents-of-mclaren-ransomware-attack [4] https://www.bloomberg.com/news/articles/2023-07-07/character-ai-chatbots-are-tech-s-weirdest-1-billion-hit [5] https://openai.com/research/gpt-4v-system-card

We thank the reviewer for their feedback and will respond to the raised questions below. **Q1.1: What are potential follow-up works in this area?** After this initial study, we see several promising directions for future research. From the adversarial perspective, how such attacks could be made stronger (e.g., via RAG, fine-tuning, etc.) or translated to new modalities (especially with the rise of multi-modal models) such as images. At the same time, our discussions with model providers have shown us that this issue is taken seriously in the industry, fueling the need for better defenses (both from the provider and user side). This is a challenging topic as such inferences commonly cannot be as easily quantified as, e.g., the generation of toxic comments. Nevertheless, we got feedback that specific alignments against such inferences are planned for newer generations of these models. Additionally, improving user-side defenses, such as anonymization, or developing other mitigation methods is also a promising and worthwhile research direction to pursue. Overall, the ground for all these directions is the awareness that such inferences are possible, and we believe our paper makes a valuable contribution in this regard. **Q1.2: How could a potential cross-referencing attack work in practice?** We agree with the reviewer that such attacks require additional effort. At the same time, it needs to be said that especially with open access to US voter records, there are many instances where having access to city, age, and ethnicity is sufficient to uniquely identify an individual in such freely available databases (e.g., voterrecords.com) and only a limited amount of additional effort is required. Further, LLM inferences could be applied in cases where partial knowledge of these attributes is available (e.g., IP, mail addresses shared with a bot provider or even records that are part of large breaches [1,2,3]), and these could be linked with attributes (e.g., mental health status) extracted from conversations/posts. **Q1.3: Aren’t coercion attacks reasonably easy to thwart with prompt injections that reveal the system-prompt?** First, we agree with the reviewer that a vigilant security-aware user could (at the current state of LLMs) likely extract the system prompt. At the same time, we have to be aware that a large majority of chatbot users do not possess the knowledge nor the skills necessary to regularly check whether the chatbot they are currently interacting with contains an adversarial system prompt (especially when the bot is instructed not to reveal it). This danger increases with the proliferation of chatbots (character.ai alone has over 16 [4] million chatbots) and the ever-increasing number of people (100 Mio monthly users of OpenAI) using them in various aspects of life."	"We thank the reviewer for their feedback and will respond to the raised questions below. **Q4.1: The labeling procedure should include multiple labels for each profile.** We agree with the reviewer that multiple labels for each profile are an optimal solution. At the same time, labeling the profiles is very expensive (as highlighted in the paper). Since then we have cross-labeled $\sim$25% of the dataset. From this, we found that labelers agree on >90% (222 of 246 attributes) of the labels that both reviewers reported a certainty of at least 3 (i.e., the setting used in the paper). Out of the non-aligned 24 examples, we found only 7 ($\sim$3%) with strong disagreement (e.g., no relation vs. in relation), while the rest were all either less precise (""Boston"" vs. ""Massachusetts"") or very close within a neighboring category (e.g., ""divorced"" vs. ""no relation""). Empirically, we found that such adjacent cases are commonly accounted for in LLMs' top-2 and top-3 accuracies. We added these results to the paper to improve the clarity on the issue. On the 222 labels where both reviewers agreed, GPT-4 has a Top-{1,2,3} accuracy of 92.7%, 98.1%, and 99.09%, respectively. We also thank the reviewer for spotting an issue in the synthetically created sample. We introduced this error while writing some synthetic examples by hand, and it has been carried forward. We have corrected this in the updated version of the submission. **Q4.2: How did we get the cost and time estimates of 100x and 240x respectively.** We refer to our answer of CQ1 in the common section. In particular, we compare the estimated time it would take a single human labeler to go through PersonalReddit (as measured by the time it took us) and compare it with the realized runtime of our inference script using GPT-4. From this, we also derive the cost savings by assuming an hourly labeling wage of 20 USD. Since our study, OpenAI both increased rate limitations by 2x and decreased cost on newer versions of GPT-4 by roughly 3x, which in practice would favor LLMs even more.

We thank the reviewer for their feedback and will respond to the raised questions below. **Q2.1: Can you explain your choice of metrics / experiment design better? Why did you use accuracy for age?** Certainly, and we also improved the respective section in the paper. In particular, we did not use MSE for our age prediction experiments as we required a metric that (1) allowed both concrete ages and age ranges (and combinations) as inputs and (2) could be aggregated with our other metrics. A common choice in prior works, including privacy [1] and age estimation [2,3], is to evaluate accuracy based on a thresholding criterion. This was also done in, e.g., past PAN competitions [4], where age prediction accuracy was computed on discrete target ranges. We agree with the reviewer that these choices need to be made more explicit in the paper, which we have accounted for in our updated version uploaded alongside this rebuttal answer. **Q2.2: Did you have ethical considerations before publishing the work?** Yes, hence our decision not to publish any annotated profiles (and only release synthetic examples). We also proactively contacted all major LLM providers in the study to inform them of potential risks (and offering active conversations) before making any draft of our manuscript public. Concerning the dataset itself, we want to note that we only used public comments that are already available in a pre-existing dataset on HuggingFace (in particular, we did not scrape them). The used dataset [5] and (contained) Reddit comments have been extensively used in prior research [6,7,8,9,10]. Given these precautions and our decision not to disclose our annotations, we determined that an IRB review was not necessary. Overall, we share the reviewer's intuition on the ethical and privacy concerns of our findings, which we believe to have addressed to the maximum extent within our means. We also believe that one of the most important contributions we as privacy researchers can make is revealing such vulnerabilities, which ultimately allows for patching them, prohibiting malicious actors from silently exploiting vulnerabilities. **Q2.3: Which steps were taken to ensure the quality of the synthetic examples?** We refer to our answer of CQ2 in the common section. In particular, all synthetic examples were manually inspected by the same human labelers as the PersonalReddit dataset to ensure that hardness levels across attributes are aligned with what has been observed there. This also included re-adjusting hardness scores or completely removing individual samples. [1] Mark Vero, Mislav Balunović, Dimitar I. Dimitrov, Martin Vechev: “TabLeak: Tabular Data Leakage in Federated Learning”, 2022; arXiv:2210.01785. [2] Morgan-Lopez AA, Kim AE, Chew RF, Ruddle P (2017) Predicting age groups of Twitter users based on language and metadata features. PLOS ONE 12(8): e0183537. https://doi.org/10.1371/journal.pone.0183537 [3] Levi, Gil, and Tal Hassner. ""Age and gender classification using convolutional neural networks."" Proceedings of the IEEE conference on computer vision and pattern recognition workshops. 2015. [4] Rosso, Paolo, et al. ""Overview of PAN’16: new challenges for authorship analysis: cross-genre profiling, clustering, diarization, and obfuscation."" Experimental IR Meets Multilinguality, Multimodality, and Interaction: 7th International Conference of the CLEF Association, CLEF 2016, Évora, Portugal, September 5-8, 2016, Proceedings 7. Springer International Publishing, 2016. [5] Baumgartner, Jason, et al. ""The pushshift reddit dataset."" Proceedings of the international AAAI conference on web and social media. Vol. 14. 2020. [6] Medvedev, Alexey N., Renaud Lambiotte, and Jean-Charles Delvenne. ""The anatomy of Reddit: An overview of academic research."" Dynamics On and Of Complex Networks III: Machine Learning and Statistical Physics Approaches 10 (2019): 183-204. [7] Finlay, S. Craig. ""Age and gender in Reddit commenting and success."" (2014). [8] Hada, Rishav, et al. ""Ruddit: Norms of offensiveness for English Reddit comments."" arXiv preprint arXiv:2106.05664 (2021). [9] Turcan, Elsbeth, and Kathleen McKeown. ""Dreaddit: A reddit dataset for stress analysis in social media."" arXiv preprint arXiv:1911.00133 (2019). [10] Proferes, Nicholas, et al. ""Studying reddit: A systematic overview of disciplines, approaches, methods, and ethics."" Social Media+ Society 7.2 (2021): 20563051211019004.

We thank all reviewers for their helpful feedback and will address raised concerns individually under each review. Questions asked by multiple reviewers will be also answered in the common section below (and referred to in the individual responses). In response to the feedback, we have made the following changes to the submission: Included an additional appendix section for the speedup calculation. Improved the clarity of the baseline in the ACS experiments. Included numbers and descriptions of the cross-labeling procedure. Fixed syntax and grammar as pointed out by reviewers. Adapted the synthetic example to be consistent. **CQ1: Can you explain how you arrived at the 100x lower cost and 240x lower time estimates?** Certainly! Please note that the numbers compare a single human labeling the entire dataset vs. a single human running exactly our inference script (which can run multiple instances of GPT-4, a realistic scenario in case a malicious actor wants to infer personal attributes at scale). In case we compare the individual time taken for a single profile, we find that GPT-4 usually takes around 5-20 seconds while human labelers take a few minutes for an average length profile (this includes, e.g., searching information online). With respect to the concrete numbers, we made the following estimation: PersonalReddit was labeled by two humans (authors of the paper). This took around a whole week (i.e., 7 days), with both people working on it around 8 hours per day. Note that some of the profiles in the dataset can be quite long (our cutoff of 3000 tokens corresponds to roughly 4.5 single-line spaced pages of text). In particular, when labelers had to combine multiple pieces of information over long profiles, including internet searches, some individual profiles could take more than 30 minutes each. However, we agree with reviewer R-buQH that we became slightly faster in our labeling after seeing more samples. Yet, in a practical setting, such training of human labelers also increases upfront costs. In contrast, we could run the actual inference for all profiles in GPT-4 in around 27.5 minutes (at a cost of ~20 USD), leading to a total speedup of (112*60/27.5 = 244.36). For this, we used (only) 8 parallel workers to reduce the number of rate limit timeouts. Cost-wise, we assumed a standard rate of 20 USD per hour for human labeling, yielding a total cost of roughly 2250 USD, which is ~100x of GPT-4. At this point, it is important to reiterate that the bottleneck for the GPT-4 evaluation was the OpenAI rate limit. With an increase of this limit (as recently announced [1]), the inference speed-up scales linearly, reaching around 20 seconds (the longest individual inference time we observed for a single profile) in the limit for the whole dataset. Similarly, the prices for GPT-4 (Turbo) inferences have been cut by roughly 3x just last week, skewing the price comparison further in the LLM's favor. Based on the reviewer's feedback, we clarified both the numbers and reasoning in the paper. [1] https://openai.com/blog/new-models-and-developer-products-announced-at-devday"		partially_fixed		the response explains the missing analysis but does not fully deliver the requested correlation study
6.200	elMKXvhhQ9__r01	Consistency Training with Learnable Data Augmentation for Graph Anomaly Detection with Limited Supervision	8: accept, good paper	4: You are confident in your assessment, but not absolutely certain. It is unlikely, but not impossible, that you did not understand some parts of the submission or that you are unfamiliar with some pieces of related work.	fixed	silver_followup_comment	Thanks for the authors' detailed rebuttal. It generally addresses my comments in the review. Thus, I increase my score and support this paper.	fixed	regressed	partially_fixed	partially_fixed	partially_fixed	fixed	fixed	"[weaknesses] 1. Regarding consistency training, the proposed model employs thresholds to identify ""high-quality nodes"" from the unlabeled data for training. This step, akin to semi-supervised learning, assigns synthetic labels to unlabeled data for consistency training. The performance of these ""high-quality nodes"" is pivotal for downstream iterative training, emphasizing the significance of their accuracy. Hence, the authors should analyze the actual quality of these ""high-quality nodes"" and the accuracy of their predicted labels. This aspect holds significant importance in evaluating the reliability and effectiveness of the model. 2. The paper introduces essential hyperparameters, including $\alpha$ and $\xi$. While the authors provide their specific settings in the experiments, the impact of these parameters on the performance of the model remains unexplored. The authors should perform a sensitivity analysis for the crucial hyperparameters in the proposed model. 3. The proposed GNN backbone shows promise for anomaly detection by capturing distinctions in the homophily distribution of nodes in graphs. However, it raises intriguing questions about its performance on graphs with varying levels of heterophily. Specifically, how well does the proposed GNN backbone perform on graphs with low or high heterophily when applied to generic multi-class node classification tasks?

[questions] 1. How about the correctness of the ""high-quality nodes""? 2. The authors should perform a sensitivity analysis for the crucial hyperparameters in the proposed model. 3. Can the proposed GNN backbone effectively handle generic multi-class node classification tasks?

[summary] In this paper, the authors tackle the problem of anomaly detection in graphs by introducing a novel approach---consistency training coupled with a learnable data augmentation mechanism. Their method involves leveraging a simple GNN backbone that emphasizes edge-level homophily representation for anomaly detection. By exploiting disparities in homophily distribution, the proposed model achieves enhanced anomaly detection capabilities. Additionally, the authors introduce two evaluation metrics designed to optimize their innovative learnable data augmentation technique, guiding its effectiveness in data synthesis. In their experimental evaluation, the authors assess the performance of their model across four benchmark datasets commonly used for graph-based anomaly detection, along with a private dataset. The proposed model generally outperforms existing state-of-the-art baselines across three key evaluation metrics."	Dear Reviewers and ACs, As the discussion is ending in the next few hours, we are grateful for the insightful comments and valuable suggestions from all reviewers. We would really appreciate it if reviewer _RZbU_ and reviewer _tbTo_ could kindly re-evaluate their reviews considering our follow-up responses and manuscript revisions. In the following, we would like to summarize the contributions and responses of this paper again. **Contributions**: - To deal with graph anomaly detection with limited supervision, we propose a learnable augmentation module and optimize it via two metrics: label consistency and distribution diversity. This approach appears ```effective```, ```enhancing the overall performance of the model``` (_R ZNLh_), and ```innovative``` (_R RZbU_). The two proposed metrics are ```intriguing``` (_R RZbU_). - We introduce a GNN backbone model that exploits the homophily distribution differences between normal and anomalous nodes for detection. This approach is ```straightforward yet effective``` (_R RZbU_). ```Visualization underscores the robustness of the proposed method``` (_R ZNLh_). - Our paper is ```well-written``` (_R ZNLh_, _R RZbU_, _R tbTo_). Our experime...	"Dear Reviewers and ACs, As the discussion is ending in the next few hours, we are grateful for the insightful comments and valuable suggestions from all reviewers. We would really appreciate it if reviewer _RZbU_ and reviewer _tbTo_ could kindly re-evaluate their reviews considering our follow-up responses and manuscript revisions. In the following, we would like to summarize the contributions and responses of this paper again. **Contributions**: - To deal with graph anomaly detection with limited supervision, we propose a learnable augmentation module and optimize it via two metrics: label consistency and distribution diversity. This approach appears ```effective```, ```enhancing the overall performance of the model``` (_R ZNLh_), and ```innovative``` (_R RZbU_). The two proposed metrics are ```intriguing``` (_R RZbU_). - We introduce a GNN backbone model that exploits the homophily distribution differences between normal and anomalous nodes for detection. This approach is ```straightforward yet effective``` (_R RZbU_). ```Visualization underscores the robustness of the proposed method``` (_R ZNLh_). - Our paper is ```well-written``` (_R ZNLh_, _R RZbU_, _R tbTo_). Our experiments are generally ```comprehensive``` (_R ZNLh_), ```extensive``` (_R RZbU_), and ```sufficient``` (_R tbTo_). **Responses and Revisions:** - **For Reviewer _ZNLh_'s concerns**: - We conducted additional experiments to assess and analyze the quality of high-quality nodes. - We conducted additional experiments to analyze the sensitivity of our model to several important hyper-parameters. - We conducted additional experiments to evaluate and analyze the applicability of our GNN backbone model to generic multi-class node classification tasks. - **For Reviewer _RZbU_' concerns**: - We made a detailed comparison between our learnable data augmentation module and existing automatic data augmentation techniques. - We explored and analyzed the extensions of our learnable augmentation module to generic graph contrastive learning tasks. - We conducted additional experiments to analyze the effectiveness of utilizing the exact labels of labeled nodes in consistency training. - **For Reviewer _tbTo_'s concerns**: - We made clarifications on the architecture and motivations of our proposed model (Responses to Questions 1, 2, and 3). - We highlighted our comparative analysis of our learnable data augmentation against four stochastic augmentation methods in the paper. - We gave a comprehensive complexity analysis of our algorithm. All modifications have been highlighted in blue in our revised manuscript. Thanks again for your efforts in reviewing our work, and we hope our responses adequately address any concerns about this work. Warm regards, \ The Authors of Submission 9315

Dear reviewer tbTo, Thank you for your thoughtful and constructive feedback on our submission 9315. We appreciate the time you have taken to review our work and provide detailed insights. Below, we address each of the concerns and questions you raised. **1. Why Eq4 can achieve the edge-level homophily representation? Where does it differ from GCN aggregation?** *For the first question: Why Eq4 can achieve the edge-level homophily representation?* In Eq.(4), the representation of an edge (e.g., $(v,u)$) is calculated using the representations of its two end nodes (e.g., $v$ and $u$) through the function $\delta(\cdot,\cdot;\theta_{\delta})$. Furthermore, Eq.(4) aggregates these edge-level representations into the node representation of node $v$. Notably, the node representation ($\mathbf{h}^l_v$) is calculated based on the distinctions in homophily distribution between normal and anomalous nodes, as discussed in the Introduction. The cross-entropy loss function elicits inverse predictions for normal and anomalous nodes. Specifically, this loss function steers the edge representations of edges surrounding a normal node away from those surrounding an anomalous node, emphasizing their distinct homophily distributions. As a result, edges with high homophily around normal nodes share similar representations, while edges with low homophily around anomalous nodes exhibit analogous representations. Therefore, through this optimization process, Eq.(4) achieves disparate representations for high-homophily and low-homophily (high-heterophily) edges, ensuring edge-level homophily representations for edges around different nodes. To validate the ability of the edge representations to capture edge-level homophily distribution, we conducted an analysis and visualized the results in Figure 3. The visualizations demonstrate that edges with the same homophily or heterophily labels can be well-clustered together. This indicates that the edge-level homophily representation adeptly reflects the type of edge homophily, forming a robust foundation for aggregation to represent the contextual homophily distribution of each node. *For the second question: Where does it differ from GCN aggregation?* Our backbone GNN model, as outlined in Eq.(4), diverges from the generic GCN model. Typically, GCNs utilize the fundamental operation of neighborhood aggregation to consolidate information from neighboring nodes and generate the representation of the target node. In contrast, our backbone GNN model emphasizes edge-level representation learning by modeling the homophily distribution of each edge for aggregation to generate node representations. Therefore, relying on the intuition of distinctions in homophily distribution, as discussed in the Introduction (Figure 1(b)), our model places greater emphasis on edge-level homophily representation to address the classification of normal and anomalous nodes. Furthermore, Tables 1 and 2 in the Experiments consistently demonstrate that our backbone GNN model outperforms the GCN model, underscoring its effectiveness in handling anomaly detection on graphs.

It is important to note that our proposed GNN backbone, ConsisGAD(GNN), is specifically tailored to exploit the homophily distribution differences between normal and anomalous nodes. Such a phenomenon is characteristic in the graph anomaly detection task (i.e., the imbalanced binary classification task) where normal nodes have high homophily distribution while anomalous nodes have low homophily distribution. This prominent distribution discrepancy lays down the foundation of our GNN backbone. When it comes to multi-class node classification tasks, the homophily-aware neighborhood aggregation (Equation (4)) in our GNN backbone will model the neighbor label distribution within a node's neighborhood. If this neighborhood label distribution exhibits distinguishable patterns for different classes, we would expect our backbone model to function well. From the results, we observe that our GNN backbone model performs comparably to existing baselines in the three homophily graphs. Our GNN backbone is built upon the Message-Passing Neural Network (MPNN) framework, which allows handling homophily information naturally. For heterophily graphs, our backbone model yields promising results in the Wisconsin, Texas, and Cornell datasets, but encounters challenges in the Chameleon, Squirrel, and Actor datasets. Our further investigations in Figure 15 reveal that, in Wisconsin, Texas, and Cornell, nodes of different classes have distinct neighbor label distribution within their neighborhood, which allows our backbone model to distinguish different classes effectively. However, such distinct patterns are absent in Chameleon, Squirrel, and Actor, explaining the struggle of our backbone model on them. Notably, despite a low accuracy on the Actor dataset, our model achieves a new state-of-the-art result, underscoring its potential in handling heterophily graphs in generic multi-class node classification tasks. We recognize the opportunity for further enhancements, particularly on datasets where distinct neighborhood patterns are less pronounced. Future research may explore synergies between our GNN backbone model and other advanced techniques to elevate performance on heterophily graphs. We hope these revisions and additional analyses address your concerns and strengthen the contribution of our work. We appreciate the constructive guidance you have provided, which has substantially improved the manuscript. If you have additional comments or concerns, we welcome your input and are ready to make any necessary adjustments. [a] Simplifying approach to node classification in graph neural networks. Sunil Kumar Maurya, Xin Liu, and Tsuyoshi Murata. Journal of Computational Science, 2022."	"**3. While consistency training might usually be deployed on unlabeled data, I wonder if it would be beneficial to utilize labeled data for consistency training as well. Specifically, labeled data has exact labels, which might provide effective information for consistency training the model in dealing with the task of graph anomaly detection.** Thank you for highlighting the potential benefits of utilizing labeled data for consistency training. In our current settings, both labeled and unlabeled data are used for consistency training, but labeled samples are treated as unlabeled, using their predicted labels instead of exact labels. Encouraged by your suggestion, we explore the impact of using exact labels for labeled nodes in consistency training. The results of this additional experiment are detailed in Appendix E.9 of our revised manuscript. For your convenience, we provide a summary in the table below: | Dataset | Metric | ConsisGAD (Predicted Label) | ConsisGAD (Exact Label) | |------------|----------|-----------------------------|-------------------------| | Amazon | AUROC | 93.91±0.58 | 93.82±0.55 | | | AUPRC | 83.33±0.34 | 83.16±0.46 | | | Macro F1 | 90.03±0.53 | 89.88±0.30 | | YelpChi | AUROC | 83.36±0.53 | 82.91±0.36 | | | AUPRC | 47.33±0.58 | 47.23±0.98 | | | Macro F1 | 69.72±0.30 | 69.44±0.29 | | T-Finance | AUROC | 95.33±0.30 | 95.09±0.27 | | | AUPRC | 86.63±0.44 | 86.94±0.13 | | | Macro F1 | 90.97±0.63 | 91.32±0.18 | | T-Social | AUROC | 94.31±0.20 | 93.87±0.30 | | | AUPRC | 58.38±2.10 | 56.54±1.86 | | | Macro F1 | 78.08±0.54 | 77.42±0.67 | Our findings indicate that using exact labels in consistency training does not significantly improve performance on most datasets. This lack of improvement may stem from the fact that labeled data has already been utilized in the cross-entropy loss, and their reuse in the consistency training does not contribute significantly to performance enhancement. Notably, a decrease in performance is observed in the T-Social dataset. We hypothesize this could be attributed to the model overfitting to label noise, which could be mitigated by the use of predicted labels. We hope these revisions to our submission adequately address your concerns and enhance its overall contributions. Your thoughtful feedback has been crucial in elevating the quality and coherence of our manuscript. Should you have additional comments or concerns, we remain receptive and prepared to undertake any further modifications. [a] Graph Contrastive Learning Automated. Yuning You, Tianlong Chen, Yang Shen, Zhangyang Wang. ICML 2021. [b] Graph Contrastive Learning with Adaptive Augmentation. Yanqiao Zhu, Yichen Xu, Feng Yu, Qiang Liu, Shu Wu, Liang Wang. WWW 2021. [c] Instance adaptive adversarial training: Improved accuracy tradeoffs in neural nets. Yogesh Balaji, Tom Goldstein, and Judy Hoffman. arXiv preprint arXiv:1910.08051, 2019. [d] Robustness May Be at Odds with Accuracy. Dimitris Tsipras, Shibani Santurkar, Logan Engstrom, Alexander Turner, and Aleksander Madry. ICLR, 2018.

Thank you for your thorough review and insightful comments on our submission. We appreciate the time you invested in evaluating our work and offering constructive feedback. Below, we address your comments to clarify and improve our manuscript. **1. How about the correctness of the ""high-quality nodes""?** Thanks for highlighting the significance of evaluating the quality of ""high-quality nodes"" in our consistency training approach. Considering your valuable suggestion, we have conducted a detailed experiment to assess this aspect and include the results in Appendix E.6 of our revised manuscript. In this experiment, we visualize Macro F1 scores of ""high-quality nodes"" at each epoch during training and compare these with scores from the test set. For your reference, we report the scores with an interval of 10 epochs in the following table. For more details, please kindly refer to the Appendix E.6. | | Epoch 10 | Epoch 20 | Epoch 30 | Epoch 40 | Epoch 50 | Epoch 60 | Epoch 70 | Epoch 80 | Epoch 90 | Epoch 100 | | :----------------: | :------: | :------: | :------: | :------: | :------: | :------: | :------: | :------: | :------: | :-------: | | Amazon | | | | | | | | | | | | High-quality Nodes | 90.79 | 88.89 | 91.06 | 92.18 | 90.91 | 90.76 | 90.76 | 91.43 | 89.99 | 89.29 | | Test Nodes | 87.56 | 88.13 | 90.10 | 90.96 | 90.98 | 90.92 | 90.04 | 90.60 | 90.07 | 90.43 | | Diff. | 3.23 | 0.76 | 0.96 | 1.23 | -0.07 | -0.17 | 0.72 | 0.83 | -0.08 | -1.14 | | YelpChi | | | | | | | | | | | | High-quality Nodes | 67.23 | 69.23 | 68.09 | 69.11 | 68.49 | 68.98 | 69.21 | 70.02 | 69.28 | 68.76 | | Test Nodes | 66.72 | 67.56 | 68.49 | 67.76 | 68.13 | 68.12 | 67.42 | 67.96 | 68.25 | 68.42 | | Diff. | 0.51 | 1.68 | -0.40 | 1.35 | 0.36 | 0.86 | 1.79 | 2.06 | 1.03 | 0.33 | | T-Finance | | | | | | | | | | | | High-quality Nodes | 90.82 | 90.27 | 90.15 | 90.12 | 88.50 | 91.33 | 91.11 | 91.48 | 91.14 | 91.09 | | Test Nodes | 89.28 | 90.22 | 89.39 | 90.44 | 91.16 | 91.05 | 90.90 | 90.87 | 90.62 | 90.39 | | Diff. | 1.54 | 0.05 | 0.76 | -0.31 | -2.66 | 0.28 | 0.21 | 0.62 | 0.52 | 0.71 | | T-Social | | | | | | | | | | | | High-quality Nodes | 75.68 | 76.35 | 76.92 | 75.82 | 76.09 | 77.53 | 75.48 | 74.07 | 76.11 | 73.59 | | Test Nodes | 72.14 | 73.56 | 76.07 | 74.17 | 74.23 | 76.10 | 73.13 | 71.52 | 73.81 | 72.58 | | Diff. | 3.53 | 2.80 | 0.85 | 1.65 | 1.87 | 1.43 | 2.35 | 2.54 | 2.30 | 1.01 | The result demonstrates that ""high-quality nodes"" consistently achieve higher Macro F1 scores than test nodes across various datasets. On Amazon, YelpChi, T-Finance, and T-Social, the average performance improvement of ""high-quality nodes"" over test nodes is 1.01%, 0.83%, 0.71%, and 0.64%, respectively. Generally, as depicted in Figure 10, both ""high-quality nodes"" and test nodes exhibit a gradual increase in performance, with the former driving the improvement of the latter. An exception lies in the T-Social dataset, on which we observe some performance fluctuations. This is possibly due to the much smaller batch size and training data relative to the whole dataset size. Overall, our analysis showcases the accuracy of the predicted labels and the robustness of our selection criteria for ""high-quality nodes"".

**5. Please give complexity analysis.** As illustrated in Algorithm 1, our model is composed of two primary components: consistency training and the training of the learnable data augmentation module. These components operate iteratively in each iteration of the process. This approach potentially incurs a higher computational cost compared to the standard training procedures of graph neural networks. In this part, we give a detailed complexity analysis and analyze the possibility of using it on large graphs. At the outset, we focus on analyzing the complexity of our backbone GNN model, as outlined in Equation (4). This model is a critical component in Algorithm 1 for calculating node embeddings. Considering a target node $v$, in the first GNN layer, the function $\delta(\cdot,\cdot;\theta_{\delta})$ is implemented as $\text{MLP}(\mathbf{h}^{l-1}_v||\mathbf{h}^{l-1}_u)$. A typical example of this MLP is $\sigma(\mathbf{W}(\mathbf{h}^{l-1}_v \|\| \mathbf{h}^{l-1}_u)+\mathbf{b})$. The computational complexity in this first layer is $O(2dd_X+\bar{N}d+2d)$, where $d_X$ represents the dimension of the input feature vector, $d$ the intermediate dimension of the embeddings, and $\bar{N}$ the average node degree. Each subsequent layer contributes an additional complexity of $O(2d^2+\bar{N}d+2d)$. Given $L$ total GNN layers, the overall complexity of the GNN backbone sums up to $O(2dd_X+\bar{N}d+2d+(L-1)(2d^2+\bar{N}d+2d))=O(2dd_X+2Ld^2+2Ld+L\bar{N}d-2d^2)$. In every iteration of Algorithm 1, we sample a batch of labeled and unlabeled nodes for subsequent computations. These batches are of sizes $B$ (for labeled nodes) and $\mu B$ (for unlabeled nodes), respectively. We can split the whole process into three step as follows. - We begin by selecting high-quality nodes from the sampled batch of unlabeled nodes. In line 6, the GNN backbone introduces a complexity of $O(2dd_X+2Ld^2+2Ld+L\bar{N}d-2d^2)$, as previously analyzed. The prediction step in line 7 has a complexity of $O(Kd+2K)$, where $K$ is the number of classes. Lines 8-10 involve checking the high-quality nodes with a complexity of $K$. Overall, for a batch size of $B$, lines 5-10 collectively result in a complexity of $O(\mu B(2dd_X+2Ld^2+2Ld+L\bar{N}d-2d^2+Kd+3K))$. - Each high-quality node is augmented and predicted, forming the basis for the consistency and diversity loss calculations. For line 12, the complexity of the Sharpen function in Algorithm 2 involves $O(8\lfloor \xi d \rfloor d+d)$ across its steps. Consequently, line 12 in Algorithm 1 incurs a complexity of $O(8\lfloor \xi d \rfloor d+d^2+3d)$. Line 13, similar to line 7, involves a complexity of $O(Kd+2K)$. Line 14 includes forming both the consistency and diversity losses, with complexities of $O(\mu BK^2)$ and $O(2\mu Bd)$, respectively. Summing up, lines 11-14 entail a complexity of $O(\mu B(8\lfloor \xi d \rfloor d+d^2+3d + Kd+2K) + \mu BK^2 + 2\mu Bd)$. - The consistency training involves complexity calculations similar to the earlier sections. Lines 17 and 18, as previously analyzed, involve a complexity of $O(2dd_X+2Ld^2+2Ld+L\bar{N}d-2d^2+Kd+2K)$. Lines 19 and 20, pertaining to the loss calculations, have complexities of $O(BK^2)$ and $O(\mu BK^2)$, respectively. Thus, the total complexity for lines 16-20 over $B$ iterations is $O(B(2dd_X+2Ld^2+2Ld+L\bar{N}d-2d^2+Kd+2K)+BK^2+\mu BK^2)$. In each iteration of Algorithm 1, we aggregate the complexities from the previous sections to derive the overall complexity. This can be expressed as $O(2B(\mu+1)dd_X + B(2\mu L+2L-\mu-2)d^2 + (2\mu BL+\mu BL\bar{N}+\mu BK+8\mu B\lfloor \xi d \rfloor+5\mu B+K\mu B+2BL+BL\bar{N}+BK)d + 5\mu BK+2\mu BK^2+2BK+BK^2)$. Particularly in our anomaly detection scenario, where typically $K = 2$ due to the binary classification nature, and $L$ generally ranges from 1 to 3 as the number of GNN layers, the complexity of our model is predominantly influenced by the feature dimension $d_X$, the hidden dimension $d$, and the average node degree $\bar{N}$. This indicates that with appropriately set hyper-parameters, our model shows promising potential for application on large-scale graphs. To enhance the clarity of our paper, we have included this detailed complexity analysis in Appendix A of our revised manuscript. We hope that these clarifications and additional details address your concerns and strengthen the paper's contributions. Your insightful feedback has been instrumental in refining the quality and coherence of our manuscript. Should there be any more comments or issues from your side, we remain open and willing to make the requisite modifications."	Thanks for the authors' detailed rebuttal. It generally addresses my comments in the review. Thus, I increase my score and support this paper.	fixed		the reviewer says the detailed rebuttal generally addresses the comments
5.994	OsGUnYOzii__r01	Learning From Simplicial Data Based on Random Walks and 1D Convolutions	5: marginally below the acceptance threshold	2: You are willing to defend your assessment, but it is quite likely that you did not understand the central parts of the submission or that you are unfamiliar with some pieces of related work. Math/other details were not carefully checked.	fixed	priority_secondary_tfidf	tfidf=fixed; structured=partially_fixed		fixed	fixed	fixed	partially_fixed	partially_fixed	partially_fixed	"[weaknesses] 1. Compared to this work, a recent work [1] seems to provide more principled insights into exactly the same topic. Can the authors discuss more of its edge over this work? 2. The experiments are conducted on a relatively limited number of datasets. I would hope to see more datasets from diverse domains being used. [1] Facilitating Graph Neural Networks with Random Walk on Simplicial Complexes, NeurIPS 2023

[questions] See Weaknesses.

[summary] This paper proposes a new learning method on simplicial complexes based on random walks and 1-D convolution encodings."	Thank you for your detailed response. Let us address each point separately: **Parameter Choice** We added an ablation study to the paper that explores the influence of considered adjacency, the size of the local window, and the length of the random walks on the performance on the social contact datasets. **Utility of Simplicial Perspective** We agree that highlighting the importance a simplicial perspective on datasets would be benefitial. However due to space constraints we considered this outside the scope of our paper. The comparison between SCRaWl and CRaWl (Figure 7) provides an initial indication towards this topic and other authors considered this comparison as well, e.g. Bodnar et al, 2021. We argue that this topic should be dealt with in a more dedicated work and on a more abstract level not focused on one particular neural network architecture but rather with different graph neural networks and simplicial neural networks in mind. **Application to other Complexes** The approach should also work on combinatorial complexes, provided an analogous notion of a random walk is defined. This is similar to the case of cell complexes as explained in the conclusion. For hypergraph...	"Thank you for your detailed response. Let us address each point separately: **Parameter Choice** We added an ablation study to the paper that explores the influence of considered adjacency, the size of the local window, and the length of the random walks on the performance on the social contact datasets. **Utility of Simplicial Perspective** We agree that highlighting the importance a simplicial perspective on datasets would be benefitial. However due to space constraints we considered this outside the scope of our paper. The comparison between SCRaWl and CRaWl (Figure 7) provides an initial indication towards this topic and other authors considered this comparison as well, e.g. Bodnar et al, 2021. We argue that this topic should be dealt with in a more dedicated work and on a more abstract level not focused on one particular neural network architecture but rather with different graph neural networks and simplicial neural networks in mind. **Application to other Complexes** The approach should also work on combinatorial complexes, provided an analogous notion of a random walk is defined. This is similar to the case of cell complexes as explained in the conclusion. For hypergraphs, the notion of upper and lower adjacency is not well defined, which is why we did not consider them in our work. Of course, ignoring this (e.g., by merging the respective columns into one) would yield a valid approach, but we did not investigate the performance of such a method in detail here. **Dataset Size** For larger datasets, reducing the number of random walks is a viable option to reduce complexity. Choosing one random walk per simplex makes is very likely to cover each simplex sufficiently often as a center simplex in a local window, but this property is neither ensured nor necessary. It is also worth considering to use smaller parameters during training and larger parameters during inference. **Minor Things** We added the suggested survey paper as reference for expressivity in context with WL and fixed the minor style issues.

**References** We incorporated the suggested references into our work. References [1] and [2] have already been cited in our related work section before. In particular, [2] is the primary work we built upon by extending their approach to simplicial complexes. We believe this is made clear in the current version of the paper already, e.g. in the introduction: ""[...] here we take inspiration from random walk-based graph neural networks on graphs (Tönshoff et al., 2023) and explore the use of a random walk-based learning architecture for simplicial complexes."" It is our understanding that [4] focuses on hyperedge link prediction and their proposed method is therefore not (directly) applicable to the tasks considered in our paper. Similarly, [3] deals with temporal data, which is not the focus of our paper, though they also explain how their approach can be applied to node classification on static hypergraphs. We however want to point out that this work was published after the submission deadline of our paper. We added a paragraph to our related works section that mentions hypergraphs as another paradigm to represent higher-order interactions and reference to some noticeable hypergraph neural networks, including the proposed references [3] and [5]. We further extended the comparison on the social contact datasets with hypergraph neural networks (Table 3 in the appendix). **Ablation Study** We added an ablation study on the social contact datasets to the appendix where we compare the influence of the window size $s$, the walk length $\ell$, and of lower and upper adjacency when sampling the walks.

We thank the reviewer for their feedback. We would like to point out that the mentioned paper was published after the submission deadline of this paper. However, we agree that the paper provides interesting results and discuss it now in our work. Notice that the paper is similar to RWNN (already in our related work) in that the authors employ random walk probabilities as additional node and edge features, which enhance the main graph neural network. Different to RWNN, they use random walks on simplicial complexes (e.g. by lifting). In contrast, in our work, the concrete random walks are not used as enhancement, but as the main building block of the network."	"**References** We incorporated the suggested references into our work. References [1] and [2] have already been cited in our related work section before. In particular, [2] is the primary work we built upon by extending their approach to simplicial complexes. We believe this is made clear in the current version of the paper already, e.g. in the introduction: ""[...] here we take inspiration from random walk-based graph neural networks on graphs (Tönshoff et al., 2023) and explore the use of a random walk-based learning architecture for simplicial complexes."" It is our understanding that [4] focuses on hyperedge link prediction and their proposed method is therefore not (directly) applicable to the tasks considered in our paper. Similarly, [3] deals with temporal data, which is not the focus of our paper, though they also explain how their approach can be applied to node classification on static hypergraphs. We however want to point out that this work was published after the submission deadline of our paper. We added a paragraph to our related works section that mentions hypergraphs as another paradigm to represent higher-order interactions and reference to some noticeable hypergraph neural networks, including the proposed references [3] and [5]. We further extended the comparison on the social contact datasets with hypergraph neural networks (Table 3 in the appendix). **Ablation Study** We added an ablation study on the social contact datasets to the appendix where we compare the influence of the window size $s$, the walk length $\ell$, and of lower and upper adjacency when sampling the walks.

1. We agree that the memory footprint is considerable, especially for large datasets. However, this is generally the case for simplicial complexes as the simplicial property forces exponentially many sub-simplices for any higher order simplex. The feature matrices themselves can be computed on the fly and are very sparse in the later columns (containing the structural information about connectivity and identity). The first columns contain features that any reasonable approach needs to store as well. An advantage of our approach is, however, that we can vary the scalability, e.g., by selecting the window sizes and walk lengths, which is not possible for classical message passing architectures. Investigating such trade-offs in more detail (more broadly: how to optimally leverage higher-order information, while keeping computations tractable) is an interesting topic we intend to explore in future work in more detail. 2. In our experiments, we sampled one random walk per simplex. Walk lengths are set to 5 for the semantic scholar dataset and 50 for the other datasets. These parameters are mention in the text of section 5 and Table 1 in the appendix. These parameters are of course hyperparameters and can be tuned for the respective dataset. 3. The feature matrices change in every layer (because the hidden states are updated), thus the random walks are passed to every layer. 4. This depends on the dataset at hand and the considered targets. For the semantic scholar dataset, the outputs $y_0, ..., y_5$ are compared as is with the targets. For the social contact dataset, only the outputs $y_0$ are considered. 5. For the semantic scholar dataset, the results of SCRaWl and MPSN are close to perfect, so we cannot expect any strong improvement beyond MPSN. The social contact datasets show that SCRaWl is able to outperform MPSN. Regarding your questions: Yes, the walks can be precomputed as well. This is actually also implemented in our code. However, this does not have any influence on imputation accuracy, but only on training time, which is why we did not include it in the paper. Notice that the same random walks should not be reused in every epoch to avoid overfitting to these specific walks.

Thank you for your detailed response. Let us address each point separately: **Parameter Choice** We added an ablation study to the paper that explores the influence of considered adjacency, the size of the local window, and the length of the random walks on the performance on the social contact datasets. **Utility of Simplicial Perspective** We agree that highlighting the importance a simplicial perspective on datasets would be benefitial. However due to space constraints we considered this outside the scope of our paper. The comparison between SCRaWl and CRaWl (Figure 7) provides an initial indication towards this topic and other authors considered this comparison as well, e.g. Bodnar et al, 2021. We argue that this topic should be dealt with in a more dedicated work and on a more abstract level not focused on one particular neural network architecture but rather with different graph neural networks and simplicial neural networks in mind. **Application to other Complexes** The approach should also work on combinatorial complexes, provided an analogous notion of a random walk is defined. This is similar to the case of cell complexes as explained in the conclusion. For hypergraphs, the notion of upper and lower adjacency is not well defined, which is why we did not consider them in our work. Of course, ignoring this (e.g., by merging the respective columns into one) would yield a valid approach, but we did not investigate the performance of such a method in detail here. **Dataset Size** For larger datasets, reducing the number of random walks is a viable option to reduce complexity. Choosing one random walk per simplex makes is very likely to cover each simplex sufficiently often as a center simplex in a local window, but this property is neither ensured nor necessary. It is also worth considering to use smaller parameters during training and larger parameters during inference. **Minor Things** We added the suggested survey paper as reference for expressivity in context with WL and fixed the minor style issues."		partially_fixed		the reference update helps but the broader dataset concern remains only partly answered
6.200	N0nTk5BSvO__r01	TESTAM: A Time-Enhanced Spatio-Temporal Attention Model with Mixture of Experts	6: marginally above the acceptance threshold	3: You are fairly confident in your assessment. It is possible that you did not understand some parts of the submission or that you are unfamiliar with some pieces of related work. Math/other details were not carefully checked.	partially_fixed	priority_secondary_tfidf	tfidf=partially_fixed; structured=fixed		fixed	partially_fixed	fixed	fixed	fixed	fixed	"[weaknesses] Table 1 shows that the error is small in many conditions compared to existing methods, but the difference is not large, and it is not clear what the significance of this error is. It is also not clear where the computational cost of the proposed method in model building and forecasting stands in comparison to other methods. In my opinion, this is important information, especially how the proposed method relates in terms of computational cost to methods that do not have very large differences in accuracy. It is not clear how the proposed method is able to deal with the ""various circumstances"" described in the intro of the paper.

[questions] Once the information pointed out in Weakness is clarified, the validity of the proposed method will become clearer. Could the authoer please clarify these points?

[summary] This paper proposes a novel deep learning model named TESTAM, which individually models recurring and non-recurring traffic patterns by a mixture-of-experts model with three experts on temporal modeling, spatiotemporal modeling with static graph, and dynamic spatio-temporal dependency modeling with dynamic graph. By introducing different experts and properly routing them, TESTAM could better model various circumstances, including spatially isolated nodes, highly related nodes, and recurring and non-recurring events. The evaluation is conducted with three open datasets and compares the proposed method and existing methods."	Thank you for your detailed comments! Those reviews are really helpful to improve our manuscripts. Below are detailed responses to questions and how we improved our manuscripts. W1. Many typos, incorrect writing, and grammar errors > We first revised the manuscript with authors to fix the typos related to mathematical equations and worked with native English speakers to improve our manuscripts. W2. The effectiveness of time-enhanced attention should be verified through ablation study > We newly updated our ablation study results (i.e., Table 2 in Sec. 4) for time-enhanced attention. Without time-enhanced attention, the model indicates high-performance degradation from 6.40 to 6.64 in terms of MAE for the EXPY-TKY dataset. W3. Need detailed information for the best-route selection loss function > We updated the detailed information on the best-route selection in Appendix A. In our paper, we set q = 0.7. In this setting, an error greater than 70% of the error distribution, which is equal to the top 30% MAE, will be the worst route. In this setting (q=0.7), the bottom 30% MAE will be the best route, which means an error smaller than 1 - q-th quantile will be the best route. We revi...	"Thank you for your detailed comments! Those reviews are really helpful to improve our manuscripts. Below are detailed responses to questions and how we improved our manuscripts. W1. Many typos, incorrect writing, and grammar errors > We first revised the manuscript with authors to fix the typos related to mathematical equations and worked with native English speakers to improve our manuscripts. W2. The effectiveness of time-enhanced attention should be verified through ablation study > We newly updated our ablation study results (i.e., Table 2 in Sec. 4) for time-enhanced attention. Without time-enhanced attention, the model indicates high-performance degradation from 6.40 to 6.64 in terms of MAE for the EXPY-TKY dataset. W3. Need detailed information for the best-route selection loss function > We updated the detailed information on the best-route selection in Appendix A. In our paper, we set q = 0.7. In this setting, an error greater than 70% of the error distribution, which is equal to the top 30% MAE, will be the worst route. In this setting (q=0.7), the bottom 30% MAE will be the best route, which means an error smaller than 1 - q-th quantile will be the best route. We revised our manuscripts and added detailed explanations in Appendix A. W4-1. About experimental results in Table 2 > Our results are actually consistent. To further clarify this, the results in Table 2 are reported across all forecasting windows. This means that the averages from short-term to long-term forecasting results. We have clarified the missing information in our manuscript. W4-2. Concerning computational costs > TESTAM uses a small number of parameters with fewer layers compared to other models, as a result, the computational costs are not expensive. We report a detailed time complexity analysis in Appendix B. For your information, we briefly summarize the results here. TESTAM requires a similar time as DCRNN in training. In the inference phase, TESTAM shows the second fastest computation (about 7 seconds) with the smallest number of the parameters, which is faster than that of the other models except Graph-WaveNet (about 4 seconds). W4-3. Marginal improvements in Table 1, require a case study and investigation > As we described in our manuscripts, we focus on in-situ selection in spatial modeling methods to improve situation awareness of the model. We additionally provide the newly updated and detailed experimental results in Appendix C. Based on the experiment results for roads that have difficult conditions–isolated roads, intersections, or sudden traffic jams caused by events (e.g., accidents)–TESTAM achieves a consistent performance improvement of 4% to 7% compared to other models. We also provide qualitative results in Appendix C with descriptions that showcase how TESTAM improves performance under difficult conditions. W5. The title isn't well-matched to the manuscripts > Thank you! We will add the traffic forecasting in the title in the final version. It will be ""TESTAM: A Time-Enhanced Spatio-Temporal Attention Model with Mixture of Experts for Traffic Forecasting"" Q3. Why do the authors utilize the similarity between input and output as routing probability? > Thank you for your feedback. I guess there exists a misunderstanding. In short, the similarity between $z_e$ and $O_i$ is equivalent to that between the output representation of experts and input-conditioned memory units trained to be in the same space as $z_e$. > In our design, we first make query $Q_i$ by projecting input to the query domain. In this process, the projection learns the input-output mapping, which converts input $X$ (in the input domain) into the $Q$ (in the same domain as final hidden states). Afterward, it queries the memory unit by attention mechanism. Then, the queried memory $O$ is an input-conditioned memory unit that will be trained to be in the same space as the output representations of experts. Therefore, in fact, the similarity between $z_e$ and $O_i$ is equivalent to one between the output representation of experts and the input-conditioned output representation. In this design, the routing probability will be interpreted as the finding of the most feasible solution from experts by using input-conditioned typical output representation.

We are grateful to receive such valuable comments. We improved our manuscripts accordingly. We provide detailed responses below. W1. Lack of novelty in terms of spatial and temporal modeling > Thank you for your feedback! We would like to emphasize that this paper proposes novel context-aware spatial modeling (i.e., different spatial modeling method selections), which reveals that spatio-temporal modeling with multiple spatial modeling methods could lead to better forecasting results. > Furthermore, Time-enhanced attention and temporal information embedding are our approach’s novel temporal modeling methods, which enable better information transfer from the input domain to the output domain. As shown in Table 2 in Sec. 4, without time-enhanced attention, TESTAM experiences a performance degradation from 6.40 to 6.64 in terms of MAE with EXPY-TKY. Please see Table 2 in Sec. 4 and check the ablation study results. W2. Inconsistent usage of terms > Thank you for your feedback! We have revised the inconsistent use of terms and clarified them in our manuscript. W3, Q4. Only the overall metrics are reported, authors should conduct an in-depth experimental analysis. > Thank you for your valuable comment! We additionally provide the newly updated and detailed experimental results in Appendix C. Based on the experiment results for roads that have difficult conditions–isolated roads, intersections, or sudden traffic jams caused by events (e.g., accidents)–TESTAM achieves a consistent performance improvement of 4% to 7% compared to other models. We also provide qualitative results in Appendix C with descriptions that showcase how TESTAM improves performance under difficult conditions. Q1. Why the proposed method is abbreviated as TESTAM? > TESTAM is the abbreviation for “time-enhanced spatio-temporal attention model.” We clarified this in the Introduction. Q2. What does ""in-situ"" mean in the context of this manuscript? > We use the term “in-situ” to better describe the dynamic and context-aware selection of spatial modeling methods. Q3. Do temporal information embedding and time-enhanced attention affect the performance? > We newly updated our ablation study results (i.e., Table 2 in Sec. 4) for TIM and time-enhanced attention. Without time-enhanced attention, the model indicates high-performance degradation from 6.40 to 6.64 in terms of MAE for the EXPY-TKY dataset. We also resolved minor issues. Here is the list: 1. We clarified the meaning of the results in bold and underlined in Table 1. Results in bold indicate the best performance and those underlined indicate the second-best performance 2. We updated the qualitative analysis and descriptions in Appendix, C. 3. We revised manuscripts for the equations to be numbered 4. We provide explicit formula and descriptions for pseudo labels in Appendix A

We thank the reviewers for their valuable comments. We believe that we have further improved our manuscripts accordingly. In these comments, we provide responses to the common questions raised by reviewers. ### **The improvements in Table 1 seem marginal – need more detailed information to support TESTAM is really effective for various circumstances** > As we described in our manuscripts, we focus on in-situ selection in spatial modeling methods to improve situation awareness of the model. We additionally provide the newly updated and detailed experimental results in Appendix C. Based on the experiment results for roads that have difficult conditions–isolated roads, intersections, or sudden traffic jams caused by events (e.g., accidents)–TESTAM achieves a consistent performance improvement of 4% to 7% compared to other models. We also provide qualitative results in Appendix C with descriptions that showcase how TESTAM improves performance under difficult conditions. ### **Provide detailed information for best-route selection loss and time complexity of TESTAM** > (Computational costs) TESTAM uses a small number of parameters with fewer layers compared to other models, as a result, the computational costs are not expensive. We report a detailed time complexity analysis in Appendix B. For your information, we briefly summarize the results here. TESTAM requires a similar time as DCRNN in training. In the inference phase, TESTAM shows the second fastest computation (about 7 seconds) with the smallest number of the parameters, which is faster than that of the other models except Graph-WaveNet (about 4 seconds). > (About best-route selection) We updated the detailed information on the best-route selection in Appendix A. In our paper, we set q = 0.7. In this setting, an error greater than 70% of the error distribution, which is equal to the top 30% MAE, will be the worst route. In this setting (q=0.7), the bottom 30% MAE will be the best route, which means an error smaller than 1 - q-th quantile will be the best route. We revised our manuscripts and added detailed explanations in Appendix A. ### **Effectiveness of TIM and time-enhanced attention** > We newly updated our ablation study results (i.e., Table 2 in Sec. 4) for TIM and time-enhanced attention. Without time-enhanced attention, the model indicates high-performance degradation from 6.40 to 6.64 in terms of MAE for the EXPY-TKY dataset. ### **Fix typo and grammar errors** > We worked with native English speakers to improve our manuscripts."	"Thank you for your detailed review! We revised our paper accordingly. Below are the detailed responses and revisions. W1 and W3. Table 1 shows marginal improvements and only reports the averaged performance without reporting the performances in various circumstances, including recurring and non-recurring traffic patterns. > Thank you for your feedback! As we described in our manuscripts, we focus on an in-situ selection of spatial modeling to improve situation awareness of the model. To emphasize the contribution and validate the situation-awareness of TESTAM, we additionally provide the detailed experimental results in Appendix C. Specifically, in the case of isolated roads, intersections, or sudden traffic jams caused by events (e.g., accidents), TESTAM achieves a consistent improvement of 4% to 7% compared to existing models. W2. Queries for the computational costs analysis > TESTAM uses a small number of parameters with fewer layers compared to other models, as a result, the computational costs are not expensive. We report a detailed time complexity analysis with the METR-LA dataset in Appendix B. For your information, we briefly summarize the results here. TESTAM requires a similar time as DCRNN in training. In the inference phase, TESTAM shows the second fastest computation (about 7 seconds) with the smallest number of the parameters, which is faster than that of the other models except Graph-WaveNet (about 4 seconds).

We thank the reviewers for their valuable comments. We believe that we have further improved our manuscripts accordingly. In these comments, we provide responses to the common questions raised by reviewers. ### **The improvements in Table 1 seem marginal – need more detailed information to support TESTAM is really effective for various circumstances** > As we described in our manuscripts, we focus on in-situ selection in spatial modeling methods to improve situation awareness of the model. We additionally provide the newly updated and detailed experimental results in Appendix C. Based on the experiment results for roads that have difficult conditions–isolated roads, intersections, or sudden traffic jams caused by events (e.g., accidents)–TESTAM achieves a consistent performance improvement of 4% to 7% compared to other models. We also provide qualitative results in Appendix C with descriptions that showcase how TESTAM improves performance under difficult conditions. ### **Provide detailed information for best-route selection loss and time complexity of TESTAM** > (Computational costs) TESTAM uses a small number of parameters with fewer layers compared to other models, as a result, the computational costs are not expensive. We report a detailed time complexity analysis in Appendix B. For your information, we briefly summarize the results here. TESTAM requires a similar time as DCRNN in training. In the inference phase, TESTAM shows the second fastest computation (about 7 seconds) with the smallest number of the parameters, which is faster than that of the other models except Graph-WaveNet (about 4 seconds). > (About best-route selection) We updated the detailed information on the best-route selection in Appendix A. In our paper, we set q = 0.7. In this setting, an error greater than 70% of the error distribution, which is equal to the top 30% MAE, will be the worst route. In this setting (q=0.7), the bottom 30% MAE will be the best route, which means an error smaller than 1 - q-th quantile will be the best route. We revised our manuscripts and added detailed explanations in Appendix A. ### **Effectiveness of TIM and time-enhanced attention** > We newly updated our ablation study results (i.e., Table 2 in Sec. 4) for TIM and time-enhanced attention. Without time-enhanced attention, the model indicates high-performance degradation from 6.40 to 6.64 in terms of MAE for the EXPY-TKY dataset. ### **Fix typo and grammar errors** > We worked with native English speakers to improve our manuscripts.

We are grateful to receive such valuable comments. We improved our manuscripts accordingly. We provide detailed responses below. W1. Lack of novelty in terms of spatial and temporal modeling > Thank you for your feedback! We would like to emphasize that this paper proposes novel context-aware spatial modeling (i.e., different spatial modeling method selections), which reveals that spatio-temporal modeling with multiple spatial modeling methods could lead to better forecasting results. > Furthermore, Time-enhanced attention and temporal information embedding are our approach’s novel temporal modeling methods, which enable better information transfer from the input domain to the output domain. As shown in Table 2 in Sec. 4, without time-enhanced attention, TESTAM experiences a performance degradation from 6.40 to 6.64 in terms of MAE with EXPY-TKY. Please see Table 2 in Sec. 4 and check the ablation study results. W2. Inconsistent usage of terms > Thank you for your feedback! We have revised the inconsistent use of terms and clarified them in our manuscript. W3, Q4. Only the overall metrics are reported, authors should conduct an in-depth experimental analysis. > Thank you for your valuable comment! We additionally provide the newly updated and detailed experimental results in Appendix C. Based on the experiment results for roads that have difficult conditions–isolated roads, intersections, or sudden traffic jams caused by events (e.g., accidents)–TESTAM achieves a consistent performance improvement of 4% to 7% compared to other models. We also provide qualitative results in Appendix C with descriptions that showcase how TESTAM improves performance under difficult conditions. Q1. Why the proposed method is abbreviated as TESTAM? > TESTAM is the abbreviation for “time-enhanced spatio-temporal attention model.” We clarified this in the Introduction. Q2. What does ""in-situ"" mean in the context of this manuscript? > We use the term “in-situ” to better describe the dynamic and context-aware selection of spatial modeling methods. Q3. Do temporal information embedding and time-enhanced attention affect the performance? > We newly updated our ablation study results (i.e., Table 2 in Sec. 4) for TIM and time-enhanced attention. Without time-enhanced attention, the model indicates high-performance degradation from 6.40 to 6.64 in terms of MAE for the EXPY-TKY dataset. We also resolved minor issues. Here is the list: 1. We clarified the meaning of the results in bold and underlined in Table 1. Results in bold indicate the best performance and those underlined indicate the second-best performance 2. We updated the qualitative analysis and descriptions in Appendix, C. 3. We revised manuscripts for the equations to be numbered 4. We provide explicit formula and descriptions for pseudo labels in Appendix A"		partially_fixed		the paper adds more breakdowns but does not fully settle the significance and cost concerns
6.200	N0nTk5BSvO__r02	TESTAM: A Time-Enhanced Spatio-Temporal Attention Model with Mixture of Experts	6: marginally above the acceptance threshold	4: You are confident in your assessment, but not absolutely certain. It is unlikely, but not impossible, that you did not understand some parts of the submission or that you are unfamiliar with some pieces of related work.	partially_fixed	priority_secondary_tfidf	tfidf=partially_fixed; structured=fixed		fixed	partially_fixed	fixed	fixed	fixed	fixed	"[weaknesses] The main issue of the paper is perhaps the relatively weak experimental results. As shown in Table 1, the proposed model TESTAM has very similar performance to MegaCRN (Jiang et al., 2023) and sometimes PM-MemNet (Lee et al., 2022). There are no model training time results. I wonder if TESTAM is even slower than MegaCRN and/or PM-MemNet to train. The discussion of the results have focused on comparisons with GMAN and StemGNN which are from 2020 and are relatively ""old"" methods already. Overall, the importance of the proposed techniques has not been shown with strong evidence. Minor presentation issues: Typo: ""is noisy sensitive"", ""ahve"", ""Let define""; Check ""where f(X(t), θ)"" below Equation 1; Grammar: ""traffic data is noisy and contains many non-stationary, make the best route selection hard.""

[questions] See the weak points.

[summary] This paper presents a mixture of experts model for traffic forecasting where each expert model uses a different spatial correlation learning model. In addition, a time-enhanced attention is added to help model the temporal correlation on top of the usual attention module. Experiments haven been conducted on three datasets, two of which of commonly used benchmark datasets. There are 13 baseline models, including one from 2022 and one from 2023."	Thank you for your detailed comments! Those reviews are really helpful to improve our manuscripts. Below are detailed responses to questions and how we improved our manuscripts. W1. Many typos, incorrect writing, and grammar errors > We first revised the manuscript with authors to fix the typos related to mathematical equations and worked with native English speakers to improve our manuscripts. W2. The effectiveness of time-enhanced attention should be verified through ablation study > We newly updated our ablation study results (i.e., Table 2 in Sec. 4) for time-enhanced attention. Without time-enhanced attention, the model indicates high-performance degradation from 6.40 to 6.64 in terms of MAE for the EXPY-TKY dataset. W3. Need detailed information for the best-route selection loss function > We updated the detailed information on the best-route selection in Appendix A. In our paper, we set q = 0.7. In this setting, an error greater than 70% of the error distribution, which is equal to the top 30% MAE, will be the worst route. In this setting (q=0.7), the bottom 30% MAE will be the best route, which means an error smaller than 1 - q-th quantile will be the best route. We revi...	"Thank you for your detailed comments! Those reviews are really helpful to improve our manuscripts. Below are detailed responses to questions and how we improved our manuscripts. W1. Many typos, incorrect writing, and grammar errors > We first revised the manuscript with authors to fix the typos related to mathematical equations and worked with native English speakers to improve our manuscripts. W2. The effectiveness of time-enhanced attention should be verified through ablation study > We newly updated our ablation study results (i.e., Table 2 in Sec. 4) for time-enhanced attention. Without time-enhanced attention, the model indicates high-performance degradation from 6.40 to 6.64 in terms of MAE for the EXPY-TKY dataset. W3. Need detailed information for the best-route selection loss function > We updated the detailed information on the best-route selection in Appendix A. In our paper, we set q = 0.7. In this setting, an error greater than 70% of the error distribution, which is equal to the top 30% MAE, will be the worst route. In this setting (q=0.7), the bottom 30% MAE will be the best route, which means an error smaller than 1 - q-th quantile will be the best route. We revised our manuscripts and added detailed explanations in Appendix A. W4-1. About experimental results in Table 2 > Our results are actually consistent. To further clarify this, the results in Table 2 are reported across all forecasting windows. This means that the averages from short-term to long-term forecasting results. We have clarified the missing information in our manuscript. W4-2. Concerning computational costs > TESTAM uses a small number of parameters with fewer layers compared to other models, as a result, the computational costs are not expensive. We report a detailed time complexity analysis in Appendix B. For your information, we briefly summarize the results here. TESTAM requires a similar time as DCRNN in training. In the inference phase, TESTAM shows the second fastest computation (about 7 seconds) with the smallest number of the parameters, which is faster than that of the other models except Graph-WaveNet (about 4 seconds). W4-3. Marginal improvements in Table 1, require a case study and investigation > As we described in our manuscripts, we focus on in-situ selection in spatial modeling methods to improve situation awareness of the model. We additionally provide the newly updated and detailed experimental results in Appendix C. Based on the experiment results for roads that have difficult conditions–isolated roads, intersections, or sudden traffic jams caused by events (e.g., accidents)–TESTAM achieves a consistent performance improvement of 4% to 7% compared to other models. We also provide qualitative results in Appendix C with descriptions that showcase how TESTAM improves performance under difficult conditions. W5. The title isn't well-matched to the manuscripts > Thank you! We will add the traffic forecasting in the title in the final version. It will be ""TESTAM: A Time-Enhanced Spatio-Temporal Attention Model with Mixture of Experts for Traffic Forecasting"" Q3. Why do the authors utilize the similarity between input and output as routing probability? > Thank you for your feedback. I guess there exists a misunderstanding. In short, the similarity between $z_e$ and $O_i$ is equivalent to that between the output representation of experts and input-conditioned memory units trained to be in the same space as $z_e$. > In our design, we first make query $Q_i$ by projecting input to the query domain. In this process, the projection learns the input-output mapping, which converts input $X$ (in the input domain) into the $Q$ (in the same domain as final hidden states). Afterward, it queries the memory unit by attention mechanism. Then, the queried memory $O$ is an input-conditioned memory unit that will be trained to be in the same space as the output representations of experts. Therefore, in fact, the similarity between $z_e$ and $O_i$ is equivalent to one between the output representation of experts and the input-conditioned output representation. In this design, the routing probability will be interpreted as the finding of the most feasible solution from experts by using input-conditioned typical output representation.

We thank the reviewers for their valuable comments. We believe that we have further improved our manuscripts accordingly. In these comments, we provide responses to the common questions raised by reviewers. ### **The improvements in Table 1 seem marginal – need more detailed information to support TESTAM is really effective for various circumstances** > As we described in our manuscripts, we focus on in-situ selection in spatial modeling methods to improve situation awareness of the model. We additionally provide the newly updated and detailed experimental results in Appendix C. Based on the experiment results for roads that have difficult conditions–isolated roads, intersections, or sudden traffic jams caused by events (e.g., accidents)–TESTAM achieves a consistent performance improvement of 4% to 7% compared to other models. We also provide qualitative results in Appendix C with descriptions that showcase how TESTAM improves performance under difficult conditions. ### **Provide detailed information for best-route selection loss and time complexity of TESTAM** > (Computational costs) TESTAM uses a small number of parameters with fewer layers compared to other models, as a result, the computational costs are not expensive. We report a detailed time complexity analysis in Appendix B. For your information, we briefly summarize the results here. TESTAM requires a similar time as DCRNN in training. In the inference phase, TESTAM shows the second fastest computation (about 7 seconds) with the smallest number of the parameters, which is faster than that of the other models except Graph-WaveNet (about 4 seconds). > (About best-route selection) We updated the detailed information on the best-route selection in Appendix A. In our paper, we set q = 0.7. In this setting, an error greater than 70% of the error distribution, which is equal to the top 30% MAE, will be the worst route. In this setting (q=0.7), the bottom 30% MAE will be the best route, which means an error smaller than 1 - q-th quantile will be the best route. We revised our manuscripts and added detailed explanations in Appendix A. ### **Effectiveness of TIM and time-enhanced attention** > We newly updated our ablation study results (i.e., Table 2 in Sec. 4) for TIM and time-enhanced attention. Without time-enhanced attention, the model indicates high-performance degradation from 6.40 to 6.64 in terms of MAE for the EXPY-TKY dataset. ### **Fix typo and grammar errors** > We worked with native English speakers to improve our manuscripts.

We are grateful to receive such valuable comments. We improved our manuscripts accordingly. We provide detailed responses below. W1. Lack of novelty in terms of spatial and temporal modeling > Thank you for your feedback! We would like to emphasize that this paper proposes novel context-aware spatial modeling (i.e., different spatial modeling method selections), which reveals that spatio-temporal modeling with multiple spatial modeling methods could lead to better forecasting results. > Furthermore, Time-enhanced attention and temporal information embedding are our approach’s novel temporal modeling methods, which enable better information transfer from the input domain to the output domain. As shown in Table 2 in Sec. 4, without time-enhanced attention, TESTAM experiences a performance degradation from 6.40 to 6.64 in terms of MAE with EXPY-TKY. Please see Table 2 in Sec. 4 and check the ablation study results. W2. Inconsistent usage of terms > Thank you for your feedback! We have revised the inconsistent use of terms and clarified them in our manuscript. W3, Q4. Only the overall metrics are reported, authors should conduct an in-depth experimental analysis. > Thank you for your valuable comment! We additionally provide the newly updated and detailed experimental results in Appendix C. Based on the experiment results for roads that have difficult conditions–isolated roads, intersections, or sudden traffic jams caused by events (e.g., accidents)–TESTAM achieves a consistent performance improvement of 4% to 7% compared to other models. We also provide qualitative results in Appendix C with descriptions that showcase how TESTAM improves performance under difficult conditions. Q1. Why the proposed method is abbreviated as TESTAM? > TESTAM is the abbreviation for “time-enhanced spatio-temporal attention model.” We clarified this in the Introduction. Q2. What does ""in-situ"" mean in the context of this manuscript? > We use the term “in-situ” to better describe the dynamic and context-aware selection of spatial modeling methods. Q3. Do temporal information embedding and time-enhanced attention affect the performance? > We newly updated our ablation study results (i.e., Table 2 in Sec. 4) for TIM and time-enhanced attention. Without time-enhanced attention, the model indicates high-performance degradation from 6.40 to 6.64 in terms of MAE for the EXPY-TKY dataset. We also resolved minor issues. Here is the list: 1. We clarified the meaning of the results in bold and underlined in Table 1. Results in bold indicate the best performance and those underlined indicate the second-best performance 2. We updated the qualitative analysis and descriptions in Appendix, C. 3. We revised manuscripts for the equations to be numbered 4. We provide explicit formula and descriptions for pseudo labels in Appendix A"	"Thank you for your detailed review! We revised our paper accordingly. Below are the detailed responses and revisions. W1 and W3. Table 1 shows marginal improvements and only reports the averaged performance without reporting the performances in various circumstances, including recurring and non-recurring traffic patterns. > Thank you for your feedback! As we described in our manuscripts, we focus on an in-situ selection of spatial modeling to improve situation awareness of the model. To emphasize the contribution and validate the situation-awareness of TESTAM, we additionally provide the detailed experimental results in Appendix C. Specifically, in the case of isolated roads, intersections, or sudden traffic jams caused by events (e.g., accidents), TESTAM achieves a consistent improvement of 4% to 7% compared to existing models. W2. Queries for the computational costs analysis > TESTAM uses a small number of parameters with fewer layers compared to other models, as a result, the computational costs are not expensive. We report a detailed time complexity analysis with the METR-LA dataset in Appendix B. For your information, we briefly summarize the results here. TESTAM requires a similar time as DCRNN in training. In the inference phase, TESTAM shows the second fastest computation (about 7 seconds) with the smallest number of the parameters, which is faster than that of the other models except Graph-WaveNet (about 4 seconds).

We thank the reviewers for their valuable comments. We believe that we have further improved our manuscripts accordingly. In these comments, we provide responses to the common questions raised by reviewers. ### **The improvements in Table 1 seem marginal – need more detailed information to support TESTAM is really effective for various circumstances** > As we described in our manuscripts, we focus on in-situ selection in spatial modeling methods to improve situation awareness of the model. We additionally provide the newly updated and detailed experimental results in Appendix C. Based on the experiment results for roads that have difficult conditions–isolated roads, intersections, or sudden traffic jams caused by events (e.g., accidents)–TESTAM achieves a consistent performance improvement of 4% to 7% compared to other models. We also provide qualitative results in Appendix C with descriptions that showcase how TESTAM improves performance under difficult conditions. ### **Provide detailed information for best-route selection loss and time complexity of TESTAM** > (Computational costs) TESTAM uses a small number of parameters with fewer layers compared to other models, as a result, the computational costs are not expensive. We report a detailed time complexity analysis in Appendix B. For your information, we briefly summarize the results here. TESTAM requires a similar time as DCRNN in training. In the inference phase, TESTAM shows the second fastest computation (about 7 seconds) with the smallest number of the parameters, which is faster than that of the other models except Graph-WaveNet (about 4 seconds). > (About best-route selection) We updated the detailed information on the best-route selection in Appendix A. In our paper, we set q = 0.7. In this setting, an error greater than 70% of the error distribution, which is equal to the top 30% MAE, will be the worst route. In this setting (q=0.7), the bottom 30% MAE will be the best route, which means an error smaller than 1 - q-th quantile will be the best route. We revised our manuscripts and added detailed explanations in Appendix A. ### **Effectiveness of TIM and time-enhanced attention** > We newly updated our ablation study results (i.e., Table 2 in Sec. 4) for TIM and time-enhanced attention. Without time-enhanced attention, the model indicates high-performance degradation from 6.40 to 6.64 in terms of MAE for the EXPY-TKY dataset. ### **Fix typo and grammar errors** > We worked with native English speakers to improve our manuscripts.

We are grateful to receive such valuable comments. We improved our manuscripts accordingly. We provide detailed responses below. W1. Lack of novelty in terms of spatial and temporal modeling > Thank you for your feedback! We would like to emphasize that this paper proposes novel context-aware spatial modeling (i.e., different spatial modeling method selections), which reveals that spatio-temporal modeling with multiple spatial modeling methods could lead to better forecasting results. > Furthermore, Time-enhanced attention and temporal information embedding are our approach’s novel temporal modeling methods, which enable better information transfer from the input domain to the output domain. As shown in Table 2 in Sec. 4, without time-enhanced attention, TESTAM experiences a performance degradation from 6.40 to 6.64 in terms of MAE with EXPY-TKY. Please see Table 2 in Sec. 4 and check the ablation study results. W2. Inconsistent usage of terms > Thank you for your feedback! We have revised the inconsistent use of terms and clarified them in our manuscript. W3, Q4. Only the overall metrics are reported, authors should conduct an in-depth experimental analysis. > Thank you for your valuable comment! We additionally provide the newly updated and detailed experimental results in Appendix C. Based on the experiment results for roads that have difficult conditions–isolated roads, intersections, or sudden traffic jams caused by events (e.g., accidents)–TESTAM achieves a consistent performance improvement of 4% to 7% compared to other models. We also provide qualitative results in Appendix C with descriptions that showcase how TESTAM improves performance under difficult conditions. Q1. Why the proposed method is abbreviated as TESTAM? > TESTAM is the abbreviation for “time-enhanced spatio-temporal attention model.” We clarified this in the Introduction. Q2. What does ""in-situ"" mean in the context of this manuscript? > We use the term “in-situ” to better describe the dynamic and context-aware selection of spatial modeling methods. Q3. Do temporal information embedding and time-enhanced attention affect the performance? > We newly updated our ablation study results (i.e., Table 2 in Sec. 4) for TIM and time-enhanced attention. Without time-enhanced attention, the model indicates high-performance degradation from 6.40 to 6.64 in terms of MAE for the EXPY-TKY dataset. We also resolved minor issues. Here is the list: 1. We clarified the meaning of the results in bold and underlined in Table 1. Results in bold indicate the best performance and those underlined indicate the second-best performance 2. We updated the qualitative analysis and descriptions in Appendix, C. 3. We revised manuscripts for the equations to be numbered 4. We provide explicit formula and descriptions for pseudo labels in Appendix A"		partially_fixed		experimental weakness is reduced but training-time and importance concerns remain partially open
6.200	N0nTk5BSvO__r03	TESTAM: A Time-Enhanced Spatio-Temporal Attention Model with Mixture of Experts	5: marginally below the acceptance threshold	4: You are confident in your assessment, but not absolutely certain. It is unlikely, but not impossible, that you did not understand some parts of the submission or that you are unfamiliar with some pieces of related work.	partially_fixed	priority_secondary_tfidf	tfidf=partially_fixed; structured=fixed		fixed	partially_fixed	unresolved	fixed	fixed	fixed	"[weaknesses] W1. There are many typos, and some incorrect writings can seriously mislead the readers: - '...choose spatial modeling methods (i.e., expert) properly; and' on page one. - $f(X^{(t)},\theta)$ should be replaced by 'g(X^{(t)},\theta)' on page three. - In the formulas at the bottom of page five, the superscript (k) in $W_{q}^{(k)}$ and $W_{k}^{(k)}$ appears to be meaningless and should be replaced by $W_q$ and $W_k$. - On the fifth page, $\[\tau^{(t+1),...,\tau^{(t+T)}\]$ should be changed to $\[\tau^{(t+1),...,\tau^{(t+T')}\]$. - In formula 5 on the sixth page, 'larger than q-th quantile' should be corrected to 'smaller than q-th quantile.' - In the seventh page, the sentence 'excludes the relatively coarse-grained loss function only' should have 'only' removed. - The functions such as 'Concat' and the activation functions 'relu' should be written as upright letters. - Some formulas have equation numbers, while others do not. W2. The effectiveness of Time-enhanced Attention has not been verified through ablation experiments, and readers cannot determine whether it truly enhances the model's predictive performance. W3. The distinction between best-route selection and worst routing avoidance is not clear. When introducing best-route selection, the authors mention node-wise routing and node-wise pseudo-label but haven't explained them. Additionally, changing 'smaller than q-th quantile' to 'smaller than (1-q)-th quantile' alone is considered best-route selection, but the reason for this change has not been provided. W4. Experimental results: - The experimental results are inconsistent. In Table 2, the results for TESTAM in the ablation experiment are for a 30-minute forecast, but they do not match the results in Table 1. Additionally, I noticed that in Table 2, the PEMS-BAY dataset performs better in the 'w/o gating' condition than the complete TESTAM model in Table 1. - The magnitude of the performance improvement is minimal. Table 1 shows that many metrics only slightly improve in terms of percentiles, at the cost of three times the computational time and memory for building three expert models. W5. The title doesn’t well match with this study itself. Actually, this work mostly focuses on traffic forecasting, but the title suggesting a new general Spatio-Temporal Attention Model with MoE seems much more general and broader.

[questions] Q1- Q2: Please refer to W3 and W4. Q3. In memory-based gating networks, why the similarity between the model's input and output is used as the routing probability? This lacks a certain theoretical foundation (or some analysis) and explanation.

[summary] In this paper, authors introduce TESTAM, a novel Time-Enhanced Spatial-Temporal Attention Model to realize accurate traffic forecasting. TESTAM is a Mixture-of-Experts model that incorporates attention mechanisms, allowing real-time spatial modeling under both normal and abnormal circumstances. By reformulating the routing problem as a classification task, TESTAM can adapt to different traffic conditions, enabling the selection of appropriate spatial modeling methods."	Thank you for your detailed comments! Those reviews are really helpful to improve our manuscripts. Below are detailed responses to questions and how we improved our manuscripts. W1. Many typos, incorrect writing, and grammar errors > We first revised the manuscript with authors to fix the typos related to mathematical equations and worked with native English speakers to improve our manuscripts. W2. The effectiveness of time-enhanced attention should be verified through ablation study > We newly updated our ablation study results (i.e., Table 2 in Sec. 4) for time-enhanced attention. Without time-enhanced attention, the model indicates high-performance degradation from 6.40 to 6.64 in terms of MAE for the EXPY-TKY dataset. W3. Need detailed information for the best-route selection loss function > We updated the detailed information on the best-route selection in Appendix A. In our paper, we set q = 0.7. In this setting, an error greater than 70% of the error distribution, which is equal to the top 30% MAE, will be the worst route. In this setting (q=0.7), the bottom 30% MAE will be the best route, which means an error smaller than 1 - q-th quantile will be the best route. We revi...	"Thank you for your detailed comments! Those reviews are really helpful to improve our manuscripts. Below are detailed responses to questions and how we improved our manuscripts. W1. Many typos, incorrect writing, and grammar errors > We first revised the manuscript with authors to fix the typos related to mathematical equations and worked with native English speakers to improve our manuscripts. W2. The effectiveness of time-enhanced attention should be verified through ablation study > We newly updated our ablation study results (i.e., Table 2 in Sec. 4) for time-enhanced attention. Without time-enhanced attention, the model indicates high-performance degradation from 6.40 to 6.64 in terms of MAE for the EXPY-TKY dataset. W3. Need detailed information for the best-route selection loss function > We updated the detailed information on the best-route selection in Appendix A. In our paper, we set q = 0.7. In this setting, an error greater than 70% of the error distribution, which is equal to the top 30% MAE, will be the worst route. In this setting (q=0.7), the bottom 30% MAE will be the best route, which means an error smaller than 1 - q-th quantile will be the best route. We revised our manuscripts and added detailed explanations in Appendix A. W4-1. About experimental results in Table 2 > Our results are actually consistent. To further clarify this, the results in Table 2 are reported across all forecasting windows. This means that the averages from short-term to long-term forecasting results. We have clarified the missing information in our manuscript. W4-2. Concerning computational costs > TESTAM uses a small number of parameters with fewer layers compared to other models, as a result, the computational costs are not expensive. We report a detailed time complexity analysis in Appendix B. For your information, we briefly summarize the results here. TESTAM requires a similar time as DCRNN in training. In the inference phase, TESTAM shows the second fastest computation (about 7 seconds) with the smallest number of the parameters, which is faster than that of the other models except Graph-WaveNet (about 4 seconds). W4-3. Marginal improvements in Table 1, require a case study and investigation > As we described in our manuscripts, we focus on in-situ selection in spatial modeling methods to improve situation awareness of the model. We additionally provide the newly updated and detailed experimental results in Appendix C. Based on the experiment results for roads that have difficult conditions–isolated roads, intersections, or sudden traffic jams caused by events (e.g., accidents)–TESTAM achieves a consistent performance improvement of 4% to 7% compared to other models. We also provide qualitative results in Appendix C with descriptions that showcase how TESTAM improves performance under difficult conditions. W5. The title isn't well-matched to the manuscripts > Thank you! We will add the traffic forecasting in the title in the final version. It will be ""TESTAM: A Time-Enhanced Spatio-Temporal Attention Model with Mixture of Experts for Traffic Forecasting"" Q3. Why do the authors utilize the similarity between input and output as routing probability? > Thank you for your feedback. I guess there exists a misunderstanding. In short, the similarity between $z_e$ and $O_i$ is equivalent to that between the output representation of experts and input-conditioned memory units trained to be in the same space as $z_e$. > In our design, we first make query $Q_i$ by projecting input to the query domain. In this process, the projection learns the input-output mapping, which converts input $X$ (in the input domain) into the $Q$ (in the same domain as final hidden states). Afterward, it queries the memory unit by attention mechanism. Then, the queried memory $O$ is an input-conditioned memory unit that will be trained to be in the same space as the output representations of experts. Therefore, in fact, the similarity between $z_e$ and $O_i$ is equivalent to one between the output representation of experts and the input-conditioned output representation. In this design, the routing probability will be interpreted as the finding of the most feasible solution from experts by using input-conditioned typical output representation.

We are grateful to receive such valuable comments. We improved our manuscripts accordingly. We provide detailed responses below. W1. Lack of novelty in terms of spatial and temporal modeling > Thank you for your feedback! We would like to emphasize that this paper proposes novel context-aware spatial modeling (i.e., different spatial modeling method selections), which reveals that spatio-temporal modeling with multiple spatial modeling methods could lead to better forecasting results. > Furthermore, Time-enhanced attention and temporal information embedding are our approach’s novel temporal modeling methods, which enable better information transfer from the input domain to the output domain. As shown in Table 2 in Sec. 4, without time-enhanced attention, TESTAM experiences a performance degradation from 6.40 to 6.64 in terms of MAE with EXPY-TKY. Please see Table 2 in Sec. 4 and check the ablation study results. W2. Inconsistent usage of terms > Thank you for your feedback! We have revised the inconsistent use of terms and clarified them in our manuscript. W3, Q4. Only the overall metrics are reported, authors should conduct an in-depth experimental analysis. > Thank you for your valuable comment! We additionally provide the newly updated and detailed experimental results in Appendix C. Based on the experiment results for roads that have difficult conditions–isolated roads, intersections, or sudden traffic jams caused by events (e.g., accidents)–TESTAM achieves a consistent performance improvement of 4% to 7% compared to other models. We also provide qualitative results in Appendix C with descriptions that showcase how TESTAM improves performance under difficult conditions. Q1. Why the proposed method is abbreviated as TESTAM? > TESTAM is the abbreviation for “time-enhanced spatio-temporal attention model.” We clarified this in the Introduction. Q2. What does ""in-situ"" mean in the context of this manuscript? > We use the term “in-situ” to better describe the dynamic and context-aware selection of spatial modeling methods. Q3. Do temporal information embedding and time-enhanced attention affect the performance? > We newly updated our ablation study results (i.e., Table 2 in Sec. 4) for TIM and time-enhanced attention. Without time-enhanced attention, the model indicates high-performance degradation from 6.40 to 6.64 in terms of MAE for the EXPY-TKY dataset. We also resolved minor issues. Here is the list: 1. We clarified the meaning of the results in bold and underlined in Table 1. Results in bold indicate the best performance and those underlined indicate the second-best performance 2. We updated the qualitative analysis and descriptions in Appendix, C. 3. We revised manuscripts for the equations to be numbered 4. We provide explicit formula and descriptions for pseudo labels in Appendix A

We thank the reviewers for their valuable comments. We believe that we have further improved our manuscripts accordingly. In these comments, we provide responses to the common questions raised by reviewers. ### **The improvements in Table 1 seem marginal – need more detailed information to support TESTAM is really effective for various circumstances** > As we described in our manuscripts, we focus on in-situ selection in spatial modeling methods to improve situation awareness of the model. We additionally provide the newly updated and detailed experimental results in Appendix C. Based on the experiment results for roads that have difficult conditions–isolated roads, intersections, or sudden traffic jams caused by events (e.g., accidents)–TESTAM achieves a consistent performance improvement of 4% to 7% compared to other models. We also provide qualitative results in Appendix C with descriptions that showcase how TESTAM improves performance under difficult conditions. ### **Provide detailed information for best-route selection loss and time complexity of TESTAM** > (Computational costs) TESTAM uses a small number of parameters with fewer layers compared to other models, as a result, the computational costs are not expensive. We report a detailed time complexity analysis in Appendix B. For your information, we briefly summarize the results here. TESTAM requires a similar time as DCRNN in training. In the inference phase, TESTAM shows the second fastest computation (about 7 seconds) with the smallest number of the parameters, which is faster than that of the other models except Graph-WaveNet (about 4 seconds). > (About best-route selection) We updated the detailed information on the best-route selection in Appendix A. In our paper, we set q = 0.7. In this setting, an error greater than 70% of the error distribution, which is equal to the top 30% MAE, will be the worst route. In this setting (q=0.7), the bottom 30% MAE will be the best route, which means an error smaller than 1 - q-th quantile will be the best route. We revised our manuscripts and added detailed explanations in Appendix A. ### **Effectiveness of TIM and time-enhanced attention** > We newly updated our ablation study results (i.e., Table 2 in Sec. 4) for TIM and time-enhanced attention. Without time-enhanced attention, the model indicates high-performance degradation from 6.40 to 6.64 in terms of MAE for the EXPY-TKY dataset. ### **Fix typo and grammar errors** > We worked with native English speakers to improve our manuscripts."	"Thank you for your detailed review! We revised our paper accordingly. Below are the detailed responses and revisions. W1 and W3. Table 1 shows marginal improvements and only reports the averaged performance without reporting the performances in various circumstances, including recurring and non-recurring traffic patterns. > Thank you for your feedback! As we described in our manuscripts, we focus on an in-situ selection of spatial modeling to improve situation awareness of the model. To emphasize the contribution and validate the situation-awareness of TESTAM, we additionally provide the detailed experimental results in Appendix C. Specifically, in the case of isolated roads, intersections, or sudden traffic jams caused by events (e.g., accidents), TESTAM achieves a consistent improvement of 4% to 7% compared to existing models. W2. Queries for the computational costs analysis > TESTAM uses a small number of parameters with fewer layers compared to other models, as a result, the computational costs are not expensive. We report a detailed time complexity analysis with the METR-LA dataset in Appendix B. For your information, we briefly summarize the results here. TESTAM requires a similar time as DCRNN in training. In the inference phase, TESTAM shows the second fastest computation (about 7 seconds) with the smallest number of the parameters, which is faster than that of the other models except Graph-WaveNet (about 4 seconds).

We thank the reviewers for their valuable comments. We believe that we have further improved our manuscripts accordingly. In these comments, we provide responses to the common questions raised by reviewers. ### **The improvements in Table 1 seem marginal – need more detailed information to support TESTAM is really effective for various circumstances** > As we described in our manuscripts, we focus on in-situ selection in spatial modeling methods to improve situation awareness of the model. We additionally provide the newly updated and detailed experimental results in Appendix C. Based on the experiment results for roads that have difficult conditions–isolated roads, intersections, or sudden traffic jams caused by events (e.g., accidents)–TESTAM achieves a consistent performance improvement of 4% to 7% compared to other models. We also provide qualitative results in Appendix C with descriptions that showcase how TESTAM improves performance under difficult conditions. ### **Provide detailed information for best-route selection loss and time complexity of TESTAM** > (Computational costs) TESTAM uses a small number of parameters with fewer layers compared to other models, as a result, the computational costs are not expensive. We report a detailed time complexity analysis in Appendix B. For your information, we briefly summarize the results here. TESTAM requires a similar time as DCRNN in training. In the inference phase, TESTAM shows the second fastest computation (about 7 seconds) with the smallest number of the parameters, which is faster than that of the other models except Graph-WaveNet (about 4 seconds). > (About best-route selection) We updated the detailed information on the best-route selection in Appendix A. In our paper, we set q = 0.7. In this setting, an error greater than 70% of the error distribution, which is equal to the top 30% MAE, will be the worst route. In this setting (q=0.7), the bottom 30% MAE will be the best route, which means an error smaller than 1 - q-th quantile will be the best route. We revised our manuscripts and added detailed explanations in Appendix A. ### **Effectiveness of TIM and time-enhanced attention** > We newly updated our ablation study results (i.e., Table 2 in Sec. 4) for TIM and time-enhanced attention. Without time-enhanced attention, the model indicates high-performance degradation from 6.40 to 6.64 in terms of MAE for the EXPY-TKY dataset. ### **Fix typo and grammar errors** > We worked with native English speakers to improve our manuscripts.

We are grateful to receive such valuable comments. We improved our manuscripts accordingly. We provide detailed responses below. W1. Lack of novelty in terms of spatial and temporal modeling > Thank you for your feedback! We would like to emphasize that this paper proposes novel context-aware spatial modeling (i.e., different spatial modeling method selections), which reveals that spatio-temporal modeling with multiple spatial modeling methods could lead to better forecasting results. > Furthermore, Time-enhanced attention and temporal information embedding are our approach’s novel temporal modeling methods, which enable better information transfer from the input domain to the output domain. As shown in Table 2 in Sec. 4, without time-enhanced attention, TESTAM experiences a performance degradation from 6.40 to 6.64 in terms of MAE with EXPY-TKY. Please see Table 2 in Sec. 4 and check the ablation study results. W2. Inconsistent usage of terms > Thank you for your feedback! We have revised the inconsistent use of terms and clarified them in our manuscript. W3, Q4. Only the overall metrics are reported, authors should conduct an in-depth experimental analysis. > Thank you for your valuable comment! We additionally provide the newly updated and detailed experimental results in Appendix C. Based on the experiment results for roads that have difficult conditions–isolated roads, intersections, or sudden traffic jams caused by events (e.g., accidents)–TESTAM achieves a consistent performance improvement of 4% to 7% compared to other models. We also provide qualitative results in Appendix C with descriptions that showcase how TESTAM improves performance under difficult conditions. Q1. Why the proposed method is abbreviated as TESTAM? > TESTAM is the abbreviation for “time-enhanced spatio-temporal attention model.” We clarified this in the Introduction. Q2. What does ""in-situ"" mean in the context of this manuscript? > We use the term “in-situ” to better describe the dynamic and context-aware selection of spatial modeling methods. Q3. Do temporal information embedding and time-enhanced attention affect the performance? > We newly updated our ablation study results (i.e., Table 2 in Sec. 4) for TIM and time-enhanced attention. Without time-enhanced attention, the model indicates high-performance degradation from 6.40 to 6.64 in terms of MAE for the EXPY-TKY dataset. We also resolved minor issues. Here is the list: 1. We clarified the meaning of the results in bold and underlined in Table 1. Results in bold indicate the best performance and those underlined indicate the second-best performance 2. We updated the qualitative analysis and descriptions in Appendix, C. 3. We revised manuscripts for the equations to be numbered 4. We provide explicit formula and descriptions for pseudo labels in Appendix A"		fixed		the requested typo fixes and added detail appear to resolve the review’s main concerns
6.200	N0nTk5BSvO__r04	TESTAM: A Time-Enhanced Spatio-Temporal Attention Model with Mixture of Experts	6: marginally above the acceptance threshold	4: You are confident in your assessment, but not absolutely certain. It is unlikely, but not impossible, that you did not understand some parts of the submission or that you are unfamiliar with some pieces of related work.	fixed	silver_followup_comment	Based on the authors' response, I decide to raise my rating to 6. Still, I have some suggestions for Appendix C. W3-1. The numbers of selected roads in three scenarios can be reported. The procedure of selecting these roads can be described more precisely. For example, (I) How to quantitatively select isolated roads...	fixed	fixed	partially_fixed	fixed	fixed	fixed	fixed	"[weaknesses] 1. In terms of spatial and temporal modeling, this manuscript does not seem to bring new techniques. 2. There are multiple sets of terminologies describing the same thing without an explicit connection. For example, when categorizing traffic patterns, both ""recurring vs non-recurring"" and ""normal vs abnormal"" (in Conclusion) are used; when describing the three experts, ""temporal modeling, spatio-temporal modeling with static graph, spatio-temporal modeling with dynamic graph"" (in Abstract) and ""identity experts, adaptive experts, attention experts"" (in Figure 1). Clarifying these key concepts will make the presentation clearer. 3. Only the overall metrics for predicting accuracy are reported. It is unclear what recurring and non-recurring patterns that TESTAM captured while other methods miss. Some in-depth experimental analysis (see Q4 for details) will better support the claim of the first contribution.

[questions] 1. Why the proposed method is abbreviated as TESTAM? 2. What does ""in-situ"" mean in the context of this manuscript? 3. The temporal information embedding and time-enhanced attention seem novel for traffic forecasting. Do they affect the performance? Some discussion or ablation study is needed. 4. In the abstract, the authors state that TESTAM can model isolated nodes, highly related nodes, and recurring and non-recurring events. Can you provide some experimental results and analysis for this claim, e.g. case study? Minor: 1. Please add comments to the meaning of results in bold and underlined in Table 1. 2. Descriptions and analysis of the qualitative examples in the supplementary material are missing. 3. Why are some equations in section 3 not numbered? I believe some of them are proposed by the authors, e.g. time-enhanced attention, and thus should be numbered. 4. Please provide an explicit formula for the best-route loss, at least in the supplementary material.

[summary] The authors point out that accurate traffic forecasting requires capturing two distinct traffic patterns, recurring and non-recurring. To accomplish this goal, they propose TESTAM, a mixture-of-expert model with three heterogeneous experts responsible for different aspects of spatio-temporal modeling. By properly routing the experts, the model learns to handle various circumstances adaptively. Experimental results on three benchmark datasets verify the effectiveness of TESAM."	We are grateful to receive such valuable comments. We improved our manuscripts accordingly. We provide detailed responses below. W1. Lack of novelty in terms of spatial and temporal modeling > Thank you for your feedback! We would like to emphasize that this paper proposes novel context-aware spatial modeling (i.e., different spatial modeling method selections), which reveals that spatio-temporal modeling with multiple spatial modeling methods could lead to better forecasting results. > Furthermore, Time-enhanced attention and temporal information embedding are our approach’s novel temporal modeling methods, which enable better information transfer from the input domain to the output domain. As shown in Table 2 in Sec. 4, without time-enhanced attention, TESTAM experiences a performance degradation from 6.40 to 6.64 in terms of MAE with EXPY-TKY. Please see Table 2 in Sec. 4 and check the ablation study results. W2. Inconsistent usage of terms > Thank you for your feedback! We have revised the inconsistent use of terms and clarified them in our manuscript. W3, Q4. Only the overall metrics are reported, authors should conduct an in-depth experimental analysis. > Thank you for you...	"We are grateful to receive such valuable comments. We improved our manuscripts accordingly. We provide detailed responses below. W1. Lack of novelty in terms of spatial and temporal modeling > Thank you for your feedback! We would like to emphasize that this paper proposes novel context-aware spatial modeling (i.e., different spatial modeling method selections), which reveals that spatio-temporal modeling with multiple spatial modeling methods could lead to better forecasting results. > Furthermore, Time-enhanced attention and temporal information embedding are our approach’s novel temporal modeling methods, which enable better information transfer from the input domain to the output domain. As shown in Table 2 in Sec. 4, without time-enhanced attention, TESTAM experiences a performance degradation from 6.40 to 6.64 in terms of MAE with EXPY-TKY. Please see Table 2 in Sec. 4 and check the ablation study results. W2. Inconsistent usage of terms > Thank you for your feedback! We have revised the inconsistent use of terms and clarified them in our manuscript. W3, Q4. Only the overall metrics are reported, authors should conduct an in-depth experimental analysis. > Thank you for your valuable comment! We additionally provide the newly updated and detailed experimental results in Appendix C. Based on the experiment results for roads that have difficult conditions–isolated roads, intersections, or sudden traffic jams caused by events (e.g., accidents)–TESTAM achieves a consistent performance improvement of 4% to 7% compared to other models. We also provide qualitative results in Appendix C with descriptions that showcase how TESTAM improves performance under difficult conditions. Q1. Why the proposed method is abbreviated as TESTAM? > TESTAM is the abbreviation for “time-enhanced spatio-temporal attention model.” We clarified this in the Introduction. Q2. What does ""in-situ"" mean in the context of this manuscript? > We use the term “in-situ” to better describe the dynamic and context-aware selection of spatial modeling methods. Q3. Do temporal information embedding and time-enhanced attention affect the performance? > We newly updated our ablation study results (i.e., Table 2 in Sec. 4) for TIM and time-enhanced attention. Without time-enhanced attention, the model indicates high-performance degradation from 6.40 to 6.64 in terms of MAE for the EXPY-TKY dataset. We also resolved minor issues. Here is the list: 1. We clarified the meaning of the results in bold and underlined in Table 1. Results in bold indicate the best performance and those underlined indicate the second-best performance 2. We updated the qualitative analysis and descriptions in Appendix, C. 3. We revised manuscripts for the equations to be numbered 4. We provide explicit formula and descriptions for pseudo labels in Appendix A

Thank you for your detailed comments! Those reviews are really helpful to improve our manuscripts. Below are detailed responses to questions and how we improved our manuscripts. W1. Many typos, incorrect writing, and grammar errors > We first revised the manuscript with authors to fix the typos related to mathematical equations and worked with native English speakers to improve our manuscripts. W2. The effectiveness of time-enhanced attention should be verified through ablation study > We newly updated our ablation study results (i.e., Table 2 in Sec. 4) for time-enhanced attention. Without time-enhanced attention, the model indicates high-performance degradation from 6.40 to 6.64 in terms of MAE for the EXPY-TKY dataset. W3. Need detailed information for the best-route selection loss function > We updated the detailed information on the best-route selection in Appendix A. In our paper, we set q = 0.7. In this setting, an error greater than 70% of the error distribution, which is equal to the top 30% MAE, will be the worst route. In this setting (q=0.7), the bottom 30% MAE will be the best route, which means an error smaller than 1 - q-th quantile will be the best route. We revised our manuscripts and added detailed explanations in Appendix A. W4-1. About experimental results in Table 2 > Our results are actually consistent. To further clarify this, the results in Table 2 are reported across all forecasting windows. This means that the averages from short-term to long-term forecasting results. We have clarified the missing information in our manuscript. W4-2. Concerning computational costs > TESTAM uses a small number of parameters with fewer layers compared to other models, as a result, the computational costs are not expensive. We report a detailed time complexity analysis in Appendix B. For your information, we briefly summarize the results here. TESTAM requires a similar time as DCRNN in training. In the inference phase, TESTAM shows the second fastest computation (about 7 seconds) with the smallest number of the parameters, which is faster than that of the other models except Graph-WaveNet (about 4 seconds). W4-3. Marginal improvements in Table 1, require a case study and investigation > As we described in our manuscripts, we focus on in-situ selection in spatial modeling methods to improve situation awareness of the model. We additionally provide the newly updated and detailed experimental results in Appendix C. Based on the experiment results for roads that have difficult conditions–isolated roads, intersections, or sudden traffic jams caused by events (e.g., accidents)–TESTAM achieves a consistent performance improvement of 4% to 7% compared to other models. We also provide qualitative results in Appendix C with descriptions that showcase how TESTAM improves performance under difficult conditions. W5. The title isn't well-matched to the manuscripts > Thank you! We will add the traffic forecasting in the title in the final version. It will be ""TESTAM: A Time-Enhanced Spatio-Temporal Attention Model with Mixture of Experts for Traffic Forecasting"" Q3. Why do the authors utilize the similarity between input and output as routing probability? > Thank you for your feedback. I guess there exists a misunderstanding. In short, the similarity between $z_e$ and $O_i$ is equivalent to that between the output representation of experts and input-conditioned memory units trained to be in the same space as $z_e$. > In our design, we first make query $Q_i$ by projecting input to the query domain. In this process, the projection learns the input-output mapping, which converts input $X$ (in the input domain) into the $Q$ (in the same domain as final hidden states). Afterward, it queries the memory unit by attention mechanism. Then, the queried memory $O$ is an input-conditioned memory unit that will be trained to be in the same space as the output representations of experts. Therefore, in fact, the similarity between $z_e$ and $O_i$ is equivalent to one between the output representation of experts and the input-conditioned output representation. In this design, the routing probability will be interpreted as the finding of the most feasible solution from experts by using input-conditioned typical output representation.

We thank the reviewers for their valuable comments. We believe that we have further improved our manuscripts accordingly. In these comments, we provide responses to the common questions raised by reviewers. ### **The improvements in Table 1 seem marginal – need more detailed information to support TESTAM is really effective for various circumstances** > As we described in our manuscripts, we focus on in-situ selection in spatial modeling methods to improve situation awareness of the model. We additionally provide the newly updated and detailed experimental results in Appendix C. Based on the experiment results for roads that have difficult conditions–isolated roads, intersections, or sudden traffic jams caused by events (e.g., accidents)–TESTAM achieves a consistent performance improvement of 4% to 7% compared to other models. We also provide qualitative results in Appendix C with descriptions that showcase how TESTAM improves performance under difficult conditions. ### **Provide detailed information for best-route selection loss and time complexity of TESTAM** > (Computational costs) TESTAM uses a small number of parameters with fewer layers compared to other models, as a result, the computational costs are not expensive. We report a detailed time complexity analysis in Appendix B. For your information, we briefly summarize the results here. TESTAM requires a similar time as DCRNN in training. In the inference phase, TESTAM shows the second fastest computation (about 7 seconds) with the smallest number of the parameters, which is faster than that of the other models except Graph-WaveNet (about 4 seconds). > (About best-route selection) We updated the detailed information on the best-route selection in Appendix A. In our paper, we set q = 0.7. In this setting, an error greater than 70% of the error distribution, which is equal to the top 30% MAE, will be the worst route. In this setting (q=0.7), the bottom 30% MAE will be the best route, which means an error smaller than 1 - q-th quantile will be the best route. We revised our manuscripts and added detailed explanations in Appendix A. ### **Effectiveness of TIM and time-enhanced attention** > We newly updated our ablation study results (i.e., Table 2 in Sec. 4) for TIM and time-enhanced attention. Without time-enhanced attention, the model indicates high-performance degradation from 6.40 to 6.64 in terms of MAE for the EXPY-TKY dataset. ### **Fix typo and grammar errors** > We worked with native English speakers to improve our manuscripts."	"Thank you for your detailed review! We revised our paper accordingly. Below are the detailed responses and revisions. W1 and W3. Table 1 shows marginal improvements and only reports the averaged performance without reporting the performances in various circumstances, including recurring and non-recurring traffic patterns. > Thank you for your feedback! As we described in our manuscripts, we focus on an in-situ selection of spatial modeling to improve situation awareness of the model. To emphasize the contribution and validate the situation-awareness of TESTAM, we additionally provide the detailed experimental results in Appendix C. Specifically, in the case of isolated roads, intersections, or sudden traffic jams caused by events (e.g., accidents), TESTAM achieves a consistent improvement of 4% to 7% compared to existing models. W2. Queries for the computational costs analysis > TESTAM uses a small number of parameters with fewer layers compared to other models, as a result, the computational costs are not expensive. We report a detailed time complexity analysis with the METR-LA dataset in Appendix B. For your information, we briefly summarize the results here. TESTAM requires a similar time as DCRNN in training. In the inference phase, TESTAM shows the second fastest computation (about 7 seconds) with the smallest number of the parameters, which is faster than that of the other models except Graph-WaveNet (about 4 seconds).

We thank the reviewers for their valuable comments. We believe that we have further improved our manuscripts accordingly. In these comments, we provide responses to the common questions raised by reviewers. ### **The improvements in Table 1 seem marginal – need more detailed information to support TESTAM is really effective for various circumstances** > As we described in our manuscripts, we focus on in-situ selection in spatial modeling methods to improve situation awareness of the model. We additionally provide the newly updated and detailed experimental results in Appendix C. Based on the experiment results for roads that have difficult conditions–isolated roads, intersections, or sudden traffic jams caused by events (e.g., accidents)–TESTAM achieves a consistent performance improvement of 4% to 7% compared to other models. We also provide qualitative results in Appendix C with descriptions that showcase how TESTAM improves performance under difficult conditions. ### **Provide detailed information for best-route selection loss and time complexity of TESTAM** > (Computational costs) TESTAM uses a small number of parameters with fewer layers compared to other models, as a result, the computational costs are not expensive. We report a detailed time complexity analysis in Appendix B. For your information, we briefly summarize the results here. TESTAM requires a similar time as DCRNN in training. In the inference phase, TESTAM shows the second fastest computation (about 7 seconds) with the smallest number of the parameters, which is faster than that of the other models except Graph-WaveNet (about 4 seconds). > (About best-route selection) We updated the detailed information on the best-route selection in Appendix A. In our paper, we set q = 0.7. In this setting, an error greater than 70% of the error distribution, which is equal to the top 30% MAE, will be the worst route. In this setting (q=0.7), the bottom 30% MAE will be the best route, which means an error smaller than 1 - q-th quantile will be the best route. We revised our manuscripts and added detailed explanations in Appendix A. ### **Effectiveness of TIM and time-enhanced attention** > We newly updated our ablation study results (i.e., Table 2 in Sec. 4) for TIM and time-enhanced attention. Without time-enhanced attention, the model indicates high-performance degradation from 6.40 to 6.64 in terms of MAE for the EXPY-TKY dataset. ### **Fix typo and grammar errors** > We worked with native English speakers to improve our manuscripts.

We are grateful to receive such valuable comments. We improved our manuscripts accordingly. We provide detailed responses below. W1. Lack of novelty in terms of spatial and temporal modeling > Thank you for your feedback! We would like to emphasize that this paper proposes novel context-aware spatial modeling (i.e., different spatial modeling method selections), which reveals that spatio-temporal modeling with multiple spatial modeling methods could lead to better forecasting results. > Furthermore, Time-enhanced attention and temporal information embedding are our approach’s novel temporal modeling methods, which enable better information transfer from the input domain to the output domain. As shown in Table 2 in Sec. 4, without time-enhanced attention, TESTAM experiences a performance degradation from 6.40 to 6.64 in terms of MAE with EXPY-TKY. Please see Table 2 in Sec. 4 and check the ablation study results. W2. Inconsistent usage of terms > Thank you for your feedback! We have revised the inconsistent use of terms and clarified them in our manuscript. W3, Q4. Only the overall metrics are reported, authors should conduct an in-depth experimental analysis. > Thank you for your valuable comment! We additionally provide the newly updated and detailed experimental results in Appendix C. Based on the experiment results for roads that have difficult conditions–isolated roads, intersections, or sudden traffic jams caused by events (e.g., accidents)–TESTAM achieves a consistent performance improvement of 4% to 7% compared to other models. We also provide qualitative results in Appendix C with descriptions that showcase how TESTAM improves performance under difficult conditions. Q1. Why the proposed method is abbreviated as TESTAM? > TESTAM is the abbreviation for “time-enhanced spatio-temporal attention model.” We clarified this in the Introduction. Q2. What does ""in-situ"" mean in the context of this manuscript? > We use the term “in-situ” to better describe the dynamic and context-aware selection of spatial modeling methods. Q3. Do temporal information embedding and time-enhanced attention affect the performance? > We newly updated our ablation study results (i.e., Table 2 in Sec. 4) for TIM and time-enhanced attention. Without time-enhanced attention, the model indicates high-performance degradation from 6.40 to 6.64 in terms of MAE for the EXPY-TKY dataset. We also resolved minor issues. Here is the list: 1. We clarified the meaning of the results in bold and underlined in Table 1. Results in bold indicate the best performance and those underlined indicate the second-best performance 2. We updated the qualitative analysis and descriptions in Appendix, C. 3. We revised manuscripts for the equations to be numbered 4. We provide explicit formula and descriptions for pseudo labels in Appendix A"	Based on the authors' response, I decide to raise my rating to 6. Still, I have some suggestions for Appendix C. W3-1. The numbers of selected roads in three scenarios can be reported. The procedure of selecting these roads can be described more precisely. For example, (I) How to quantitatively select isolated roads based on the adjacency matrix? (H) What is the top 10% entropy-based time-series complexity? (E) Please provide references to the news articles that help identify roads with sudden events. W3-2. The road nets and the line chart can be visualized separately. The authors may visualize some selected roads from the three scenarios.	fixed		the reviewer raises the score after the terminology and appendix clarifications
6.200	3SJE1WLB4M__r03	Generalization error of spectral algorithms	8: accept, good paper	3: You are fairly confident in your assessment. It is possible that you did not understand some parts of the submission or that you are unfamiliar with some pieces of related work. Math/other details were not carefully checked.	partially_fixed	priority_secondary_tfidf	tfidf=partially_fixed; structured=fixed		fixed	partially_fixed	fixed	unresolved	unresolved	fixed	"[weaknesses] * The analysis in the paper does not account for the errors induced by discretization. For instance, although it is claimed at the beginning of the paper that the theory covers gradient descent, what is really done is for gradient flow. Also, when the kernel $K$ is discretized using the samples, the following assumptions are all made about this discrete kernel, and it is not obvious how it can be connected to the continuous kernel. * Certain parts of the analysis do not obtain nice closed formulas. For example, those in `section 4` for the Wishart model and those in `section 5` for the noise-free case. * Although this is a theoretical paper, it would be helpful to include some experiments, even if they are on synthetic datasets. This helps explain (and justify) the theory.

[questions] * On page 3, when you define $\boldsymbol{\Lambda}$, what is the number $P$? Is it the exact rank of $\mathbf{K}$ or its numerical rank, or it does not matter too much? * In the statement of Proposition 1, I do not think $\rho$ has been defined before and I do not think it is a standard notation outside this community. What is the precise definition of it? * Can you make your conjecture on page 6 slightly more formal? * It's not a question, but I think your discussion of the circle model in the GF case might be related to this line of work below. Did you happen to come across these works and see some potentially interesting connections to your paper? * Sanjeev Arora, Simon Du, Wei Hu, Zhiyuan Li, and Ruosong Wang, Fine-grained analysis of optimization and generalization for overparameterized two-layer neural networks, International Conference on Machine Learning, pp. 322-332, PMLR, 2019. * Ronen Basri, David Jacobs, Yoni Kasten, and Shira Kritchman, The convergence rate of neural networks for learned functions of different frequencies, Neural Information Processing Systems 32, 2019 * Annan Yu, Yunan Yang, and Alex Townsend, Tuning frequency bias in neural network training with nonuniform data, International Conference on Learning Representations, 2023

[summary] This paper considers a general framework that expresses the generalization error in spectral algorithms. A generic formula is derived for an arbitrary choice of kernel and profile. Then, the analysis is specialized to account for the circle model and the Wishart model. The theory can explain the KRR saturation phenomenon. Finally, a simplified naive model for noisy observations (NMNO) was proposed, for which the generalization error can be neatly expressed, and it is shown that under certain conditions, the circle model and the Wishart model collapse into NMNO."	Thank you for your valuable comments and questions and for the overall positive evaluation of our work! Let us address your question separately below > The analysis in the paper does not account for the errors induced by discretization. For instance, although it is claimed at the beginning of the paper that the theory covers gradient descent, what is really done is for gradient flow. Also, when the kernel is discretized using the samples, the following assumptions are all made about this discrete kernel, and it is not obvious how it can be connected to the continuous kernel. Regarding the first discretization of Gradient Flow (GF) to Gradient Descent (GD), you are right that in the paper, we demonstrate results only for GF. To address this, in the revised version of the paper we double-checked that all claims including gradient-based algorithms are made about GF and not GD. However, are loss functionals derived for Wishart and circle model do not assume any specific shape of the profile, and therefore GD profile $h_t(\lambda)=1 - (1-\alpha \lambda)^t$ can be substituted in the functional to characterize GD generalization. We focused on GF due to its simplicity, and because we do...	"Thank you for your valuable comments and questions and for the overall positive evaluation of our work! Let us address your question separately below > The analysis in the paper does not account for the errors induced by discretization. For instance, although it is claimed at the beginning of the paper that the theory covers gradient descent, what is really done is for gradient flow. Also, when the kernel is discretized using the samples, the following assumptions are all made about this discrete kernel, and it is not obvious how it can be connected to the continuous kernel. Regarding the first discretization of Gradient Flow (GF) to Gradient Descent (GD), you are right that in the paper, we demonstrate results only for GF. To address this, in the revised version of the paper we double-checked that all claims including gradient-based algorithms are made about GF and not GD. However, are loss functionals derived for Wishart and circle model do not assume any specific shape of the profile, and therefore GD profile $h_t(\lambda)=1 - (1-\alpha \lambda)^t$ can be substituted in the functional to characterize GD generalization. We focused on GF due to its simplicity, and because we do not expect significant differences between GD and GF results in the setting of our paper(but we acknowledge the significant difference in other settings, e.g. for non-linear optimization or when convergence-divergence questions are involved). Regarding the second discretization of the kernel using samples, I believe that we describe jointly the properties of the continuous kernel via mentioning population spectrum $\lambda_l$ and features $\phi_l(\mathbf{x})$, and discrete empirical kernel matrix $\mathbf{K}$ by mentioning how the training inputs $\mathbf{x}_i$ are generated. For Circle model this is done explicitly. For Wishart model, this is done rather implicitly by the statistics of $\phi_l(\mathbf{x}_i)$ without defining separately features $\phi_l(\mathbf{x})$ and distribution of inputs $\mathbf{x}_i$. Yet, such implicit characterization is sufficient for generalization error in eq. (3) to be well defined, and we can even access it experimentally as we describe in a new appendix section G.1. > Although this is a theoretical paper, it would be helpful to include some experiments, even if they are on synthetic datasets. This helps explain (and justify) the theory. That is an excellent comment! During the rebuttal time, we have primarily focused on performing numerical experiments validating our theoretical results. Please see our general response for more details and the revised version of the paper for the new experiment results. > On page 3, when you define $\mathbf{\Lambda}$, what is the number $P$? Is it the exact rank of $\mathbf{K}$ or its numerical rank, or it does not matter too much? Throughout the paper, we use both finite and infinite values $P$. For example, all the theoretical calculations use the value $P=\infty$, while in the numerical experiments we take large enough but finite $P$ to stay close to the theoretical setting. While accurate and rigorous treatment of $P=\infty$ requires specific settings for it to be well defined, in our theoretical analysis we follow the ""physical level of rigor"", prioritizing shorter and more accessible derivations in favor of еру accurate mathematical definitions of all the objects involved. > In the statement of Proposition 1, I do not think $\rho$ has been defined before and I do not think it is a standard notation outside this community. What is the precise definition of it? Thank you for mentioning this! Indeed, the version of proposition 1 in the submission was not clear, leaving some ambiguity in the status of measures $\rho$. Conceptually, we believe that these learning measures are new objects introduced in our work (which are essentially equivalent to the loss functional itself). In the revised version of the paper, we improved the wording of proposition 1, including the reference to a general expression of these measures through the expectations over the training dataset $\mathcal{D}_N$. > Can you make your conjecture on page 6 slightly more formal? Indeed, that would be a great addition to the work. However, at the moment we feel we are not ready to formulate a rigorous version yet. This would require defining a family of kernel/data models and providing the analysis able to cover all models within the family. It is difficult to do at the moment since our current approach relies on explicit derivation of generalization error, with techniques tailored towards to data models we considered. Intuitively, we expect the condition of Theorem 2 regarding the absence of localization on the largest scale $s=\nu$ to be the principal requirement for the model equivalence.

> It's not a question, but I think your discussion of the circle model in the GF case might be related to this line of work below. Did you happen to come across these works and see some potentially interesting connections to your paper? Thank you for pointing us to these important works. While we have encountered papers [1,2] before we were not aware of the work [3]. Generally, there is a significant connection in the sense that for both works (ours and [1,2,3]) the characterization of the spectrum of the underlying kernel method plays the central role in the analysis. Moreover, [2] also focuses on the Fourier analysis on circle and sphere, which is also at the heart of our Circle model. On the other hand, there seem to be several important differences in our approaches and results: 1. We aim to develop explicit expressions for the risk, and not upper bounds as is mostly done in the mentioned papers. 2. We do not require spectral gap assumptions as our main setting of interest is the power-law distribution of the eigenvalue which does not have a gap. 3. We do not limit our analysis to particular types of kernel. For example, papers [1,2] focus on the NTK of infinitely wide two-layer ReLU network (denoted as $\mathbf{H}^\infty$). The work [2] shows that such kernel has the spectrum behaving as $\lambda_k \sim k^{-2}$ as $k\to\infty$, which roughly corresponds to fixing $\nu=2$ in the setting of our paper. We chose to consider population spectrum $\lambda_l,c_l$ as free variables so that we can access a wide range of values of $\nu,\kappa$, which makes it possible to discuss effects like saturation transition at $\kappa=2\nu$ and overlearning transition at $\kappa=\nu-1$. It would be nice to do a deeper comparison of the results of our work and papers [1-3] under the conditions on the model and data that make jointly valid the results of both these papers and our paper so that the results can be compared directly. We leave it for future work.

Thank you very much for emphasizing the strong sides of our work, and we are glad you found the ideas of the paper interesting. Also, thank you for pointing out the typo, which we might have missed otherwise. **Extension to more general kernel/data models.** Our approach in this paper is based on explicitly computing the generalization error (or its leading term in the $\tfrac{1}{N}$-expansion in the case of Wishart model). One relatively straightforward generalization would be the high-dimensional version of the circle model (i.e. a grid on a torus). Besides that, we are currently unaware of any other models that could potentially admit an analytical solution on the same level of detail as the two currently considered models. One potentially interesting direction is related to symmetries: one may argue that analytical solutions for our two data models is due to high level of symmetry in both of them. Then, one can wonder whether there are some other symmetries that would allow for analytical characterization of the loss functional of the underlying model. However, if one is concerned only about the equivalence result of data models and NMNO, more options for generalization potentially appear. The equivalence is mainly based on the argument that at empirical eigenvalues far away from the tail (i.e. on the scale $s<\nu$), the empirical quantities are close to the population ones with the difference between the two being sufficiently small. Thus an upper bound on this difference will suffice and the exact value is not required. We hope that it is possible to provide such an upper bound for a broader class of models, but this would require a very different set of technical tools than those we used in the current work."	"We are grateful to the reviewers for a high evaluation of our work and many useful suggestions and interesting questions. Following this feedback, we have slightly revised our paper. In addition to various small adjustments and corrections, we addressed the following bigger aspects. **Numerical experiments** We totally agree with the reviewer wTWc on the role of the experiments in justifying and explaining the theory. In that regard, we have added a new figure 1 to the main paper as well as significantly modified the last figure (figure 3 in the revised version). Also, we have added a new section G to the appendix dedicated to the details and discussion of the experiments. The main goal of figure 1 is to provide a direct experimental verification of Theorem 2 about the equivalence between our two data models and NMNO model. In particular, we have included a new *Cosine Wishart* model which is not covered by our theory but still shows the equivalence to NMNO model. **Section 5.3. on noiseless observations.** It appears that the last section was too condensed and hard to read. To remedy this, we revised it by focusing exclusively on the Circle model (the respective Wishart model results are moved to sec. E.3.4.). Additionally, the new version of figure 3 provides an illustration of the phenomena discussed in the section, which is additionally discussed in the new section G.2.

Thank you for your valuable comments and questions and for the overall positive evaluation of our work! Let us address your question separately below > The analysis in the paper does not account for the errors induced by discretization. For instance, although it is claimed at the beginning of the paper that the theory covers gradient descent, what is really done is for gradient flow. Also, when the kernel is discretized using the samples, the following assumptions are all made about this discrete kernel, and it is not obvious how it can be connected to the continuous kernel. Regarding the first discretization of Gradient Flow (GF) to Gradient Descent (GD), you are right that in the paper, we demonstrate results only for GF. To address this, in the revised version of the paper we double-checked that all claims including gradient-based algorithms are made about GF and not GD. However, are loss functionals derived for Wishart and circle model do not assume any specific shape of the profile, and therefore GD profile $h_t(\lambda)=1 - (1-\alpha \lambda)^t$ can be substituted in the functional to characterize GD generalization. We focused on GF due to its simplicity, and because we do not expect significant differences between GD and GF results in the setting of our paper(but we acknowledge the significant difference in other settings, e.g. for non-linear optimization or when convergence-divergence questions are involved). Regarding the second discretization of the kernel using samples, I believe that we describe jointly the properties of the continuous kernel via mentioning population spectrum $\lambda_l$ and features $\phi_l(\mathbf{x})$, and discrete empirical kernel matrix $\mathbf{K}$ by mentioning how the training inputs $\mathbf{x}_i$ are generated. For Circle model this is done explicitly. For Wishart model, this is done rather implicitly by the statistics of $\phi_l(\mathbf{x}_i)$ without defining separately features $\phi_l(\mathbf{x})$ and distribution of inputs $\mathbf{x}_i$. Yet, such implicit characterization is sufficient for generalization error in eq. (3) to be well defined, and we can even access it experimentally as we describe in a new appendix section G.1. > Although this is a theoretical paper, it would be helpful to include some experiments, even if they are on synthetic datasets. This helps explain (and justify) the theory. That is an excellent comment! During the rebuttal time, we have primarily focused on performing numerical experiments validating our theoretical results. Please see our general response for more details and the revised version of the paper for the new experiment results. > On page 3, when you define $\mathbf{\Lambda}$, what is the number $P$? Is it the exact rank of $\mathbf{K}$ or its numerical rank, or it does not matter too much? Throughout the paper, we use both finite and infinite values $P$. For example, all the theoretical calculations use the value $P=\infty$, while in the numerical experiments we take large enough but finite $P$ to stay close to the theoretical setting. While accurate and rigorous treatment of $P=\infty$ requires specific settings for it to be well defined, in our theoretical analysis we follow the ""physical level of rigor"", prioritizing shorter and more accessible derivations in favor of еру accurate mathematical definitions of all the objects involved. > In the statement of Proposition 1, I do not think $\rho$ has been defined before and I do not think it is a standard notation outside this community. What is the precise definition of it? Thank you for mentioning this! Indeed, the version of proposition 1 in the submission was not clear, leaving some ambiguity in the status of measures $\rho$. Conceptually, we believe that these learning measures are new objects introduced in our work (which are essentially equivalent to the loss functional itself). In the revised version of the paper, we improved the wording of proposition 1, including the reference to a general expression of these measures through the expectations over the training dataset $\mathcal{D}_N$. > Can you make your conjecture on page 6 slightly more formal? Indeed, that would be a great addition to the work. However, at the moment we feel we are not ready to formulate a rigorous version yet. This would require defining a family of kernel/data models and providing the analysis able to cover all models within the family. It is difficult to do at the moment since our current approach relies on explicit derivation of generalization error, with techniques tailored towards to data models we considered. Intuitively, we expect the condition of Theorem 2 regarding the absence of localization on the largest scale $s=\nu$ to be the principal requirement for the model equivalence.

Thank you for the positive evaluation of our work! We agree that our introduction section has some things that are properly defined only in the next setting section. While we are also concerned about this issue, we intentionally decided to sacrifice some sequentiality of exposition in favor of a shorter informal discussion covering the main points. Thank you for your question about Figure 2. While there was a reference to it in the text, your concern is indeed valid and touches a bigger problem of Section 5.3. being too compressed and, therefore, hard to understand. We tried to improve this point in the revised version of the paper - please see our general response for more details."		fixed		the revision adds both the discretization clarification and stronger experiments
6.200	tEgrUrUuwA__r02	Partitioning Message Passing for Graph Fraud Detection	6: marginally above the acceptance threshold	4: You are confident in your assessment, but not absolutely certain. It is unlikely, but not impossible, that you did not understand some parts of the submission or that you are unfamiliar with some pieces of related work.	fixed	silver_followup_comment	Thanks for the author's response especially the detailed discussion on the differences between ACM and the proposed PMP. These answers addressed my concerns, so I would like to increase my rating.	fixed	regressed	partially_fixed	unresolved	partially_fixed	fixed	fixed	"[weaknesses] - The relationships between heterophily and imbalance (which is specific in fraud detection) are not clear. This is important to understand the problem. - The relationships between the proposed method and some previous spectral GNNs, e.g., [1], have not been discussed. A lack of discussions about differences may limit the novelty of the proposed method. - A minor issue: repeated references 2nd and 3rd articles. [1] Is Heterophily A Real Nightmare For Graph Neural Networks on Performing Node Classification? 2021

[questions] - The strategy of partitioning message passing is very similar to GNNs with adaptive channel mixing used in [1] although [1] is from the spectral perspective. It will be interesting to discuss the differences and relationships between your proposed method and [1]. - The discussion on the relationships between heterophily and imbalance is not detailed. A detailed empirical and/or theoretical analysis of relationships between heterophily and imbalance on graphs should be conducted to better understand the problem. [1] Is Heterophily A Real Nightmare For Graph Neural Networks on Performing Node Classification? 2021

[summary] In this paper, the authors address fundamental challenges faced in applying Graph Neural Networks (GNNs) to Graph Fraud Detection (GFD) tasks, namely, label imbalance and the mixture of homophily-heterophily. Existing GNN-based GFD models modify graph structures to accommodate GNNs' homophilic bias by excluding heterophilic neighbors during message passing. However, the authors propose a novel perspective: instead of excluding, they advocate for distinguishing neighbors with different labels. They introduce a method called Partitioning Message Passing (PMP), a message passing paradigm tailored for GFD. In PMP, neighbors with different classes are aggregated using distinct node-specific aggregation functions. This approach allows the central node to adaptively adjust the information gathered from both heterophilic and homophilic neighbors. By doing so, PMP prevents the model gradient from being dominated by benign nodes, which constitute the majority of the population. The authors establish a theoretical connection between the spatial formulation of PMP and spectral analysis, characterizing PMP as an adaptive node-specific spectral graph filter. This demonstrates PMP's ability to handle graphs with mixed heterophily and homophily. Extensive experiments validate the effectiveness of PMP, showing significant performance improvements in Graph Fraud Detection tasks. PMP's innovative approach of distinguishing rather than excluding neighbors with different labels showcases its potential in enhancing the capabilities of GNNs for fraud detection on graphs."	**Q2: The strategy of partitioning message passing is very similar to GNNs with adaptive channel mixing used in [1] although [1] is from the spectral perspective. It will be interesting to discuss the differences and relationships between your proposed method and [1].** **A2:** Thanks for your suggestions, which inspire us to rethink our Partitioning Message Passing (PMP) and Adaptive Channel Mixing (ACM) [1]. We agree that our work does indeed share similarities with ACM. However, the motivation, methodology, theoretical insights still differ. We provide a detailed comparison from these perspectives as follows: **[Motivation]** In our paper, we contend that the key to successfully applying GNNs for GFD task lies not in the exclusion of neighbors but in the ability to *distinguish* between them based on their labels during the neighborhood aggregation. This core belief is operationalized in our proposed PMP framework, which integrates this motivation into the traditional message passing paradigm. By partitioning neighbors during the aggregation phase using distinct transformation matrices, PMP effectively discriminates between different classes of neighbors, ensuring that the me...	"**Q2: The strategy of partitioning message passing is very similar to GNNs with adaptive channel mixing used in [1] although [1] is from the spectral perspective. It will be interesting to discuss the differences and relationships between your proposed method and [1].** **A2:** Thanks for your suggestions, which inspire us to rethink our Partitioning Message Passing (PMP) and Adaptive Channel Mixing (ACM) [1]. We agree that our work does indeed share similarities with ACM. However, the motivation, methodology, theoretical insights still differ. We provide a detailed comparison from these perspectives as follows: **[Motivation]** In our paper, we contend that the key to successfully applying GNNs for GFD task lies not in the exclusion of neighbors but in the ability to *distinguish* between them based on their labels during the neighborhood aggregation. This core belief is operationalized in our proposed PMP framework, which integrates this motivation into the traditional message passing paradigm. By partitioning neighbors during the aggregation phase using distinct transformation matrices, PMP effectively discriminates between different classes of neighbors, ensuring that the message passing mechanism is both simple and highly effective in addressing the unique challenges of GFD. Contrastingly, ACM is motivated by the concept of ""*Diversification Distinguishability*"", which primarily involves attributing negative weights to heterophilic neighbors through a spectral synthesis of low-pass and high-pass filters. This technique fundamentally differs from our PMP. It is because the use of negative weights in ACM is indicative of removing (or subtracting) the heterophilc components from the homophilic neighbors. This can be interpreted as a form of information '*forgetting*' where heterophilic features are de-emphasized in favor of homophilic features. It is different from PMP which preserves and utilizes all available information. **[Methodology]** ACM is rooted in spectral graph theory, while PMP is spatially oriented. This difference is not just theoretical but has practical implications. The spectral nature of ACM inherently influences its scalability, particularly in the context of large graphs. Typically, spectral-based models, including ACM, require the entire graph as input, which can pose challenges for mini-batch training and thereby limit scalability. In contrast, our PMP model, with its spatial-based framework, inherently supports mini-batch training and is thus more adaptable to large-scale graphs. Furthermore, considering the application of ACM in GFD tasks, its formulation, with removed nonlinearity for simplicity's sake, can be expressed as $H_{\textbf{ACM}}^{(l+1)} = \alpha F_{L}\begin{bmatrix}H^{(l)}\_{fr} \\\ H^{(l)}\_{be} \\\ H^{(l)}\_{un}\end{bmatrix} W_{1}^{(l)} + \beta F_{H}\begin{bmatrix}H^{(l)}\_{fr} \\\ H^{(l)}\_{be} \\\ H^{(l)}\_{un}\end{bmatrix} W_{2}^{(l)}$ where $F_L$ and $F_H$ are distinct spectral filters. We can observation that the trainable weight matrix $W_{L}^{(l)}$ and $W_{H}^{(l)}$ are both shared across all nodes. In contrast, our PMP model, when represented in matrix form, can be rewritten as $H_{\textbf{PMP}}^{(l+1)} = F \begin{bmatrix}H^{(l)}\_{fr} W_1\\\ H^{(l)}\_{be} W_2 \\\ H^{(l)}\_{un} (\alpha W_1 + (1-\alpha)W_2)\end{bmatrix}$ where $F$ is the normalized adjacency matrix. Unlike ACM, trainable weight matrices in PMP, $W_1$ and $W_2$ , are specifically applied to nodes with different labels, where $W_1$ and $W_2$ captures the information of fraud nodes and benign nodes respectively, reflecting a more label-aware and adaptive approach to message passing in the context of GFD. **[Theoretical Insights]** The theoretical insights of PMP and ACM reveal a significant divergence in their spectral capabilities, highlighting a fundamental difference in how they process graph signals. Specifically, ACM predominantly operates as a combination of low-pass and high-pass filters, which (de)emphasizing high or low frequency signal components can not control the information from other spectrum, i.e., ACM does not equate to the functionality of a band-pass filter. Differently, our theoretical analysis and visualization in Section.4 proves that our PMP operates as an adaptive graph filter which cover all frequencies in the spectral domain. We also think such comparisons are very meaningful for a deeper understanding of our work, thus we include them in **Appendix C** of the revised manuscript. **Q3: A minor issue: repeated references 2nd and 3rd articles.** **A3:** Thank you for pointing out the repeated references. We have carefully reviewed the manuscript and rectified the referencing. This correction has been reflected in the revised manuscript.

Dear Reviewers and ACs, As the discussion period draws to a close in the coming hours, we are grateful for the insightful comments and valuable suggestions provided by all reviewers. In the following, we would like to summarize the contributions and revisions of this paper again. **Contributions:** - **[High-level insight]** We advocate that the essence of effectively applying GNNs to graph fraud detection tasks lies in the ability to distinguish between neighbors during message passing. This perspective is ```interesting``` (_R 8onS_), ```well-motivated```, and ```simple enough yet previously unconsidered concept ``` (_R 69ev_). And also pave the way for future research in this area, as noted in our responses to Reviewers XqA8 and wN2Y. - **[Simple yet effective model]** Our proposed PMP model innovatively partitions neighbors during aggregation using different weight matrices, a design that is ```well-designed```, ```straightforward```, ```easy to understand and implement```, ```effective``` (_R XqA8_), and also ```intriguing``` (_R wN2Y_). The introduction of a new visualization technique to showcase influence distribution has been commended as ```very persuasive``` (_R 69ev_) to validate the effectiveness of our model. - **[Theoretical insight]** The model is supported by ```comprehensive analytical framework``` which is ```credible```(_R XqA8_).The theoretical insight from the perspective of spectral analysis is ```sound``` (_R 8onS_). **Responses and Revisions** - **[For reviewer 69ev]** * **Clarifications and corrections**: We have revised the paper to correct ambiguous notations, symbols, and descriptions for better clarity and accuracy. * **Extended experimental analysis**: Additional experiments have been conducted to explore and analyze the relationship between our model and R-GCN, providing a deeper understanding of their comparative performance. - **[For reviewer 8onS]** * **Homophily and label imbalance**: We have enhanced the discussion to highlight the interplay between homophily and label imbalance in the context of fraud detection tasks. * **Comparative analysis with ACM**: A detailed analysis and comparison with similar work ACM are now included, offering insights from the perspectives of motivation, methodology, and theoretical underpinnings. * **Reference corrections**: We have addressed and corrected repeated references to ensure accuracy and completeness in our citation practices. - **[For reviewer XqA8]** * **Paper structure and clarity**: Descriptions within the paper have been revised for clarity, and the overall structure of the sections has been reorganized for better coherence. * **Hyperparameter details**: Additional information regarding the detailed hyperparameter settings, particularly concerning the hidden layers of the neural networks, has been included. * **In-depth analysis on T-Social dataset**: A comprehensive analysis focusing on the homophily ratio, imbalance level, and common statistics has been conducted on the T-Social dataset. This analysis aims to provide a thorough understanding of our model's superior performance on this dataset. - **[For reviewer wN2Y]** * **Time complexity and storage comparison**: We have provided a detailed comparison of the time complexity and storage costs between our model and other baseline models. * **Difference with BWGNN**: We highlight the distinct aspects of our model compared to BWGNN, especially from the perspectives of motivation and methodology. * **Label distribution analysis**: An analysis of the label distribution of labeled center nodes in benchmark datasets has been included. This analysis may addresses concerns regarding potential model failure and demonstrates the effective training of our model using the partitioning neighborhood approach. All modifications have been highlighted in blue in our revised manuscript. Thanks again for your efforts in reviewing our work, and we hope our responses can address any concerns about this work. Thanks The Authors of Submission 9114.

We thank the reviewer for providing insightful and constructive comments. We address the reviewer's comments/concerns as follows. **Q1.1: The issues of label imbalance and homophily-heterophily have been effectively addressed in the past. Notably, Tang et al. [1] offered a theoretical explanation for these concerns using spectral graph analysis.** **A1.1:** In our opinion, BWGNN proposed by Tang et al. [1] aims to preserve or emphasize information from certain frequencies based on the PDF of Beta distribution, so BWGNN acts as a band-pass spectral graph filter, which has been proved effective for graph with heterophily. However, BWGNN does not specifically cater to the label imbalance challenge. There are two key reasons for this. Firstly, BWGNN use Beta wavelets as propagation matrix, which is predefined and only related to the graph Laplacian, thus the propagation matrix of BWGNN is label-agnostic. Secondly, the feature transformation matrices of BWGNN is uniformly shared across all nodes, so it is also label-agnostic. These two factors indicate that the training process of BWGNN does not explicitly account for the label imbalance inherent in certain graphs. The empirical evidence presented in Table 4 of Section 5.3 illustrates that our approach more effectively mitigates problems arising from label imbalance compared to BWGNN. This is achieved by investigating the influence distribution from neighbors on minority class nodes and tailoring the message passing process accordingly. **Q1.2：Building upon the findings of [1], this paper makes incremental enhancements in the field of fraud detection while questioning the complexity of earlier algorithms. Nonetheless, This paper does not provide comprehensive comparison of time and space complexities with previous works.** **A1.2:** We first show a detailed comparison of the time and space complexities in the following table (PC-GNN is built upon Care-GNN, and GHRN is an extension of BWGNN. They share similar complexity profiles with their respective base models), where $|E| \ll N^2$ is the number of edges, $d$ is the feature dimension and $C$ is the number of spectral filter in BWGNN. Usually, $N > |E|$, thus our model demonstrates optimal time and space complexities compared to these baselines. We have updated it in the Appendix A of the revised manuscript. | | Time Complexity | Storage Cost | | ------------ | --------------- | ------------------- | | Care-GNN | $O(Nd + \|E\|)$ | $O(Nd + N^2 + \|E\|)$ | | H2-FDetector | $O(N^2)$ | $O(Nd + N^2)$ | | BWGNN | $O(C\|E\|)$ | $O(Nd + C\|E\|)$ | | PMP (Ours) | $O(\|E\| + N)$ | $O(Nd + \|E\|)$ | Besides, we would like to explain that our PMP is not built upon the findings of BWGNN. PMP and BWGNN have different motivation, methodology, and theoretical insights. So we think BWGNN cannot hide our contributions. The main differences between PMP and BWGNN are summarized as follows: **[Motivation]** PMP is motivated by investigating the influence propagation during message passing (Section 2.2 in the updated version), which leads us to propose a fundamental principle for the successful application of GNNs in GFD: distinguishing between neighbors with different labels during the message passing. However, BWGNN is motivated by the 'right-shift' phenomenon of the spectral energy distribution, which inspires the BWGNN to define a band-pass graph filter based on beta wavelet. **[Methodology]** （1）**Label Utilization**: PMP is spatial and label-aware, using distinct weight matrices for different labels. BWGNN, a spectral model, has shared, label-agnostic parameters.(2). **Weight Matrix Design**: PMP's weight matrices are root-specific (See Section 3), tailored for each node. BWGNN uses randomly initialized weights. (3) **Unlabeled Nodes Handling**: PMP treats unlabeled nodes as a mix of benign and fraud labels (See Section 3), while BWGNN treats all nodes uniformly, regardless of their labeled or unlabeled status."	"**Q2: The strategy of partitioning message passing is very similar to GNNs with adaptive channel mixing used in [1] although [1] is from the spectral perspective. It will be interesting to discuss the differences and relationships between your proposed method and [1].** **A2:** Thanks for your suggestions, which inspire us to rethink our Partitioning Message Passing (PMP) and Adaptive Channel Mixing (ACM) [1]. We agree that our work does indeed share similarities with ACM. However, the motivation, methodology, theoretical insights still differ. We provide a detailed comparison from these perspectives as follows: **[Motivation]** In our paper, we contend that the key to successfully applying GNNs for GFD task lies not in the exclusion of neighbors but in the ability to *distinguish* between them based on their labels during the neighborhood aggregation. This core belief is operationalized in our proposed PMP framework, which integrates this motivation into the traditional message passing paradigm. By partitioning neighbors during the aggregation phase using distinct transformation matrices, PMP effectively discriminates between different classes of neighbors, ensuring that the message passing mechanism is both simple and highly effective in addressing the unique challenges of GFD. Contrastingly, ACM is motivated by the concept of ""*Diversification Distinguishability*"", which primarily involves attributing negative weights to heterophilic neighbors through a spectral synthesis of low-pass and high-pass filters. This technique fundamentally differs from our PMP. It is because the use of negative weights in ACM is indicative of removing (or subtracting) the heterophilc components from the homophilic neighbors. This can be interpreted as a form of information '*forgetting*' where heterophilic features are de-emphasized in favor of homophilic features. It is different from PMP which preserves and utilizes all available information. **[Methodology]** ACM is rooted in spectral graph theory, while PMP is spatially oriented. This difference is not just theoretical but has practical implications. The spectral nature of ACM inherently influences its scalability, particularly in the context of large graphs. Typically, spectral-based models, including ACM, require the entire graph as input, which can pose challenges for mini-batch training and thereby limit scalability. In contrast, our PMP model, with its spatial-based framework, inherently supports mini-batch training and is thus more adaptable to large-scale graphs. Furthermore, considering the application of ACM in GFD tasks, its formulation, with removed nonlinearity for simplicity's sake, can be expressed as $H_{\textbf{ACM}}^{(l+1)} = \alpha F_{L}\begin{bmatrix}H^{(l)}\_{fr} \\\ H^{(l)}\_{be} \\\ H^{(l)}\_{un}\end{bmatrix} W_{1}^{(l)} + \beta F_{H}\begin{bmatrix}H^{(l)}\_{fr} \\\ H^{(l)}\_{be} \\\ H^{(l)}\_{un}\end{bmatrix} W_{2}^{(l)}$ where $F_L$ and $F_H$ are distinct spectral filters. We can observation that the trainable weight matrix $W_{L}^{(l)}$ and $W_{H}^{(l)}$ are both shared across all nodes. In contrast, our PMP model, when represented in matrix form, can be rewritten as $H_{\textbf{PMP}}^{(l+1)} = F \begin{bmatrix}H^{(l)}\_{fr} W_1\\\ H^{(l)}\_{be} W_2 \\\ H^{(l)}\_{un} (\alpha W_1 + (1-\alpha)W_2)\end{bmatrix}$ where $F$ is the normalized adjacency matrix. Unlike ACM, trainable weight matrices in PMP, $W_1$ and $W_2$ , are specifically applied to nodes with different labels, where $W_1$ and $W_2$ captures the information of fraud nodes and benign nodes respectively, reflecting a more label-aware and adaptive approach to message passing in the context of GFD. **[Theoretical Insights]** The theoretical insights of PMP and ACM reveal a significant divergence in their spectral capabilities, highlighting a fundamental difference in how they process graph signals. Specifically, ACM predominantly operates as a combination of low-pass and high-pass filters, which (de)emphasizing high or low frequency signal components can not control the information from other spectrum, i.e., ACM does not equate to the functionality of a band-pass filter. Differently, our theoretical analysis and visualization in Section.4 proves that our PMP operates as an adaptive graph filter which cover all frequencies in the spectral domain. We also think such comparisons are very meaningful for a deeper understanding of our work, thus we include them in **Appendix C** of the revised manuscript. **Q3: A minor issue: repeated references 2nd and 3rd articles.** **A3:** Thank you for pointing out the repeated references. We have carefully reviewed the manuscript and rectified the referencing. This correction has been reflected in the revised manuscript.

We thank the reviewer for providing insightful and constructive comments. We address the reviewer's comments/concerns as follows. **Q1.1: The issues of label imbalance and homophily-heterophily have been effectively addressed in the past. Notably, Tang et al. [1] offered a theoretical explanation for these concerns using spectral graph analysis.** **A1.1:** In our opinion, BWGNN proposed by Tang et al. [1] aims to preserve or emphasize information from certain frequencies based on the PDF of Beta distribution, so BWGNN acts as a band-pass spectral graph filter, which has been proved effective for graph with heterophily. However, BWGNN does not specifically cater to the label imbalance challenge. There are two key reasons for this. Firstly, BWGNN use Beta wavelets as propagation matrix, which is predefined and only related to the graph Laplacian, thus the propagation matrix of BWGNN is label-agnostic. Secondly, the feature transformation matrices of BWGNN is uniformly shared across all nodes, so it is also label-agnostic. These two factors indicate that the training process of BWGNN does not explicitly account for the label imbalance inherent in certain graphs. The empirical evidence presented in Table 4 of Section 5.3 illustrates that our approach more effectively mitigates problems arising from label imbalance compared to BWGNN. This is achieved by investigating the influence distribution from neighbors on minority class nodes and tailoring the message passing process accordingly. **Q1.2：Building upon the findings of [1], this paper makes incremental enhancements in the field of fraud detection while questioning the complexity of earlier algorithms. Nonetheless, This paper does not provide comprehensive comparison of time and space complexities with previous works.** **A1.2:** We first show a detailed comparison of the time and space complexities in the following table (PC-GNN is built upon Care-GNN, and GHRN is an extension of BWGNN. They share similar complexity profiles with their respective base models), where $|E| \ll N^2$ is the number of edges, $d$ is the feature dimension and $C$ is the number of spectral filter in BWGNN. Usually, $N > |E|$, thus our model demonstrates optimal time and space complexities compared to these baselines. We have updated it in the Appendix A of the revised manuscript. | | Time Complexity | Storage Cost | | ------------ | --------------- | ------------------- | | Care-GNN | $O(Nd + \|E\|)$ | $O(Nd + N^2 + \|E\|)$ | | H2-FDetector | $O(N^2)$ | $O(Nd + N^2)$ | | BWGNN | $O(C\|E\|)$ | $O(Nd + C\|E\|)$ | | PMP (Ours) | $O(\|E\| + N)$ | $O(Nd + \|E\|)$ | Besides, we would like to explain that our PMP is not built upon the findings of BWGNN. PMP and BWGNN have different motivation, methodology, and theoretical insights. So we think BWGNN cannot hide our contributions. The main differences between PMP and BWGNN are summarized as follows: **[Motivation]** PMP is motivated by investigating the influence propagation during message passing (Section 2.2 in the updated version), which leads us to propose a fundamental principle for the successful application of GNNs in GFD: distinguishing between neighbors with different labels during the message passing. However, BWGNN is motivated by the 'right-shift' phenomenon of the spectral energy distribution, which inspires the BWGNN to define a band-pass graph filter based on beta wavelet. **[Methodology]** （1）**Label Utilization**: PMP is spatial and label-aware, using distinct weight matrices for different labels. BWGNN, a spectral model, has shared, label-agnostic parameters.(2). **Weight Matrix Design**: PMP's weight matrices are root-specific (See Section 3), tailored for each node. BWGNN uses randomly initialized weights. (3) **Unlabeled Nodes Handling**: PMP treats unlabeled nodes as a mix of benign and fraud labels (See Section 3), while BWGNN treats all nodes uniformly, regardless of their labeled or unlabeled status.

We appreciate your detailed suggestions for our work. We provide the response to your concerns point by point as follows: **Q1: It would be easier for a reader to follow if the same notation would not be used for different purposes. $h$ (page 15) - class homophily metric $h_{i}^{(l)}$ (page 3) - $l$-th layer hidden representation of $v_i$.** **A1:** Thank you for pointing out the confusion caused by the overlapping use of the notation $h$. To address this, we have revised the notation to eliminate any ambiguity. The class homophily metric previously denoted by $h$ on page 15 will now be denoted by $\eta$ throughout the paper. We have marked these changes in blue in the revised manuscript. **Q2: On page 4, equation 4: Shouldn't a small $\alpha^{(l)}\_{i}$ indicate that the model should treat unlabeled neighbors more similarly to benign nodes (instead of fraud nodes as written in the paper)?** **A2:** Thank you for pointing out the inconsistency regarding the interpretation of the parameter $\alpha^{(l)}\_{i}$ in equation 4 on page 4. Upon re-examination, we agree that there was an error in our description of how $\alpha^{(l)}\_{i}$ influences the treatment of unlabeled neighbors in our model. As you correctly noted, a small $\alpha^{(l)}\_{i}$ should indeed indicate that the model treats unlabeled neighbors more similarly to benign nodes due to the larger weight placed on $\mathbf{W}\_{\text{be}}^{(l)}$. We have corrected the text in the manuscript to accurately reflect this relationship. **Q3: On Figure 4 (page 8): Influence distribution: why GCN (and not R-GCN) was chosen as one of the methods for comparison? My understanding is that GCN cannot distinguish between diffenent relations and both Yelp and Amazon datasets include multiple relationship types. May be that is why GCN did better at T-Finance (with only one relation type)** **A3:** Thanks for your deep insights. Our aim is to provide a comprehensive comparison across a spectrum of GNNs, ranging from the most basic GCN to the more advanced and fraud-specific model, BWGNN. These methods are selected as the most representative baselines for different classes of GNNs. We agree that the Yelp and Amazon datasets contain multiple relationship types and that GCN’s inability to differentiate between these may impact its performance. In the single-relational dataset T-Finance, the disadvantages of GCN are reduced because other methods no longer have the advantage of handling multiple relations, which is a logical result. We appreciate the suggestion that including R-GCN, which is designed to handle multiple types of relationships, could provide a more direct comparison for datasets with such complexity. To address this, we have conducted additional experiments with R-GCN, which we have included in the **Appendix E.3** of the revised manuscript. From the extended experiments with R-GCN in **Appendix E.3**, we include R-GCN due to its ability to handle multiple types of relationships within a graph. R-GCN extends the GCN model to account for different types of relations in the graph. Results illustrate the influence distributions for the multi-relational Yelp and Amazon datasets. It is evident that accounting for multiple relationships results in a rightward (positive) shift in the influence distributions."	Thanks for the author's response especially the detailed discussion on the differences between ACM and the proposed PMP. These answers addressed my concerns, so I would like to increase my rating.	fixed		the reviewer says the detailed discussion addressed the novelty concern and increases the rating
6.200	tEgrUrUuwA__r03	Partitioning Message Passing for Graph Fraud Detection	5: marginally below the acceptance threshold	4: You are confident in your assessment, but not absolutely certain. It is unlikely, but not impossible, that you did not understand some parts of the submission or that you are unfamiliar with some pieces of related work.	fixed	silver_followup_comment	Dear authors, Thank you for your response and pardon my late reply. I appreciate the time and efforts you put on rebuttal. The response is clear and well addressed my concerns. Therefore, I am amending my score upward.	fixed	regressed	partially_fixed	partially_fixed	partially_fixed	fixed	fixed	"[weaknesses] 1. The primary innovation in the PMP method lies in the use of different weighting matrices for aggregating nodes of various classes. While effective, this focus may be perceived as lacking in breadth in terms of overall innovativeness. 2. The article would benefit from a more meticulous attention to the use of symbols and language. Ensuring consistent and clear terminology and notation would contribute to the paper's readability and accessibility.

[questions] 1. On Page 2, in the penultimate line of ""where each node v_i is assigned a binary label y_i∈Y"", please confirm whether it is ""Y"" or ""fi""? 2. In the description of Eq.(4) on page 4, it is mentioned that ""In other words, a small α_i^((l)) means that the model treats unlabeled neighbors more similarly to fraud nodes"". In conjunction with Eq.(4), shouldn't it be the case that a smaller α_i^((l)) makes unlabeled neighbors more biased to benign nodes? 3. Throughout the paper, sections 2, 3, and 7 are more similar to one part of the content, related work, could they be synthesized into one section? 4. When introducing PMP, the article mentions the use of one layer of MLP in the generation of α_i^((l)). Still, it does not note how many layers of MLP are used in the subsequent ""Root-specific weight matrices generation. 5. In the experimental results for the T-Social dataset, the AUC value is much higher than that of the comparative algorithm, close to 100%, is it possible to analyze the reason for this excellent result? 6. In the last sentence of Section 6.4, ""wherein each of these designs brings more than a 1% improvement across most metrics"", does that mean that each approach delivers at least a 1% improvement over GraphSAGE, or does it mean that it provides a 1% improvement over the previous pivotal components? Please be as precise as possible.

[summary] This work addresses the challenges of label imbalance and the complex interplay between homophily and heterophily in Graph Neural Networks for Graph Fraud Detection. It introduces a novel approach called Partitioning Message Passing (PMP). In this method, neighboring nodes of different classes are processed using distinct, node-specific aggregation functions. Furthermore, the central node has the ability to adaptively fine-tune the information it gathers from both its heterophilic and homophilic neighbors. Empirical results reveal that the PMP method outperforms other competitive algorithms across a range of datasets, including Yelp, Amazon, and T-Finance, while maintaining an optimal balance between performance and computational time."	We thank you for your time and effort in reviewing our paper. Below, we respond to address your concerns. **Q1: The primary innovation in the PMP method lies in the use of different weighting matrices for aggregating nodes of various classes. While effective, this focus may be perceived as lacking in breadth in terms of overall innovativeness.** **A1:** We understand that our embarrassingly simple model may give rise to concerns about its innovativeness. We respectfully argue that our work is novel, and we highlight our technical novelty as follows: 1. **[High-level insight]** We propose that the key to successfully applying GNNs for GFD relies not on excluding which used in most prior work, but on distinctly recognizing and processing neighbors with different labels during message passing. Thus, our approach is a fundamental departure from existing methodologies. 2. **[Strong practical implications in applying GNN to GFD Applications]** Graph fraud detection is a practical problem, especially in the industrial application. Thus, it is crucial to capture the essence of the problem, and design a simple and easy-to-deploy model. Our PMP method is designed with these requirements i...	"We thank you for your time and effort in reviewing our paper. Below, we respond to address your concerns. **Q1: The primary innovation in the PMP method lies in the use of different weighting matrices for aggregating nodes of various classes. While effective, this focus may be perceived as lacking in breadth in terms of overall innovativeness.** **A1:** We understand that our embarrassingly simple model may give rise to concerns about its innovativeness. We respectfully argue that our work is novel, and we highlight our technical novelty as follows: 1. **[High-level insight]** We propose that the key to successfully applying GNNs for GFD relies not on excluding which used in most prior work, but on distinctly recognizing and processing neighbors with different labels during message passing. Thus, our approach is a fundamental departure from existing methodologies. 2. **[Strong practical implications in applying GNN to GFD Applications]** Graph fraud detection is a practical problem, especially in the industrial application. Thus, it is crucial to capture the essence of the problem, and design a simple and easy-to-deploy model. Our PMP method is designed with these requirements in mind. Through the motivation study, theoretical analysis and strong empirical results, we demonstrate PMP's effectiveness. The simplicity of our model does not diminish its impact; rather, it enhances its practical utility, making it a valuable tool in real-world applications. While PMP's design is straightforward in form, it represents a meaningful step forward in the field, offering both a novel perspective and a practical solution. We believe that PMP has a certain guiding role in future work. **Q2: The article would benefit from a more meticulous attention to the use of symbols and language. Ensuring consistent and clear terminology and notation would contribute to the paper's readability and accessibility.** **A2:** Thanks for your valuable feedback. We have undertaken a thorough review of our manuscript with a focus on standardizing the terminology and symbols used throughout the paper. The modifications have been highlighted in blue in the resvised manuscript. **Q3: On Page 2, in the penultimate line of ""where each node v_i is assigned a binary label $y_i\in Y$"", please confirm whether it is ""Y"" or ""fi""?** **A3:** In our paper, $\mathcal{Y} = \{y_1, y_2, \cdots, y_N\}$ represents the set of node labels, where $y_i \in \mathcal{Y}$ means the label of node $v_i$. $y_i$ has two possible values, i.e., $y_i = 1$ denotes $v_i$ is a fraud node $0$ denotes benign node. **Q4: In the description of Eq.(4) on page 4, it is mentioned that ""In other words, a small $\alpha_i^{(l)}$ means that the model treats unlabeled neighbors more similarly to fraud nodes"". In conjunction with Eq.(4), shouldn't it be the case that a smaller $\alpha_i^{(l)}$ makes unlabeled neighbors more biased to benign nodes?** **A4:** Thanks for pointing this out. Upon re-examination, we agree that there was an error in our description of how $\alpha^{(l)}\_{i}$ influences the treatment of unlabeled neighbors in our model. As you correctly noted, a small $\alpha^{(l)}\_{i}$ should indeed indicate that the model treats unlabeled neighbors more similarly to benign nodes due to the larger weight placed on $\mathbf{W}\_{\text{be}}^{(l)}$. We have corrected the text in the manuscript to accurately reflect this relationship. **Q5: Throughout the paper, sections 2, 3, and 7 are more similar to one part of the content, related work, could they be synthesized into one section?** **A5:** We agree your suggestion that enhances the readability. We have merged Sections 2, 3, and 7 into a single cohesive section titled ""Background and Motivation"" in new Section 2. **Q6: When introducing PMP, the article mentions the use of one layer of MLP in the generation of $\alpha^{(l)}_{i}$. Still, it does not note how many layers of MLP are used in the subsequent ""Root-specific weight matrices generation"".** **A6:** To maintain simplicity in the model design, we also apply the single-layer MLP in the ""Root-specific weight matrices generation"" to define the weight generators $\Psi_{\text{fr}}$ and $\Psi_{\text{be}}$. We have clarified this point in the revised manuscript. Moreover, we show influence of the number of MLP layers on the final results (AUC). We can find that the number of MLP layers does not drastically affect the performance of the model. | #layers | Yelp | Amazon | | ------- | ----- | ------ | | 1 | 93.97 | 97.57 | | 2 | 93.95 | 97.51 |

**Q7: In the experimental results for the T-Social dataset, the AUC value is much higher than that of the comparative algorithm, close to 100\%, is it possible to analyze the reason for this excellent result?** **A7:** Referring to Table 2, our PMP model shows substantial improvements compared to other baselines. Specifically, it surpasses the current state-of-the-art by 4.9% in AUC and achieves an 11.21% relative increase in Macro-F1 score. We analyze the characteristics of the T-Social dataset. From the global perspective, as shown in Table 4, T-Social is an exceptionally large-scale dataset, having over 5 million nodes.This size is roughly 100 times greater than other datasets used in our study, presenting a unique scalability challenge for GNNs. Some baselines (Care-GNN, PC-GNN, H2-FDetector, GHRN) focus on augmenting graph structure by resampling neighbors, reweighting or pruning edges for each node to balance the message passing. However, given the immense size of T-Social, coupled with its diverse local patterns (where node degrees range from 1 to 3217), it becomes challenging to learn or define a general and shared strategy for local structure augmentation applicable to all nodes. Consequently, these models are less effective on large scale graphs. Differently, PMP and BWGNN do not make any assumptions about the local structure at the node level. They learn directly from the original graph without implementing any node-level augmentations. These approaches effectively alleviates the scalability challenges posed by the size and complexity of T-Social. Then we would like to analyze the reason why PMP is better than BWGNN from the perspective of label imbalance. As shown in Table 4, T-Social exhibits a higher imbalance level, with only 3% of its nodes labeled as fraud. This leads to benign nodes overwhelmingly dominate the dataset, both in number and proportion. For BWGNN, the propagation matrix is predefined by Beta wavelet matrix, which is label-agnostic, and the feature transformation matrix is shared across all nodes, it leads to label imbalance knowledge can not be encoded into the model parameters during message passing. For our PMP, our model encode label information into the trainable parameter by utilizing distinct transformation matrices for different classes during the aggregation process, By processing nodes of different classes independently, the overfitting of the model to the class is alleviated. We believe that this is the key factor contributing to the excellent results achieved by our PMP. **Q8: In the last sentence of Section 5.4, ""wherein each of these designs brings more than a 1% improvement across most metrics"", does that mean that each approach delivers at least a 1% improvement over GraphSAGE, or does it mean that it provides a 1% improvement over the previous pivotal components? Please be as precise as possible.** **A8:** Thanks for pointing out our imprecise description. The ""+partition"" serves as the foundational element and is responsible for the major improvements observed, because it yields more than 3% improvement compared to GraphSAGE on most metrics. The subsequent components, ""++adaptive combination"" and ""+++root-specific weights"", are developed upon the ""+partition"" base. 1% improvement here means ""++adaptive combination"" and ""+++root-specific weights"" bring a cumulative improvement of more than 1% to ""+partition"". Both components provide useful contributions, but the amount of contribution provided by the two components differs depending on the datasets. For example, ""++adaptive combination"" bring a small improvement while ""+++root-specific weights"" provide more, such as in T-Finance dataset, while in Amazon dataset, ""++adaptive combination"" brings more improvement. We recognize that our initial expression in the paper might have been imprecise, and we have now amended as: **The ""++adaptive combination"", building upon the ""+partition"", brings incremental improvements across all datasets. The ""+++root-specific weights"", further extending the preceding component, enhances performance on most metrics in most datasets. Combined, these two components contribute to a cumulative improvement of more than 1% over the ""+partition"" baseline.** The modification has been marked as blue in Section 5.4 in the revised manuscript.

**Q3: Equation 12 in Algorithm A reveals that the model still grapples with imbalance issues. While the author addresses the problem of unbalanced label distribution among neighbouring nodes through PARTITIONING MESSAGE PASSING, the imbalance of the central node persists. While PMP may alleviate the negative impact of label imbalance to some extent, it does not provide a direct solution.** **A3:** In our approach, two parameter matrices are universally applied across all nodes: $f_{self}$ , which transforms the input feature into the embedding space, and an MLP, as detailed in Equation 12, which projects the node embedding from the embedding space to the label space. The imbalance problem of center nodes is usually alleviated by using weighted loss function, i.e., assigning greater weight to the training minority class nodes in the loss function, which is a common setting in imbalanced learning problem. In our code (https://anonymous.4open.science/r/PMP_submit-F35D/training_procedure/prepare.py), we also choose to use this setting as follows:```loss_func = nn.CrossEntropyLoss(weight = torch.tensor([1., weight]))```, where the weight is inversely proportional to the number of nodes. We do not discuss it in the paper, as it is a default setting in much of the imbalanced learning literature. We believe that the performance challenges GNNs face on imbalanced graphs primarily stem from the imbalance in local neighbor aggregation rather than the global label distribution imbalance. To illustrate this, we refer to Table 3 in our ablation study, where GraphSAGE, trained using an imbalanced loss function, achieves an AUC of 89.38% on the Yelp dataset. By integrating our partitioning message-passing training strategy, there is a notable performance improvement of 3.77%. Here we remove the weight in the loss function from GraphSAGE and PMP to show the influence of weighted loss function on the performance. | | Yelp | Amazon | | ---------------------------------------------- | ----- | ------ | | GraphSAGE (without weighted_loss) | 88.46 | 93.10 | | GraphSAGE + weighted_loss | 89.38 | 93.16 | | GraphSAGE (without weighted_loss) + partition | 93.18 | 96.07 | | GraphSAGE + weighted_loss + partition | 93.15 | 96.33 | From the table, it is observable that the models incorporating weighted loss show only a marginal difference in performance compared to those without it. It shows that the primary challenge in GNN performance on imbalanced graphs lies in the local neighbor aggregation process. We apologize for the confusion and will clarify the usage of the weighted loss in the revised manuscript. **Q4: In real-world scenarios, it is possible that many labelled central nodes may lack labelled fraudulent neighbours, due to the scarcity of fraud nodes. I am uncertain if this situation affects the model's performance. I previously suggested that the author analyse the labelled neighbourhood of the central node to address this concern.** **A4:** We understand your concern regarding the potential scarcity of fraudulent neighbors for labeled central nodes, which could potentially impact the training of $\mathbf{W}\_{\text{fr}}$ . In our model, for nodes without labeled fraud neighbors, its benign neighbors are still processed through $\mathbf{W}\_{\text{be}}$. For its unlabeled neighbors, we assume these neighbors comprise a mix of fraud and benign nodes, thus these neighbors are transformed by $\mathbf{W}\_{\text{un}} = \alpha \mathbf{W}\_{\text{fr}} + (1 - \alpha) \mathbf{W}\_{\text{be}}$, so optimizing $\mathbf{W}\_{\text{un}}$ indirectly contributes to the training of $\mathbf{W}\_{\text{fr}}$. Meanwhile, for nodes that do have labeled fraud neighbors, $\mathbf{W}\_{\text{fr}}$ is directly optimized. The below table are the statistics showing the proportion of training nodes with labeled fraud neighbors across different datasets, where $N_{fr}$ is the number of training nodes that have at least 1 labeled fraud neighbors, and $N$ is the number of training nodes. | | Proportion of Nodes with labeled Fraud Neighbors ($\frac{N_{fr}}{N}$) | | --------- | ------------------------------------------------------------ | | Yelp | $\frac{18007}{18381}$ | | Amazon | $\frac{3352}{3455}$ | | T-Finance | $\frac{11611}{15742}$ | This statistics (under 40% training ratio) indicate indicate that a majority of the training nodes have labeled fraud neighbors, allowing for direct optimization of $\mathbf{W}\_{\text{fr}}$ in many cases. Therefore, in the training phase, we ensure that both $\mathbf{W}\_{\text{fr}}$ and $\mathbf{W}\_{\text{un}}$ are adequately trained, mitigating the concern about the scarcity of fraud neighbors and its potential impact on the model's performance."	"**Q2: The strategy of partitioning message passing is very similar to GNNs with adaptive channel mixing used in [1] although [1] is from the spectral perspective. It will be interesting to discuss the differences and relationships between your proposed method and [1].** **A2:** Thanks for your suggestions, which inspire us to rethink our Partitioning Message Passing (PMP) and Adaptive Channel Mixing (ACM) [1]. We agree that our work does indeed share similarities with ACM. However, the motivation, methodology, theoretical insights still differ. We provide a detailed comparison from these perspectives as follows: **[Motivation]** In our paper, we contend that the key to successfully applying GNNs for GFD task lies not in the exclusion of neighbors but in the ability to *distinguish* between them based on their labels during the neighborhood aggregation. This core belief is operationalized in our proposed PMP framework, which integrates this motivation into the traditional message passing paradigm. By partitioning neighbors during the aggregation phase using distinct transformation matrices, PMP effectively discriminates between different classes of neighbors, ensuring that the message passing mechanism is both simple and highly effective in addressing the unique challenges of GFD. Contrastingly, ACM is motivated by the concept of ""*Diversification Distinguishability*"", which primarily involves attributing negative weights to heterophilic neighbors through a spectral synthesis of low-pass and high-pass filters. This technique fundamentally differs from our PMP. It is because the use of negative weights in ACM is indicative of removing (or subtracting) the heterophilc components from the homophilic neighbors. This can be interpreted as a form of information '*forgetting*' where heterophilic features are de-emphasized in favor of homophilic features. It is different from PMP which preserves and utilizes all available information. **[Methodology]** ACM is rooted in spectral graph theory, while PMP is spatially oriented. This difference is not just theoretical but has practical implications. The spectral nature of ACM inherently influences its scalability, particularly in the context of large graphs. Typically, spectral-based models, including ACM, require the entire graph as input, which can pose challenges for mini-batch training and thereby limit scalability. In contrast, our PMP model, with its spatial-based framework, inherently supports mini-batch training and is thus more adaptable to large-scale graphs. Furthermore, considering the application of ACM in GFD tasks, its formulation, with removed nonlinearity for simplicity's sake, can be expressed as $H_{\textbf{ACM}}^{(l+1)} = \alpha F_{L}\begin{bmatrix}H^{(l)}\_{fr} \\\ H^{(l)}\_{be} \\\ H^{(l)}\_{un}\end{bmatrix} W_{1}^{(l)} + \beta F_{H}\begin{bmatrix}H^{(l)}\_{fr} \\\ H^{(l)}\_{be} \\\ H^{(l)}\_{un}\end{bmatrix} W_{2}^{(l)}$ where $F_L$ and $F_H$ are distinct spectral filters. We can observation that the trainable weight matrix $W_{L}^{(l)}$ and $W_{H}^{(l)}$ are both shared across all nodes. In contrast, our PMP model, when represented in matrix form, can be rewritten as $H_{\textbf{PMP}}^{(l+1)} = F \begin{bmatrix}H^{(l)}\_{fr} W_1\\\ H^{(l)}\_{be} W_2 \\\ H^{(l)}\_{un} (\alpha W_1 + (1-\alpha)W_2)\end{bmatrix}$ where $F$ is the normalized adjacency matrix. Unlike ACM, trainable weight matrices in PMP, $W_1$ and $W_2$ , are specifically applied to nodes with different labels, where $W_1$ and $W_2$ captures the information of fraud nodes and benign nodes respectively, reflecting a more label-aware and adaptive approach to message passing in the context of GFD. **[Theoretical Insights]** The theoretical insights of PMP and ACM reveal a significant divergence in their spectral capabilities, highlighting a fundamental difference in how they process graph signals. Specifically, ACM predominantly operates as a combination of low-pass and high-pass filters, which (de)emphasizing high or low frequency signal components can not control the information from other spectrum, i.e., ACM does not equate to the functionality of a band-pass filter. Differently, our theoretical analysis and visualization in Section.4 proves that our PMP operates as an adaptive graph filter which cover all frequencies in the spectral domain. We also think such comparisons are very meaningful for a deeper understanding of our work, thus we include them in **Appendix C** of the revised manuscript. **Q3: A minor issue: repeated references 2nd and 3rd articles.** **A3:** Thank you for pointing out the repeated references. We have carefully reviewed the manuscript and rectified the referencing. This correction has been reflected in the revised manuscript.

We thank the reviewer for providing insightful and constructive comments. We address the reviewer's comments/concerns as follows. **Q1.1: The issues of label imbalance and homophily-heterophily have been effectively addressed in the past. Notably, Tang et al. [1] offered a theoretical explanation for these concerns using spectral graph analysis.** **A1.1:** In our opinion, BWGNN proposed by Tang et al. [1] aims to preserve or emphasize information from certain frequencies based on the PDF of Beta distribution, so BWGNN acts as a band-pass spectral graph filter, which has been proved effective for graph with heterophily. However, BWGNN does not specifically cater to the label imbalance challenge. There are two key reasons for this. Firstly, BWGNN use Beta wavelets as propagation matrix, which is predefined and only related to the graph Laplacian, thus the propagation matrix of BWGNN is label-agnostic. Secondly, the feature transformation matrices of BWGNN is uniformly shared across all nodes, so it is also label-agnostic. These two factors indicate that the training process of BWGNN does not explicitly account for the label imbalance inherent in certain graphs. The empirical evidence presented in Table 4 of Section 5.3 illustrates that our approach more effectively mitigates problems arising from label imbalance compared to BWGNN. This is achieved by investigating the influence distribution from neighbors on minority class nodes and tailoring the message passing process accordingly. **Q1.2：Building upon the findings of [1], this paper makes incremental enhancements in the field of fraud detection while questioning the complexity of earlier algorithms. Nonetheless, This paper does not provide comprehensive comparison of time and space complexities with previous works.** **A1.2:** We first show a detailed comparison of the time and space complexities in the following table (PC-GNN is built upon Care-GNN, and GHRN is an extension of BWGNN. They share similar complexity profiles with their respective base models), where $|E| \ll N^2$ is the number of edges, $d$ is the feature dimension and $C$ is the number of spectral filter in BWGNN. Usually, $N > |E|$, thus our model demonstrates optimal time and space complexities compared to these baselines. We have updated it in the Appendix A of the revised manuscript. | | Time Complexity | Storage Cost | | ------------ | --------------- | ------------------- | | Care-GNN | $O(Nd + \|E\|)$ | $O(Nd + N^2 + \|E\|)$ | | H2-FDetector | $O(N^2)$ | $O(Nd + N^2)$ | | BWGNN | $O(C\|E\|)$ | $O(Nd + C\|E\|)$ | | PMP (Ours) | $O(\|E\| + N)$ | $O(Nd + \|E\|)$ | Besides, we would like to explain that our PMP is not built upon the findings of BWGNN. PMP and BWGNN have different motivation, methodology, and theoretical insights. So we think BWGNN cannot hide our contributions. The main differences between PMP and BWGNN are summarized as follows: **[Motivation]** PMP is motivated by investigating the influence propagation during message passing (Section 2.2 in the updated version), which leads us to propose a fundamental principle for the successful application of GNNs in GFD: distinguishing between neighbors with different labels during the message passing. However, BWGNN is motivated by the 'right-shift' phenomenon of the spectral energy distribution, which inspires the BWGNN to define a band-pass graph filter based on beta wavelet. **[Methodology]** （1）**Label Utilization**: PMP is spatial and label-aware, using distinct weight matrices for different labels. BWGNN, a spectral model, has shared, label-agnostic parameters.(2). **Weight Matrix Design**: PMP's weight matrices are root-specific (See Section 3), tailored for each node. BWGNN uses randomly initialized weights. (3) **Unlabeled Nodes Handling**: PMP treats unlabeled nodes as a mix of benign and fraud labels (See Section 3), while BWGNN treats all nodes uniformly, regardless of their labeled or unlabeled status.

We appreciate your detailed suggestions for our work. We provide the response to your concerns point by point as follows: **Q1: It would be easier for a reader to follow if the same notation would not be used for different purposes. $h$ (page 15) - class homophily metric $h_{i}^{(l)}$ (page 3) - $l$-th layer hidden representation of $v_i$.** **A1:** Thank you for pointing out the confusion caused by the overlapping use of the notation $h$. To address this, we have revised the notation to eliminate any ambiguity. The class homophily metric previously denoted by $h$ on page 15 will now be denoted by $\eta$ throughout the paper. We have marked these changes in blue in the revised manuscript. **Q2: On page 4, equation 4: Shouldn't a small $\alpha^{(l)}\_{i}$ indicate that the model should treat unlabeled neighbors more similarly to benign nodes (instead of fraud nodes as written in the paper)?** **A2:** Thank you for pointing out the inconsistency regarding the interpretation of the parameter $\alpha^{(l)}\_{i}$ in equation 4 on page 4. Upon re-examination, we agree that there was an error in our description of how $\alpha^{(l)}\_{i}$ influences the treatment of unlabeled neighbors in our model. As you correctly noted, a small $\alpha^{(l)}\_{i}$ should indeed indicate that the model treats unlabeled neighbors more similarly to benign nodes due to the larger weight placed on $\mathbf{W}\_{\text{be}}^{(l)}$. We have corrected the text in the manuscript to accurately reflect this relationship. **Q3: On Figure 4 (page 8): Influence distribution: why GCN (and not R-GCN) was chosen as one of the methods for comparison? My understanding is that GCN cannot distinguish between diffenent relations and both Yelp and Amazon datasets include multiple relationship types. May be that is why GCN did better at T-Finance (with only one relation type)** **A3:** Thanks for your deep insights. Our aim is to provide a comprehensive comparison across a spectrum of GNNs, ranging from the most basic GCN to the more advanced and fraud-specific model, BWGNN. These methods are selected as the most representative baselines for different classes of GNNs. We agree that the Yelp and Amazon datasets contain multiple relationship types and that GCN’s inability to differentiate between these may impact its performance. In the single-relational dataset T-Finance, the disadvantages of GCN are reduced because other methods no longer have the advantage of handling multiple relations, which is a logical result. We appreciate the suggestion that including R-GCN, which is designed to handle multiple types of relationships, could provide a more direct comparison for datasets with such complexity. To address this, we have conducted additional experiments with R-GCN, which we have included in the **Appendix E.3** of the revised manuscript. From the extended experiments with R-GCN in **Appendix E.3**, we include R-GCN due to its ability to handle multiple types of relationships within a graph. R-GCN extends the GCN model to account for different types of relations in the graph. Results illustrate the influence distributions for the multi-relational Yelp and Amazon datasets. It is evident that accounting for multiple relationships results in a rightward (positive) shift in the influence distributions."	Dear authors, Thank you for your response and pardon my late reply. I appreciate the time and efforts you put on rebuttal. The response is clear and well addressed my concerns. Therefore, I am amending my score upward.	fixed		the reviewer explicitly states the concerns were well addressed
6.197	RzNlECeoOB__r03	$t^3$-Variational Autoencoder: Learning Heavy-tailed Data with Student's t and Power Divergence	8: accept, good paper	4: You are confident in your assessment, but not absolutely certain. It is unlikely, but not impossible, that you did not understand some parts of the submission or that you are unfamiliar with some pieces of related work.	fixed	silver_followup_comment	I am satisfied with the authors' rebuttal. I keep my high rating of the contribution.	fixed	fixed	partially_fixed	fixed	partially_fixed	fixed	fixed	"[weaknesses] (1) The authors claim that their idea is extendable to hierarchical models. Although there is a theoretical justification for this in the appendix, the paper would benefit from corresponding experimental studies. (2) Minor comments: p. 2, l. 10 from bottom: the authors probably wanted to write ""likelihood"" (instead of ""log-likelihood""), p. 7, Tab. 3: $t^3$VAE $\to$ $t^3$VAE ($\nu=10$), p. 9, l. 12: I suggest not to use the phrase ""scores highest"" (as in the case of FID ""lower is better"").

[questions] (1) Have you considered providing experimental results for hierarchical architectures?

[summary] In this paper, the authors introduce a novel VAE-like generative model ($t^3$VAE) in which the underlying distributions (for the prior, encoder, and decoder) are assumed to be (multivariate) Student's t. This idea leads to a better approximation of heavy-tailed densities, which is confirmed by experiments on both synthetic and real-world datasets. The presented (solid) theoretical justification stems from viewing classical VAE as a joint minimization process between two statistical manifolds and relies on replacing the KL divergence with the $\gamma$-power divergence."	Thank you for your through review and suggestions, and raising a number of important issues! We have updated the manuscript to reflect our discussion, add experiments and improve presentation. Below are our responses to weaknesses which we hope can dispel any remaining concerns. **Addressing Weaknesses** * Does the $\gamma$-power divergence between the two manifolds still lead to the ELBO? Thank you for pointing out the issue. We agree this is an important distinction that needs to be clarified, and the following discussion has been added to the manuscript in Section 3.2. Due to the different expression for $\gamma$-power divergence and also the approximation step, the $\gamma$-loss does not function as a bound for log-likelihood, although joint minimization will still generally try to fit $p_\theta(x)$ to the true data distribution, maximizing likelihood while also keeping posteriors close. Its precise effect is a balance between reconstruction and regularization, which is explained throughout Section 3.3. We emphasize that the central philosophy of our framework is viewing the ELBO *not* as a lower bound of likelihood (which naturally leads to modifying the KL regularizer term...	"Thank you for your through review and suggestions, and raising a number of important issues! We have updated the manuscript to reflect our discussion, add experiments and improve presentation. Below are our responses to weaknesses which we hope can dispel any remaining concerns. **Addressing Weaknesses** * Does the $\gamma$-power divergence between the two manifolds still lead to the ELBO? Thank you for pointing out the issue. We agree this is an important distinction that needs to be clarified, and the following discussion has been added to the manuscript in Section 3.2. Due to the different expression for $\gamma$-power divergence and also the approximation step, the $\gamma$-loss does not function as a bound for log-likelihood, although joint minimization will still generally try to fit $p_\theta(x)$ to the true data distribution, maximizing likelihood while also keeping posteriors close. Its precise effect is a balance between reconstruction and regularization, which is explained throughout Section 3.3. We emphasize that the central philosophy of our framework is viewing the ELBO *not* as a lower bound of likelihood (which naturally leads to modifying the KL regularizer term as most VAE variants do), but as a divergence between joint distributions (which naturally leads to modifying the entire divergence as in Eq.19). The $\gamma$-power or log-$\gamma$ divergences are reasonable choices due to their information geometric properties and viability of closed-form computations with respect to t-distributions. But why does this work? Our experiments demonstrated that our framework is very effective even though we are not explicitly optimizing for likelihood. This can be explained in part by [1] which shows that $\gamma$-type divergence minimizers are M-estimators and proves asymptotic efficiency and robustness under heavy contamination, lending support to our approach as a solid alternative to MLE methods for statistical inference. Furthermore, for high-dimensional datasets $\gamma$ is quite small and the effect of changing divergence is simply less important compared to the effect of the coupled t-distributions (in particular the prior) whose degrees of freedom $\nu$ is small. * Given that both t3VAE and the Student-t VAE integrate the Student's t-distribution into the VAE framework, a more granular comparison in the related work section would be enlightening. We felt that the Student-t VAE design is less suitable to highlight in the introduction for a couple of reasons. The model uses a separate univariate t-distribution for each dimension (there is some confusion regarding dimension in the paper as well), and experiments only focus on overcoming the training instability issue for low-dimensional datasets. Moreover, performance improvement on image datasets in our experiments was not as significant compared to other models such as $\beta$-VAE and Tilted VAE. Similarly, DE-VAE also showed relatively poor reconstuction quality and VAE-st suffered from a range of inconsistencies and implementation issues. Hence we aimed for a broad overview of all the t-based VAEs rather than focusing on one single benchmark model. * I noticed that the hierarchical variants of the model weren't evaluated in the experimental section. Such an evaluation might provide insights into the model's performance in different configurations. We have newly implemented the two-layer hierarchical model ($t^3$HVAE) and compared against the Gaussian HVAE on double resolution images. The results are presented in Section 4.2, Figure 5 and Table C3. We demonstrate that the increased hierarchical depth allows $t^3$HVAE to learn more sophisticated images with substantially higher clarity and sharper detail compared to Gaussian HVAE, further justifying the generality and effectiveness of our theoretical framework. * Incorporating the Student's t-distributions inherently increases the model's complexity. This can potentially introduce challenges in training and optimization. Unlike models such as DE-VAE or VAE-st which require numerical integration to calculate the KL divergence between t-distributions for every data point, the explicit form of the $\gamma$-loss does not create any significant computational bottlenecks or new instability issues (e.g. division by zero variance, exploding gradients) compared to the original ELBO of Gaussian VAE. The same holds for the t-based reparametrization trick or multivariate t-distribution sampling process as detailed in Appendix C.1, requiring very minor additional computation. We also observed virtually equal runtimes in practice. Nonetheless we agree that this discussion is needed in the paper, and have merged into the final paragraph in Section 4 to give a general analysis on training cost and hyperparameter selection. [1] H. Fujisawa, S. Eguchi, 2008. Robust parameter estimation with a small bias against heavy contamination. J. Multivar. Anal. 99(9).

We are extremely grateful for your positive and through review of our work! We have updated the paper following your suggestions. **Addressing Weaknesses & Questions** (1) The authors claim that their idea is extendable to hierarchical models. Although there is a theoretical justification for this in the appendix, the paper would benefit from corresponding experimental studies. We have newly implemented the two-layer hierarchical model ($t^3$HVAE) and compared against the Gaussian HVAE on double resolution images. The results are presented in Section 4.2, Figure 5 and Table C3. We demonstrate that the increased hierarchical depth allows $t^3$HVAE to learn more sophisticated images with substantially higher clarity and sharper detail compared to Gaussian HVAE, further justifying the generality and effectiveness of our theoretical framework. (2) Minor comments: Thank you for going through our paper in detail! We have edited the mistakes and generally improved the presentation of the text. Also, please see our responses to the other reviewers for some other points that we addressed.

Thank you for your positive review and very through advice which helped us greatly to improve our paper! We also report that we have additionally implemented the hierarchical $t^3$HVAE and added experimental results. Below are our responses to questions (merged with weaknesses). * Is the gamma-power divergence not the same as the Renyi divergence (up to constants)? How do they differ? In fact, the following four divergences have similar definitions. $\alpha$-divergence $\frac{1}{\alpha(\alpha-1)}\left(\int p^\alpha q^{1-\alpha}-1\right)$ Renyi divergence $\frac{1}{\alpha-1}\log\int p^\alpha q^{1-\alpha}$ $\gamma$-power divergence $-\int p\left(\frac{q}{\lVert q\rVert_{1+\gamma}}\right)^\gamma +\lVert p\rVert_{1+\gamma}$ log-$\gamma$ divergence $\frac{1}{\gamma(\gamma+1)}\log\int p^{\gamma+1} - \frac{1}{\gamma}\log\int pq^\gamma+\frac{1}{\gamma+1}\log\int q^{\gamma+1}$ Despite the apparent similarities, they each possess rich geometric properties. The $\alpha$-geometry was originally studied by Amari and has analogous properties to KL divergence on the space of positive measures (being the intersection of the $f$- and Bregman families) but has a more complex dual connection when restricted to probability measures. The $\gamma$-geometry, studied by Eguchi, has a simple flatness structure where exponential families are replaced by power families and mixture geodesics are the same. Also, from a statistical perspective, $\alpha$ tunes between mass-covering or mode-seeking behavior, while $\gamma$ tunes between robustness and outlier-focused behavior [1]. In the initial stages of our research, we considered all the above as well as robust $\beta$ and other $f$-divergences as replacements for KL, but decided upon $\gamma$-power divergence due to flatness properties and viability of closed-form computations. The $\alpha$ and $\beta$ type divergences have also been studied for variational inference in previous works [2,3] (although not with our joint optimization framework), while $\gamma$-divergence methods are quite new. * Can you provide an algorithm environment to show how this should be implemented at a glance? Thank you for the helpful suggestion! We have added an implementation summary of our framework as Algorithm 1 in the main text. * What do the MMD values themselves look like? These might be more useful to report than the p-values. When the RBF kernel $k(x,x') = \exp\left(-\frac{(x-x')^2}{2\sigma^2}\right)$ is implemented for the MMD bootstrap test, the hyperparameter $\sigma^2$ is automatically chosen as the median of $\{(x_i - x_j')^2\}_{i,j}$. In practice, $\sigma^2$ fluctuates between around 3 to 5. In this case, directly comparing MMD values may not be meaningful. The MMD values are also somewhat randomly distributed around -0.01~0.01 and not particularly informative on their own. Hence a bootstrap test must be run to obtain meaningful statistics, which is why we only report $p$-values. * Since you know the densities explicitly in the synthetic tests, you could use KSD instead of MMD, as this will have much improved statistical power. Have you tried this? Due to increased power and reduction of reliable samples due to tail truncation, KSD tends to reject *all* models including $t^3$VAE. Of course, no model can exactly approximate the true distribution even with infinitely many samples, which will lead to rejection for any sufficiently powerful test. Instead our goal was to be able to clearly delineate *relative* tail generation performance of $t^3$VAE and other models, which is well achieved by MMD testing: we proved that $t^3$VAE is harder to distinguish from test data compared to other models. We also considered various other testing methods, but ultimately chose MMD due to applicability to 2 dimensions and simplicity & speed of implementation. (continued below)"	"Thank you for your through review and suggestions, and raising a number of important issues! We have updated the manuscript to reflect our discussion, add experiments and improve presentation. Below are our responses to weaknesses which we hope can dispel any remaining concerns. **Addressing Weaknesses** * Does the $\gamma$-power divergence between the two manifolds still lead to the ELBO? Thank you for pointing out the issue. We agree this is an important distinction that needs to be clarified, and the following discussion has been added to the manuscript in Section 3.2. Due to the different expression for $\gamma$-power divergence and also the approximation step, the $\gamma$-loss does not function as a bound for log-likelihood, although joint minimization will still generally try to fit $p_\theta(x)$ to the true data distribution, maximizing likelihood while also keeping posteriors close. Its precise effect is a balance between reconstruction and regularization, which is explained throughout Section 3.3. We emphasize that the central philosophy of our framework is viewing the ELBO *not* as a lower bound of likelihood (which naturally leads to modifying the KL regularizer term as most VAE variants do), but as a divergence between joint distributions (which naturally leads to modifying the entire divergence as in Eq.19). The $\gamma$-power or log-$\gamma$ divergences are reasonable choices due to their information geometric properties and viability of closed-form computations with respect to t-distributions. But why does this work? Our experiments demonstrated that our framework is very effective even though we are not explicitly optimizing for likelihood. This can be explained in part by [1] which shows that $\gamma$-type divergence minimizers are M-estimators and proves asymptotic efficiency and robustness under heavy contamination, lending support to our approach as a solid alternative to MLE methods for statistical inference. Furthermore, for high-dimensional datasets $\gamma$ is quite small and the effect of changing divergence is simply less important compared to the effect of the coupled t-distributions (in particular the prior) whose degrees of freedom $\nu$ is small. * Given that both t3VAE and the Student-t VAE integrate the Student's t-distribution into the VAE framework, a more granular comparison in the related work section would be enlightening. We felt that the Student-t VAE design is less suitable to highlight in the introduction for a couple of reasons. The model uses a separate univariate t-distribution for each dimension (there is some confusion regarding dimension in the paper as well), and experiments only focus on overcoming the training instability issue for low-dimensional datasets. Moreover, performance improvement on image datasets in our experiments was not as significant compared to other models such as $\beta$-VAE and Tilted VAE. Similarly, DE-VAE also showed relatively poor reconstuction quality and VAE-st suffered from a range of inconsistencies and implementation issues. Hence we aimed for a broad overview of all the t-based VAEs rather than focusing on one single benchmark model. * I noticed that the hierarchical variants of the model weren't evaluated in the experimental section. Such an evaluation might provide insights into the model's performance in different configurations. We have newly implemented the two-layer hierarchical model ($t^3$HVAE) and compared against the Gaussian HVAE on double resolution images. The results are presented in Section 4.2, Figure 5 and Table C3. We demonstrate that the increased hierarchical depth allows $t^3$HVAE to learn more sophisticated images with substantially higher clarity and sharper detail compared to Gaussian HVAE, further justifying the generality and effectiveness of our theoretical framework. * Incorporating the Student's t-distributions inherently increases the model's complexity. This can potentially introduce challenges in training and optimization. Unlike models such as DE-VAE or VAE-st which require numerical integration to calculate the KL divergence between t-distributions for every data point, the explicit form of the $\gamma$-loss does not create any significant computational bottlenecks or new instability issues (e.g. division by zero variance, exploding gradients) compared to the original ELBO of Gaussian VAE. The same holds for the t-based reparametrization trick or multivariate t-distribution sampling process as detailed in Appendix C.1, requiring very minor additional computation. We also observed virtually equal runtimes in practice. Nonetheless we agree that this discussion is needed in the paper, and have merged into the final paragraph in Section 4 to give a general analysis on training cost and hyperparameter selection. [1] H. Fujisawa, S. Eguchi, 2008. Robust parameter estimation with a small bias against heavy contamination. J. Multivar. Anal. 99(9).

We are extremely grateful for your positive and through review of our work! We have updated the paper following your suggestions. **Addressing Weaknesses & Questions** (1) The authors claim that their idea is extendable to hierarchical models. Although there is a theoretical justification for this in the appendix, the paper would benefit from corresponding experimental studies. We have newly implemented the two-layer hierarchical model ($t^3$HVAE) and compared against the Gaussian HVAE on double resolution images. The results are presented in Section 4.2, Figure 5 and Table C3. We demonstrate that the increased hierarchical depth allows $t^3$HVAE to learn more sophisticated images with substantially higher clarity and sharper detail compared to Gaussian HVAE, further justifying the generality and effectiveness of our theoretical framework. (2) Minor comments: Thank you for going through our paper in detail! We have edited the mistakes and generally improved the presentation of the text. Also, please see our responses to the other reviewers for some other points that we addressed.

(continued) * Have you tried the model on any real datasets other than image sets? Due to time constraints, we had to focus our efforts into implementing the hierarchical $t^3$VAE to learn very high dimensional images (experiments added to Section 4.2, Figure 5 and Table C3). We note that many non-image datasets that are considered heavy-tailed (economic, weather, etc) are low dimensional, while $t^3$VAE exhibits the best performance improvements over models such as Student-t VAE in higher dimensions. Nonetheless, we will continue to experiment on other datasets for the camera-ready version. * Do you know how the model compares with other normalizing flow models incorporating t-distributions? Works such as [4,5,6] implement heavy-tailed base distributions for normalizing flows, which is conceptually similar to using a heavy-tailed prior for VAEs. Of course in principle, any data distribution can in principle be approximated arbitrarily closely if the flow/decoder networks are powerful enough. However, these papers argue intuitively and empirically that t-distributions ensure better robustness and generalization, and we believe the same arguments carry over to our model. We also take a step further (compared to prior-based alternatives) by also using t-distributions for the decoder and encoder, which enforces the power form Eq.(15) on the joint model distribution. If the decoder network $\mu_\theta$ is Lipschitz, this will explicitly ensure polynomial decay w.r.t. $x,z$. In fact, this control 'further down the line' seems to be key to $t^3$VAE's success as evidenced by our experiments against Student-t VAE, DE-VAE and VAE-st. This discussion has been added to the Related Works section. Moreover, this raises an intriguing question post factum: can the tails of distributions generated by normalizing flows also be more strictly controlled down the line (not just modifying the base distributions) to improve performance? We leave this as an interesting direction for future work. [1] Regli, Silva. Alpha-beta divergence for variational inference. 2018. [2] Li, Turner. Renyi divergence variational inference. NIPS 2016. [3] Akrami et al. Robust variational autoencoder. NeurIPS 2019. [4] Alexanderson, Henter. Robust model training and generalisation with Studentising flows. ICML 2020 workshop. [5] Amiri et al. Generating heavy-tailed synthetic data with normalizing flows. UAI 2020 workshop. [6] Laszkiewicz et al. Marginal tail-adaptive normalizing flows. ICML 2022."	I am satisfied with the authors' rebuttal. I keep my high rating of the contribution.	fixed		the reviewer is satisfied with the rebuttal and keeps a high rating
