priority_score	issue_id	venue	paper_title	primary_name	primary_label	secondary_name	secondary_label	review_excerpt	aligned_response_excerpt	revision_summary	gold_label	evidence_span	notes
6.200	My7lkRNnL9__r04	ICLR.cc/2024/Conference	Forward Learning with Top-Down Feedback: Empirical and Analytical Characterization	structured_v6	unresolved	modernbert_v6	fixed	"[weaknesses] - The experimental improvement and evaluation of PEPITA on their own offer only limited novelty. However, together with the analysis connecting PEPITA, FA, and Forward-Forward, this paper amounts to a considerable contribution. - experimental evaluation: - only small, fully-connected networks, not that suited to more complex vision datasets - only image classification (MNIST, CIFAR10, CIFAR100) - no experimental comparison to Forward-Forward - only minor improvements in accuracy - Minor Issues: - Figures can be a bit hard to read - in Fig 2 (especially 2b) the overlap of PEPITA and AFA is hard to see without zooming in - Fig 3 would benefit from more contrasting colors - the references to Figure 2c in the last paragraph of Section 3.2 seems to be mismatched with the actual order of subfigures in Figure 2 - Table 1, line 1 seems to have the wrong citation for FA - Spelling: - in contribution (vi) ""analitically"" - in the last sentence of Section 1: ""gpus"" should probably be in uppercase, i.e. ""GPUs""

[questions] - Which approach do the authors considers their primary contribution? Table 1 the authors refer to PEPITA-TL as ""ours"" yet this is only discussed briefly in Section 5.1 and left mostly to future work. - Why are the combinations ""weight-decay + normalization + WM"" and ""weight-decay + normalization + no WM"" missing in Table 2? Can weight decay and activation normalization not be combined? - In Figure 3c: shouldn't pre-mirroring increase the alignment (thus decreasing the angle) before the first epoch? Yet, in Figure 3c, all three lines seem to start at the same value.

[summary] This paper provides further analysis of the PEPITA learning rule, a biologically-inspired ""forward-only"" approach to train neural networks by replacing the backward pass with another forward pass. In connects PEPITA theoretically to two other biologically-inspired approaches, namely an adaptive version of Feedback Alignment and Forward-Forward. Additionally, the paper explores how the initialization of the feedback weights and applying techniques like weight decay, activation normalization, and weight mirroring can improve PEPITA's performance. The experimental findings demonstrate minor improvements through normalization and weight mirroring."	"We thank the reviewer for their insightful comments. The point-to-point answer is provided below. --- # Weaknesses 1. We thank the reviewer for appreciating the value of our theoretical results, beyond simple contributions in performance and accuracy. Experimental evaluation: 2. Our work extends previous work that impeded training deeper networks with the original PEPITA method, and so improves on the complexity of networks that PEPITA can work with. Overall, many local or biologically plausible training algorithms in present-day literature are not yet ready to be tested on challenging large-scale datasets and highly complex network architectures. 3. It is unfortunately common in the literature to use image classification tasks as the initial benchmark of new training algorithms. We share this choice with Hinton’s FF paper and others in the same area (e.g. [Ororbia and Mali, 2023]). We do think it would be interesting to extend this work to other types of tasks, particularly to time-dependent datasets, where a forward-only algorithm can be especially useful for analyzing incoming data in real-time. However, this is best treated in a separate paper, where we can focus on the specific needs of such a case. 4. At this time, we are not aware of any implementation of Forward-Forward which utilizes feedback connections to generate the negative samples, as proposed by [Hinton, 2022]. Given the significant difference, we decided not to compare PEPITA to Forward Forward with externally generated samples. Despite this, for completeness, we have added the results that FF achieves on MNIST as reported in [Hinton, 2022]. 5. As was pointed out above by reviewer sGVa, the performance of forward-only algorithms has been catching up in recent years, but what is lacking is the theoretical understanding of their learning dynamics. Our aim is not yet to apply PEPITA to real-world tasks but to understand which tools may or may not lead to performance improvements, and why, in order to guide further development. In this respect, small improvements are also informative, and even negative results are valuable lessons. Minor issues: 6-7-8. We thank the reviewer for these suggestions, we are currently working to implement them in the paper. 9. We thank the reviewer for noticing this mismatch. We have now correctly referred to Fig.2d at the end of Sec. 3.2 10. We thank the reviewer for noticing this. The table now reports Lillicrap 2016 instead. Spelling: 11. We thank the reviewer for catching the typo. We have corrected this in the revised version of the manuscript. 12. We thank the reviewer for the suggestion. In the revised version you will now find “GPUs”. --- # Questions 1. We thank the reviewer for the fair question. We consider our primary contribution the theoretical analysis of the nonintuitive learning dynamics of PEPITA, the study of training techniques that lead to improved performance, and the connections with FF and DFA. Overall, we believe that these different characterizations help us build a common framework to study forward-learning rules. The reason why we included PEPITA-TL in Table 1 is to have a complete comparison. Figure S1 shows that training with PEPITA-TL is possible, but we leave the study necessary to make its performance competitive for future work. Moreover, we have added PEPITA-Hebbian and PEPITA+WM in Table 1. 2. We thank the reviewer for the question. To find the best hyperparameters for training with activation normalization we run a grid search, which includes searching for the optimal value of weight decay. In all cases with normalization, the grid search returns no weight decay, for this reason, we did not include the combination of normalization and weight decay in the table. 3. We thank the reviewer for the question. The fact that at the start of the training, the angles look identical is due to the small learning rate for WM that the grid search has returned (Table S3). This causes pre-mirroring to have a small effect on the angle, although the effect is noticeable in terms of slowness (Table S2). For MNIST and CIFAR-100, the grid search returns higher learning rates for WM (Table S3), and the effect is more noticeable both in the angles (Figure S6) and in the slowness (Table S2).

We thank the reviewer for highlighting the strengths of our paper. Below, we provide detailed answers to the reviewer's concerns. --- # Weaknesses 1. The reviewer is right in observing that our theoretical analysis is limited to one-hidden layer networks. Our goal is to elucidate the alignment phenomenon initially observed in the paper introducing the PEPITA algorithm [Dellaferrera & Kreiman, 2022], which considers one-hidden layer networks. Further work would be required to study the multi-layer case, but our approximation suggests that a perturbative approach could be useful in this direction. We stress that the analytical frameworks to study the dynamics of learning in deep networks are still very limited, and – to the best of our knowledge – tracking analytically the average performance of deep nets with non-linear activations is still an open problem even for networks trained with back-propagation. One possible preliminary step to elucidate the alignment phenomenon in the multi-layer case would be to consider deep linear networks. We added a comment in Sec. 7. --- # Questions 1. As shown in Table S1, the performance decreases for 3-hidden-layer networks for MNIST (95.07% accuracy) and CIFAR-100 (drops to random chance). For CIFAR-100 weight decay allows us to train the 3-hidden-layer network (23.13% accuracy). We run additional experiments to test PEPITA Hebbian in MNIST and CIFAR-100 with 1-, 2-, and 3-hidden layer networks and we observe less than 0.15% difference (statistically insignificant) in accuracy between PEPITA and PEPITA Hebbian. 2. In the work by [Dellaferrera and Kreiman, 2022], the authors show that the presynaptic term ($h_{\ell - 1}^{err}$) can be replaced with the same term computer in the first forward pass ($h_{\ell - 1}$) without changing the performance. For this reason, we expected the Hebbian learning rule in eq. 8 to perform equivalently to the original learning rule, which is empirically the case. In the time local version, the updates are computed separately, meaning that the update computed during the second forward pass is operating on the weights that have already been updated in the first forward pass. We suspect that separating the Hebbian and anti-Hebbian updates changes the loss landscape, although we leave this analysis for further work. With the same choice of hyperparameters, standard PEPITA also reaches around 40% accuracy, due to the low learning rate. Though these parameters were chosen using a grid search for PEPITA-TL, we conclude that the hyperparameter choice is not sufficient to explain the performance gap.

We thank the reviewer for the positive comments on our work. We address the concerns and questions below. --- # Weaknesses 1. Generally, achieving superior outcomes compared to back-propagation in the field has proven challenging. Typically, we resort to utilizing approximations to back-propagation. For instance, DFA [Nokland 2016], among various examples, initially employed relatively shallow networks and exhibited poorer performance than back-propagation. It took a few years for the community to enhance it for deeper networks. We believe that our work provides the insights necessary to improve the performance of these types of algorithms. 2. In [Dellaferrera & Kreiman, 2022], the authors show that the algorithm can work well on CNNs too. In this work, we focused on other aspects, in particular on the theoretical analysis, which can be performed on fully connected networks. We leave the extension of our results to future work. --- # Questions 1. We have run experiments with PEPITA using the same hyperparameters as the best ones for PEPITA-TL. With this choice of hyperparameters, standard PEPITA also reaches around 40% accuracy, due to the low learning rate. Though these parameters were chosen using a grid search for PEPITA-TL, we conclude that the hyperparameter choice is not sufficient to explain the performance gap. 2. We thank the reviewer for the interesting insight. We provide an answer from two different perspectives. From the hardware implementation perspective, we say that a rule is temporally local if the updates are computed without the need to store any information in memory. This is the case for PEPITA-TL, which computes updates on the fly without any need to keep activations in memory. Instead, PEPITA-Hebbian needs to store the activations of the first forward pass and then use them for the update. From the biological perspective, we believe that the reviewer’s insight is very interesting: on the timescale of neural plasticity, we agree that PEPITA-Hebbian might be temporally local, which would also mean that PEPITA is. Small comments: 1. We agree with the reviewer, and we added PEPITA-Hebbian and PEPITA+WM in Table 1."	"We thank the reviewer for their insightful comments. The point-to-point answer is provided below. --- # Weaknesses 1. We thank the reviewer for appreciating the value of our theoretical results, beyond simple contributions in performance and accuracy. Experimental evaluation: 2. Our work extends previous work that impeded training deeper networks with the original PEPITA method, and so improves on the complexity of networks that PEPITA can work with. Overall, many local or biologically plausible training algorithms in present-day literature are not yet ready to be tested on challenging large-scale datasets and highly complex network architectures. 3. It is unfortunately common in the literature to use image classification tasks as the initial benchmark of new training algorithms. We share this choice with Hinton’s FF paper and others in the same area (e.g. [Ororbia and Mali, 2023]). We do think it would be interesting to extend this work to other types of tasks, particularly to time-dependent datasets, where a forward-only algorithm can be especially useful for analyzing incoming data in real-time. However, this is best treated in a separate paper, where we can focus on the specific needs of such a case. 4. At this time, we are not aware of any implementation of Forward-Forward which utilizes feedback connections to generate the negative samples, as proposed by [Hinton, 2022]. Given the significant difference, we decided not to compare PEPITA to Forward Forward with externally generated samples. Despite this, for completeness, we have added the results that FF achieves on MNIST as reported in [Hinton, 2022]. 5. As was pointed out above by reviewer sGVa, the performance of forward-only algorithms has been catching up in recent years, but what is lacking is the theoretical understanding of their learning dynamics. Our aim is not yet to apply PEPITA to real-world tasks but to understand which tools may or may not lead to performance improvements, and why, in order to guide further development. In this respect, small improvements are also informative, and even negative results are valuable lessons. Minor issues: 6-7-8. We thank the reviewer for these suggestions, we are currently working to implement them in the paper. 9. We thank the reviewer for noticing this mismatch. We have now correctly referred to Fig.2d at the end of Sec. 3.2 10. We thank the reviewer for noticing this. The table now reports Lillicrap 2016 instead. Spelling: 11. We thank the reviewer for catching the typo. We have corrected this in the revised version of the manuscript. 12. We thank the reviewer for the suggestion. In the revised version you will now find “GPUs”. --- # Questions 1. We thank the reviewer for the fair question. We consider our primary contribution the theoretical analysis of the nonintuitive learning dynamics of PEPITA, the study of training techniques that lead to improved performance, and the connections with FF and DFA. Overall, we believe that these different characterizations help us build a common framework to study forward-learning rules. The reason why we included PEPITA-TL in Table 1 is to have a complete comparison. Figure S1 shows that training with PEPITA-TL is possible, but we leave the study necessary to make its performance competitive for future work. Moreover, we have added PEPITA-Hebbian and PEPITA+WM in Table 1. 2. We thank the reviewer for the question. To find the best hyperparameters for training with activation normalization we run a grid search, which includes searching for the optimal value of weight decay. In all cases with normalization, the grid search returns no weight decay, for this reason, we did not include the combination of normalization and weight decay in the table. 3. We thank the reviewer for the question. The fact that at the start of the training, the angles look identical is due to the small learning rate for WM that the grid search has returned (Table S3). This causes pre-mirroring to have a small effect on the angle, although the effect is noticeable in terms of slowness (Table S2). For MNIST and CIFAR-100, the grid search returns higher learning rates for WM (Table S3), and the effect is more noticeable both in the angles (Figure S6) and in the slowness (Table S2).

5. We respectfully disagree with the reviewer’s point that the magnitude of $Fe$ impacts the connection between PEPITA and FF. First, we point out that the small magnitude of $Fe$ is not an assumption, but it is instead a result that we confirmed empirically. Indeed, the approximation of the PEPITA rule (eq. 6) can only hold if $\|Fe\|\ll\| x\|$. The latter is confirmed by Figure 2a and Figure S3: in this figure, we compare models trained with PEPITA versus identically-initialized models trained with AFA (eq.6). The almost identical training curve confirms that the approximation holds, and consequently that $\|Fe\|\ll\| x\|$. Having proved this, we use the same result (not assumption) for Section 5. The fact that despite the small magnitude the feedback can generate valid negative samples is proven by the empirical results we obtain when training networks (Table 2). To answer “why” this is possible, we present an analysis of the learning mechanism of PEPITA (Section 3), we show that our theory matches the empirical results (Figure 2A-B, Appendix D) and we further elucidate the dynamics of learning, and the alignment mechanism (Appendix E). --- # Questions 1. From a technical point of view, the main difference between the analysis of DFA in [Refinetti et al., 2021a] and our derivation in Sec. 3.2 is that our formalism requires an additional ODE for the dynamics of the adaptive feedback. The emergence of adaptive feedback as a natural order parameter governing the dynamics of learning is a theoretical confirmation of the experimental insight in [Dellaferrera & Kreiman, 2022]. Moreover, our results suggest that a perturbative approach (which is not necessary for DFA) is insightful for the analysis of PEPITA. 2. We thank the reviewer for the interesting question. In both [Xie and Seung, 2003] (equation 2.6) and [Scellier and Bengiom 2017] (Section 2.4) we find very clear similarities with PEPITA-Hebbian in terms of the update rule. Moreover, both algorithms, as well as PEPITA, work on perturbations that are propagated through the network, which treats clean and perturbed signals differently (Hebbian and anti-Hebbian phases). The main difference stems from how the perturbation is propagated through the network: while PEPITA adds the perturbation to the input using a random feedback matrix (thus avoiding the weight transport problem), in both [Xie and Seung, 2003] and [Scellier and Bengiom 2017] the perturbation is fed to the output layer and propagated through weights symmetrical to the forward weights, which is an issue from the biological perspective.

We thank the reviewer for the positive comments on our work. We address the concerns and questions below. --- # Weaknesses 1. Generally, achieving superior outcomes compared to back-propagation in the field has proven challenging. Typically, we resort to utilizing approximations to back-propagation. For instance, DFA [Nokland 2016], among various examples, initially employed relatively shallow networks and exhibited poorer performance than back-propagation. It took a few years for the community to enhance it for deeper networks. We believe that our work provides the insights necessary to improve the performance of these types of algorithms. 2. In [Dellaferrera & Kreiman, 2022], the authors show that the algorithm can work well on CNNs too. In this work, we focused on other aspects, in particular on the theoretical analysis, which can be performed on fully connected networks. We leave the extension of our results to future work. --- # Questions 1. We have run experiments with PEPITA using the same hyperparameters as the best ones for PEPITA-TL. With this choice of hyperparameters, standard PEPITA also reaches around 40% accuracy, due to the low learning rate. Though these parameters were chosen using a grid search for PEPITA-TL, we conclude that the hyperparameter choice is not sufficient to explain the performance gap. 2. We thank the reviewer for the interesting insight. We provide an answer from two different perspectives. From the hardware implementation perspective, we say that a rule is temporally local if the updates are computed without the need to store any information in memory. This is the case for PEPITA-TL, which computes updates on the fly without any need to keep activations in memory. Instead, PEPITA-Hebbian needs to store the activations of the first forward pass and then use them for the update. From the biological perspective, we believe that the reviewer’s insight is very interesting: on the timescale of neural plasticity, we agree that PEPITA-Hebbian might be temporally local, which would also mean that PEPITA is. Small comments: 1. We agree with the reviewer, and we added PEPITA-Hebbian and PEPITA+WM in Table 1."			"{""disagreement"": 1.0, ""mixed_signals"": 1.0, ""response_count"": 3, ""density"": 2.0, ""primary_label"": ""unresolved"", ""secondary_label"": ""fixed""}"
6.200	sLQb8q0sUi__r01	ICLR.cc/2024/Conference	Fair and Efficient Contribution Valuation for Vertical Federated Learning	structured_v6	unresolved	modernbert_v6	partially_fixed	"[weaknesses] W1. In the last paragraph of Sec. 2, it is said that model-independent utility function itself may cause some fairness issues in asynchronous scenario and cannot fully reflect a client’s contribution. This claim seems not intuitive, it is better to give a concrete example to explain the fairness issues in detail. W2. There are missing related studies on Shapley Value in federated learning. Please conduct a more detailed literature survey. [1] Sunqi Heng et al. ShapleyFL: Robust Federated Learning Based on Shapley Value. KDD 2023. [2] Zhenan Fan et al. Fair and efficient contribution valuation for vertical federated learning. 2022. W3. In Sec. 3, there aren’t enough explanations on the meaning of embedding h_i^m. How to compute it and how it is used to compute the loss are not mentioned either. W4. It is said in Sec. 8 that VerFedSV increases when adding identical features, which may indicate the proposed method is fragile and lacking robustness in practical use, especially in asynchronous setting. W5. There are so many typos. For example, in the first paragraph of Sec. 4, the terminology “Shapley” is mistakenly written as “Sharply”, “Shaprley”, “Sharply” for so many times.

[questions] Beyond the above weak points, I also have the following questions: Q1. Please explain the fairness issues caused by model-independent utility function in asynchronous scenario in details. It’s better to give an example. Q2. Is this paper the first work with model-dependent utility functions in VFL? Are there really just two related works in VFL scenario? Q3. Please give more explanation about the meaning of embedding h_i^m and how to compute it, which is more friendly to read for people not quite familiar with VFL.

[summary] This paper proposes a new contribution valuation metric called VerFedSV for vertical federated learning. The VerFedSV metric is based on the classic Shapley value, which is a provably fair contribution valuation metric originating from cooperative game theory. The paper shows that VerFedSV satisfies many desirable properties of fairness and is quite adaptable such that it can be applied under both synchronous and asynchronous VFL settings. The paper also provides experimental results that demonstrate the effectiveness of VerFedSV in terms of fairness and efficiency."	"We sincerely appreciate your positive comments and valuable feedback on our paper. We have addressed your comments and made the necessary corrections to improve the paper. We would like to draw your attention to the novelty and broader impact of our research and hope that you might reconsider increasing the score based on the comprehensive merits of our research. Thank you once again for your time and valuable input. We reply to each of the weaknesses and questions below. ## Reply to Weaknesses **Regarding Weakness 1:** Thank you for your insightful feedback. The model-independent utility function relies on the client's data but ignores the computational resources contributed by the client. This oversight can lead to unfairness in the asynchronous scenario. Actually, we have an example in Sec. 7.2. Imagine two clients with identical datasets. Using the model-independent utility function, both clients would be evaluated as having equal contributions. However, in an asynchronous environment, Client 1 may have superior hardware and transmission power. This advantage allows for a larger batch size and facilitates more frequent communication, resulting in a higher number of asynchronous training rounds. In such a scenario, Client 1's contribution should be greater, yet the model-independent utility function fails to recognize this, leading to an unfair assessment. We provided detailed numerical results in Sec. 7.2 to support this example. Based on your valuable feedback, we will enhance the clarity of this explanation in Sec. 2 to better communicate the potential fairness issues arising from the model-independent utility function in asynchronous settings. **Regarding Weakness 2:** We appreciate your suggested references and acknowledge the importance of a comprehensive literature survey in this area. Our work VerFedSV is different from the existing works like ShapleyFL [1]. ShapleyFL applies Shapley Value in FL against malicious clients, while VerFedSV focuses on computing Shapley Value efficiently in the VFL scenario. We will include more literature works in the final version of our paper, including but not limited to, the references you suggest, more recent works on Shapley Value and its extension to HFL and VFL. [1] Sunqi Heng et al. ShapleyFL: Robust Federated Learning Based on Shapley Value. KDD 2023 **Regarding Weakness 3:** Thank you for pointing out the need for a clearer explanation of the embedding $h_i^m$ in Sec. 3. The term $h_i^m$ represents the embedding of a local data point $x_i^m$ from the $m$-th client, transformed by the local model's parameters $\theta_m$. For linear and logistic regression models, this embedding is computed as $h_i^m = \langle \theta_m, x_i^m \rangle = \theta_m^\intercal x_i^m$. Then, each client uploads local embeddings $h_i^m$ to the server. The server aggregates these embeddings to obtain a global embedding $h_i$ for $i$-th data point, i.e., $h_i = \sum_{m=1}^M h_i^m$. This global embedding is employed to compute the loss, denoted by $f(h_i,y_i)$. Here, $f$ is a differentiable function. For linear regression, mean square error is employed, and for logistic regression, cross-entropy loss is employed. We illustrated these concepts in Sec.3 and we will make sure they are more clearly explained in the final version. **Regarding Weakness 4:** We have included this particular weakness in the future work section. However, it does not mean the weakness cannot be solved. One potential solution is to implement secure statistical testing before FL training and exclude clients with extremely similar datasets. This would be an orthogonal and promising future direction. We will further clarify it in the paper. **Regarding Weakness 5:** We sincerely apologize for the typos and will thoroughly correct them. ## Reply to Questions **For Question 1**, see our reply to Weakness 1. **For Question 2**, to our best knowledge, this paper is the first work of model-dependent utility function in VFL. Regarding related works of Shapley value in the VFL, we acknowledge the rapidly evolving dynamics within this research community, so we will surely update the final version of our paper with a comprehensive review. **For Question 3**, see our reply to Weakness 3.

We sincerely appreciate your positive comments and valuable feedback on our paper. Following your feedback, we have made significant efforts to conduct comparison experiments. We are confident that these efforts have greatly enhanced the quality and strength of our paper. In light of this enhancement to the paper, we kindly hope that you could consider re-evaluating your score. We are confident that our work now better addresses your concerns, and we hope that the updates better reflect the contribution we aim to make to the field. We reply to each of the weaknesses and questions below. ## Reply to Weakness 1 Thank you for your valuable feedback. We extend the experiments to compare with alternatives including request embeddings for all data points and based on update mini-batch. We first define a deviation metric for the upcoming comparison experiments. For client $i$, denote its percentage of VerFedSV relative to the total VerFedSV from all clients as $s_i$. These VerFedSVs are calculated using matrix completion to estimate all embeddings. Meanwhile, we compute a ground-truth scenario where full embeddings are calculated in each training round. In this scenario, the percentage of Shapley value for client i relative to the sum of all Shapley values is denoted as $s_i^{gt}$. With $M$ representing the number of clients, the metric Deviation(VerFedSV, Ground truth) is defined as $\frac{1}{M} \sum_{m=1}^{M} \frac{|s_m - s^{gt}_m|}{s^{gt}_m}$. Similarly, the metric Deviation(Mini-batch, Ground truth) measures the deviation of Shapley value computed with mini-batch from the ground-truth scenario. The comparison results are shown as follows. The deviation metric is shown in mean$\pm$std format, where mean and std are calculated from 5 independent runs. | | Adult | Web | Covtype | RCV1 | |-|-|-|-|-| | VerFedSV | $0.058\pm 0.039$| $0.095\pm 0.051$ | $0.309\pm 0.041$ | $0.558\pm 0.117$ | | Mini-batch | $0.047\pm 0.150$ | $0.110 \pm0.300$ | $0.319\pm 0.057$ | $0.559\pm 0.268$ | To conclude, VerFedSV stably achieves low deviation since it can accurately recover the full embeddings. In contrast, the Shapley values under the Mini-batch scenario exhibit a larger variance than VerFedSV. Preparing a separate validation set under the VFL scenario is a non-trivial research topic. In the VFL scenario, the server should not possess any knowledge about the client dataset, including even the feature dimensions. The server and clients have to collaborate prudently and complicatedly to prepare and utilize the validation set while properly addressing the privacy issue. Considering this challenge, we propose using the full training set directly. This approach offers several advantages. Firstly, it utilizes the entire training set for computing Shapley value, thereby avoiding potential errors introduced by sampling mini-batches. Additionally, it ensures that the computation process of the Shapley value does not leak private information and that the resulting Shapley value remains private to each client. For baselines, we would like to draw the reviewer's attention to SHAP [1] baseline in Section D.2. This experiment shows that VerFedSV reflects the importance of clients’ local features. However, to the best of our knowledge, no other suitable baseline exists that considers both privacy and fairness simultaneously. Actually, the SHAP baseline cannot be directly applied to the VFL task, as it requires access to all the local datasets and may breach privacy. Meanwhile, the baselines involving the model-independent utility would cause fairness issue in the asynchronous VFL scenario, since they rely on the client's data but ignores the computational resources contributed by the client. To explain this, we have an example in Sec. 7.2. Imagine two clients with identical datasets. Using the model-independent utility function, both clients would be evaluated as having equal contributions. However, in an asynchronous environment, Client 1 may have superior hardware and transmission power. This advantage allows for a larger batch size and facilitates more frequent communication, resulting in a higher number of asynchronous training rounds. In such a scenario, Client 1's contribution should be greater, yet the model-independent utility function fails to recognize this, leading to an unfair assessment. [2] Scott M. Lundberg, Su-In Lee. A Unified Approach to Interpreting Model Predictions. NeurIPS 2017: 4765-4774

## Reply to Weakness 2 Thank you for your feedback regarding the technical novelty of our learning-based basis selection approach. We understand your concerns and appreciate the opportunity to emphasize our contributions: - We addressed an important problem rarely explored in the literature, that is, how to fairly value the contributions of different clients in the field of vertical federated learning (VFL). - Our proposed VerFedSV utilized the local embedding to construct the utility function. We have indeed employed techniques developed by pioneers in related fields (like local embeddings), but our work combines these techniques and applies them in a novel context. - VerFedSV is applicable for both synchronous and asynchronous VFL. In synchronous VFL, we utilize matrix completion to obtain the full embedding of all training sets. We demonstrate that the target embedding matrices are approximately low-rank and provide an approximation guarantee for VerFedSV. Under the asynchronous VFL setting, we show that VerFedSV successfully reflects the strength of clients' local computational resources. To conclude, our integrated VerFedSV provides a pioneering and exemplary framework for contribution evaluation in VFL, and this approach constitutes a solid contribution. ## Reply to Question 1 In the asynchronous setting, each client may require different amounts of time to complete a training iteration and may have varying batch sizes. However, in the synchronous setting, all clients have the same time per iteration and the same batch size. As described in Section 6, our approach in the asynchronous setting involves the transmission of mini-batches from the clients to the server to update the server embeddings. There is no need to use matrix completion so that the Shapley value is proportional to the client's computational strength. In the synchronous setting, we complete the full embedding, because, in this way, the entire training set is utilized for computing Shapley value, effectively avoiding potential errors from mini-batch sampling. ## Reply to Question 2 Please refer to our response in Weakness 1 regarding preparing and utilizing a separate validation set in the VFL setting. ## Reply to Minor Suggestions **Misspellings** We will ensure the misspellings are thoroughly correct in the final version. **Explanation for why the embeddings are sufficient** For linear regression, $f$ is mean square error, and for logistic regression, $f$ is cross-entropy loss. The client model can be a linear model or a neural network. We next explain why VerFedSV only relies on embeddings and is irrelevant to the function form of $f$ or whether the task is one-class or multi-class classification. We first recap the one-class case and then explain the multi-class case. In one-class case, we defined the embedding matrix $\mathcal{H}^m \in \mathbb{R}^{T \times N}$ where each element $(t,i)$ is defined as $\mathcal{H}_{t,i}^m = (h_i^m)^{(t)}$. In the context of the multi-class classification problem with $l > 2$ classes, the model parameter $\theta_m$ is in space $\mathbb{R}^{d^m \times l}$. Consequently, the embedding $h_i^m = \theta_m^\intercal x_i^m$ is in $\mathbb{R}^l$. Now, the embedding $\mathcal{H}^m$ is a tensor in $\mathbb{R}^{T \times N \times l}$. We reorder the tensor dimensions and lower it to a matrix $\mathcal{H}^m \in \mathbb{R}^{(l\cdot T) \times N}$. Regarding the general function case, $h_i^m = \theta_m^\intercal x_i^m$ becomes $h_i^m = g(x_i^m; \theta_m)$, where $g$ can be a neural network with weights $\theta_m$. VerFedSV by Definition 2 in Section 4 only requires $h^i_m$ and does not depends on does not depend on the specific form of $g$. **Explain covering number** Covering number $\mathcal{N}(\mathcal{D},\epsilon)$ represents the minimum number of ""balls"" or ""sets"" with radius $\epsilon$ that are needed to cover a given dataset $\mathcal{D}$. In other words, it quantifies the complexity of $\mathcal{D}$. Please refer to Definition 5 in Section B for detailed formulation. **Clients send the IDs** The client will send the batch $B$ that contains the IDs of data points. We will revise it in the final version. **Report $N$ and $T$** Please refer to Table 2 in Section C for the number of training data points $N$ in different datasets. As for $T$, under the synchronous setting, it is 160, 160, 800, and 320 for each dataset, and under the asynchronous setting, it is 100. We apologize for any confusion caused and assure to be clarified in the final version."	"We sincerely appreciate the valuable suggestions you provided during the review process. Following your suggestions, we have devoted great effort to an expanded ablation study. We believe that these improvements have strengthened the paper substantially. In light of these efforts and the resulting improvements to the paper, we kindly hope that you could consider re-evaluating your score. We are confident that our work now better addresses your concerns, and we hope that the updates better reflect the contribution we aim to make to the field. We reply to each of the weaknesses and questions below. ## Reply to Weakness on Writing Thank you for your suggestions on writing and clarity. We will revise $d^m$ to $d^{(m)}$ to prevent potential misinterpretation and will thoroughly correct the typos. Concerning the utilization of low-rank matrix completion, we initially introduced its motivation, formulation, and application in Section 5. We will further enrich the backgrounds for its solving algorithm in the appendix, including a taxonomy of existing algorithms and more detailed explanations. In Proposition 1, $\mathcal{D}^{(m)}$ is the local data set for client $m$ defined in Section 3. Regarding the term $\gamma^{(m)}$, we deeply regret any confusion it may cause. This term is defined in Section B.2 as the bound on the $L_2$ norm of the model parameters. To be specific, it is denoted as $\gamma^{(m)} = \max_{t \in [T]}\|\theta_m^{(t)}\|$. Finally, in line with your recommendations, we will revise the notation $\cdot^m$ to $\cdot^{(m)}$ and state Proposition 3 as an Example to enhance understanding. ## Reply to Questions on Experiments **Question 1** For the dimension of each dataset, please refer to Table 2 (Metadata of all data sets) in the paper. **Question 2** Table 1 reveals that artificial clients, which submit randomly generated features, are assigned substantially lower Shapley values compared to regular clients providing real features. In this table, the Shapley value of one artificial client is compared against that of the regular clients. This setup’s purpose is to show that artificial clients are indeed evaluated as having lower contributions. **Question 3** The hyperparameter $r$ is based on approximated $\epsilon$-rank in our experiment. As for $\lambda$, we observe that the performance of VerFedSV remains relatively insensitive across a wide range of $\lambda$. To support these observations, we conduct new ablation studies as follows. We define a deviation metric for the upcoming ablation study. For client $i$, denote its percentage of VerFedSV relative to the total VerFedSV from all clients as $s_i$. These VerFedSVs are calculated using matrix completion to estimate all embeddings. Meanwhile, we compute a ground-truth scenario where full embeddings are calculated in each training round. In this scenario, the percentage of Shapley value for client i relative to the sum of all Shapley values is denoted as $ s_{i}^{gt} $ . With $M$ representing the number of clients, the deviation metric is defined as $\frac{1}{M} \sum_{m=1}^{M} \frac{|s_m - s^{gt}_m|}{s^{gt}_m} $. Please refer to this [anonymous link](https://drive.google.com/file/d/14273cwj05-QrdUab_AXa8wSnswo5QHki/view?usp=drive_link) for the results. The left part of the figure displays the deviation w.r.t the hyperparameter $r$, based on five independent runs. The median deviation of these runs is depicted by the solid line, while the shaded area represents the interquartile range (25% to 75% quantiles) of deviations. Take the Adult dataset as an example for analysis. The figure demonstrates that deviations are significant for $r<5$, since inadequate rank cannot accurately recover full embeddings. However, deviation decreases rapidly as $r$ increases and stabilizes at a low value when $r\ge 5$. Practically, obtaining full embeddings is resource-intensive due to communication costs or limited resources on the client side. Thus, approximating $\epsilon$ rank may be difficult. However, the server (with sufficient computational resources), after collecting the mini-batch embeddings, can test with several increasing values of $r$. The Shapley value will converge to the ground-truth value as revealed by our ablation study. The right part of the figure illustrates the deviation w.r.t the hyperparameter $\lambda$. It demonstrates that the performance of VerFedSV remains relatively insensitive across a wide range of $\lambda$ and we can safely set $\lambda=0.1$ for various datasets.

We sincerely appreciate your positive comments and valuable feedback on our paper. We reply to each of the weaknesses and questions below. ## Reply to Weakness 1 Thank you for your valuable feedback. Our experiments indeed encompass multi-class (e.g., on Covtype) and general function cases (e.g., 2-layer perceptron model on RCV1). We will ensure providing concrete explanations in the final version. We first recap the one-class case and then explain the multi-class case. In one-class case, we defined the embedding matrix $\mathcal{H}^m \in \mathbb{R}^{T \times N}$ where each element $(t,i)$ is defined as $\mathcal{H}_{t,i}^m = (h_i^m)^{(t)}$. In the context of the multi-class classification problem with $l > 2$ classes, the model parameter $\theta_m$ is in space $\mathbb{R}^{d^m \times l}$. Consequently, the embedding $h_i^m = \theta_m^\intercal x_i^m$ is in $\mathbb{R}^l$. Now, the embedding $\mathcal{H}^m$ is a tensor in $\mathbb{R}^{T \times N \times l}$. We reorder the tensor dimensions and lower it to a matrix $\mathcal{H}^m \in \mathbb{R}^{(l\cdot T) \times N}$. Regarding the general function case, $h_i^m = \theta_m^\intercal x_i^m$ becomes $h_i^m = g(x_i^m; \theta_m)$, where $g$ can be a neural network with weights $\theta_m$. Since our method does not depend on the specific form of $g$ and only requires $h_i^m$, it can be extended to the general function case. Admittedly, Proposition 1 on the bound of embedding matrix’s $\epsilon$-rank may not necessarily hold. However, in practice (See Section 7.1, RCV1 dataset) we still observe that embedding is approximately low-rank, so matrix completion is still an effective strategy. ## Reply to Weakness 2 Thank you for your feedback on the baselines. We would like to mention that data Shapley value [1] can be easily extended to the HFL scenario but not to the VFL scenario. This is because VFL's clients partition the dataset along feature dimensions, while the data Shapley value [1] was designed to assess the importance of individual data points. We would like to draw the reviewer's attention to our extra experiment in Section D.2, where SHAP [2] is employed as a baseline to test whether VerFedSV reflects the importance of clients’ local features. It is worth noting that the SHAP baseline cannot be directly applied to the VFL task, as it requires access to all the local datasets and may breach privacy. Nevertheless, the results presented in Table 5 of Section D.2 indicate that VerFedSV is indeed capable of capturing feature importance. [1] Amirata Ghorbani, James Y. Zou. Data Shapley: Equitable Valuation of Data for Machine Learning. ICML 2019: 2242-2251 [2] Scott M. Lundberg, Su-In Lee. A Unified Approach to Interpreting Model Predictions. NeurIPS 2017: 4765-4774 ## Reply to Question 1 In VerFedSV, it will be inefficient to sum over all subsets $S\subset[M]$. However, this is a common issue in Shapley Value and well-studied in literature. Various sampling methods [1,3] are proposed for this issue. In our experiment, as mentioned in Section C, VerFedSV is computed exactly when the number of clients $M \le 10$, and approximately using Monte-Carlo sampling when the number of clients $M > 10$. VerFedSV is efficient because it does not require model retraining. The key idea is to calculate the Shapley value for a client in each iteration of training and then aggregate these values over all iterations to determine the final contribution of the client. [3] Jiayao Zhang, Qiheng Sun, Jinfei Liu, Li Xiong, Jian Pei, Kui Ren. Efficient Sampling Approaches to Shapley Value Approximation. Proc. ACM Manag. Data 1(1): 48:1-48:24 (2023) ## Reply to Question 2 FedSV [4] and VerFedSV are applied in different scenarios -- HFL and VFL, respectively. Furthermore, it's worth noting that FedSV is specifically designed for the synchronousFL setting and relies on training rounds. In contrast, VerFedSV in Section 6 applies to the asynchronous FL setting. [4] Tianhao Wang, Johannes Rausch, Ce Zhang, Ruoxi Jia, Dawn Song. A Principled Approach to Data Valuation for Federated Learning. Federated Learning 2020: 153-167

We sincerely appreciate your positive comments and valuable feedback on our paper. Following your feedback, we have made significant efforts to conduct comparison experiments. We are confident that these efforts have greatly enhanced the quality and strength of our paper. In light of this enhancement to the paper, we kindly hope that you could consider re-evaluating your score. We are confident that our work now better addresses your concerns, and we hope that the updates better reflect the contribution we aim to make to the field. We reply to each of the weaknesses and questions below. ## Reply to Weakness 1 Thank you for your valuable feedback. We extend the experiments to compare with alternatives including request embeddings for all data points and based on update mini-batch. We first define a deviation metric for the upcoming comparison experiments. For client $i$, denote its percentage of VerFedSV relative to the total VerFedSV from all clients as $s_i$. These VerFedSVs are calculated using matrix completion to estimate all embeddings. Meanwhile, we compute a ground-truth scenario where full embeddings are calculated in each training round. In this scenario, the percentage of Shapley value for client i relative to the sum of all Shapley values is denoted as $s_i^{gt}$. With $M$ representing the number of clients, the metric Deviation(VerFedSV, Ground truth) is defined as $\frac{1}{M} \sum_{m=1}^{M} \frac{|s_m - s^{gt}_m|}{s^{gt}_m}$. Similarly, the metric Deviation(Mini-batch, Ground truth) measures the deviation of Shapley value computed with mini-batch from the ground-truth scenario. The comparison results are shown as follows. The deviation metric is shown in mean$\pm$std format, where mean and std are calculated from 5 independent runs. | | Adult | Web | Covtype | RCV1 | |-|-|-|-|-| | VerFedSV | $0.058\pm 0.039$| $0.095\pm 0.051$ | $0.309\pm 0.041$ | $0.558\pm 0.117$ | | Mini-batch | $0.047\pm 0.150$ | $0.110 \pm0.300$ | $0.319\pm 0.057$ | $0.559\pm 0.268$ | To conclude, VerFedSV stably achieves low deviation since it can accurately recover the full embeddings. In contrast, the Shapley values under the Mini-batch scenario exhibit a larger variance than VerFedSV. Preparing a separate validation set under the VFL scenario is a non-trivial research topic. In the VFL scenario, the server should not possess any knowledge about the client dataset, including even the feature dimensions. The server and clients have to collaborate prudently and complicatedly to prepare and utilize the validation set while properly addressing the privacy issue. Considering this challenge, we propose using the full training set directly. This approach offers several advantages. Firstly, it utilizes the entire training set for computing Shapley value, thereby avoiding potential errors introduced by sampling mini-batches. Additionally, it ensures that the computation process of the Shapley value does not leak private information and that the resulting Shapley value remains private to each client. For baselines, we would like to draw the reviewer's attention to SHAP [1] baseline in Section D.2. This experiment shows that VerFedSV reflects the importance of clients’ local features. However, to the best of our knowledge, no other suitable baseline exists that considers both privacy and fairness simultaneously. Actually, the SHAP baseline cannot be directly applied to the VFL task, as it requires access to all the local datasets and may breach privacy. Meanwhile, the baselines involving the model-independent utility would cause fairness issue in the asynchronous VFL scenario, since they rely on the client's data but ignores the computational resources contributed by the client. To explain this, we have an example in Sec. 7.2. Imagine two clients with identical datasets. Using the model-independent utility function, both clients would be evaluated as having equal contributions. However, in an asynchronous environment, Client 1 may have superior hardware and transmission power. This advantage allows for a larger batch size and facilitates more frequent communication, resulting in a higher number of asynchronous training rounds. In such a scenario, Client 1's contribution should be greater, yet the model-independent utility function fails to recognize this, leading to an unfair assessment. [2] Scott M. Lundberg, Su-In Lee. A Unified Approach to Interpreting Model Predictions. NeurIPS 2017: 4765-4774"			"{""disagreement"": 1.0, ""mixed_signals"": 1.0, ""response_count"": 3, ""density"": 2.0, ""primary_label"": ""unresolved"", ""secondary_label"": ""partially_fixed""}"
6.200	AyXIDfvYg8__r04	ICLR.cc/2024/Conference	Symmetric Neural-Collapse Representations with Supervised Contrastive Loss: The Impact of ReLU and Batching	structured_v6	fixed	modernbert_v6	unresolved	"[weaknesses] 1. Based on the empirical results in the paper (Table 1), the improvements in the test accuracy on CIFAR-100 are not significant, even when the imbalance ratio is large. It would be better to show the advantages and disadvantages of learned representations in different downstream tasks (e.g., Does SCL+ReLU performs better in fine-tuning tasks?). 2. It would be better to conduct some additional experiments on large scale datasets (e.g., ImageNet100). 3. It seems that batch size is an important argument when applying sample selections according to the theoretical analysis. It would be better to add the ablation study on that. 4. Based on the analysis, it seems that various activation functions can achieve the similar effect as ReLU. Is it possible to add a discussion about that?

[questions] See my comments above.

[summary] This paper applies RELU activation in the last layer of models in supervised contrastive learning (SCL). With that, SCL can learn representations that converge to the OF geometry irrespective of the level of class imbalance. The author theoretically and empirically verify the effectiveness of this method. Besides, this paper finds that the batch selection is important in representation geometry and they design a batch selection strategy (batch-binding)."	"Thank you for your supportive comments and useful feedback. We reply to the questions below in addition to the global response: **UFM assumption:** We would like first to emphasize that our work addresses the problem for highly overparameterized models and training beyond the zero-training error. This is a setting considered in the majority of previous works on neural collapse [Mixon et al. (2020); Fang et al. (2021); Graf et al. (2021);Lu & Steinerberger (2020)]. The UFM-inspired theoretical analysis in the literature is also motivated by this overparameterization assumption. In fact, UFM assumes that overparameterized models are capable of representing any function mapping the input to the embedding space. As pointed out by the reviewer, this indeed is a strong assumption, although one that has proved to be very effective. Our findings alongside the results in a series of previous related works confirm this model's efficacy in predicting the properties of the embeddings learned at the final layer for large enough models. In other words, the high expressivity of overparameterized models makes the UFM a useful tool for identifying the global minimizer feature configuration, so that the impact of the loss function itself can be isolated from the role of the network architecture. Our work shows that the UFM remains a useful mathematical model even with the non-linear activation function of ReLU. On the optimization aspect, we believe that studying the optimization effects on the UFM has scope for future work. Our experiments provide evidence for consistent convergence towards the global minimizer (OF geometry) despite the non-convexity of the network optimization. **Empirical:** We appreciate the reviewer's recommendation regarding experiments on large-scale datasets and consider adding these experiments to the final version of the paper. Along these lines, we are excited to report new experimental findings in support of our hypothesis of OF geometry on transformer architecture. We have included additional experiments on vision transformers (see Fig.22). Based on our current observations, our hypothesis of OF geometry holds here as well, thus solidifying the claim of the generality of our results across various architectures. In summary, we would like to note that our current findings are backed up by experiments spanning various architectures and datasets, including MLP, ResNet, and DenseNet applied to MNIST, CIFAR10, CIFAR100, and TinyImageNet. Across this range of tasks, from simpler and smaller ones like MNIST (10 classes) to more complex and larger tasks like TinyImageNet (200 classes), we have not observed significant changes in the convergence behavior or the communication of our key message (see Fig 2) as long as the network and dimension of output features are large enough. The observations from all of the above experiments provides us with the confidence to believe that the core message of our paper remains largely unchanged. This is the case for both our main findings: convergence to OF and the efficacy of the new batch-binding scheme. **Missing Citation:** Thank you for pointing this out. We agree that Wang, Isola (2020) is a relevant work. It appears that not mentioning the same was an editing oversight on our part. We have included the reference and commented on the relationship. **Empirical differences:** At the moment the main empirical differences observed are the following : the test accuracies (Tab. 1) and new analysis on worst-class accuracies between with and without ReLU. We discuss this in the global response as well. We are not aware of differences in the batching aspects. In fact, the observation in Fig. 21 suggests that the batch-binding scheme is beneficial even when training without ReLU, for convergence to the final feature geometry.

We thank you for their detailed review and questions. We are pleased to see your recognition of our efforts in presentation. Please find our detailed response below, in addition to the comments in the global response. **For example, consider the simple case of binary classification...**: Thank you for prompting this discussion. The statement regarding antipodal features for binary SCL without ReLU is exactly correct. In fact, this holds in general for balanced multi-class setup as well: When the dataset is balanced Graf et al. (2020) shows that the embedding geometry will form an ETF in the absence of ReLU. In an ETF geometry, we have $\frac{\mu_c^\top\mu_{c'}}{\|\mu_c\|\|\mu_{c'}\|}=\frac{-1}{k-1}$ for the mean-embeddings of any two classes. As opposed to OF where $\frac{\mu_c^\top\mu_{c'}}{\|\mu_c\|\|\mu_{c'}\|}=0$. Therefore, for ETF, $\|\mu_c-\mu_{c'}\|^2 = \frac{2k}{\tau(k-1)}$ and in the case of OF $\|\mu_c-\mu_{c'}\|^2 = \frac{2}{\tau}$. $\tau$ is the temperature of the SCL loss. While the distance in the ETF geometry is larger for a fixed temperature parameter, we note that by simply scaling the temperature parameter $\tau$ by $\frac{k-1}{k}$, we can achieve an equivalent absolute distance in the learned geometry in the presence of ReLU. Thus, in terms of this measure, the addition of ReLU does not compromise the trained model. On the contrary, as shown in Fig. 1, in the imbalanced setup, without ReLU, the minority classes are drawn closer to each other, yielding a reduced absolute distance between classes. The introduction of ReLU, however, maintains an equal pairwise distance between classes. Hence, in terms of this measure, the addition of ReLU is in fact helpful. Finally, as noted in Section D.1.2, centering the OF by $\frac{1}{k}\sum_c\mu_c$ results in an ETF. So, in summary, the geometries learned in balanced or binary scenarios, with or without ReLU, can be considered equivalent, accounting for a shift and scaling. **Novelty and significance** Thank you for appreciating the originality of our work and ideas. We believe that solving for the global minimizer feature-classifier configuration with the SCL loss under is non-trivial and novel. We elaborate below: 1. Symmetric feature geometry: the first surprising observation that we support with theory is the fact that ReLU symmetrizes the feature geometry regardless of imbalances. To the best of our knowledge, such an outcome is unique to the SCL and stands out from several prior works considering class imbalance in CE and other losses. For e.g., Thrampoulidis et al. (2022), Fang et al. (2021) discuss that the feature and classifier geometry depends critically on the imbalance. We further identify the appropriate theoretical model for the observation, and solve for the exact geometry of the global optimizers and the optimal value of the loss function. 2. Batching matters: the first study of global optimizers of the SCL, Graf et al. (2020) only considers the setting of balanced data. In their words, the theoretical analysis is based on “a combinatorial argument which hinges on the balanced class assumption”. The analysis therein requires the specific batching case of all combinations of examples in the dataset of a given batch-size. On the other hand, our mini-batch analysis is applicable to arbitrary batching schemes. We discover the batching conditions under which a unique minimizer geometry exists- this condition allows for a large class of batching schemes, and includes the specific case of Graf et al. (2020) as a special case. We leverage our theoretical results to concretely explain geometry observations made in DNN experiments as a function of batching schemes. We discuss the question of possible extension to CE below, within the response to the specific question. Minor issues **overuse of abbreviations:** Thanks for the feedback. We have added a table defining all the important abbreviations used in the paper in one place at the beginning of the appendix. **eq(1) and eq(2):** Eq (1) and (2) are equivalent, in terms of the loss function. The apparent difference is only in presentation, in that in Eq (2), the sum over $l$ includes $j$, so that when $l = j$, the innermost exponential term becomes $\exp(\mathbf{h}_i^\top\mathbf{h}_l - \mathbf{h}_i^\top\mathbf{h}_j) = \exp(0) = 1$. ******** Continued below *********

We appreciate the reviewers for their positive and constructive feedback, as well as their detailed reviews. Their recognition of the surprising nature and originality of our findings (PL8u, BEvk, q7qd, ScWC), the solid theoretical analysis supporting our experiments (q7qd, ScWC), and the thorough discussion of related work (PL8u) is encouraging. We also thank them for noting the clarity and good organization of our paper (PL8u, BEvk, ScWC). We are particularly pleased that all reviewers acknowledge the surprising nature of our finding, demonstrating that the simple introduction of a minor architectural modification, such as the incorporation of ReLU at the last layer, results in a consistent geometry despite label imbalance (STEP/LT and imbalance ratio R). In response, we would like to address two specific points: (i) highlighting an additional distinctive feature of our result and (ii) providing a discussion on our interpretation of these findings. (i) The quality of convergence to the common geometry (OF) is consistently impressive, even for large imbalance ratios (R) and LT distributions. Notably, this convergence quality is further enhanced when implementing the proposed batch-binding scheme, especially evident in more complex datasets. We find the robust convergence quality as surprising as the convergence of geometries to a common structure (OF). To underscore this point, we remark that the convergence quality is far inferior for the cross-entropy (CE) loss under imbalances (e.g. see Thrampoulidis et al. (2022)). The high-quality convergence emphasizes the practical relevance of our neural-collapse geometry characterizations. (ii)We interpret the discovery of a simple and cross-situationally invariant structural property in complex deep learning models trained on complicated datasets as a step towards unraveling their underlying mechanisms, moving beyond the conventional perception of these models as black boxes. This perspective aligns with the seminal work on neural collapse of cross-entropy loss and balanced data by Papyan et al. (2020), and the subsequent extensive body of literature as cited in our submission. At the same time, our approach offers a rather unique perspective in the following manner: Acknowledging an inherent challenge on the task of unveiling the black-box nature of deep representations’ geometries of SCL (in its standard use), we identify the inclusion of ReLUs at the last layer as a minor network modification that significantly easens the task. Importantly, this comes without compromising test accuracy. This is revealed by Table 1 and extensive additional evaluations in Table 2 in the appendix. As a matter of fact, in specific instances such as CIFAR100-LT, the inclusion of ReLU even leads to an improvement in balanced accuracy. Our revised manuscript incorporates additional results showcasing more substantial enhancements, particularly in terms of worst-class accuracy. It might be tempting to attribute these (small) improvements in accuracy to the fact that OF geometry avoids the minority collapse that would otherwise occur (see Fig.1 for evidence of this being the case without ReLU). However, given the lack of any substantial and formal evidence (in the broader literature) of such a causal relationship between geometry of trained embeddings and accuracy, our submission refrains from making such a statement. Instead, we highlight that our finding yields a learning framework that is at least as accurate as the original one while being easier to understand in terms of the structure of its deep representations. While it may be tempting to attribute these modest accuracy improvements to the avoidance of minority collapse inherent in the absence of ReLU (as evidenced in Fig. 1), we exercise caution. Despite the observed evidence, we refrain from making definitive claims due to the lack of substantial and formal evidence within the broader literature establishing a causal relationship between the geometry of trained embeddings and accuracy. Rather than asserting causation, we emphasize that our findings result in a learning framework that, at a minimum, matches the accuracy of the original model while offering enhanced interpretability regarding the structural aspects of its deep representations."	"We thank you for their detailed review and questions. We are pleased to see your recognition of our efforts in presentation. Please find our detailed response below, in addition to the comments in the global response. **For example, consider the simple case of binary classification...**: Thank you for prompting this discussion. The statement regarding antipodal features for binary SCL without ReLU is exactly correct. In fact, this holds in general for balanced multi-class setup as well: When the dataset is balanced Graf et al. (2020) shows that the embedding geometry will form an ETF in the absence of ReLU. In an ETF geometry, we have $\frac{\mu_c^\top\mu_{c'}}{\|\mu_c\|\|\mu_{c'}\|}=\frac{-1}{k-1}$ for the mean-embeddings of any two classes. As opposed to OF where $\frac{\mu_c^\top\mu_{c'}}{\|\mu_c\|\|\mu_{c'}\|}=0$. Therefore, for ETF, $\|\mu_c-\mu_{c'}\|^2 = \frac{2k}{\tau(k-1)}$ and in the case of OF $\|\mu_c-\mu_{c'}\|^2 = \frac{2}{\tau}$. $\tau$ is the temperature of the SCL loss. While the distance in the ETF geometry is larger for a fixed temperature parameter, we note that by simply scaling the temperature parameter $\tau$ by $\frac{k-1}{k}$, we can achieve an equivalent absolute distance in the learned geometry in the presence of ReLU. Thus, in terms of this measure, the addition of ReLU does not compromise the trained model. On the contrary, as shown in Fig. 1, in the imbalanced setup, without ReLU, the minority classes are drawn closer to each other, yielding a reduced absolute distance between classes. The introduction of ReLU, however, maintains an equal pairwise distance between classes. Hence, in terms of this measure, the addition of ReLU is in fact helpful. Finally, as noted in Section D.1.2, centering the OF by $\frac{1}{k}\sum_c\mu_c$ results in an ETF. So, in summary, the geometries learned in balanced or binary scenarios, with or without ReLU, can be considered equivalent, accounting for a shift and scaling. **Novelty and significance** Thank you for appreciating the originality of our work and ideas. We believe that solving for the global minimizer feature-classifier configuration with the SCL loss under is non-trivial and novel. We elaborate below: 1. Symmetric feature geometry: the first surprising observation that we support with theory is the fact that ReLU symmetrizes the feature geometry regardless of imbalances. To the best of our knowledge, such an outcome is unique to the SCL and stands out from several prior works considering class imbalance in CE and other losses. For e.g., Thrampoulidis et al. (2022), Fang et al. (2021) discuss that the feature and classifier geometry depends critically on the imbalance. We further identify the appropriate theoretical model for the observation, and solve for the exact geometry of the global optimizers and the optimal value of the loss function. 2. Batching matters: the first study of global optimizers of the SCL, Graf et al. (2020) only considers the setting of balanced data. In their words, the theoretical analysis is based on “a combinatorial argument which hinges on the balanced class assumption”. The analysis therein requires the specific batching case of all combinations of examples in the dataset of a given batch-size. On the other hand, our mini-batch analysis is applicable to arbitrary batching schemes. We discover the batching conditions under which a unique minimizer geometry exists- this condition allows for a large class of batching schemes, and includes the specific case of Graf et al. (2020) as a special case. We leverage our theoretical results to concretely explain geometry observations made in DNN experiments as a function of batching schemes. We discuss the question of possible extension to CE below, within the response to the specific question. Minor issues **overuse of abbreviations:** Thanks for the feedback. We have added a table defining all the important abbreviations used in the paper in one place at the beginning of the appendix. **eq(1) and eq(2):** Eq (1) and (2) are equivalent, in terms of the loss function. The apparent difference is only in presentation, in that in Eq (2), the sum over $l$ includes $j$, so that when $l = j$, the innermost exponential term becomes $\exp(\mathbf{h}_i^\top\mathbf{h}_l - \mathbf{h}_i^\top\mathbf{h}_j) = \exp(0) = 1$. ******** Continued below *********

We appreciate the reviewers for their positive and constructive feedback, as well as their detailed reviews. Their recognition of the surprising nature and originality of our findings (PL8u, BEvk, q7qd, ScWC), the solid theoretical analysis supporting our experiments (q7qd, ScWC), and the thorough discussion of related work (PL8u) is encouraging. We also thank them for noting the clarity and good organization of our paper (PL8u, BEvk, ScWC). We are particularly pleased that all reviewers acknowledge the surprising nature of our finding, demonstrating that the simple introduction of a minor architectural modification, such as the incorporation of ReLU at the last layer, results in a consistent geometry despite label imbalance (STEP/LT and imbalance ratio R). In response, we would like to address two specific points: (i) highlighting an additional distinctive feature of our result and (ii) providing a discussion on our interpretation of these findings. (i) The quality of convergence to the common geometry (OF) is consistently impressive, even for large imbalance ratios (R) and LT distributions. Notably, this convergence quality is further enhanced when implementing the proposed batch-binding scheme, especially evident in more complex datasets. We find the robust convergence quality as surprising as the convergence of geometries to a common structure (OF). To underscore this point, we remark that the convergence quality is far inferior for the cross-entropy (CE) loss under imbalances (e.g. see Thrampoulidis et al. (2022)). The high-quality convergence emphasizes the practical relevance of our neural-collapse geometry characterizations. (ii)We interpret the discovery of a simple and cross-situationally invariant structural property in complex deep learning models trained on complicated datasets as a step towards unraveling their underlying mechanisms, moving beyond the conventional perception of these models as black boxes. This perspective aligns with the seminal work on neural collapse of cross-entropy loss and balanced data by Papyan et al. (2020), and the subsequent extensive body of literature as cited in our submission. At the same time, our approach offers a rather unique perspective in the following manner: Acknowledging an inherent challenge on the task of unveiling the black-box nature of deep representations’ geometries of SCL (in its standard use), we identify the inclusion of ReLUs at the last layer as a minor network modification that significantly easens the task. Importantly, this comes without compromising test accuracy. This is revealed by Table 1 and extensive additional evaluations in Table 2 in the appendix. As a matter of fact, in specific instances such as CIFAR100-LT, the inclusion of ReLU even leads to an improvement in balanced accuracy. Our revised manuscript incorporates additional results showcasing more substantial enhancements, particularly in terms of worst-class accuracy. It might be tempting to attribute these (small) improvements in accuracy to the fact that OF geometry avoids the minority collapse that would otherwise occur (see Fig.1 for evidence of this being the case without ReLU). However, given the lack of any substantial and formal evidence (in the broader literature) of such a causal relationship between geometry of trained embeddings and accuracy, our submission refrains from making such a statement. Instead, we highlight that our finding yields a learning framework that is at least as accurate as the original one while being easier to understand in terms of the structure of its deep representations. While it may be tempting to attribute these modest accuracy improvements to the avoidance of minority collapse inherent in the absence of ReLU (as evidenced in Fig. 1), we exercise caution. Despite the observed evidence, we refrain from making definitive claims due to the lack of substantial and formal evidence within the broader literature establishing a causal relationship between the geometry of trained embeddings and accuracy. Rather than asserting causation, we emphasize that our findings result in a learning framework that, at a minimum, matches the accuracy of the original model while offering enhanced interpretability regarding the structural aspects of its deep representations.

Thank you for constructive feedback and insightful questions. Please find our response below in addition to the global response: **Batch size:** Thanks for highlighting the role of batch size. Indeed, for contrastive loss and in the analysis of our model, batch size plays an important role in defining the set of global solutions. This is the case as the batching scheme specifies the interactions among samples during training. Our theoretical framework outlines the necessary and sufficient conditions for the batching to achieve a unique minimizer for contrastive loss. Following your suggestion, we conducted additional experiments for varying batch sizes to empirically explore its impact on the final learned embeddings. The detailed results of these new experiments are presented in Section E.4.3 in the appendix of the revised draft. In these experiments, we examine the effect of batch size in two scenarios, depending on whether ReLU is applied on the final embedding layer or not. We compare the learned features with OF when ReLU is present at the final layer, and with ETF (as predicted by Graf et. al (2021)) when ReLU is removed. Our observations indicate that the presence of ReLU reduces the reliance on batch size, leading to consistent convergence to OF. In contrast, in the absence of ReLU, large batches are necessary to achieve the global optimizer ETF. We also note that Khosla et.al (2020) argue that increased batch sizes lead to improved performance. In particular, they typically use batch sizes extending up to 6144. Our findings suggest that with the addition of ReLU, one can potentially achieve comparable performance with smaller batch sizes, which offers venues for reducing the training computational cost. **Activation functions:** Thank you for bringing light to this subtle point. We considered ReLU as the primary focus of our study in terms of the activation function due to its simplicity and frequent use in practice. While it is interesting to study different activation functions, our motivation was to identify that a simple and commonly used activation function can significantly alter the implicit geometry of features. That said, we agree that this is indeed an interesting question. The theoretical analysis only assumes that the post-activation features are non-negative and span the region $[0, \infty]$. It is reasonable to anticipate that activation functions satisfying this requirement lead to the same result. However, the non-linearity of the activation function is likely to play a role in the optimization dynamics and needs further investigation. We have planned to conduct specific experiments and report our findings in the paper."			"{""disagreement"": 1.0, ""mixed_signals"": 1.0, ""response_count"": 3, ""density"": 2.0, ""primary_label"": ""fixed"", ""secondary_label"": ""unresolved""}"
6.200	AZGIwqCyYY__r01	ICLR.cc/2024/Conference	Towards Cross Domain Generalization of Hamiltonian Representation via Meta Learning	structured_v6	fixed	modernbert_v6	partially_fixed	"[weaknesses] - The main contribution of the paper seems to be utilizing meta-learning to efficiently adapt to new systems. However, it is not clear from the paper if it is as simple as just using off-the-shelf implementation or if there are some challenges to doing this. - Also, I would like to see some discussion around why meta-learning is preferred over other representation learning methods e.g. Domain Generalization, and why optimization-based methods surpass other approaches in meta-learning. - The experiments are not sufficient. First, there is no comparison with existing baseline models in domain generalization or meta-learning. Second, the comparison of the meta-model and pre-trained model is not fair, and I would suggest the author fine-tune the pre-trained model on the K-shot support set. Third, no visual comparison of the predicted dynamics and the ground truth, making the conclusion less convincing.

[questions] Please check the weaknesses above.

[summary] This paper proposes to use meta-learning to learn generalized representations across different types of dynamical systems. The meta-learning step helps improve the adaptation to unknown systems with fewer data points (compared to randomly initialized and pre-trained baselines) by virtue of generalized representations. The authors also analyze the representations learned by different baselines and meta-learning by using centered kernel alignment (CKA) to gain insights into better performance by the meta-learning model."	"We sincerely appreciate your efforts in reviewing our paper. We are pleased that the reviewer noticed the strengths regarding the CKA analysis of the learned representations. We have carefully reviewed the weaknesses pointed out by the reviewer and have revised our manuscript as follows (we also recommend the reviewer review the overall response). **_List of changes in the manuscript_**: > 1. Section 2.3 is revised to add clarity to the paper based on W1, and W2. > 2. Section 4.4 and SM C.3 are revised to add existing baseline results following W3. > 3. The titles of Sections 4.1, and 4.2 and the caption of Fig. 3 are updated based on W3. **W1** The main contribution of the paper seems to be utilizing meta-learning to efficiently adapt to new systems. However, it is not clear from the paper if it is as simple as just using off-the-shelf implementation or if there are some challenges to doing this. **W2** Also, I would like to see some discussion around why meta-learning is preferred over other representation learning methods e.g. Domain Generalization, and why optimization-based methods surpass other approaches in meta-learning. > **A1, A2** > We presume that weaknesses 1 and 2 arise from the lack of clarity that we have written in the paper. Existing previous methods have clear limitations; 1) they do not guarantee generalization across diverse systems, and 2) to do so, they need to be flexible with respect to the varying degrees of freedom of the systems. Our approach aims at resolving these challenges by jointly using GNNs and meta-learning. Accordingly, we have revised section 2.3 to clearly state the points mentioned by the reviewer in Q1 and Q2. **W3** The experiments are not sufficient. First, there is no comparison with existing baseline models in domain generalization or meta-learning. Second, the comparison of the meta-model and pre-trained model is not fair, and I would suggest the author fine-tune the pre-trained model on the K-shot support set. Third, no visual comparison of the predicted dynamics and the ground truth, making the conclusion less convincing. > **A3** > - First, we acknowledge the insufficient comparison with existing baselines. Originally, we considered it to be hard to directly compare our method with other prior baselines due to the different definitions of the scope of generalization, we added a baseline experiment with CoDA ([Kerchmeyer et al. 2022](https://arxiv.org/abs/2202.01889)) which is considered a representative method for domain generalization in learning physical dynamics (as it is reported to be superior among other related methods according to the CoDA authors). As expected, CoDA failed to adapt to an unseen system with the same number of steps, even for sufficient steps up to 10000. We have revised Section 4.4 and SM C.3 of our manuscript with the CoDA baseline results and discussion. > - Second, while we appreciate the reviewer's perspective, our work is at the cornerstone in our scope of the problem definition, and thus to show both the possibility and the effectiveness of the unified representation of Hamiltonian dynamics, we chose as baselines the 1) pre-trained model that used the same total number of gradient steps during meta-training, and the 2) randomly initialized model, following the approach of the prior work of [Finn et al. 2017](https://arxiv.org/abs/1703.03400) and [Lee et al. 2021](https://arxiv.org/abs/2102.11544). > - Third, we respectfully ask the reviewer to check Section 4.2, where the dynamics of the predicted systems are discussed using Figure 3. However, we acknowledge that the presentation of the predicted dynamics written in the paper should be more explicit and accordingly we have updated the title of Sections 4.1, 4.2 and the caption of Figure 3.

We would like to thank all of the reviewers for their constructive and valuable feedback on our work, and furthermore recognizing the strengths of our paper as follows; - the originality of our work in contrast to previous studies; learning the unified representation across diverse Hamiltonian system domains (**Reviewer xLig** and **Reviewer GtBu**) - the importance of the experimental aspects of our work; analysis of the unified representation of Hamiltonian dynamics using CKA (**Reviewer hDu2 and Reviewer jozM**) We rigorously addressed and incorporated the feedback to strengthen our work. Below are the main points of the revised manuscript (the changes in the manuscript are indicated as **bold**). 1. Most reviewers suggested a comparison with the baseline of the existing methods described in sections 2.2, and 2.3. The reason we did not include the previous generalization methods was that it was rather difficult to make a direct comparison with our model. Our model aims to learn a unified representation of the Hamiltonian dynamics across the types of physical systems, while the previous studies focus on the scenario of generalizing the dynamics across multiple environments within a fixed system situation. However, we agree with the reviewers that adding the existing baselines would give more concreteness to our result, and added the CoDA ([Kerchmeyer et al. 2022](https://arxiv.org/abs/2202.01889)) (which showed a significantly high performance among various generalization methods across environments within a system, according to the CoDA authors) baseline experiment. **We updated Section 4.4 and SM C.3 with the CoDA baseline and again verified the originality and superiority of our approach.** 2. We have added experiment to further discuss the limitation of our method, which is indeed a crucial point to make an argument from our experimental point of view. The added experiment is an adaptation task to the dissipative mass-spring system with the meta-trained model with conservative other systems. The meta-trained model fails to adapt to the dissipative system, indicating a possible limitation of our approach. **We updated Section 4.5 and SM C.4 with the corresponding additional experiments and discussions to explore the limitations of our work.** 3. Although all reviewers commented that the motivation and presentation of our paper are clearly written, there were some missing points regarding the implementation challenges solved. Although the existing generalization methods (as noted in the first numbered point above) propose new frameworks to learn the generalized dynamics across environments, their applications are limited when we want to generalize across the system type itself, and especially when the degree of freedom of the system changes in the data distribution. **We updated Section 2.3 to clearly state that our approach straightened out the challenges.** 4. Some of the text, such as section titles and figure captions, has been updated to reflect the comments made by reviewers. **We fixed the title of Section 2.2, 2.3, the caption of Figure 3, and moved Table 1. to SM A.3** Our manuscript has been revised accordingly (blue; major updates, red; minor updates such as typos) and we kindly ask all reviewers to check the updated part of the paper. We hope that our revised manuscript and responses will have a positive impact on the final evaluation. Once again, we thank all reviewers for their efforts in this review and look forward to further discussions.

Thank you for your efforts in providing valuable comments on our work. We appreciate the reviewer's comment about the points that should be further considered from the aspect of our experimental point of view. We have thoroughly considered the concerns raised by the reviewer and revised our manuscript as follows (we also recommend the reviewer check the global response). **_List of changes in the manuscript_**: > 1. Section 4.5 and SM C.4 are revised to add additional experiments according to W1 **W1** I don't have particular questions. It would be great if the authors could additionally report the results of some experiments to investigate the limitation of meta-learning in this context, although this is not a question. > **A1** > It should be noted that, in an attempt to provide further insight beyond the experimental results for the generalized model, we have provided the CKA analysis of the learned representations for each of the models. This was also the reason why we only compared the meta-trained model with the pre-trained and randomly initialized model, and not with the existing baselines in the first place. Nevertheless, we strongly agree with the reviewer that our results and claims should be made more carefully from our paper’s experimental point of view, and we appreciate the suggestion to make our claims more thorough by exploring the limitations of meta-learning for learning a unified representation of Hamiltonian dynamics. Consequently, we consider the example suggested by the reviewer (meta-training the model with conservative systems and adapting it to a dissipative system), which we believe is a good way to explore this. As expected, the meta-trained model (as well as the pre-trained and randomly initialized model) failed to adapt to a dissipative system, showing a clear limitation of our approach. We discuss the reason why, for the case of a dissipative system, Hamilton's equation (Equation 1 in the manuscript) does not hold, and thus the HNN loss (Equation 2 in the manuscript) is not appropriate for dissipative systems. We argue that to make use of our method, both the system in the data distribution for meta-training and adaptation should share the same nature so that both satisfy the given loss of the implementation. We have added the corresponding experimental results and discussions in Section 4.5 and SM C.4."	"We would like to thank all of the reviewers for their constructive and valuable feedback on our work, and furthermore recognizing the strengths of our paper as follows; - the originality of our work in contrast to previous studies; learning the unified representation across diverse Hamiltonian system domains (**Reviewer xLig** and **Reviewer GtBu**) - the importance of the experimental aspects of our work; analysis of the unified representation of Hamiltonian dynamics using CKA (**Reviewer hDu2 and Reviewer jozM**) We rigorously addressed and incorporated the feedback to strengthen our work. Below are the main points of the revised manuscript (the changes in the manuscript are indicated as **bold**). 1. Most reviewers suggested a comparison with the baseline of the existing methods described in sections 2.2, and 2.3. The reason we did not include the previous generalization methods was that it was rather difficult to make a direct comparison with our model. Our model aims to learn a unified representation of the Hamiltonian dynamics across the types of physical systems, while the previous studies focus on the scenario of generalizing the dynamics across multiple environments within a fixed system situation. However, we agree with the reviewers that adding the existing baselines would give more concreteness to our result, and added the CoDA ([Kerchmeyer et al. 2022](https://arxiv.org/abs/2202.01889)) (which showed a significantly high performance among various generalization methods across environments within a system, according to the CoDA authors) baseline experiment. **We updated Section 4.4 and SM C.3 with the CoDA baseline and again verified the originality and superiority of our approach.** 2. We have added experiment to further discuss the limitation of our method, which is indeed a crucial point to make an argument from our experimental point of view. The added experiment is an adaptation task to the dissipative mass-spring system with the meta-trained model with conservative other systems. The meta-trained model fails to adapt to the dissipative system, indicating a possible limitation of our approach. **We updated Section 4.5 and SM C.4 with the corresponding additional experiments and discussions to explore the limitations of our work.** 3. Although all reviewers commented that the motivation and presentation of our paper are clearly written, there were some missing points regarding the implementation challenges solved. Although the existing generalization methods (as noted in the first numbered point above) propose new frameworks to learn the generalized dynamics across environments, their applications are limited when we want to generalize across the system type itself, and especially when the degree of freedom of the system changes in the data distribution. **We updated Section 2.3 to clearly state that our approach straightened out the challenges.** 4. Some of the text, such as section titles and figure captions, has been updated to reflect the comments made by reviewers. **We fixed the title of Section 2.2, 2.3, the caption of Figure 3, and moved Table 1. to SM A.3** Our manuscript has been revised accordingly (blue; major updates, red; minor updates such as typos) and we kindly ask all reviewers to check the updated part of the paper. We hope that our revised manuscript and responses will have a positive impact on the final evaluation. Once again, we thank all reviewers for their efforts in this review and look forward to further discussions.

We sincerely appreciate your efforts in reviewing our paper. We are pleased that the reviewer noticed the strengths regarding the CKA analysis of the learned representations. We have carefully reviewed the weaknesses pointed out by the reviewer and have revised our manuscript as follows (we also recommend the reviewer review the overall response). **_List of changes in the manuscript_**: > 1. Section 2.3 is revised to add clarity to the paper based on W1, and W2. > 2. Section 4.4 and SM C.3 are revised to add existing baseline results following W3. > 3. The titles of Sections 4.1, and 4.2 and the caption of Fig. 3 are updated based on W3. **W1** The main contribution of the paper seems to be utilizing meta-learning to efficiently adapt to new systems. However, it is not clear from the paper if it is as simple as just using off-the-shelf implementation or if there are some challenges to doing this. **W2** Also, I would like to see some discussion around why meta-learning is preferred over other representation learning methods e.g. Domain Generalization, and why optimization-based methods surpass other approaches in meta-learning. > **A1, A2** > We presume that weaknesses 1 and 2 arise from the lack of clarity that we have written in the paper. Existing previous methods have clear limitations; 1) they do not guarantee generalization across diverse systems, and 2) to do so, they need to be flexible with respect to the varying degrees of freedom of the systems. Our approach aims at resolving these challenges by jointly using GNNs and meta-learning. Accordingly, we have revised section 2.3 to clearly state the points mentioned by the reviewer in Q1 and Q2. **W3** The experiments are not sufficient. First, there is no comparison with existing baseline models in domain generalization or meta-learning. Second, the comparison of the meta-model and pre-trained model is not fair, and I would suggest the author fine-tune the pre-trained model on the K-shot support set. Third, no visual comparison of the predicted dynamics and the ground truth, making the conclusion less convincing. > **A3** > - First, we acknowledge the insufficient comparison with existing baselines. Originally, we considered it to be hard to directly compare our method with other prior baselines due to the different definitions of the scope of generalization, we added a baseline experiment with CoDA ([Kerchmeyer et al. 2022](https://arxiv.org/abs/2202.01889)) which is considered a representative method for domain generalization in learning physical dynamics (as it is reported to be superior among other related methods according to the CoDA authors). As expected, CoDA failed to adapt to an unseen system with the same number of steps, even for sufficient steps up to 10000. We have revised Section 4.4 and SM C.3 of our manuscript with the CoDA baseline results and discussion. > - Second, while we appreciate the reviewer's perspective, our work is at the cornerstone in our scope of the problem definition, and thus to show both the possibility and the effectiveness of the unified representation of Hamiltonian dynamics, we chose as baselines the 1) pre-trained model that used the same total number of gradient steps during meta-training, and the 2) randomly initialized model, following the approach of the prior work of [Finn et al. 2017](https://arxiv.org/abs/1703.03400) and [Lee et al. 2021](https://arxiv.org/abs/2102.11544). > - Third, we respectfully ask the reviewer to check Section 4.2, where the dynamics of the predicted systems are discussed using Figure 3. However, we acknowledge that the presentation of the predicted dynamics written in the paper should be more explicit and accordingly we have updated the title of Sections 4.1, 4.2 and the caption of Figure 3.

We appreciate your thoughtful effort in reviewing this work. We are delighted to hear that the reviewer has recognized the contribution of our work in contrast to many existing works. We have carefully considered the points raised by the reviewer and have revised our manuscript as follows (we also recommend that the reviewer check the overall response). **_List of changes in the manuscript_**: > 1. Section 4.4 and SM C.3 are revised to add existing baseline results according to W1 **W1** The evaluation can be strengthened by considering comparing the proposed methods with other Few-shot Learning and Physics-informed Neural Networks methods for system domain generalization under both ""consistent"" and ""different"" physical laws. > **A1** > We first thought that it would be difficult to directly compare our method with other previous baselines, as the definition of the scope of generalization is different. However, we strongly agree with the reviewer that our evaluation can be strengthened by comparing the proposed approach with other existing methods. We added a baseline experiment with CoDA ([Kerchmeyer et al. 2022](https://arxiv.org/abs/2202.01889)) which is considered a representative method for domain generalization in learning physical dynamics (as it is reported to be superior to other related methods according to the CoDA authors). As expected, CoDA failed to adapt to an unseen system with the same number of steps, even for sufficient steps up to 10000. We have revised section 4.4 of our manuscript with the CoDA baseline results and discussion. **Q1** In Figure 4, why does a lower CKA value of the meta-trained model suggest it learned more similar representations during adaptation? As the authors mentioned, should a low CKA value indicate different representations? > **A1** > We acknowledge that our label notation in Figure 4 could be quite misleading. The y-axis represents the 1-CKA (1 minus CKA) value, not the raw CKA value. Therefore, the lower y-axis in Figure 4 indicates a high CKA value, which leads to more similar representations during adaptation."			"{""disagreement"": 1.0, ""mixed_signals"": 1.0, ""response_count"": 3, ""density"": 2.0, ""primary_label"": ""fixed"", ""secondary_label"": ""partially_fixed""}"
6.200	Ebt7JgMHv1__r03	ICLR.cc/2024/Conference	Is This the Subspace You Are Looking for? An Interpretability Illusion for Subspace Activation Patching	structured_v6	partially_fixed	modernbert_v6	fixed	"[weaknesses] The definitions seem rather brittle. Requiring strict equality in the definitions of causally disconnected and dormant seems to be very limiting for practice.

[questions] 1. How do we know that the theoretical account for the interpretability illusion is actually the explanation for the failure of activation patching in the case studies presented? 2. Are there a set of empirical predictions (e.g. about the directions of activations or gradients) that could either falsify or support the theoretical model? 3. Why not relax the definitions of ""causally disconnected"" or ""dormant"" to not require strict equality, but rather to specify that the effect of the the patching be small within some threshold?

[summary] This paper identifies a challenge for the approach of looking for subspaces corresponding to causal factors of deep neural network output. It claims that activation patching and subspace patching approaches are at risk of an interpretability illusion where the patching fails to change the causal pathways actually leading to undesired input. It develops the concepts of dormant pathways and causally disconnected pathways to explain why the interpretability illusion is possible. The paper illustrates its model of the interpretability illusion using a toy example. Furthermore, it presents real-life case studies. One set of case studies focuses on language models, particularly the indirect object identification task. For the IOI task, previous works have used activation patching to correct a network to output the indirect object of a sentence rather than the direct object. The paper identifies an approach to the task, using distributed alignment search, that is subject to the interpretability illusion. It also identifies an approach, using prior knowledge about the network to identify the nodes responsible for the error, that correctly patches the network. The paper explains the difference between these approaches using the concepts of dormant and causally disconnected pathways. Furthermore, the paper also studies factual recall in language models as an additional case study. It presents a set of experiments where it shows that the vulnerability of activation patching to the interpretability illusion depends on the layer which is targeted. The paper also includes some additional discussion on connections between activation patching and rank-one model edits."	"We thank the reviewer for their thoughtful review, and for the encouraging feedback on the relevance and clarity of our work. Below, we address the reviewer’s questions and other concerns: > The definitions seem rather brittle. Requiring strict equality in the definitions of causally disconnected and dormant seems to be very limiting for practice. [...] Why not relax the definitions of ""causally disconnected"" or ""dormant"" to not require strict equality, but rather to specify that the effect of the the patching be small within some threshold? **We acknowledge that requiring strict equality in the definition of a dormant subspace is limiting. In our revision of the paper, we have changed the definition to allow for approximate equality instead**, which reflects the reality better. In our experiments (Figure 20 and Figure 12) we find that the orthogonal complements of the causally disconnected components of the subspaces we find are relatively dormant compared to the causally disconnected components. As for causally disconnected subspaces, **it is not too limiting to require strict equality, and all our empirical examples of causally disconnected subspaces obey strict equality**. Recall that a subspace of the activations of some model component is causally disconnected if changing the activation only along this subspace (leaving the component orthogonal to the subspace unchanged) does not change the model’s output. This assumption is provably satisfied when, for example, we consider the post-GELU activations of an MLP layer, and $v_{disconnected}$ is in the kernel of the layer’s down-projection. This is because the only causal pathway by which the MLP activations affect the rest of the model is via the layer’s down-projection. A down-projection is a linear operation, and adding a vector in its kernel does not change its output. > How do we know that the theoretical account for the interpretability illusion is actually the explanation for the failure of activation patching in the case studies presented? [...] Are there a set of empirical predictions (e.g. about the directions of activations or gradients) that could either falsify or support the theoretical model? We connect our theoretical model of the illusion to our experiments using the following approach: - Suppose we have a 1-dimensional subspace $v$ of the post-GELU activations of an MLP layer that we want to argue exhibits the illusion - Decompose $v = v_{nullspace} + v_{rowspace}$, where $v_{nullspace}$ is the orthogonal projection of $v$ on the kernel of $W_out$, and $v_{rowspace}$ is the orthogonal projection of $v$ on the orthogonal complement of the kernel of $W_out$. - By definition, $v_{nullspace}$ is a causally disconnected direction (as explained in our response to the reviewer’s concern about the definitions of causally disconnected and dormant subspaces). This means that the only downstream effect of patching along $v$ is the change of the activation along $v_{rowspace}$. Thus, the only consequential difference between patching along $v$ and patching along $v_{rowspace}$ is the magnitude of the change of the activation along $v_{rowspace}$. - Therefore, a **key experiment to check for the illusion** is to patch only long $v_{rowspace}$ and compare the effect to patching along $v$. If the effect from patching along $v$ is much stronger, this suggests the presence of the illusion, because the disconnected component must vary substantially in order to change the coefficient along $v_{rowspace}$ - To further argue that v_rowspace is approximately dormant, we use different approaches for the two tasks: - For the IOI task, we plot the distribution of activations, colored by the feature of interest (position of the IO name in the sentence), and projected on the $v_{rowspace}$ or $v_{nullspace}$ directions (Figure 20). This shows that $v_{rowspace}$ is significantly more dormant than $v_{nullspace}$; - For factual recall, we again decompose the directions found by DAS (which are in the post-gelu activations of MLP layers) in the same way. - Again by definition, the nullspace components are causally disconnected. - To check how dormant the rowspace components are, we ran the experiment shown in Figure 12 in the paper, where we project the difference of activations of the two examples we are patching between on the causally disconnected component (the orthogonal projection on $\ker W_{out}$), and observe cosine similarity between this projection and the original direction of ~0.9; this implies that the cosine similarity with the rowspace component is ~0.4; thus, the rowspace component is relatively dormant compared to the nullspace one. - In our revision of the paper, we have included a note on this in the main body of the text.

We thank the reviewer for their thoughtful and thorough review. We are sorry that reading the paper was difficult, and we thank the reviewer for pointing out several confusing parts of the paper. **However, there are some fundamental aspects of our work that were miscommunicated, and we would like to clarify them below**. We have uploaded a revision that we hope will alleviate these concerns, with changes marked in red. > The paper does not pose an explicit hypothesis that can be falsified, limiting its scientific validity. [...] The hypothesis seems to be that every patched subspace “v” discovered by DAS can be decomposed into two directions “v_disconnected” and “v_dormant” (with specific properties) The key message of our work is not that the illusion described will always happen given some set of assumptions. Instead, **our central focus is showing the *existence* of the illusion in practical cases of interest** for ML interpretability. In the cases that we empirically discovered, the subspaces found indeed decompose as a sum of two orthogonal vectors with the properties given in Section 3 of the paper, and we found this decomposition a helpful way to think about the mechanistic underpinnings of the illusion. **We do not claim to provide specific conditions that will *guarantee* that the illusion will occur**, or that such a decomposition will exist. This means that our work takes the form of demonstrating the existence of the illusion, rather than proving a falsifiable hypothesis that it should always happen, which we expect is too strong a claim. As other reviewers have noted, this is a valuable contribution to the interpretability literature, as **the existence of such cases demonstrates that one should not apply subspace patching techniques blindly**. In particular, a key takeaway is that one should not rely solely on end-to-end metrics when evaluating optimization-based subspace patching methods for the purpose of localizing features in language models. We remark that we also provide several theoretical and heuristic reasons to expect the illusion to be prevalent in practice in Section 7, but they are not load-bearing to our main message. > ...""patching along the sum of these directions, the variation in the disconnected part activates the dormant part, which then achieves the causal effect"". The latter statement assumes that the model behaves somewhat linearly along these subspaces (i.e., the output of the model along direction ""v"" is given by a sum of its outputs along ""v_disconnected"" and ""v_dormant""), which is a strong hypothesis given that these models are fundamentally non-linear. **We make no assumptions of linearity, only about the behavior of the model when changing the activation only along v_disconnected, or only along v_dormant**. In particular, to address the reviewer’s objection, we only need a weaker set of assumptions: that **changing the activation only along v_disconnected does not change model outputs**. This assumption is provably satisfied when, for example, we consider the post-GELU activations of an MLP layer, and v_disconnected is in the kernel of the layer’s down-projection. This is because the only causal pathway by which the MLP activations affect the rest of the model is via the layer’s down-projection. A down-projection is a linear operation (though subsequent model layers are not linear), and adding a vector in its kernel does not change its output, thus adding v_dormant, or adding v_dormant and v_disconnected must have exactly the same downstream effect. To unpack this in more detail, we believe that in the review, the words “...the output of the model along direction ""v"" is given by a sum of its outputs along ""v_disconnected"" and ""v_dormant""...” are intended to mean “when changing the activation along v, this results in the same change in model output as the sum of the changes when changing only along v_disconnected and when changing only along v_dormant, adjusting the magnitudes of the changes by the projection of v on the two vectors”. **This is a true mathematical fact, but it is independent of any linearity assumptions on the neural network**. Recall that by construction v = (v_disconnected + v_dormant) / sqrt(2). Changing some activation A along v alone is the same as changing it along v_disconnected and v_dormant simultaneously (with coefficient 1/sqrt(2)), and leaving it unchanged along all directions orthogonal to the plane spanned by v_disconnected and v_dormant. Let’s call this new activation A’. By assumption, changing the activation A’ along v_disconnected alone results in no change in model output; so this activation A’ will produce the same model output as the activation A’’ where only v_dormant was changed. This shows that the change in outputs introduced by changing along v is the same as the change in outputs introduced by changing along v_dormant alone, plus the change in outputs after changing along v_disconnected alone (which is zero).

Continuing from our previous response, we would like to clarify some other aspects of our work that were miscommunicated. > The definition of the ""dormant"" subspaces is confusing in the context of this work. If the model output remains unchanged for in-distribution patching and changes only for out-of-distribution samples, what procedures presented in this work result in out-of-distribution samples/activations? As far as I can tell, all procedures described involve patching with in-distribution data. While the reviewer’s concern would be true in the case of full component activation patching, **it is possible for subspace activation patching between in-distribution data to result in out-of-distribution activations** when the subspace is a proper subspace of activation space. To explain in more detail, imagine a 2-dimensional activation space, where in-distribution activations are always on the x-axis, ie the y-coordinate is always zero. Consider subspace activation patching along the vector $v=(1/\sqrt(2), 1/\sqrt(2))$ which makes equal angles with the x and y axes. If we patch along $v$ from an example with activation $(x_1, 0)$ into an example with activation $(x_2, 0)$ with $x_1 \neq x_2$, the result is the activation $$(x_2, 0) + 1/\sqrt(2) * (x_1-x_2) * v = ((x_1+x_2)/2, (x_1-x_2)/2)$$ In particular, this activation is now out-of-distribution, since it has a nonzero component along the y axis. > Is the hypothesis that such a decomposition does not exist for “true” subspace directions? **A definition of “true” subspace directions is outside the scope of our work**. Rather, our central message is that the existence of such a decomposition, and an empirical observation showing that removing the causally disconnected component of a subspace greatly reduces the effect of the subspace activation patch, should be taken as cause for concern when attributing features to particular subspaces. > [...] However, the paper fails to connect this terminology (""disconnected, dormant directions"") in sections 4-7, making it difficult to verify whether the experiments confirm or deny the hypothesis. We do connect the terminology of disconnected and dormant directions to our experiments in several ways: - For the IOI task, we orthogonally decompose the $v_{MLP}$ subspace as a sum $v_{MLP} = v_{MLP}^{nullspace} + v_{MLP}^{rowspace}$, where $v_{MLP}^{nullspace}$ is the orthogonal projection of $v_{MLP}$ on the kernel of $W_{out}$, and $v_{MLP}^{rowspace}$ is the orthogonal projection on the rowspace of $W_{out}$. - By definition, $v_{MLP}^{nullspace}$ is a causally disconnected direction. - We show that the direction $v_{MLP}^{rowspace}$ is significantly less activated by the feature we are patching than the direction $v_{MLP}^{nullspace}$ in Figure 20 in the Appendix. This shows that $v_{MLP}^{rowspace}$ is relatively dormant, compared to $v_{MLP}^{nullspace}$. - In our revision of the paper, we have rewritten large parts of Subsection 4.3. to clarify the relationship of the experiments to our model of the illusion. - For factual recall, we again decompose the directions found by DAS (which are in the post-gelu activations of MLP layers) in the same way. - Again by definition, the nullspace components are causally disconnected. - To check how dormant the rowspace components are, we ran the experiment shown in Figure 12 in the paper, where we project the difference of activations of the two examples we are patching between on the causally disconnected component (the orthogonal projection on $\ker W_{out}$), and observe cosine similarity between this projection and the original direction of ~0.9; this implies that the cosine similarity with the rowspace component is ~0.4; thus, the rowspace component is relatively dormant compared to the nullspace one. - In our revision of the paper, we have included a note on this in the main body of the text."	"We thank the reviewer for their thoughtful review, and for the encouraging feedback on the timeliness and soundness of our work. Below, we address the reviewer’s questions and other concerns: > code is not provided We are working on releasing an anonymized version of our code in the next few days. We will provide a link to it in a subsequent response once it is available. > Why do the authors solely focus on subspace activation patching? The identified interpretability illusion should also hold for (automatic) component activation patching (i.e., consider the entire activation space as the (sub)space). This is a great question. A key property of subspace activation patching not shared with full-component activation patching is that it **may create out-of-distribution activations for the given component, even when patching only between in-distribution examples**. This makes it particularly vulnerable to an MLP-in-the-middle type of illusion, where we take the output of the MLP layer off-distribution in order to write some causally important information in the residual stream. Intuitively, this would not be possible to such an extent when patching the full hidden activation of the MLP layer, because its activations for in-distribution examples do not generally write important information to the residual stream (as can be confirmed by doing the full patch). However, full-component activation patching can still take the activations of the model as a whole off-distribution. It is an interesting question for future work whether a variant of the illusion can be exhibited for full-component patching. For example, if two heads always cancel each other out (one outputs +v and the other -v), we could patch just one of them such that they no longer cancel out. Thus, it may be possible to patch only one of these components and throw the model off-distribution. However, we expect such scenarios of “perfect cancellation” to be rarer in practice. > There seems to be an error in the indices in the toy example in Appendix A.3. This is correct; the sentence “... the linear subspace of H_2 and H_3 defined by the unit vector…” should be “...H_1 and H_2…” instead. We thank the reviewer for pointing this out, and we have corrected it in our revision of the paper. > While Fig. 1 clearly demonstrates the interpretability illusion, it is hard to parse. It may be good to make it more accessible/easier to parse, as it demonstrates the main insight of the paper. We acknowledge that Figure 1 is somewhat involved and thank the reviewer for pointing this out. To make it more readable, we have included a “decomposition” of this figure into four figures to be read sequentially. Due to space limitations, we include this new figure as Figure 26 in the Appendix, and we point to it from the main text. We also re-did the original figure in TikZ to improve readability. We hope that this makes the phenomenon clearer. > It’d be good to add the relation of the vector v to the subspace U in Sec. 3. We thank the reviewer for pointing this out; the relationship is that, in the special case of 1-dimensional subspace patching we consider, $U$ is the subspace spanned by the (unit) vector $v$. We hope that clarifies this part of the paper; we have added it to our revision. > It’d be good to match the notation of Tab. 1 and the respective text. We thank the reviewer for pointing this out. This is a concern shared by another reviewer as well, and we acknowledge that Table 1 can be improved in many ways. In the revision we have uploaded, we have made the notation more coherent. We have also re-parametrized the fractional logit diff metric to make it more intuitive and readable.

We thank all three reviewers for their thoughtful feedback and insightful comments. As reviewers **YsUK** and **ERkw** have noted, our core contribution is showing the existence of a particular interpretability illusion for subspace activation patching in two real-world examples, where a subspace seems causally relevant by activating a previously dormant pathway. The impact of this is that subspace activation patching interpretability techniques, especially when based on optimization, should not be applied using solely end-to-end evaluations, and may be misleading. As such, reviewer **8jAi**’s concern about the lack of a “falsifiable hypothesis” that would guarantee the existence of the illusion under some conditions, is not the lens through which we view our contribution. We have addressed this, as well as other key aspects of our work that were miscommunicated, in our response to reviewer **8jAi**. A concern shared by the majority of reviewers is about the clarity of our paper, especially sections 4-7, and about how the experiments therein connect to our theoretical model of the illusion. We have taken these comments to heart, and have updated the writing, tables and figures in these sections with clearer explanations and additional details (which were previously in the supplementary material) to aid the grounding of our experiments. We have uploaded a revision of our paper where new material is highlighted in red to aid reviewers. Specific changes made are listed in individual responses to reviewers that requested these changes. The main changes have been: - adding related work motivating downstream uses of mechanistic interpretability in the introduction; - re-doing Figure 1 for improved readability, as well as providing a step-by-step decomposition and explanation for it in the Appendix - rewriting Section 4.3. significantly to clarify experimental methodology and how it connects with the figures and tables; - decreasing the main body's dependence on the supplementary material in Sections 4 and 6.

> The main paper on its own does not seem to be self-contained and seems to contain a significant number of references to the appendix. We acknowledge that there is quite a bit of material in the appendix, and are sorry that this made our work harder to follow. We have tried to condense the central points of our work in the main body of the paper by making the following changes, which have significantly reduced the dependence of the main body in sections 4 and 6 on the supplementary material by including the following details in the main body: - IOI dataset we used (Section 4.1) - Computing the direction $v_{grad}$ (Section 4.2) - Computing directions using DAS (Section 4.2) - Details for fact patching experiments (Section 6.1) - We moved what was previously Figure 2 to the supplementary material, as we felt that it makes an insufficient contribution relative to the space it occupies. - Similarly, we moved the statement of what was previously Lemma 6.1. To the appendix, and explained its result informally We hope this alleviates your concern. If there are any other parts of the appendices which felt important to understanding the main text, we would appreciate you bringing them to our attention. > The writing and presentation are sloppy. For example, in Section 4, “ker W_out” is never defined, and it is unclear how the results in Table 1 and Figure 3 relate to the description in section 4.3. What is ABB / BAB in Figure 3? What does “connected” in Table 1 refer to? Overall, how do Table 1, Figure 3, and Figure 4 illustrate support for the presented hypothesis? We have addressed these issues as well as others pointed out by the other reviewers in our updated draft. In particular, we rewrote Subsection 4.3 to fix various problems and better connect the writing to the table and figure. To answer the reviewer’s questions specifically: - $\ker W_{out}$ is the kernel of the down-projection of the MLP layer where the illusory direction v_MLP is contained. - The main text now contains detailed descriptions of all interventions involved, with short names matching those appearing in Table 1. - Figure 3 relates to the text in Section 4.3 through the paragraph now titled “Patching $v_{\text{MLP}}$ activates a dormant pathway through the MLP.” Specifically, Figure 3 illustrates how the subspace activation patch along $v_{MLP}$ takes the output of the MLP layer along the gradient direction of the name mover query matrices off-distribution. - Here and elsewhere in the paper, “ABB” means prompts where the IO name comes first, and “BAB” means prompts where the S name comes first. We thank the reviewer for pointing out this omission. The notation is now explained in the caption of Figure 3. Overall, Table 1 supports our claim for the existence illusion by showing that the subspace patch along $v_{MLP}$ has a significant effect on model outputs (much stronger than the effect of patching the full MLP layer’s activations), but this effect disappears when we restrict to the causally relevant component of $v_{MLP}$, denoted $v_{MLP}^{rowspace}$ in our revision and introduced in the “Methodology” part of Subsection 4.3. Figure 3 further supports our model of the illusion by showing how the MLP layer’s output on the causally relevant direction $v_{grad}$ (given by the gradient of name-mover attention scores) is taken significantly out of distribution by the patch along $v_{MLP}$. Finally, Figure 4 (which is about factual recall) has similar message as Table 1: it shows that subspace patching along the directions found by DAS is much more effective at changing a model’s completion of a fact than patching the entire MLP layer, or patching along only the causally relevant component."			"{""disagreement"": 1.0, ""mixed_signals"": 1.0, ""response_count"": 3, ""density"": 2.0, ""primary_label"": ""partially_fixed"", ""secondary_label"": ""fixed""}"
6.147	sLQb8q0sUi__r03	ICLR.cc/2024/Conference	Fair and Efficient Contribution Valuation for Vertical Federated Learning	structured_v6	unresolved	modernbert_v6	partially_fixed	"[weaknesses] 1. Given the setup, it appears that the proposed metric works well only linear models or training only the last linear layer. Although the authors mentioned that results can be extended to a multi-class classification problem and general function, little concrete explanations are provided. 2. There seems be no baselines or comparison with other methods. I understand that contribution evaluation in VFL might not be well-studied before but at least Data Shapley Value can be used here.

[questions] 1. In VERFEDSV, would it be inefficient to sum over all subsets $S \subset M$? 2. What is the difference between the method in section 6 and FedSV?

[summary] This paper proposes a metric for contribution valuation in vertical federated learning (VFL). The method is based on federated Shapley value and is adapted to synchronous VFL via low-rank embedding matrix completion techniques and extended to asynchronous VFL. This metric reflects both the quality of the local dataset and the power of local computational resources."	"We sincerely appreciate your positive comments and valuable feedback on our paper. We reply to each of the weaknesses and questions below. ## Reply to Weakness 1 Thank you for your valuable feedback. Our experiments indeed encompass multi-class (e.g., on Covtype) and general function cases (e.g., 2-layer perceptron model on RCV1). We will ensure providing concrete explanations in the final version. We first recap the one-class case and then explain the multi-class case. In one-class case, we defined the embedding matrix $\mathcal{H}^m \in \mathbb{R}^{T \times N}$ where each element $(t,i)$ is defined as $\mathcal{H}_{t,i}^m = (h_i^m)^{(t)}$. In the context of the multi-class classification problem with $l > 2$ classes, the model parameter $\theta_m$ is in space $\mathbb{R}^{d^m \times l}$. Consequently, the embedding $h_i^m = \theta_m^\intercal x_i^m$ is in $\mathbb{R}^l$. Now, the embedding $\mathcal{H}^m$ is a tensor in $\mathbb{R}^{T \times N \times l}$. We reorder the tensor dimensions and lower it to a matrix $\mathcal{H}^m \in \mathbb{R}^{(l\cdot T) \times N}$. Regarding the general function case, $h_i^m = \theta_m^\intercal x_i^m$ becomes $h_i^m = g(x_i^m; \theta_m)$, where $g$ can be a neural network with weights $\theta_m$. Since our method does not depend on the specific form of $g$ and only requires $h_i^m$, it can be extended to the general function case. Admittedly, Proposition 1 on the bound of embedding matrix’s $\epsilon$-rank may not necessarily hold. However, in practice (See Section 7.1, RCV1 dataset) we still observe that embedding is approximately low-rank, so matrix completion is still an effective strategy. ## Reply to Weakness 2 Thank you for your feedback on the baselines. We would like to mention that data Shapley value [1] can be easily extended to the HFL scenario but not to the VFL scenario. This is because VFL's clients partition the dataset along feature dimensions, while the data Shapley value [1] was designed to assess the importance of individual data points. We would like to draw the reviewer's attention to our extra experiment in Section D.2, where SHAP [2] is employed as a baseline to test whether VerFedSV reflects the importance of clients’ local features. It is worth noting that the SHAP baseline cannot be directly applied to the VFL task, as it requires access to all the local datasets and may breach privacy. Nevertheless, the results presented in Table 5 of Section D.2 indicate that VerFedSV is indeed capable of capturing feature importance. [1] Amirata Ghorbani, James Y. Zou. Data Shapley: Equitable Valuation of Data for Machine Learning. ICML 2019: 2242-2251 [2] Scott M. Lundberg, Su-In Lee. A Unified Approach to Interpreting Model Predictions. NeurIPS 2017: 4765-4774 ## Reply to Question 1 In VerFedSV, it will be inefficient to sum over all subsets $S\subset[M]$. However, this is a common issue in Shapley Value and well-studied in literature. Various sampling methods [1,3] are proposed for this issue. In our experiment, as mentioned in Section C, VerFedSV is computed exactly when the number of clients $M \le 10$, and approximately using Monte-Carlo sampling when the number of clients $M > 10$. VerFedSV is efficient because it does not require model retraining. The key idea is to calculate the Shapley value for a client in each iteration of training and then aggregate these values over all iterations to determine the final contribution of the client. [3] Jiayao Zhang, Qiheng Sun, Jinfei Liu, Li Xiong, Jian Pei, Kui Ren. Efficient Sampling Approaches to Shapley Value Approximation. Proc. ACM Manag. Data 1(1): 48:1-48:24 (2023) ## Reply to Question 2 FedSV [4] and VerFedSV are applied in different scenarios -- HFL and VFL, respectively. Furthermore, it's worth noting that FedSV is specifically designed for the synchronousFL setting and relies on training rounds. In contrast, VerFedSV in Section 6 applies to the asynchronous FL setting. [4] Tianhao Wang, Johannes Rausch, Ce Zhang, Ruoxi Jia, Dawn Song. A Principled Approach to Data Valuation for Federated Learning. Federated Learning 2020: 153-167

## Reply to Weakness 2 Thank you for your feedback regarding the technical novelty of our learning-based basis selection approach. We understand your concerns and appreciate the opportunity to emphasize our contributions: - We addressed an important problem rarely explored in the literature, that is, how to fairly value the contributions of different clients in the field of vertical federated learning (VFL). - Our proposed VerFedSV utilized the local embedding to construct the utility function. We have indeed employed techniques developed by pioneers in related fields (like local embeddings), but our work combines these techniques and applies them in a novel context. - VerFedSV is applicable for both synchronous and asynchronous VFL. In synchronous VFL, we utilize matrix completion to obtain the full embedding of all training sets. We demonstrate that the target embedding matrices are approximately low-rank and provide an approximation guarantee for VerFedSV. Under the asynchronous VFL setting, we show that VerFedSV successfully reflects the strength of clients' local computational resources. To conclude, our integrated VerFedSV provides a pioneering and exemplary framework for contribution evaluation in VFL, and this approach constitutes a solid contribution. ## Reply to Question 1 In the asynchronous setting, each client may require different amounts of time to complete a training iteration and may have varying batch sizes. However, in the synchronous setting, all clients have the same time per iteration and the same batch size. As described in Section 6, our approach in the asynchronous setting involves the transmission of mini-batches from the clients to the server to update the server embeddings. There is no need to use matrix completion so that the Shapley value is proportional to the client's computational strength. In the synchronous setting, we complete the full embedding, because, in this way, the entire training set is utilized for computing Shapley value, effectively avoiding potential errors from mini-batch sampling. ## Reply to Question 2 Please refer to our response in Weakness 1 regarding preparing and utilizing a separate validation set in the VFL setting. ## Reply to Minor Suggestions **Misspellings** We will ensure the misspellings are thoroughly correct in the final version. **Explanation for why the embeddings are sufficient** For linear regression, $f$ is mean square error, and for logistic regression, $f$ is cross-entropy loss. The client model can be a linear model or a neural network. We next explain why VerFedSV only relies on embeddings and is irrelevant to the function form of $f$ or whether the task is one-class or multi-class classification. We first recap the one-class case and then explain the multi-class case. In one-class case, we defined the embedding matrix $\mathcal{H}^m \in \mathbb{R}^{T \times N}$ where each element $(t,i)$ is defined as $\mathcal{H}_{t,i}^m = (h_i^m)^{(t)}$. In the context of the multi-class classification problem with $l > 2$ classes, the model parameter $\theta_m$ is in space $\mathbb{R}^{d^m \times l}$. Consequently, the embedding $h_i^m = \theta_m^\intercal x_i^m$ is in $\mathbb{R}^l$. Now, the embedding $\mathcal{H}^m$ is a tensor in $\mathbb{R}^{T \times N \times l}$. We reorder the tensor dimensions and lower it to a matrix $\mathcal{H}^m \in \mathbb{R}^{(l\cdot T) \times N}$. Regarding the general function case, $h_i^m = \theta_m^\intercal x_i^m$ becomes $h_i^m = g(x_i^m; \theta_m)$, where $g$ can be a neural network with weights $\theta_m$. VerFedSV by Definition 2 in Section 4 only requires $h^i_m$ and does not depends on does not depend on the specific form of $g$. **Explain covering number** Covering number $\mathcal{N}(\mathcal{D},\epsilon)$ represents the minimum number of ""balls"" or ""sets"" with radius $\epsilon$ that are needed to cover a given dataset $\mathcal{D}$. In other words, it quantifies the complexity of $\mathcal{D}$. Please refer to Definition 5 in Section B for detailed formulation. **Clients send the IDs** The client will send the batch $B$ that contains the IDs of data points. We will revise it in the final version. **Report $N$ and $T$** Please refer to Table 2 in Section C for the number of training data points $N$ in different datasets. As for $T$, under the synchronous setting, it is 160, 160, 800, and 320 for each dataset, and under the asynchronous setting, it is 100. We apologize for any confusion caused and assure to be clarified in the final version.

We sincerely appreciate your positive comments and valuable feedback on our paper. Following your feedback, we have made significant efforts to conduct comparison experiments. We are confident that these efforts have greatly enhanced the quality and strength of our paper. In light of this enhancement to the paper, we kindly hope that you could consider re-evaluating your score. We are confident that our work now better addresses your concerns, and we hope that the updates better reflect the contribution we aim to make to the field. We reply to each of the weaknesses and questions below. ## Reply to Weakness 1 Thank you for your valuable feedback. We extend the experiments to compare with alternatives including request embeddings for all data points and based on update mini-batch. We first define a deviation metric for the upcoming comparison experiments. For client $i$, denote its percentage of VerFedSV relative to the total VerFedSV from all clients as $s_i$. These VerFedSVs are calculated using matrix completion to estimate all embeddings. Meanwhile, we compute a ground-truth scenario where full embeddings are calculated in each training round. In this scenario, the percentage of Shapley value for client i relative to the sum of all Shapley values is denoted as $s_i^{gt}$. With $M$ representing the number of clients, the metric Deviation(VerFedSV, Ground truth) is defined as $\frac{1}{M} \sum_{m=1}^{M} \frac{|s_m - s^{gt}_m|}{s^{gt}_m}$. Similarly, the metric Deviation(Mini-batch, Ground truth) measures the deviation of Shapley value computed with mini-batch from the ground-truth scenario. The comparison results are shown as follows. The deviation metric is shown in mean$\pm$std format, where mean and std are calculated from 5 independent runs. | | Adult | Web | Covtype | RCV1 | |-|-|-|-|-| | VerFedSV | $0.058\pm 0.039$| $0.095\pm 0.051$ | $0.309\pm 0.041$ | $0.558\pm 0.117$ | | Mini-batch | $0.047\pm 0.150$ | $0.110 \pm0.300$ | $0.319\pm 0.057$ | $0.559\pm 0.268$ | To conclude, VerFedSV stably achieves low deviation since it can accurately recover the full embeddings. In contrast, the Shapley values under the Mini-batch scenario exhibit a larger variance than VerFedSV. Preparing a separate validation set under the VFL scenario is a non-trivial research topic. In the VFL scenario, the server should not possess any knowledge about the client dataset, including even the feature dimensions. The server and clients have to collaborate prudently and complicatedly to prepare and utilize the validation set while properly addressing the privacy issue. Considering this challenge, we propose using the full training set directly. This approach offers several advantages. Firstly, it utilizes the entire training set for computing Shapley value, thereby avoiding potential errors introduced by sampling mini-batches. Additionally, it ensures that the computation process of the Shapley value does not leak private information and that the resulting Shapley value remains private to each client. For baselines, we would like to draw the reviewer's attention to SHAP [1] baseline in Section D.2. This experiment shows that VerFedSV reflects the importance of clients’ local features. However, to the best of our knowledge, no other suitable baseline exists that considers both privacy and fairness simultaneously. Actually, the SHAP baseline cannot be directly applied to the VFL task, as it requires access to all the local datasets and may breach privacy. Meanwhile, the baselines involving the model-independent utility would cause fairness issue in the asynchronous VFL scenario, since they rely on the client's data but ignores the computational resources contributed by the client. To explain this, we have an example in Sec. 7.2. Imagine two clients with identical datasets. Using the model-independent utility function, both clients would be evaluated as having equal contributions. However, in an asynchronous environment, Client 1 may have superior hardware and transmission power. This advantage allows for a larger batch size and facilitates more frequent communication, resulting in a higher number of asynchronous training rounds. In such a scenario, Client 1's contribution should be greater, yet the model-independent utility function fails to recognize this, leading to an unfair assessment. [2] Scott M. Lundberg, Su-In Lee. A Unified Approach to Interpreting Model Predictions. NeurIPS 2017: 4765-4774"	"We sincerely appreciate the valuable suggestions you provided during the review process. Following your suggestions, we have devoted great effort to an expanded ablation study. We believe that these improvements have strengthened the paper substantially. In light of these efforts and the resulting improvements to the paper, we kindly hope that you could consider re-evaluating your score. We are confident that our work now better addresses your concerns, and we hope that the updates better reflect the contribution we aim to make to the field. We reply to each of the weaknesses and questions below. ## Reply to Weakness on Writing Thank you for your suggestions on writing and clarity. We will revise $d^m$ to $d^{(m)}$ to prevent potential misinterpretation and will thoroughly correct the typos. Concerning the utilization of low-rank matrix completion, we initially introduced its motivation, formulation, and application in Section 5. We will further enrich the backgrounds for its solving algorithm in the appendix, including a taxonomy of existing algorithms and more detailed explanations. In Proposition 1, $\mathcal{D}^{(m)}$ is the local data set for client $m$ defined in Section 3. Regarding the term $\gamma^{(m)}$, we deeply regret any confusion it may cause. This term is defined in Section B.2 as the bound on the $L_2$ norm of the model parameters. To be specific, it is denoted as $\gamma^{(m)} = \max_{t \in [T]}\|\theta_m^{(t)}\|$. Finally, in line with your recommendations, we will revise the notation $\cdot^m$ to $\cdot^{(m)}$ and state Proposition 3 as an Example to enhance understanding. ## Reply to Questions on Experiments **Question 1** For the dimension of each dataset, please refer to Table 2 (Metadata of all data sets) in the paper. **Question 2** Table 1 reveals that artificial clients, which submit randomly generated features, are assigned substantially lower Shapley values compared to regular clients providing real features. In this table, the Shapley value of one artificial client is compared against that of the regular clients. This setup’s purpose is to show that artificial clients are indeed evaluated as having lower contributions. **Question 3** The hyperparameter $r$ is based on approximated $\epsilon$-rank in our experiment. As for $\lambda$, we observe that the performance of VerFedSV remains relatively insensitive across a wide range of $\lambda$. To support these observations, we conduct new ablation studies as follows. We define a deviation metric for the upcoming ablation study. For client $i$, denote its percentage of VerFedSV relative to the total VerFedSV from all clients as $s_i$. These VerFedSVs are calculated using matrix completion to estimate all embeddings. Meanwhile, we compute a ground-truth scenario where full embeddings are calculated in each training round. In this scenario, the percentage of Shapley value for client i relative to the sum of all Shapley values is denoted as $ s_{i}^{gt} $ . With $M$ representing the number of clients, the deviation metric is defined as $\frac{1}{M} \sum_{m=1}^{M} \frac{|s_m - s^{gt}_m|}{s^{gt}_m} $. Please refer to this [anonymous link](https://drive.google.com/file/d/14273cwj05-QrdUab_AXa8wSnswo5QHki/view?usp=drive_link) for the results. The left part of the figure displays the deviation w.r.t the hyperparameter $r$, based on five independent runs. The median deviation of these runs is depicted by the solid line, while the shaded area represents the interquartile range (25% to 75% quantiles) of deviations. Take the Adult dataset as an example for analysis. The figure demonstrates that deviations are significant for $r<5$, since inadequate rank cannot accurately recover full embeddings. However, deviation decreases rapidly as $r$ increases and stabilizes at a low value when $r\ge 5$. Practically, obtaining full embeddings is resource-intensive due to communication costs or limited resources on the client side. Thus, approximating $\epsilon$ rank may be difficult. However, the server (with sufficient computational resources), after collecting the mini-batch embeddings, can test with several increasing values of $r$. The Shapley value will converge to the ground-truth value as revealed by our ablation study. The right part of the figure illustrates the deviation w.r.t the hyperparameter $\lambda$. It demonstrates that the performance of VerFedSV remains relatively insensitive across a wide range of $\lambda$ and we can safely set $\lambda=0.1$ for various datasets.

We sincerely appreciate your positive comments and valuable feedback on our paper. We reply to each of the weaknesses and questions below. ## Reply to Weakness 1 Thank you for your valuable feedback. Our experiments indeed encompass multi-class (e.g., on Covtype) and general function cases (e.g., 2-layer perceptron model on RCV1). We will ensure providing concrete explanations in the final version. We first recap the one-class case and then explain the multi-class case. In one-class case, we defined the embedding matrix $\mathcal{H}^m \in \mathbb{R}^{T \times N}$ where each element $(t,i)$ is defined as $\mathcal{H}_{t,i}^m = (h_i^m)^{(t)}$. In the context of the multi-class classification problem with $l > 2$ classes, the model parameter $\theta_m$ is in space $\mathbb{R}^{d^m \times l}$. Consequently, the embedding $h_i^m = \theta_m^\intercal x_i^m$ is in $\mathbb{R}^l$. Now, the embedding $\mathcal{H}^m$ is a tensor in $\mathbb{R}^{T \times N \times l}$. We reorder the tensor dimensions and lower it to a matrix $\mathcal{H}^m \in \mathbb{R}^{(l\cdot T) \times N}$. Regarding the general function case, $h_i^m = \theta_m^\intercal x_i^m$ becomes $h_i^m = g(x_i^m; \theta_m)$, where $g$ can be a neural network with weights $\theta_m$. Since our method does not depend on the specific form of $g$ and only requires $h_i^m$, it can be extended to the general function case. Admittedly, Proposition 1 on the bound of embedding matrix’s $\epsilon$-rank may not necessarily hold. However, in practice (See Section 7.1, RCV1 dataset) we still observe that embedding is approximately low-rank, so matrix completion is still an effective strategy. ## Reply to Weakness 2 Thank you for your feedback on the baselines. We would like to mention that data Shapley value [1] can be easily extended to the HFL scenario but not to the VFL scenario. This is because VFL's clients partition the dataset along feature dimensions, while the data Shapley value [1] was designed to assess the importance of individual data points. We would like to draw the reviewer's attention to our extra experiment in Section D.2, where SHAP [2] is employed as a baseline to test whether VerFedSV reflects the importance of clients’ local features. It is worth noting that the SHAP baseline cannot be directly applied to the VFL task, as it requires access to all the local datasets and may breach privacy. Nevertheless, the results presented in Table 5 of Section D.2 indicate that VerFedSV is indeed capable of capturing feature importance. [1] Amirata Ghorbani, James Y. Zou. Data Shapley: Equitable Valuation of Data for Machine Learning. ICML 2019: 2242-2251 [2] Scott M. Lundberg, Su-In Lee. A Unified Approach to Interpreting Model Predictions. NeurIPS 2017: 4765-4774 ## Reply to Question 1 In VerFedSV, it will be inefficient to sum over all subsets $S\subset[M]$. However, this is a common issue in Shapley Value and well-studied in literature. Various sampling methods [1,3] are proposed for this issue. In our experiment, as mentioned in Section C, VerFedSV is computed exactly when the number of clients $M \le 10$, and approximately using Monte-Carlo sampling when the number of clients $M > 10$. VerFedSV is efficient because it does not require model retraining. The key idea is to calculate the Shapley value for a client in each iteration of training and then aggregate these values over all iterations to determine the final contribution of the client. [3] Jiayao Zhang, Qiheng Sun, Jinfei Liu, Li Xiong, Jian Pei, Kui Ren. Efficient Sampling Approaches to Shapley Value Approximation. Proc. ACM Manag. Data 1(1): 48:1-48:24 (2023) ## Reply to Question 2 FedSV [4] and VerFedSV are applied in different scenarios -- HFL and VFL, respectively. Furthermore, it's worth noting that FedSV is specifically designed for the synchronousFL setting and relies on training rounds. In contrast, VerFedSV in Section 6 applies to the asynchronous FL setting. [4] Tianhao Wang, Johannes Rausch, Ce Zhang, Ruoxi Jia, Dawn Song. A Principled Approach to Data Valuation for Federated Learning. Federated Learning 2020: 153-167

We sincerely appreciate your positive comments and valuable feedback on our paper. Following your feedback, we have made significant efforts to conduct comparison experiments. We are confident that these efforts have greatly enhanced the quality and strength of our paper. In light of this enhancement to the paper, we kindly hope that you could consider re-evaluating your score. We are confident that our work now better addresses your concerns, and we hope that the updates better reflect the contribution we aim to make to the field. We reply to each of the weaknesses and questions below. ## Reply to Weakness 1 Thank you for your valuable feedback. We extend the experiments to compare with alternatives including request embeddings for all data points and based on update mini-batch. We first define a deviation metric for the upcoming comparison experiments. For client $i$, denote its percentage of VerFedSV relative to the total VerFedSV from all clients as $s_i$. These VerFedSVs are calculated using matrix completion to estimate all embeddings. Meanwhile, we compute a ground-truth scenario where full embeddings are calculated in each training round. In this scenario, the percentage of Shapley value for client i relative to the sum of all Shapley values is denoted as $s_i^{gt}$. With $M$ representing the number of clients, the metric Deviation(VerFedSV, Ground truth) is defined as $\frac{1}{M} \sum_{m=1}^{M} \frac{|s_m - s^{gt}_m|}{s^{gt}_m}$. Similarly, the metric Deviation(Mini-batch, Ground truth) measures the deviation of Shapley value computed with mini-batch from the ground-truth scenario. The comparison results are shown as follows. The deviation metric is shown in mean$\pm$std format, where mean and std are calculated from 5 independent runs. | | Adult | Web | Covtype | RCV1 | |-|-|-|-|-| | VerFedSV | $0.058\pm 0.039$| $0.095\pm 0.051$ | $0.309\pm 0.041$ | $0.558\pm 0.117$ | | Mini-batch | $0.047\pm 0.150$ | $0.110 \pm0.300$ | $0.319\pm 0.057$ | $0.559\pm 0.268$ | To conclude, VerFedSV stably achieves low deviation since it can accurately recover the full embeddings. In contrast, the Shapley values under the Mini-batch scenario exhibit a larger variance than VerFedSV. Preparing a separate validation set under the VFL scenario is a non-trivial research topic. In the VFL scenario, the server should not possess any knowledge about the client dataset, including even the feature dimensions. The server and clients have to collaborate prudently and complicatedly to prepare and utilize the validation set while properly addressing the privacy issue. Considering this challenge, we propose using the full training set directly. This approach offers several advantages. Firstly, it utilizes the entire training set for computing Shapley value, thereby avoiding potential errors introduced by sampling mini-batches. Additionally, it ensures that the computation process of the Shapley value does not leak private information and that the resulting Shapley value remains private to each client. For baselines, we would like to draw the reviewer's attention to SHAP [1] baseline in Section D.2. This experiment shows that VerFedSV reflects the importance of clients’ local features. However, to the best of our knowledge, no other suitable baseline exists that considers both privacy and fairness simultaneously. Actually, the SHAP baseline cannot be directly applied to the VFL task, as it requires access to all the local datasets and may breach privacy. Meanwhile, the baselines involving the model-independent utility would cause fairness issue in the asynchronous VFL scenario, since they rely on the client's data but ignores the computational resources contributed by the client. To explain this, we have an example in Sec. 7.2. Imagine two clients with identical datasets. Using the model-independent utility function, both clients would be evaluated as having equal contributions. However, in an asynchronous environment, Client 1 may have superior hardware and transmission power. This advantage allows for a larger batch size and facilitates more frequent communication, resulting in a higher number of asynchronous training rounds. In such a scenario, Client 1's contribution should be greater, yet the model-independent utility function fails to recognize this, leading to an unfair assessment. [2] Scott M. Lundberg, Su-In Lee. A Unified Approach to Interpreting Model Predictions. NeurIPS 2017: 4765-4774"			"{""disagreement"": 1.0, ""mixed_signals"": 1.0, ""response_count"": 3, ""density"": 1.8666666666666667, ""primary_label"": ""unresolved"", ""secondary_label"": ""partially_fixed""}"
4.400	csukJcpYDe__r03	ICLR.cc/2024/Conference	Generalized Policy Iteration using Tensor Approximation for Hybrid Control	structured_v6	fixed	modernbert_v6	unresolved	"[weaknesses] I found no significant weaknesses in this article. As a small remark, the use of a uniform grid in section 2.6 could be pointed out, while it might be more accurate to use, for example, a Chebyshev grid. Also there are no theoretical estimates (ranks, for example) and no discussion when we expect small TT-ranks. I.e., can we say in advance, without iterating, that the method works. However, this is a general problem of methods using a low-parameter tensor representation. The paper cited as arXiv (Sozykin et al., 2022) is now officially published: https://proceedings.neurips.cc/paper_files/paper/2022/hash/a730abbcd6cf4a371ca9545db5922442-Abstract-Conference.html maybe typo: p4 ""decomposition equation 5""

[questions] - did you use ideas from _opitma_tt_ (paper Chertkov et al. (2022)) which utilize _top-k_ scheme and thus more accurate? - what are the typical TT-ranks for double pendulum swing-up in the case of small $\Delta t$ when the model does work?

[summary] The authors use the Tensor Train (TT) model to approximate the state-value function $V$ and advantage function $A$ during policy iteration while solving optimal control problem. At each step of the policy iteration this functions is being rebuilt using well-known _TT-cross_ algorithm which adaptively queries a certain number of points to the black-box model function to be approximated. In addition, policy $\pi$ is built on these iterations using the known TTGO algorithm, which searches for the maximum of the TT-tensor based on sampling from it. The performance of the algorithm was tested on several model and real robot examples, showing its superiority on them. The distinctive feature of the algorithm is the use of hybrid actions."	"We greatly appreciate your valuable feedback and suggestions. We also appreciate your suggestions about other discretization procedures that we could employ. Here, we offer responses to specific questions that you have thoughtfully presented. > *did you use ideas from opitma_tt (paper Chertkov et al. (2022)) which utilize top-k scheme and thus more accurate?* > As mentioned in the paper, we have included the ideas from optima_tt (which is the deterministic version of TTGO). The main advantage is that the policy iteration is stable due to the deterministic nature of the policy. > *what are the typical TT-ranks for double pendulum swing-up in the case of small when the model does work?* > For the cartpole swingup and double pendulum experiments, we had to use a time step lower than 1 ms. This resulted in a TT rank of the advantage function between 50 to 100 over the policy iteration stages while the value function had a rank was about 50.

We greatly appreciate your valuable feedback and suggestions. Here, we offer responses to specific questions and concerns that you have thoughtfully presented. > *My main concern of the paper is the experiment, which is quite limited and there are many remaining questions. Particularly, there are many hyperparameters, it is expected to have ablation study of showing the performance of the method versus the hyperparameters, such as accuracy of TT representation, the max TT rank, discretization resolutions of the state-action spaces....* > > *As a reader to implement the algorithm, I wanted to see a straightforward illustration between the running time of the algorithm and dimensions of the state/action spaces of the system, or directly give an overall complexity of the algorithm for one policy iteration.* > The hyperparameters in TTPI are intuitive and we have observed them to be robust to the changes in the hyperparameters. The four main hyper-parameters are (1) the upper bound on the TT rank $r_{max}$ of the state-value function and the advantage function (2) the accuracy of tt-approximation $\epsilon$ (3) the number of samples used in TTGO in computing the policy (4) the number discretization of the state and action space. We have maintained the same choice of hyperparameters in all the experiments across different robotic tasks, so believe it is quite robust. In general, due to the properties of TT modeling, the computation involved and memory required grows linearly with respect to the number discretization and the dimensionality of the state-action space, and quadratically w.r.t the rank. In our experiments, we kept the maximum rank to a large enough value (100 but almost all the experiments never reached the maximum rank in TT-cross modeling over the policy iteration procedure). The accuracy of approximation $\epsilon=0.001$ was sufficient and decreasing epsilon will improve the performance slightly but at a higher computational cost. The number of discretizations of each variable (state or action) is something that depends on the problem at hand and it is fairly straightforward in robotics problems. For example, if it is a joint angle ranging from $(-\pi, \pi)$, a discretization of about 50 to 100 suffices as we employ interpolation for continuous variables. For (3), the higher the number of samples used, the more optimal the policy computation at the cost of linear growth in computational cost and the memory requirement. We set it in the range of 10 to 100. > *Since the majority of the paper is about the background of TT (previous work), I think the main contribution, which is TTPI algorithm, needs more explanation, including its parallel implementation, which seems a key for applicability of the algorithm. For example, why we need a TT-round operation for the value function in line 8?* > The reason for TT-round operation is that the TT representation obtained by TT-cross need not be optimal in terms of the number of parameters used and the same tensor in TT format can be represented more compactly with the TT-round operation. We will add more information about the implementation details in the paper. > *Since in the introduction the authors mentioned RL, I think it would be interesting to discuss the potential of the methods into ""model-free"" settings.* > We believe our approach can be used for RL and policy learning in general. TTPI can be extended to RL in the following two ways: (1) Model-free RL: In this setting, TT as used in TTPI could be used as the function approximator. The difference would be instead of using TT-cross to find the TT representation of the value function or advantage function, we can use gradient-based techniques to find the TT approximation to the value and advantage function (or directly the Q function which will result in Q learning). The policy computation from the advantage model (or Q model) is done as in TTPI. We believe this idea has a huge potential in policy learning in general. (2) Model-based RL: In this setting, a model of the system is learned using NN or any other function approximator. Then, we can apply the TTPI algorithm using the learned model.

We greatly appreciate your valuable feedback and suggestions and include them in the paper. Here, we offer responses to specific questions and concerns that you have thoughtfully presented. > *Although the example on the real robot is very impressive, the examples in simulation are less so. Four-dimensional state space is not that high, barely beyond what can be represented with a look-up table on modern computers. (10^8 cells will take around 400MB of FP numbers.) The authors clearly state that their algorithm is not meant to approximate value functions on very high-dimensional state spaces, such as images, but most robotics applications on 6 degree of freedom robots have 12-dimensional state space, so this is perhaps the dimensionality of highest interest.* > > *How well will the algorithm perform on a somewhat higher dimensional problem, for example, a 6 or 12 dimensions?* > Indeed the dimension of the state-space in the benchmark simulation examples for hybrid control is rather low (4D). However, the benchmark simulation problems are representative of high-dimensional action space problems and it is quite large (up to 32D). In general, in our approach what matters the most is the dimension of the state-action space. We believe the crucial aspect is that TTPI can handle high-dimensional action space which is difficult for existing ADP algorithms. In the software library provided, we have included the regulation problem of the point-mass system with obstacles. We have tested it for various dimensionality as it easily forms a testbed for high-dimensional state space. Here the state space is $2m$ where $m$ is the dimension of the action space (acceleration of the point-mass which is the same as the dimension of the environment it lives in). We have tested it for $m = 2, 3, 4, 5$ (so state space of size $4D$ to $10D$) and observed its performance matches the classical algorithms. So, we believe TTPI should be able to handle a relatively larger state space dimension of interest in robotics problems. We will include more examples of robotics problems in the future release of the software."	"We greatly appreciate your valuable feedback and suggestions and include them in the paper. Here, we offer responses to specific questions and concerns that you have thoughtfully presented. > *Although the example on the real robot is very impressive, the examples in simulation are less so. Four-dimensional state space is not that high, barely beyond what can be represented with a look-up table on modern computers. (10^8 cells will take around 400MB of FP numbers.) The authors clearly state that their algorithm is not meant to approximate value functions on very high-dimensional state spaces, such as images, but most robotics applications on 6 degree of freedom robots have 12-dimensional state space, so this is perhaps the dimensionality of highest interest.* > > *How well will the algorithm perform on a somewhat higher dimensional problem, for example, a 6 or 12 dimensions?* > Indeed the dimension of the state-space in the benchmark simulation examples for hybrid control is rather low (4D). However, the benchmark simulation problems are representative of high-dimensional action space problems and it is quite large (up to 32D). In general, in our approach what matters the most is the dimension of the state-action space. We believe the crucial aspect is that TTPI can handle high-dimensional action space which is difficult for existing ADP algorithms. In the software library provided, we have included the regulation problem of the point-mass system with obstacles. We have tested it for various dimensionality as it easily forms a testbed for high-dimensional state space. Here the state space is $2m$ where $m$ is the dimension of the action space (acceleration of the point-mass which is the same as the dimension of the environment it lives in). We have tested it for $m = 2, 3, 4, 5$ (so state space of size $4D$ to $10D$) and observed its performance matches the classical algorithms. So, we believe TTPI should be able to handle a relatively larger state space dimension of interest in robotics problems. We will include more examples of robotics problems in the future release of the software.

We greatly appreciate your valuable feedback and suggestions. We also appreciate your suggestions about other discretization procedures that we could employ. Here, we offer responses to specific questions that you have thoughtfully presented. > *did you use ideas from opitma_tt (paper Chertkov et al. (2022)) which utilize top-k scheme and thus more accurate?* > As mentioned in the paper, we have included the ideas from optima_tt (which is the deterministic version of TTGO). The main advantage is that the policy iteration is stable due to the deterministic nature of the policy. > *what are the typical TT-ranks for double pendulum swing-up in the case of small when the model does work?* > For the cartpole swingup and double pendulum experiments, we had to use a time step lower than 1 ms. This resulted in a TT rank of the advantage function between 50 to 100 over the policy iteration stages while the value function had a rank was about 50.

We greatly appreciate your valuable feedback and suggestions. Please find below our response to your question. > *Tensor operations, especially in high-dimensional spaces, can sometimes introduce numerical instability. How does the TTPI algorithm ensure numerical stability, especially in long-horizon problems?* > In our algorithm, we specify the accuracy of approximation of the value function and advantage function in TT-cross. In our experience, an accuracy of 0.001 is usually enough to avoid any instability. The numerical inaccuracy in the forward simulation is another challenge. In general, TTPI can be robust to this as it is an ADP algorithm (so it approximates the value functions almost everywhere in the state space) and our algorithm does not require long rollouts in the Bellman update (we used rollout of only one step (about 1ms) in the algorithm). Regarding hand-coding the dynamics, TTPI can work with a simulator as it only requires samples of the tuple (state, action, next-state, reward) queried by TT-cross for modeling the state-value and advantage function. The main requirement from the simulator is that we can query this tuple from an arbitrary state-action pair specified by TT-cross in batch form. However, as modern simulators such as NVIDIA Isaac Gym are primarily geared for RL, it still requires some effort in such customization. We are currently investigating this."			"{""disagreement"": 1.0, ""mixed_signals"": 0.0, ""response_count"": 3, ""density"": 2.0, ""primary_label"": ""fixed"", ""secondary_label"": ""unresolved""}"
6.200	78iGZdqxYY__r03	ICLR.cc/2024/Conference	Mirage: Model-agnostic Graph Distillation for Graph Classification	structured_v6	fixed	modernbert_v6	partially_fixed	"[weaknesses] 1. Unlike DOSCOND and KIDD, MIRAGE seems infeasible to be generalized to node classification tasks. 2. There is no theoretical analysis nor experimental proof to investigate the error when approximating the true graph representation by aggregating the root representations of only the highly frequent trees. 3. MIRAGE compresses the computation trees by mining the set of frequently co-occurring items. However, we can consider an extreme situation in which two computation trees are co-occurring in all graphs, but their frequencies in each graph are very low. So, these trees can’t approximate the true graph representation, which will destroy the synthetic dataset performance. 4. The synthetic dataset can solely be used to train GNNs based on the message-passing framework, but can’t used to train certain spectral GNNs, such as ChebyNet with multiple propagation steps.

[questions] 1. Original dataset labels are still used during the distillation procedure. So is it a strictly unsupervised algorithm from this perspective? 2. There is no clear statement about how Figure 1 is plotted. And I can't get what the x-axis and y-axis represent, respectively.

[summary] This paper presents a model-agnostic graph distillation algorithm for graph classification, which aims to distill the original graph dataset into a small and compact synthetic dataset maintaining competitive model performance. It is pointed out that existing distillation methods typically rely on model-related information and need to train on the full dataset, resulting in poor generalization and efficiency issues, respectively. To address these weaknesses, MIRAGE directly compresses the computation trees to synthesize datasets by mining sets of frequently co-occurring items. This is inspired by the observation that the distribution of the computation trees, formed by decomposing graphs based message-passing GNN frameworks, always exhibits high skewness. Therefore, it is possible to approximate the true graph representation by aggregating the root representations of only the highly frequent trees. Extensive benchmarking demonstrates the superiority of MIRAGE."	"**3. MIRAGE compresses the computation trees by mining the set of frequently co-occurring items. However, we can consider an extreme situation in which two computation trees are co-occurring in all graphs, but their frequencies in each graph are very low. So, these trees can’t approximate the true graph representation, which will destroy the synthetic dataset performance.** **Response:** The observation is correct that if the frequencies of the co-occurring pair within all graphs are consistently low (and no other frequent tree sets exist across these graphs), then the approximated graph embedding may be different from the true graph embedding. However, it is essential to clarify that the performance on the synthetic dataset is not contingent on the distance between the approximated and true graph embeddings. Instead, it hinges on whether the approximated embedding includes the necessary information for predicting the class label of the graphs. Given this context, recollect that we mine frequent tree sets per class label (Section 3.4). Therefore, if the residual tree sets across these graphs exhibit diversity, with the co-occurring pair being the sole exception, it becomes challenging for the GNN to establish correlations from the residual portion not reflected in the approximated embedding. Consequently, the embedding constructed solely from the shared computation trees across graphs may still retain valuable information. Nonetheless, we realize that there may be situations such as the one described here, or when the distribution of computation trees is not skewed, MIRAGE may not be the most suitable method. We now explicitly acknowledge this aspect in our conclusion. We present below the relevant text verbatim. > MIRAGE relies on the assumption that the distribution of computation trees is skewed. Although we provide compelling evidence of its prevalence across a diverse range of datasets, this assumption may not hold universally, especially in the case of heterophilous datasets. The development of an unsupervised, model-agnostic distillation algorithm remains an open challenge in such scenarios. **4. The synthetic dataset can solely be used to train GNNs based on the message-passing framework, but can’t used to train certain spectral GNNs, such as ChebyNet with multiple propagation steps.** **Response:** We agree and this aspect was already acknowledged in our Conclusion. We present below the exact text that attests to this limitation. We note that this limitation also exists for KIDD since it assumes the input GNN architecture can be equivalently expressed as a Graph Neural Tangent Kernel, which holds for MPNNs but not graph transformers or spectral GNNs. > Additionally, there is a need to assess how these existing algorithms perform on contemporary architectures like graph transformers (e.g., (Ying et al., 2021; Ramp ́aˇsek et al., 2022)) or equivariant GNNs (e.g., (Satorras et al., 2022)). Our future work will be dedicated to exploring these avenues of research. **5. Original dataset labels are still used during the distillation procedure. So is it a strictly unsupervised algorithm from this perspective?** **Response:** We thank the reviewer for highlighting this subtle point. We call our algorithm unsupervised from the perspective of not using the training gradients on the full dataset. To address this issue, we do not use the word ""unsupervised"" in isolation anywhere in the revised version. In all places, we mention ""unsupervised to original training gradients"". **6. There is no clear statement about how Figure 1 is plotted. And I can't get what the x-axis and y-axis represent, respectively.** **Response:** We apologize for not being clear in our description. We have now incorporated a detailed figure caption, which is reproduced verbatim below. > The figure presents the frequency distribution of computation trees across datasets. The ""frequency"" of a computation tree denotes the number of occurrences of that specific tree across all graphs in a dataset. The *normalized* frequency of a tree is computed by dividing its frequency with the total number of trees in a dataset and thus falls in the range $[0,1]$. The $x$-axis of the plot depicts the normalized frequency counts observed in a dataset, while the $y$-axis represents the percentage of computation trees corresponding to each frequency count. Both $x$ and $y$ axes are in log scale. The distribution is highly skewed characterized by a dominance of trees with low frequency counts, while a small subset of trees exhibiting higher frequencies. For example, in ogbg-molhiv, the most frequent tree alone has normalized frequency of $0.32$.

**1. Unlike DOSCOND and KIDD, MIRAGE seems infeasible to be generalized to node classification tasks.** *Response:* While the primary focus of MIRAGE is on graph classification (as noted in the title itself), MIRAGE does generalize to node classification. We now empirically demonstrate this ability in App. E. (*Note:* KIDD also does not discuss node classification. Only, DosCOND does). Generalization to node classification is simple since learning the node embeddings is a necessary step before aggregating them to form the graph embedding (Recollect Eqs. 4 and 5). Specifically, the pipeline follows in an identical manner except the omission of (Eq. 5) and the loss function being applied to node embeddings instead of graph embeddings. We use ogbg-molbace to analyze performance in node classification. Here, each node is labeled as aromatic or non-aromatic depending on whether it is part of an aromatic ring substructure. The results are tabulated in Table H. Consistent with previous results, MIRAGE outperforms DosCOND in both AUC-ROC and compression (smaller size of the distilled dataset). DosCOND produces a dataset that is $\approx 4$ times the size of that produced by MIRAGE, yet performs more than $7\%$ lower in AUC-ROC. This coupled with model-agnostic-ness further solidifies the superiority of MIRAGE **2. There is no theoretical analysis nor experimental proof to investigate the error when approximating the true graph representation by aggregating the root representations of only the highly frequent trees.** *Response:* The above question is indeed important. We have now included a new experiment to evaluate the *sufficiency* of the frequent computation tree patterns. **Sufficiency of frequent patterns:** In order to establish sufficiency of frequent tree patterns in capturing the dataset characteristic, we conduct the following experiment. We train the model on the full dataset and store its weights at each epoch. Then, we freeze the model at the weights after each epoch's training and pass both the distilled dataset consisting of just the frequent tree patterns, and the full dataset. We then compute the differences between the losses as shown in Figure I (GCN, GAT, and GIN). The rationale behind this is that the weights of the full model recognise the patterns that are important towards minimizing the loss. Now, if the same weights continue to be effective on the distilled train set, it indicates that the distilled dataset has retained the important information. In the figure, we can see that the difference quickly approaches $0$ for all the models for all the datasets, and only starts at a high value at the random initialization where the weights are not yet trained to recognize the important patterns. Furthermore, gradient descent will run more iterations on trees that it sees more often and hence infrequent trees have limited impact on the gradients. These results empirically establish the sufficiency of frequent tree patterns in capturing the majority of the dataset characteristic. **Additional information relevant to this question:** In Fig. 1, we show that the distribution of computational trees is long-tailed and hence by considering only the top-$k$ most frequent trees, majority of the input information processed by the GNN would be retained. Furthermore, in Fig. 5 (b), we show that the training loss against epochs is similar for the full dataset and distilled dataset.

**Q1. Would MIRAGE still be as effective if used on a very large dataset?** *Response:* We do not expect graph size to have any effect on the performance of MIRAGE since the underlying principles are not dependent on graph dataset size. This is already evident from Table 2. Specifically, we compute the pearson's correlation coefficient between dataset size and the generalization error (AUC in full dataset-AUC of MIRAGE). The correlation is 0.153 with $p$-value of 0.743 and thus rejecting any bias in AUC from dataset size. **Q2. Why is MIRAGE, which only uses the CPU, so much faster than DOSCOND and KIDD, which can use the GPU?** *Response:* Existing algorithms, namely DosCOND and KiDD, seek to replicate the gradient trajectory of model parameters on the full dataset. Hence, they need to train on the full dataset for distillation (and as we comment in Sec 1, this compromizes the basic premise of data distillation). In contrast, MIRAGE does not require training on the full dataset. Rather, MIRAGE emulates the input data processed by message-passing GNNs. By shifting the computation task to the pre-learning phase, MIRAGE is not only faster, but also independent of the GNN architecture. **Q3. If a datasets is large, but its global computation tree is very similar, will such a datasets affect the effect of MIRAGE?** **Response:** As we discussed in our response to Q1, the size of the dataset does not affect the performance of MIRAGE. The performance depends primarily on the frequency distribution of computation trees in a dataset. If the distribution is skewed, MIRAGE is expected to perform well since the top-$k$ most frequent computation trees would effectively capture a substantial portion of the distribution mass. On the other hand, if the distribution is not skewed, MIRAGE is not the most suitable distillation technique for such scenarios. This aspect is explicitly acknowledged in our conclusion (Sec 5). The relevant text is reproduced verbatim below. > Finally, MIRAGE relies on the assumption that the distribution of computation trees is skewed. Although we provide compelling evidence of its prevalence across a diverse range of datasets, this assumption may not hold universally, especially in the case of heterophilous datasets. The development of a model-agnostic distillation algorithm remains an open challenge in such scenarios. **Q4. How will MIRAGE perform in multi-classification tasks?** *Response:* We have added a new dataset, namely IMDB-M, to evaluate MIRAGE's performance on multi-class classification. As we see below, MIRAGE produces the best performance. These results, and the details of the IMDB-M dataset has been added to Table 2 and Table 1 respectively in the revised manuscript. Architecture|RANDOM(Mean)|RANDOM(sum)|HERDING|Kidd|DosCond|Mirage|\|Full Dataset| -|-|-|-|-|-|-|-| GCN|55.10$\pm$ 3.8|52.90 $\pm$ 2.52|61.0 $\pm$ 2.4|57.1 $\pm$ 1.11|55.9 $\pm$ 1.06|**63.20 $\pm$ 1.12**|\|64.10 $\pm$ 1.1| GIN|60.1$\pm$ 2.67|56.30 $\pm 5.5$|58.47 $\pm$ 4.12|54.18 $\pm$ 0.90|58.30 $\pm$ 1.70|**61.8 $\pm$ 1.51**|\|64.8 $\pm$ 1.10 | The size of the dataset (in bytes) is as follows: | $\frac{\text{ Method}\rightarrow}{\text{ Dataset}\downarrow}$ | Herding(GCN) | Herding(GIN) | KiDD |DosCond(GCN) | DosCond(GIN) | MIRAGE |\|Full Dataset| |-------------------------------------------------------------------------|--------------|---------|---------|---------|------------|--------------|---------- |IMDB-M|1,156|1,256|936|720|824|**228**|\|645,160| -----"	"**Q1. In the results presented in Table 2, why there is a discrepancy compared to those from the original DosCOND paper? Could the authors clarify why the authors deviated from the settings employed in the DosCOND paper?** *Response:* The results in DosCOND do not exactly align with ours due to the following reasons: * **Input data:** The graph datasets used (both in ours and DosCOND) are node and edge labeled. In DosCOND, ***only*** the node labels are used for predictive modeling, whereas we use both node and edge labels. We believe this is a better empirical design since generalization error between full and distilled dataset should be measured after incorporating the full input information. * **Metrics:** A direct comparison between the AUCROC numbers of DosCOND and ours is possible only in the three datasets of ogbg-molbace, ogbg-mohiv, and ogbg-molbbbp, since DosCOND does not use AUCROC as the evaluation metric in the other datasets. We use AUCROC across all datasets. * **Performance of DosCOND:** In all three datasets, as we show in the table below (columns 2 and 3), **DosCOND's AUCROC improves in our evaluation.** * **AUCROC on full dataset training**: We observe significantly reduced AUCROC only in ogbg-molhiv (columns 4 and 5). We conducted hyper-parameter search over a larger space than in our initial setup for ogbg-molhiv (full dataset training) to revisit this issue and identified that reducing the weight of the L2 regularizer in the loss function from 0.01 to 0.00001 improves AUCROC to $75.93$ in GCN. A similar improvement is observed in GAT and GIN as well. This update has now been incorporated in the revised draft (highlighted in blue font in Table 2). Dataset|Doscond AUCROC in DosCond (#Graphs=1)| DosCond AUCROC in ours (GCN) | Full dataset AUCROC in DosCond | Full Dataset AUCROC in ours (GCN) -|-|-|-|-| ogbg-molbace|65.7|**67.34**|71.4|**77.31** ogbg-molbbbp|58.1|**61.30**|64.6|64.43 ogbg-molhiv|72.6|**73.16**|**75.7**|64.78 $\rightarrow$ 75.93 * **Other things to note:** DosCond reports numbers only for GCN, whereas we include GCN, GAT and GIN. The budget used in our experiments is set to 1 graph per class since even with this budget, MIRAGE is smaller than DosCond (details in Table 3). **Q2. It would be beneficial if the authors could delve deeper into the sensitivity of their approach with respect to distillation parameters $\theta_1$ and $\theta_2$. Undertaking further experiments to report the performance across varied distillation parameters might offer greater insights, given that these parameters significantly influence the size of the distilled dataset.** *Response:* We appreciate this constructive feedback. We have significantly expanded the studies on parameter sensitivity. Below we summarize the experiments conducted and the key insights derived from them. **Impact of Frequency Threshold on distillation time, compression and accuracy (AUCROC):** In Section 4.5 (Fig. 6 presents the results), we measure the impact of frequency threshold on the distillation time. MIRAGE is significantly faster than training on full datasets unless the frequency thresholds are set to extreme values where the distilled dataset reaches equality with the full dataset. In Fig. L in Appendix, we present the relationship between compression and AUCROC. The compression ratio is controlled by increasing the frequency threshold, i.e., the higher the threshold, the more the compression is. As noted, there is marginal improvement in AUCROC with lower thresholds (higher distillation size). This trend can be explained from the long-tailed distribution of computation trees. Even if we incorporate more computation trees, they have negligible impact on capturing more of the distribution mass and hence limited effect on AUCROC. **Impact of number of hops (layers):** The details are furnished in Appendix F and H of the appendix. We note the main observations here. First, even under high hop counts from the GNN perspective, the distillation process is more time-efficient than complete dataset training. Moreover, the distilled dataset's performance converges closely with that of the full dataset, as evident in Table 2. Second, the distillation process exceeds the time of full dataset training solely under extreme threshold values. This divergence occurs when distilled dataset reaches equality with the full dataset in size post-distillation. In Fig. K in Appendix, we present the impact of hops on the AUC. We see mild deterioration in AUC at higher hops. This is consistent with the literature since GNNs are known to suffer from oversmoothing and oversquashing at higher layers[1]. In summary, for pragmatic threshold values, the dataset distillation procedure consistently manifests as a significantly faster option to full dataset training. [1] Hamed Shirzad, Ameya Velingker, Balaji Venkatachalam, Danica J. Sutherland, and Ali Kemal Sinop. Exphormer: Sparse transformers for graphs. In ICML, 2023

**3c. Hyperparameter Investigation: Explore the impact of different hyperparameters, such as threshold values and the number of hops, on various metrics, including accuracy, efficiency, compression ratio, and transferability.** *Response:* All of these experiments have been incorporated in the revised manuscript. **Impact of Frequency Threshold on distillation time, compression and accuracy (AUCROC):** In Section 4.5 (Figure 6 presents the results), we measure the impact of frequency threshold on the distillation time. MIRAGE is significantly faster than training on full datasets unless the frequency thresholds are set to extreme values where the distilled dataset reaches equality with the full dataset. In Fig. L in Appendix, we present the relationship between compression and AUCROC. The compression ratio is controlled by increasing the frequency threshold, i.e., the higher the threshold, the more is the compression. As noted, there is marginal improvement in AUCROC with lower thresholds (higher distillation size). This trend can be explained from the long-tailed distribution of computation trees. Even if we incorporate more computation trees, they have negligible impact on capturing more of the distribution mass and hence limited effect on AUCROC. **Impact of number of hops (layers):** The details are furnished in Appendix F and H of the appendix. We note the main observations here. First, even under high hop counts from the GNN perspective, the distillation process is more time-efficient than complete dataset training. Moreover, the distilled dataset's performance converges closely with that of the full dataset, as evident in Table 2. Second, the distillation process exceeds the time of full dataset training solely under extreme threshold values. This divergence occurs when distilled dataset reaches equality with the full dataset in size post-distillation. In Fig. K in Appendix, we present the impact of hops on the AUC. We see mild deterioration in AUC at higher hops. This is consistent with the literature since GNNs are known to suffer from oversmoothing and oversquashing at higher layers[1]. **Transferability:** Our algorithm is model-agnostic. Hence, transferability of knowledge from one model to another is not relevant for MIRAGE. In summary, for pragmatic threshold values, the dataset distillation procedure consistently manifests as a significantly faster option to full dataset training. [1] Hamed Shirzad, Ameya Velingker, Balaji Venkatachalam, Danica J. Sutherland, and Ali Kemal Sinop. Exphormer: Sparse transformers for graphs. In ICML, 2023 **3d. Trade-off Analysis: Provide insights into the trade-off between accuracy, efficiency, and compression ratio. Understanding these trade-offs can offer valuable guidance for practical applications.** *Response:* As mentioned in our response to Q3c above, the trade-off between compression ratio and AUCROC has been discussed in detail in App H (also references from Sec 4.5 in main paper). In our response to 3c., we also discuss the impact of frequency threshold on the distillation time. This is also discussed in detail in Sec 4.5.

**3. MIRAGE compresses the computation trees by mining the set of frequently co-occurring items. However, we can consider an extreme situation in which two computation trees are co-occurring in all graphs, but their frequencies in each graph are very low. So, these trees can’t approximate the true graph representation, which will destroy the synthetic dataset performance.** **Response:** The observation is correct that if the frequencies of the co-occurring pair within all graphs are consistently low (and no other frequent tree sets exist across these graphs), then the approximated graph embedding may be different from the true graph embedding. However, it is essential to clarify that the performance on the synthetic dataset is not contingent on the distance between the approximated and true graph embeddings. Instead, it hinges on whether the approximated embedding includes the necessary information for predicting the class label of the graphs. Given this context, recollect that we mine frequent tree sets per class label (Section 3.4). Therefore, if the residual tree sets across these graphs exhibit diversity, with the co-occurring pair being the sole exception, it becomes challenging for the GNN to establish correlations from the residual portion not reflected in the approximated embedding. Consequently, the embedding constructed solely from the shared computation trees across graphs may still retain valuable information. Nonetheless, we realize that there may be situations such as the one described here, or when the distribution of computation trees is not skewed, MIRAGE may not be the most suitable method. We now explicitly acknowledge this aspect in our conclusion. We present below the relevant text verbatim. > MIRAGE relies on the assumption that the distribution of computation trees is skewed. Although we provide compelling evidence of its prevalence across a diverse range of datasets, this assumption may not hold universally, especially in the case of heterophilous datasets. The development of an unsupervised, model-agnostic distillation algorithm remains an open challenge in such scenarios. **4. The synthetic dataset can solely be used to train GNNs based on the message-passing framework, but can’t used to train certain spectral GNNs, such as ChebyNet with multiple propagation steps.** **Response:** We agree and this aspect was already acknowledged in our Conclusion. We present below the exact text that attests to this limitation. We note that this limitation also exists for KIDD since it assumes the input GNN architecture can be equivalently expressed as a Graph Neural Tangent Kernel, which holds for MPNNs but not graph transformers or spectral GNNs. > Additionally, there is a need to assess how these existing algorithms perform on contemporary architectures like graph transformers (e.g., (Ying et al., 2021; Ramp ́aˇsek et al., 2022)) or equivariant GNNs (e.g., (Satorras et al., 2022)). Our future work will be dedicated to exploring these avenues of research. **5. Original dataset labels are still used during the distillation procedure. So is it a strictly unsupervised algorithm from this perspective?** **Response:** We thank the reviewer for highlighting this subtle point. We call our algorithm unsupervised from the perspective of not using the training gradients on the full dataset. To address this issue, we do not use the word ""unsupervised"" in isolation anywhere in the revised version. In all places, we mention ""unsupervised to original training gradients"". **6. There is no clear statement about how Figure 1 is plotted. And I can't get what the x-axis and y-axis represent, respectively.** **Response:** We apologize for not being clear in our description. We have now incorporated a detailed figure caption, which is reproduced verbatim below. > The figure presents the frequency distribution of computation trees across datasets. The ""frequency"" of a computation tree denotes the number of occurrences of that specific tree across all graphs in a dataset. The *normalized* frequency of a tree is computed by dividing its frequency with the total number of trees in a dataset and thus falls in the range $[0,1]$. The $x$-axis of the plot depicts the normalized frequency counts observed in a dataset, while the $y$-axis represents the percentage of computation trees corresponding to each frequency count. Both $x$ and $y$ axes are in log scale. The distribution is highly skewed characterized by a dominance of trees with low frequency counts, while a small subset of trees exhibiting higher frequencies. For example, in ogbg-molhiv, the most frequent tree alone has normalized frequency of $0.32$."			"{""disagreement"": 1.0, ""mixed_signals"": 1.0, ""response_count"": 3, ""density"": 2.0, ""primary_label"": ""fixed"", ""secondary_label"": ""partially_fixed""}"
6.200	nTwb2vBLOV__r02	ICLR.cc/2024/Conference	Rethinking the Power of Graph Canonization in Graph Representation Learning with Stability	structured_v6	partially_fixed	modernbert_v6	fixed	"[weaknesses] 1. Lack of experiments to compare the expressive power of the proposed models with high-order GNNs [1, 2] and subgraph-based GNNs [3, 4] in distinguishing non-isomorphic graphs. Since high-order GNNs also enhance the expressive power of GNNs, it would be helpful to conduct experiments to compare the expressive power of the proposed models and high-order GNNs. Are graph-canonization-enhanced GNNs more powerful than high-order GNNs and k-WL test algorithms? 2. Lack of computation cost comparison with k-WL-GNNs. High-order GNNs and subgraph-based GNNs may suffer from high computational cost when applied to large-scale graphs. The paper asserts that the proposed models are more efficient with a significantly low space and computation cost. It would be nice to provide empirical evidence to support the claim. 3. As shown in Table 7, the GC-GNN doesn't consistently enhance the performance of the GNN backbone. In some instances, the performance even diminishes. It would be beneficial to delve deeper into which graph properties might influence this fluctuation in performance when integrating the GNN backbone with GC-GNN or UGC-GNN. 4. The universal graph canonization problem is NP-hard. While the paper has provided a sufficient condition to compute the discrete coloring and discussed the applicability in several application scenarios, finding an injective function $l(v|\mathbb{G})$ might be elusive or challenging for general graph learning contexts. Furthermore, if there could be multiple choices of $l(v|\mathbb{G})$, it is unclear what the impact of applying different choices of $l(v|\mathbb{G})$ is on the performance of the proposed model. Overall, the paper is well-written and easy to follow. The theoretical findings on the trade-off between expressive power and stability in graph-canonization-enhanced GNNs are interesting and the proposed universal graph canonization to tackle the trade-off is novel. Despite the potential high computational cost induced by the graph canonization algorithms and the effectiveness of the proposed models that might not be generalized to general graph datasets, the paper has provided some insights into the expressive power of GNNs enhanced by graph canonization methods. Therefore, the reviewer is inclined to accept the paper. Reference [1] Weisfeiler and leman go neural: Higher-order graph neural networks, AAAI 2019. [2] Provably powerful graph networks, NeurIPS 2019. [3] Nested graph neural networks, NeurIPS 2021. [4] Equivariant Subgraph Aggregation Networks, ICLR 2022.

[questions] Please refer to weaknesses

[summary] This work focuses on the problems of the expressive power of graph neural networks (GNNs) where they aim to enhance the expressive power of GNNs by graph canonization. To this end, the paper first reveals the trade-off between the expressivity and stability in GNNs enhanced by graph canonization, showing that graph-canonization-enhanced GNNs maximize their expressive power at the cost of model stability. The paper further proposes a universal graph canonization to tackle this trade-off under a sufficient condition. The advantages of the proposed models against some GNN baselines are validated by their experimental results on both synthetic datasets and several benchmark datasets."	"$\textbf{Q2:}$ Lack of computation cost comparison $\textbf{Re2:}$ We agree that the comparison of computation cost can emphasize the advantage of graph-canonization-enhanced GNNs in complexity. (1) For high-order GNNs, PPGN has a space complexity of $\mathcal{O}(n^2)$ for each layer, while 1-2-3 GNNs has a space complexity of $\mathcal{O}(n^3)$ for each layer. Then, as Table 2 in the response 1 shows, 1-2-3 GNNs always meet the OOM (out-of-memory) problem on large-scale datasets (Mayo, RosMap, Cancer). On the other hand, by reducing the embedding dimension and number of layers, PPGN can avoid OOM problem on these datasets as Table 3 in our paper indicates; (2) For subgraph-based GNNs like NGNN (nested GNN), we also implement the similar strategy to restrict the radius of subgraphs to be smaller than 2, then NGNN can avoid the OOM problem, too (Table 3 in our paper). Consequently, here we compare the average computation time per epoch of UGC-GNN against NGNN and PPGN on large-scale datasets. First, we find that UGC-GNN significantly reduces the computation complexity compared to high-order GNN PPGN, and this observation can be explained by the $\mathcal{O}(n^3)$ time complexity of PPGN and the large size of graphs. On the other hand, NGNN suffers from large subgraph sizes caused by the large average node degree in these datasets, then the extra computation burden is also larger than popular graph datasets with small average node degree (like OGB and TU datasets). ## Table 3. Average computation time per epoch |Dataset| Mayo | RosMap | Cancer | | :------:| :------: | :------: | :------: | | NGNN | 48s | 42s | 334s | | PPGN | 143s | 126s | 1261s | | UNGNN-GIN | $\textbf{13s}$ | $\textbf{10s}$ | $\textbf{89s}$ | $\textbf{Q3:}$ GC-GNN doesn't consistently enhance the performance of the GNN backbone. It would be beneficial to delve deeper into which graph properties might influence this fluctuation in performance when integrating the GNN backbone with GC-GNN or UGC-GNN. $\textbf{Re3:}$ This is a very insightful question. In fact, experimental results (Table3, Table4, Table 5) indicate that UGC-GNN can consistently achieve the SOTA performance. We run multiple experiments to fine-tune hyper-parameters of GC-GNN on OGB datasets, and the following table updates results when base GNN is GIN and dataset is ogbg-molhiv. Based on these updated results, we find that though GC-GNN can still improve the performance on these two OGB datasets, it is not comparable to the SOTA model. Thus, our next research is to delve deeper into this problem to extend the idea of universal graph canonization to general graph learning problems. |Dataset| ogbg-molhiv | ogbg-molpcba | | :------:| :------: | :------: | | Base GIN |0.7744 +- 0.0098 | 0.2703 +- 0.0023 | |GC-GNN (GIN)| 0.7785 +- 0.0195 | 0.2761 +- 0.0043 | | Base GCN |0.7501 +- 0.0140 |0.2422 +- 0.0034 | |GC-GNN (GCN)| 0.7609 +- 0.0158 | 0.2510 +- 0.0047 | $\textbf{Q4:}$ Finding an injective function $l(v|\mathbb{G})$ might be challenging for general graph learning contexts. Furthermore, if there could be multiple choices of $l(v|\mathbb{G})$, it is unclear what the impact of applying different choices of is on the performance of the proposed model. $\textbf{Re4:}$ This question is very relevant to the last question (Q3). At this moment, our method of finding universal graph canonization is a general technique applicable to a wide range of real-world graph learning problems. For general graph learning contexts, our paper shows that finding the universal graph canonical labels $l(v|\mathbb{G})$ can be NP-hard. The theoretical results and experiments in our paper indicates that once a (learnable) node labelling/colouring (discrete or continuous) can be equivalent to canonical labels in breaking node asymmetry among isomorphic graphs, while maintaining the GNNs’ stability, GNNs’ capability in graph-level prediction can be significantly enhanced. Hence, we believe the next step is to design deep neural architectures to learn such node labelling/colouring, instead of directly solving the NP-hard problem. If there are multiple choices of universal graph canonization $l(v|\mathbb{G})$, we can arbitrarily choose one as they all can maximize the expressivity and maintain the stability. A very simple example is that if we randomly permute $l(v|\mathbb{G})$ for gene network datasets, the output node colouring is still a universal graph canonization. The following table demonstrates the experimental results. |Dataset| Mayo | Mayo | RosMap | RosMap | Cancer | Cancer | | :------:| :------: | :------: | :------: | :------: | :------: | :------: | |Metric | Accuracy |F1 score| Accuracy |F1 score | Accuracy |F1 score | | UGC-GNN | 0.624 +- 0.036| 0.713 +- 0.022 | 0.701 +- 0.025 | 0.689+- 0.019 |0.714 +- 0.011 | 0.701 +- 0.032 | | UGC-GNN (permute) | 0.624 +- 0.035| 0.712 +- 0.022 | 0.701 +- 0.025 | 0.689+- 0.019 |0.715 +- 0.010 | 0.701 +- 0.032 |

$\textbf{Q2:}$ Weakness 2 states that “The selection of discussed subgraph-based GNNs is quite peculiar, as it skips in my opinion some of the most popular works in this context (DropGNN and ESAN). They also say that subgraph GNNs are not more expressive than 2-WL, which in general is definitely not true.” $\textbf{Re2:}$ Based on the last paragraph in the first page of our paper, the subgraph-based GNNs are defined as methods that improve the expressivity by encoding (learnable) local structures (i.e. induced k-hop neighborhoods) of nodes. In other words, subgraph-based GNNs formulate hierarchies of local isomorphism on neighborhood subgraphs. Thus, DropGNN and ESAN suggested by the reviewer abzL do not belong to subgraph-based GNNs. In fact, they are GNNs with markings that slightly perturbs the input graphs for multiple times to execute GNNs and then aggregates the learnt final embeddings of these perturbed graphs in each run. As theorem 6.3 in [5] shows, there always exists graphs distinguishable by 2-WL (3-WL) yet not distinguishable by subgraph-based GNNs, then subgraph-based GNNs can not be superior than 2-WL. For subgraph-based GNNs, our paper have included many well-adopted powerful subgraph-based GNNs, including NGNN, GraphSNN, GNN-AK+. [5] A theoretical comparison of graph neural network extensions. $\textbf{Q3:}$ Weakness 3 states that “GNNs with unique IDs are universal, although generally we don't have a way to assign such IDs in a stable manner. In my eyes the UG-GNN in Tables 4 and 5 essentially just a direct application of this in cases where the data comes with a good ID assignment due to the nature of data distribution.” $\textbf{Re3:}$ Canonical labels generated by graph canonization can be viewed as the node’s ID or position. However, we do not agree that Tables 3, 4 and 5 are essentially a direct application to datasets of good ID assignment. In practice, dominant graph canonization tools like Nauty [6] and Bliss [7] follow the paradigm of individualization and refinement (IR) to obtain the canonical labels, thus we can obtain different canonical labels by using different backtracking search heuristics when exploring the search space. Thus, it is not clear what node ID assignment is ‘good’. Then our theoretical results help to answer this problem: Lemma 2.4 indicates that any canonical labels generated by the IR paradigm is not good in terms of model stability, while Lemma 3.3 proposes methods to find the good ID assignments (universal graph canonization in Definition 3.1) for many scenarios of great practical importance (which are listed as application scenarios in our paper). Our experimental results in Table3,4,5 align well with these theoretical findings, and Table 3 illustrates that UGC-GNN (universal graph canonization found by Lemma 3.3) significantly outperforms GC-GNN (general graph canonization follows the IR paradigm), indicating that our Lemma 3.3 helps to find 'good' ID assignments in these scenarios. One of the main contributions of our paper is to show that the model stability is also important when graph canonization techniques are used to enhance GNNs. In other words, our theory shows that a ‘good’ node ID assignment should be equivalent to canonical labels in breaking node asymmetry among isomorphic graphs, while maintaining the GNNs’ stability. [6] Brendan D McKay and Adolfo Piperno. Practical graph isomorphism, ii. Journal of symbolic computation, 60:94–112, 2014. [7]Tommi Junttila and Petteri Kaski. bliss: A tool for computing automorphism groups and canonical labelings of graphs. URL http://www. tcs. hut. fi/Software/bliss, 2012. $\textbf{Q4:}$ Reviewer abzL states that “no expressive GNNs from the past couple of years are included in the benchmarks (e.g. ESAN, CIN, etc.). Not even giving nodes random noise/random IDs is compared against, which is a very usual expressive GNN baseline”. $\textbf{Re4:}$ These comments are not true. (1) GNN-RNI (random node initialization) is already used as a baseline for comparison in Table 3 in our paper to show that the universal graph canonization helps GNN to achieve SOTA performance since it addresses the concern of GNN stability. (2) Baseline GNNs used in our paper include many well-adopted expressive GNN, including popular subgraph-based GNNs (i.e. GraphSNN (2022) ,GNN-AK+(2021), NGNN (2021)), state-of-the-art DAG GNNs like DAGNN, and dominant graph Transformers (i.e. Graphormer (2021), SAN (2021)). These baseline GNNs are widely adopted and have achieved top positions in leaderboards. The reason why we did not include GNNs with markings as baselines in our paper is that they are likely to have the out-of-memory (OOM) problem when applied to large-scale graphs like gene networks in Table 3 (Mayo, RosMap, Cancer). In order to avoid the OOM problem, DropGNN and ESAN are shallow (number layers < 3) and the embedding dimensions are small ($\leq$ 8). Details of datasets are available in the Appendix A.

We appreciate the reviewer’s constructive feedback and positive review. $\textbf{Q1:}$ Lack of experiments to compare the expressive power of the proposed models with high-order GNNs [1, 2] and subgraph-based GNNs [3, 4] in distinguishing non-isomorphic graphs. $\textbf{Re1:}$ We agree that adding more expressive GNNs as baselines can help to evaluate the significance of our method. In our paper, the suggested nested GNN is already included (i.e. NGNN), while PPGN is included in bioinformatical datasets (Table 3). Before we present the supplementary experimental results, we want to clarify that the term ‘subgraph-based GNNs’ in our paper indicates GNNs that improve the expressivity by encoding induced k-hop neighborhood of nodes. Then subgraph-based GNNs model hierarchies of local isomorphism on neighborhood subgraphs. Thus, ESAN [4] with node-deleted policy (ND) and edge-deleted policy (ED) can not be catogorized into this group. ESAN can be categorized as GNNs with markings [6] that slightly perturbs the input graphs for multiple times to execute GNNs and then aggregates the learnt final embeddings of these perturbed graphs in each run. Another well-known example of GNNs with markings is DropGNN [5], and more details of GNNs with markings are available in [6]. Thus, in the supplementary experiments, we compare our methods against 1-2-3 GNN [1], PPGN [2] (on TU datasets), ESAN (ED) [4] and DropGNN [5]. ## Table 1. Supplementary experiments on TU datasets |Dataset| DD | MUTAG | PROTEINS | PTC-MR | ENZYMES | | :------:| :------: | :------: | :------: | :------: | :------: | | 1-2-3 GNN | 76.3 | 86.1 |75.5 | 60.9 | 32.7 | | PPGN| 78.5+- 5.1 | 90.6 +- 8.7 | $\textbf{77.2}$+- $\textbf{4.7}$ | 66.3 +- 8.6| 36.8 +- 5.9 | | ESAN | 79.7 +- 3.8| $\textbf{91.0}$ +- $\textbf{4.8}$ |75.8 +- 4.5| 65.7 +- 7.1 | 37.9 +- 6.3 | | DropGNN| 78.5+- 6.0| 90.4 +- 7.0 |76.3 +- 6.1 | 62.7 +- 8.4 | $\textbf{38.3}$ +-$\textbf{7.1}$ | | GC-GNN (ours) |$\textbf{91.3}$ +- $\textbf{9.7}$|86.2 +- 9.9 | 76.7 +- 5.1 | $\textbf{66.9}$+- $\textbf{7.1}$ |37.7 +- 6.9 | ## Table 2. Supplementary experimental results on bioinformatical datasets |Dataset| Mayo | Mayo | RosMap | RosMap | Cancer | Cancer | fMRI-ABIDE | fMRI-ABIDE | | :------:| :------: | :------: | :------: | :------: | :------: | :------: | :------: | :------: | |Metric | Accuracy |F1 score| Accuracy |F1 score | Accuracy |F1 score | Accuracy |F1 score | | 1-2-3 GNN | OOM | OOM | OOM | OOM | OOM | OOM | 0.631 +- 0.041 | 0.602 +- 0.052 | | ESAN | 0.579 +- 0.035 | 0.605 +- 0.037 |0.581 +- 0.042 | 0.614 +- 0.040 | OOM | OOM |0.629 +- 0.058 | 0.596 +- 0.061 | | DropGNN | 0.533 +- 0.042 | 0.517 +- 0.039 |0.557 +- 0.045 | 0.571 +- 0.050 | OOM | OOM |0.619 +- 0.063 | 0.593 +- 0.072 | | UGC-GNN (ours) | $\textbf{0.624}$ +- $\textbf{0.036}$| $\textbf{0.713}$ +- $\textbf{0.022}$ | $\textbf{0.701}$ +- $\textbf{0.025}$ | $\textbf{0.689}$ +- $\textbf{0.019}$ | $\textbf{0.714}$ +- $\textbf{0.011}$ | $\textbf{0.701}$ +- $\textbf{0.032}$ | $\textbf{0.648}$ +- $\textbf{0.033}$ | $\textbf{0.625}$ +- $\textbf{0.060}$ | The supplementary results are very similar to expeiments in our paper (Table 2, Table3, Table4 in the paper). When the universal graph canonization does not exist nor tractable, general graph canonization (GC-GNN) helps to enhance GNNs and can achieve highly competitive results in many scenarios like TU datasets. 2) When the universal graph canonization exists and is tractable Lemma 3.3, GNN enhanced by universal graph canonization (UGC-GNN) successfully achieve the SOTA performance. We will add relevant discussion and supplementary experimental results in the revision. [1] Weisfeiler and leman go neural: Higher-order graph neural networks, AAAI 2019. [2] Provably powerful graph networks, NeurIPS 2019. [3] Nested graph neural networks, NeurIPS 2021. [4] Equivariant Subgraph Aggregation Networks, ICLR 2022. [5] Papp, P. A., Martinkus, K., Faber, L., & Wattenhofer, R. (2021). DropGNN: Random dropouts increase the expressiveness of graph neural networks. Advances in Neural Information Processing Systems, 34, 21997-22009. [6] Papp, P. A., & Wattenhofer, R. (2022, June). A theoretical comparison of graph neural network extensions. In International Conference on Machine Learning (pp. 17323-17345). PMLR."	"Again, we would like to express our deep gratitude for these valuable comments, and they are helpful to improve our paper. $\textbf{Q1:}$ Discussion regarding to subgraph-based GNNs. $\textbf{Re1:}$ We agree that ESAN with EGO and EGO+ policy can be considered as a subgraph-based GNN. However, when the node-deleted subgraphs (ND) and the edge-deleted subgraphs (ED) polices are used, a graph is mapped to the set of subgraphs obtained by removing a single node or edge, then it can be understood through the marking prism. Thus, it is really a good suggestion to clarify this point to avoid ambiguity. $\textbf{Q2:}$ Response to 'In the sense that it does not extend much beyond the current knowledge present in the field (good IDs are good).' $\textbf{Re2:}$. In the revision, we summarize that current dominant expressive GNNs as: high-order GNNs, subgraph-based GNNs, GNNs with marking, and feature augmentation GNNs. Overall, these expressive GNNs are powerful, yet still far from efficiently distinguishing any pair of nonisomorphic graphs. For instance, high-order GNNs and GNNs with markings are not scalable to large-scale graphs due to the space and time complexity; subgraph-based GNNs have an upper bounded expressicity as there always exists graphs distinguishable by 2-WL (3-WL) yet not distinguished by subgraph-based GNNs; Powerful feature augmentation GNNs like SignNet is also dependent on eigendecomposition, thus not suitable for large-scale graphs. Consequently, we propose to use graph canonization to enhance GNNs, as GNNs with graph canonization techniques (i.e. GC-GNN and UGC-GNN) can maximize the expressivity while do not increase the space/time complexity compare to a standard MP-GNN (message passing GNN). Though we know that 'good IDs are good', it is unclear what IDs are good in the field of graph canonization, and any IDs generated by graph canonization tools can help to maximize the expressivity of GNNs. Thus, our paper propose to study what IDs are good in the field of graph canonization from the perspective of GNN's stability. $\textbf{Q3:}$ PDF seems to not have been updated with the additional results. $\textbf{Re3:}$. We just update the PDF (rebuttal revision) and it should be visible now. We were waiting for the third reviewers' comments thus we did not update it. Based the feedback, ACs will take a closer look at the paper if the third reviewer is missed. Thus, we prepare the revision based on available comments from current two reviewers. $\textbf{Q4:}$ Discussion of ZINC dataset. $\textbf{Re4:}$. We agree that ZINC dataset is a good expressive benchmark dataset. As we pointed out in the Appendix B, a major limitation of graph canonization is that it cannot manipulate the heterogeneity of edges. In ZINC datasets, graphs contain edges of different types, and typical (expressive) GNNs usually uses an edge encoder (nn.Embedding(4, emb_dim)) for the edge embedding to encode the heterogeneity. Thus, these graphs are essentially not ideal to test graph-canonization-based method. However, we tried to integrated our method of using node IDs from graph canonization as augmented features in subgraph-based GNNs (NGNN). That is, for each subgraph extracted in NGNN, we run GNNs with graph canonization to obtain the subgraph embedding. In this case, our method can achieve a test MAE of $0.093 \pm 0.005$, which is a competitive result.

$\textbf{Q5:}$ Reviewer abzL states that “Actually it is interesting that in Table 1 the GC-GNN does not achieve 100% test accuracy in any of the cases, usually expressive GNNs manage to hit 100% or at least 99%.” and asks why GC-GNN is not tested on OGB datasets. $\textbf{Re5:}$ The performance of GC-GNN in Table 1 aligns well with our theoretical findings. As we can see, there always exists a significant gap between the training performance and testing performance of GC-GNN on synthetic datasets. This performance can be explained by Lemma 2.4: the canonical node labeling/colourings used in GC-GNN are generated by graph canonization tools that follow the individualization-refinement paradigm (like Nauty), then GC-GNN is not stable and the generalization ability can not be guaranteed. Consequently, we test GC-GNN on some real-world datasets: TU datasets and OGB datasets. On TU datasets (Table 2 in the paper and Table 1 in the response 1), GC-GNN can achieve highly competitive (even the SOTA) results against other expressive GNNs. However, on OGB datasets, GC-GNN can still improve the performance yet it is not comparable to the SOTA results. These results explain why we formulate the universal graph canonization and design methods to find it (Table 3, 4, 5 in the paper). Now, our method of utilizing universal graph canonization is a general technique applicable to a wide range of real-world problems, and our next research is to extend this method to all graph learning problem. In the paper, experiments on OGB datasets are in Table 7 (see Appendix B), and we describe the experimental results in the start of section 4.4. Here we summarize the results, and compare it with ESAN. When GIN is used as a base model in ogbg-molhiv, we fine-tune hyper-parameters of GC-GNN (GIN) to get better results than Table 7. Similar to ESAN, GC-GNN can improve the base GNN model, yet can not achieve the state-of-the-art performance. ## Table. Experimental results on OGB (Table 7 in our paper) |Dataset| ogbg-molhiv | ogbg-molpcba | | :------:| :------: | :------: | | Base GIN |0.7744 +- 0.0098 | 0.2703 +- 0.0023 | | ESAN (GIN + ED)| 0.7803 +- 0.0170 | 0.2782 +- 0.0036 | |GC-GNN (GIN)| 0.7785 +- 0.0195 | 0.2761 +- 0.0043 | | Base GCN |0.7501 +- 0.0140 |0.2422 +- 0.0034 | | ESAN (GCN +ED)| 0.7559 +- 0.0120 | 0.2521 +- 0.0040 | |GC-GNN (GCN)| 0.7609 +- 0.0158 | 0.2510 +- 0.0047 |

We appreciate the reviewer’s effort in reviewing our paper. The reviewer’s suggestion to compare the proposed method with more expressive GNNs can help to better evaluate the significance and contribution of our work. However, there are some misunderstandings of the methods and experiments in our paper. $\textbf{Q1:}$ Comparison of our method against suggested expressive GNN baselines: SignNet [1], GNN-RNI[2] (which exists in our paper), ESAN [3] and DropGNN [4]. This is a question summarized from weakness 1, weakness 2 and other concerns of reviewer abzL. $\textbf{Re1:}$ Reviewer abzL listed several expressive GNNs for comparison, and they can be categorized into two types: 1) feature augmentation GNNs that adds pre-computed/learnable features to improve the expressivity, such as SignNet [1] and GNN-RNI [2]; 2) GNNs with markings that slightly perturbs the input graphs for multiple times to execute GNNs and then aggregates the final embeddings of these perturbed graphs in each run, including ESAN [3] and DropGNN [4]. These suggested GNNs are very good baselines, thus we provide the supplementary experiments to compare our (universal) graph canonization enhanced GNN ( GC-GNN/UGC-GNN) against these expressive GNNs.. The additional experiments are also added in the revision. ## Table 1. Supplementary experiments on TU datasets |Dataset| DD | MUTAG | PROTEINS | PTC-MR | ENZYMES | | :------:| :------: | :------: | :------: | :------: | :------: | | SignNet|78.2 +- 4.1 | 88.3 +- 9.2 |75.6 +- 4.1 | 64.3 +- 7.1 | 37.5 +- 6.4 | | GNN-RNI| 75.8+- 3.0 | 90.4 +- 7.4 | 73.5 +- 4.5 | 58.2 +- 6.3| 30.7 +- 5.6 | |ESAN| 79.7 +- 3.8| $\textbf{91.0}$ +- $\textbf{4.8}$ |75.8 +- 4.5| 65.7 +- 7.1 | 37.9 +- 6.3 | | DropGNN| 78.5+- 6.0| 90.4 +- 7.0 |76.3 +- 6.1 | 62.7 +- 8.4 | $\textbf{38.3}$ +- $\textbf{7.1}$ | | GC-GNN (ours) |$\textbf{91.3}$ +- $\textbf{9.7}$|86.2 +- 9.9 | $\textbf{76.7}$ +- $\textbf{5.1}$ | $\textbf{66.9}$+- $\textbf{7.1}$ |37.7 +- 6.9 | ## Table 2. Supplementary experimental results on bioinformatical datasets |Dataset| Mayo | Mayo | RosMap | RosMap | Cancer | Cancer | fMRI-ABIDE | fMRI-ABIDE | | :------:| :------: | :------: | :------: | :------: | :------: | :------: | :------: | :------: | |Metric | Accuracy |F1 score| Accuracy |F1 score | Accuracy |F1 score | Accuracy |F1 score | | SignNet | 0.527 +- 0.035 | 0.514 +- 0.029 |0.544 +- 0.030 | 0.609 +- 0.037 | 0.572 +- 0.044 | 0.553 +- 0.048 | 0.628 +- 0.041 | 0.597 +- 0.052 | | GNN-RNI | 0.513 +- 0.027 | 0.501 +- 0.031 | 0.496 +- 0.041 | 0.512 +- 0.037 | 0.521 +- 0.041 | 0.502 +- 0.069 |0.624 +- 0.021 | 0.598 +- 0.050 | | ESAN | 0.579 +- 0.035 | 0.605 +- 0.037 |0.581 +- 0.042 | 0.614 +- 0.040 | OOM | OOM |0.629 +- 0.058 | 0.596 +- 0.061 | | DropGNN | 0.533 +- 0.042 | 0.517 +- 0.039 |0.557 +- 0.045 | 0.571 +- 0.050 | OOM | OOM |0.619 +- 0.063 | 0.593 +- 0.072 | | UGC-GNN (ours) | $\textbf{0.624}$ +- $\textbf{0.036}$| $\textbf{0.713}$ +- $\textbf{0.022}$ | $\textbf{0.701}$ +- $\textbf{0.025}$ | $\textbf{0.689}$+- $\textbf{0.019}$ | $\textbf{0.714}$ +- $\textbf{0.011}$ | $\textbf{0.701}$ +- $\textbf{0.032}$ | $\textbf{0.648}$ +- $\textbf{0.033}$ | $\textbf{0.625}$ +- $\textbf{0.060}$ | In the experiment, ESAN implements the stochastic sampling on large-size graphs (i.e. bioinformatical datasets) and uses the ED policy for a strictly higher expressivity than 3-WL in distinguishing SR graphs. DropGNN sets the number of runs to be $k = ceil(\frac{m}{100})$ and dropout probability to be $\frac{1}{k}$, where $m$ is the average graph size. When the model exceeds the GPU memory, we have an out-of-memory OOM problem. Table 1 and Table 2 in the response present the supplementary experimental results. The supplementary results are very similar to what is presented in our paper (Table 2, Table3, Table4 in the paper). That is, 1) when the universal graph canonization does not exist nor tractable, general graph canonization (GC-GNN) helps to enhance GNNs and can achieve highly competitive results in many scenarios like TU datasets. 2) When the universal graph canonization exists and is tractable by Definition 3.1 and Lemma 3.3 in our paper, GNN enhanced by universal graph canonization (UGC-GNN) successfully achieve the SOTA performance, as UGC-GNN maximizes the expressivity while maintaining the stability. [1] Sign and basis invariant networks for spectral graph representation learning [2] The surprising power of graph neural networks with random node initialization [3] Equivariant subgraph aggregation networks. [4] DropGNN: Random dropouts increase the expressiveness of graph neural networks"			"{""disagreement"": 1.0, ""mixed_signals"": 1.0, ""response_count"": 3, ""density"": 2.0, ""primary_label"": ""partially_fixed"", ""secondary_label"": ""fixed""}"
4.400	JiTVtCUOpS__r03	ICLR.cc/2024/Conference	Rethinking Channel Dependence for Multivariate Time Series Forecasting: Learning from Leading Indicators	structured_v6	fixed	modernbert_v6	unresolved	"[weaknesses] 1. The proposed correlation based leading indicators discovery method may over-simplify the dynamics in the time series data. If the time-delayed relation among those variates is highly complex which cannot easily be captured by cross-correlation coefficient, the estimation of the leading indicators may not be accurate. Some discussion on this case is expected. 2. As introduced in locally stationary lead-lag relationship, such relationship should be static only in a short period of time, which may indicate that it may not work well in long-term forecasting. However, the author also claims good performance for that case. Some elaboration on this will be very helpful. 3. As a plug-and-play module that works on top of the baseline predictions, some fair comparison about the computation cost such as the total computation load should be considered. Otherwise, it is not surprised to see that after injecting some inductive bias, the performance is better than baselines.

[questions] See Weaknesses.

[summary] This paper presented LIFT, a post-hoc plugin that enhance performance for time series forecasting tasks. LIFT works on top of black-box backbone forecasting models. It first estimates leading indicators and then shift those indicators to sync with target variate. Finally, filter based Adaptive frequency mixer was used to extract valuable information from leading indicators. Extensive experiments on six real-world datasets demonstrate the effectiveness of LIFT."	"Thanks for your time and valuable comments! We are happy to see that you found our design intuitive and smart. We have provided more explanations and experiments to address your concern. **Q1: The proposed estimation of leading indicators cannot easily capture highly complex relations among variates and may not be accurate.** **A1:** Our procedure is to quickly filter out most noisy variates, coarsely obtain advance information from potential leading indicators, and then finely model relationships within a narrowed scope that benefits the forecasting. The motivation is that many MTS contain numerous variates (e.g., the Traffic dataset has 862 variates), while the complexity of estimating all cross-variate relationships at one time step is $\mathcal O(C^2)$ ($C$ is the number of variates). This requires making the estimation *as efficient as possible*, since we need to restart estimations at each prediction time. It is not necessary for our lead estimation to be perfect, because our proposed Adaptive Frequency Mixer, a non-linear neural network, shoulders the responsibility for filtering out noisy information from the selected indicators. Existing MTS forecasting methods pay little attention to the dynamics of leading steps, making their test performance susceptible to variations of channel dependence. Going a step further, one of our contributions is that we propose target-oriented shifts to keep variates aligned dynamically, allowing test-time adaptation. --- **Q2: The locally stationary lead-lag relationship should be static only in a short period, and may not work well in long-term forecasting.** **A2:** Nice comment! We provide additional data analyses on long-term forecasting benchmarks, demonstrating that the discovered lead-lag relationships generally last over the large horizon window with $H$ steps, where $H$ is set to $720$. Empirically, at each time $t$, we lookback the previous $336$ steps to select the $4$ most possible leading indicators for each target variate $j$. And for each leading indicator $i$, we obtain its leading step $\delta^{(j)} _{i,t}$. Then, we compute the future cross-correlation coefficient $R^{(j)} _{i,t+H}$ between *the ground-truth horizon window* $\mathcal X^{(j)} _{t+1:t+H}$ and the shifted sequence $\mathcal X^{(i)} _{t+1-\delta^{(j)} _{i,t}:t+H-\delta^{(j)} _{i,t}}$. With the horizon window sliding along the dataset, we repeat discovering relationships on the corresponding lookback window and computing $R^{(j)} _{i,t+H}$ for each $j$ and $i$ at different time $t$. We report the average of $R^{(j)} _{i,t+H}$ on each dataset as listed below. |Weather|Electricity|Traffic|Solar|Wind|PeMSD8| |--|--|--|--|--|--| |0.82|0.82|0.79|0.87|0.79|0.54| As shown in the table, the large values indicate the lead-lag relationships generally hold over the large horizon window in long-term forecasting tasks. There are two rationales behind the empirical results and the good performance of LIFT. (1) As most time series are not extremely non-stationary, there are relationships that last over a certain period in favor of channel dependence modeling. (2) Existing long-term forecasting methods lack prior knowledge of channel dependence and try to learn arbitrarily complex dependence, increasing difficulty in optimization and risking overfitting issues. By contrast, our method dynamically learns from the discovered lead-lag relationships, which are much simpler and remain effective during test time. --- **Q3: Fair comparison of the computation cost.** **A3:** Following LSTF-Linear [1], we compare the backbones and LIFT per sample by the number of parameters, the number of multiply-accumulate operations (MACs, $\approx\frac{1}{2}$FLOPs), the GPU memory consumption, and the inference time in the following table. |||PatchTST|PatchTST+LIFT|relative additional cost|Crossformer|Crossformer+LIFT|relative additional cost| |--|--|--|--|--|--|--|--| |**Weather**|**Parameter** (M)|4.3|4.7|9.3%|11.7|12.5|7.1%| ||**MACs** (G)|0.5|0.5|1.8%|4.4|4.4|0.2%| ||**Memory** (MB)|43|46|7.7%|206|209|1.6%| ||**Time** (ms)|4.7|6.0|29.6%|37.7|40.6|7.6%| |**Electricity**|**Parameter** (M)|4.3|4.7|9.3%|2.4|2.8|16.7%| ||**MACs** (G)|7.1|7.2|1.8%|8.6|8.7|1.4%| ||**Memory** (MB)|406|411|1.2%|873|878|0.6%| ||**Time** (ms)|5.1|6.0|17.4%|31.5|33.1|5.1%| |**Traffic**|**Parameter** (M)|4.3|4.7|9.3%|3.2|3.6|12.4%| ||**MACs** (G)|19.0|19.4|1.8%|10.6|10.9|3.2%| ||**Memory** (MB)|1061|1092|2.9%|1558|1578|1.3%| ||**Time** (ms)|5.1|5.8|14.5%|32.7|36.4|11.3%| Our empirical study shows that LIFT additionally requires an average of 10.7% parameters, 1.7% MACs, 2.5% memory, and 14.2% inference time more than its backbone. It is noteworthy that our Lead Estimator is non-parametric and can precompute estimation only once on the training data, reducing practical training time. --- [1] Zeng & Chen et. al. Are Transformers Effective for Time Series Forecasting? AAAI 2023.

Thanks for your time and effort in reviewing our paper! We have provided more explanations below to better clarify our work. **Q1: The experiment shows better performance and improvement for CI methods compared with CD methods. Could you provide possible reasons?** **A1:** Let ""$>$"" mean ""outperforms"". The following is the rationale for the experimental results. $\text{Why CI backbones} > \text{CD backbones}?$ Crossformer focuses on variables that share similarities at the same time but ignores leading indicators that look different at the same time (as illustrated in Figure 1) due to a large leading step. MTGNN learns a fixed set of indicators and overlooks the varying leading steps. Thus MTGNN can easily overfit training data, of which the lead-lag relationships are different from test data (see Figure 7-8). Other CD backbones (*e.g.*, Autoformer and FEDformer) simply mix up all variables and suffer from noise. $\text{Why CI+LIFT}>\text{CI} > \text{CD+LIFT}?$ This happens when $CI \gg CD$ and the performance gap is too large for LIFT to fill. The reason is that LIFT is affected by the error from the backbone. As defined in Eq. (5), the shifted window of leading indicators is padded by a part of the backbone's forecasts when the leading step is smaller than the forecast horizon. $\text{Why LIFT achieves higher relative improvement on CI than CD}?$ As both CD backbones and the LIFT module exploit dependence between variables, their leveraged dependence information can overlap. By contrast, CI backbones treat each variate independently and hence benefit more from the channel dependence exploited by LIFT. ---- **Q2: Provide a formal definition of locally stationary lead-lag relation. Is a lead-lag relationship inferred whenever we observe relatively larger cross-correlation?** **A2:** Formally, there is a locally stationary lead-lag relationship between variate $i$ and $j$ at time $t$ if \\begin{aligned} \exists \delta >0,\\ &D(\mathcal X^{(j)} _{t+1:t+H}, \mathcal X^{(i)} _{t+1-\delta:t+H-\delta})\approx D(\mathcal X^{(j)} _{t-L+1:t}, \mathcal X^{(i)} _{t-L+1-\delta:t-\delta})\approx 0 \\\\ \wedge\exists t'> t,\\ &D(\mathcal X^{(j)} _{t'+1:t'+H}, \mathcal X^{(i)} _{t'+1-\delta:t'+H-\delta}) \not\approx 0, \\end{aligned} where $D(\mathcal W,\mathcal W')$ is the distance between two windows $\mathcal W$ and $\mathcal W'$, and $D(\cdot,\cdot)$ can be estimated by a neural network or a non-parametric metric (*e.g.*, $1-\text{cross-correlation coefficient}$). Furthermore, if there exists $i\neq j$ such that $D(\mathcal X^{(j)} _{t+1:t+H}, \mathcal X^{(i)} _{t+1:t+H})\approx 0$, we dismiss variate $i$ as it is not a leading indicator and offers no advance information. Since most time series are not extremely non-stationary, we assume the lead-lag relationship keeps stationary across the lookback and horizon windows, *i.e.*, $\mathcal X^{(j)} _{t-L+1:t}$ and $\mathcal X^{(j)} _{t+1:t+H}$ has the same leading indicator $i$ with the leading step close to $\delta$. A lead-lag relationship is not inferred by the correlation-based estimation alone. The motivation of using cross-correlation is to estimate all variates *as fast as possible* and filter out most noisy variates. A large correlation between two lookback windows just suggests that the indicator can serve as a potential reference for the horizon window. We rely on the Lead-aware Refiner which is the key component to exploit the advance information from potential leading indicators. The Lead-aware Refiner is trained to learn how much we can trust the suggestion and how we leverage the potential leading indicators. ---- **Q3: Is the algorithm's applicability confined to variables that share a linear relationship?** **A3:** We do not constrain the relationship to be linear. We just use cross-correlations to roughly yet quickly select a subset of variates. Then, our Adaptive Frequency Mixer, a non-linear neural network, is capable of modeling complex relationships within the small subset, instead of costly modeling relationships among all variates. Besides, the correlation-based estimation also allows some non-linear relationships between two windows $\mathcal W$ and $\mathcal W'$, *e.g.*, $\mathcal W=(\mathcal W')^3$, as long as the variates share similar trends. In case the subset overlooks arbitrarily complex relationships, *e.g.*, $\mathcal W=(\mathcal W')^2$, an alternative implementation of the distance function $D(\cdot, \cdot)$ is using another neural network (*e.g.*, $D(\mathcal W, \mathcal W')=f _{1}(\mathcal W)^\top f _2(\mathcal W')$, where $f _{1}$ and $f _{2}$ are two different MLPs and trained by gradient descent).

Thanks for your time and interesting questions. We have provided more explanations below to better clarify our work and address your concern. **Q1: What if two or more time series jointly influence another time series? Misspecifying such actions interaction could be why CD methods underperform CI.** **A1:** To handle the complex cases, we design the Lead-aware Refiner to jointly model all the selected leading indicators for a target variate. Specifically, in Eq. (9), we utilize $\boldsymbol{R} _t^{(j)} \in \mathbb{R}^K$, the $K$-dimensional correlation vector of the $K$ leading indicators, to generate filters that reweight the indicators' influence. In this way, we learn from each leading indicator according to the overall situation of the $K$ selected indicators. Existing CD backbones also jointly model the complex interactions among all variates. The main reason of their inferior performance is the overfitting issue, which is caused by their unawareness of the dynamic variation in leading indicators and leading steps. Particularly, LIFT alleviates overfitting by decomposing CD modeling into two steps: 1) An efficient Lead Estimator roughly ranks potential leading indicators by cross-correlations, and then the indicators are shifted by leading steps; 2) A learnable Lead-aware Refiner jointly models the complex interactions between the selected subset of leading indicators and the target variate. ---- **Q2: When the influence structure is $X^{(1)} \rightarrow X^{(2)} \rightarrow \cdots \rightarrow X^{(C)}$, LIFT will not pick $X^{(C-1)}$ if it has the lowest cross-correlation.** **A2:** The chain structure $X^{(1)} \rightarrow X^{(2)} \rightarrow \cdots \rightarrow X^{(C)}$ indicates that the leading steps of the $C-1$ indicators *w.r.t.* $X^{(C)}$ are in a descending order, *i.e.*, $\delta _1^{(1)}>\cdots>\delta _{C-2}^{(C)}>\delta _{C-1}^{(C)}$. On the one hand, a leading indicator with a larger leading step offers more advance information. On the other hand, a higher cross-correlation coefficient indicates a more possible lead-lag relationship. Thus, it is better to pick $\{X^{(i)}\} _{i=1}^{C-2}$ which are more helpful and more reliable than $X^{(C-1)}$. ---- **Q3: Is it possible to discover causal relationships (e.g., Granger causality) among time series via modifications of LIFT?** **A3:** A possible way to compute a time-dependent causal graph via the modifications of LIST is the following. Initially, we build a graph based on the lead estimation results at time $t$, where each node (a variate $j$) is connected to $K$ nodes (its potential indicators $\mathcal I _t^{(j)}$), *i.e.*, $\{X _{t-\delta _{i, t}^{(j)}}^{(i)} \rightarrow X _t^{(j)} \mid 1 \leq j \leq C, i \in \mathcal I _t^{(j)}\}$. Then, we prune the graph as follows. 1. Replacing the sum pooling in Eq. (11) by mean pooling, we rewrite our frequency mixing as $$ \widetilde{V}^{(j)} = g\left({V}^{(j)}\parallel \frac{1}{|\mathcal K^{(j)}|}\sum _{k\in \mathcal K^{(j)}} {\widetilde U}^{(j)} _k \parallel \frac{1}{|\mathcal K^{(j)}|}\sum _{k\in \mathcal K^{(j)}} {\widetilde \Delta}^{(j)} _k \right), $$ where $\mathcal K^{(j)}=\{1,2,\cdots,K\}$ denotes the indices of $\mathcal I _t^{(j)}$. 2. We train LIFT on the training data and calculate the forecast loss on the validation data. 3. For each target node $j$ in $[1, C]$, we repeat removing the most useless indicator by the following iteration algorithm until the loss of forecasting $j$ cannot be decreased. - For each $k$ in $\mathcal K^{(j)}$, we specially dismiss the $k$-th indicator, re-conduct frequency mixing, and calculate a new forecast loss by using the remaining $|\mathcal K^{(j)}|-1$ indicators. A lower loss indicates that the $k$-th selected one is just a noise. - Then, we update $\mathcal K^{(j)}$ as $\mathcal K^{(j)}-\{k^{\prime}\}$ if dismissing the $k^{\prime}$-th indicator leads to the lowest forecast loss. ---- **Q4: Why there is subscript $U$ and $\Delta$ in equation (9)?** **A4:** To simplify notations in the following discussion, we leave out the superscript $(j)$ and the subscript $k$. Let $U$ denote the information of one leading indicator, $V$ denote the prediction of the target variate, and $\Delta=U-V$. Eq. (9) generates different filters $r _U$ and $r _{\Delta}$ for $U$ and $\Delta$, respectively. The reason is that we consider two kinds of relationships: - $V$ is directly influenced by $U$, and the ground-truth $V$ contains a degree of $U$, *e.g.*, $V _{true} \approx V + r _U\odot U$; - $V$ is similar to $U$ when they are both influenced by a latent factor, and the ground-truth $V$ is the interpolation between $V$ and $U$, *e.g.*, $V _{true} \approx (1- r _{\Delta})\odot V + r _{\Delta}\odot U=V+ r _{\Delta}\odot\Delta$. Note that both situations may exist in practice. We thus use different layers to generate $r _U$ and $r _{\Delta}$. Our ablation study in Figure 5b demonstrates the effectiveness of modeling both kinds of influence."	"Thanks for your time and valuable comments! We are happy to see that you found our design intuitive and smart. We have provided more explanations and experiments to address your concern. **Q1: The proposed estimation of leading indicators cannot easily capture highly complex relations among variates and may not be accurate.** **A1:** Our procedure is to quickly filter out most noisy variates, coarsely obtain advance information from potential leading indicators, and then finely model relationships within a narrowed scope that benefits the forecasting. The motivation is that many MTS contain numerous variates (e.g., the Traffic dataset has 862 variates), while the complexity of estimating all cross-variate relationships at one time step is $\mathcal O(C^2)$ ($C$ is the number of variates). This requires making the estimation *as efficient as possible*, since we need to restart estimations at each prediction time. It is not necessary for our lead estimation to be perfect, because our proposed Adaptive Frequency Mixer, a non-linear neural network, shoulders the responsibility for filtering out noisy information from the selected indicators. Existing MTS forecasting methods pay little attention to the dynamics of leading steps, making their test performance susceptible to variations of channel dependence. Going a step further, one of our contributions is that we propose target-oriented shifts to keep variates aligned dynamically, allowing test-time adaptation. --- **Q2: The locally stationary lead-lag relationship should be static only in a short period, and may not work well in long-term forecasting.** **A2:** Nice comment! We provide additional data analyses on long-term forecasting benchmarks, demonstrating that the discovered lead-lag relationships generally last over the large horizon window with $H$ steps, where $H$ is set to $720$. Empirically, at each time $t$, we lookback the previous $336$ steps to select the $4$ most possible leading indicators for each target variate $j$. And for each leading indicator $i$, we obtain its leading step $\delta^{(j)} _{i,t}$. Then, we compute the future cross-correlation coefficient $R^{(j)} _{i,t+H}$ between *the ground-truth horizon window* $\mathcal X^{(j)} _{t+1:t+H}$ and the shifted sequence $\mathcal X^{(i)} _{t+1-\delta^{(j)} _{i,t}:t+H-\delta^{(j)} _{i,t}}$. With the horizon window sliding along the dataset, we repeat discovering relationships on the corresponding lookback window and computing $R^{(j)} _{i,t+H}$ for each $j$ and $i$ at different time $t$. We report the average of $R^{(j)} _{i,t+H}$ on each dataset as listed below. |Weather|Electricity|Traffic|Solar|Wind|PeMSD8| |--|--|--|--|--|--| |0.82|0.82|0.79|0.87|0.79|0.54| As shown in the table, the large values indicate the lead-lag relationships generally hold over the large horizon window in long-term forecasting tasks. There are two rationales behind the empirical results and the good performance of LIFT. (1) As most time series are not extremely non-stationary, there are relationships that last over a certain period in favor of channel dependence modeling. (2) Existing long-term forecasting methods lack prior knowledge of channel dependence and try to learn arbitrarily complex dependence, increasing difficulty in optimization and risking overfitting issues. By contrast, our method dynamically learns from the discovered lead-lag relationships, which are much simpler and remain effective during test time. --- **Q3: Fair comparison of the computation cost.** **A3:** Following LSTF-Linear [1], we compare the backbones and LIFT per sample by the number of parameters, the number of multiply-accumulate operations (MACs, $\approx\frac{1}{2}$FLOPs), the GPU memory consumption, and the inference time in the following table. |||PatchTST|PatchTST+LIFT|relative additional cost|Crossformer|Crossformer+LIFT|relative additional cost| |--|--|--|--|--|--|--|--| |**Weather**|**Parameter** (M)|4.3|4.7|9.3%|11.7|12.5|7.1%| ||**MACs** (G)|0.5|0.5|1.8%|4.4|4.4|0.2%| ||**Memory** (MB)|43|46|7.7%|206|209|1.6%| ||**Time** (ms)|4.7|6.0|29.6%|37.7|40.6|7.6%| |**Electricity**|**Parameter** (M)|4.3|4.7|9.3%|2.4|2.8|16.7%| ||**MACs** (G)|7.1|7.2|1.8%|8.6|8.7|1.4%| ||**Memory** (MB)|406|411|1.2%|873|878|0.6%| ||**Time** (ms)|5.1|6.0|17.4%|31.5|33.1|5.1%| |**Traffic**|**Parameter** (M)|4.3|4.7|9.3%|3.2|3.6|12.4%| ||**MACs** (G)|19.0|19.4|1.8%|10.6|10.9|3.2%| ||**Memory** (MB)|1061|1092|2.9%|1558|1578|1.3%| ||**Time** (ms)|5.1|5.8|14.5%|32.7|36.4|11.3%| Our empirical study shows that LIFT additionally requires an average of 10.7% parameters, 1.7% MACs, 2.5% memory, and 14.2% inference time more than its backbone. It is noteworthy that our Lead Estimator is non-parametric and can precompute estimation only once on the training data, reducing practical training time. --- [1] Zeng & Chen et. al. Are Transformers Effective for Time Series Forecasting? AAAI 2023.

Thanks for your time and interesting questions. We have provided more explanations below to better clarify our work and address your concern. **Q1: What if two or more time series jointly influence another time series? Misspecifying such actions interaction could be why CD methods underperform CI.** **A1:** To handle the complex cases, we design the Lead-aware Refiner to jointly model all the selected leading indicators for a target variate. Specifically, in Eq. (9), we utilize $\boldsymbol{R} _t^{(j)} \in \mathbb{R}^K$, the $K$-dimensional correlation vector of the $K$ leading indicators, to generate filters that reweight the indicators' influence. In this way, we learn from each leading indicator according to the overall situation of the $K$ selected indicators. Existing CD backbones also jointly model the complex interactions among all variates. The main reason of their inferior performance is the overfitting issue, which is caused by their unawareness of the dynamic variation in leading indicators and leading steps. Particularly, LIFT alleviates overfitting by decomposing CD modeling into two steps: 1) An efficient Lead Estimator roughly ranks potential leading indicators by cross-correlations, and then the indicators are shifted by leading steps; 2) A learnable Lead-aware Refiner jointly models the complex interactions between the selected subset of leading indicators and the target variate. ---- **Q2: When the influence structure is $X^{(1)} \rightarrow X^{(2)} \rightarrow \cdots \rightarrow X^{(C)}$, LIFT will not pick $X^{(C-1)}$ if it has the lowest cross-correlation.** **A2:** The chain structure $X^{(1)} \rightarrow X^{(2)} \rightarrow \cdots \rightarrow X^{(C)}$ indicates that the leading steps of the $C-1$ indicators *w.r.t.* $X^{(C)}$ are in a descending order, *i.e.*, $\delta _1^{(1)}>\cdots>\delta _{C-2}^{(C)}>\delta _{C-1}^{(C)}$. On the one hand, a leading indicator with a larger leading step offers more advance information. On the other hand, a higher cross-correlation coefficient indicates a more possible lead-lag relationship. Thus, it is better to pick $\{X^{(i)}\} _{i=1}^{C-2}$ which are more helpful and more reliable than $X^{(C-1)}$. ---- **Q3: Is it possible to discover causal relationships (e.g., Granger causality) among time series via modifications of LIFT?** **A3:** A possible way to compute a time-dependent causal graph via the modifications of LIST is the following. Initially, we build a graph based on the lead estimation results at time $t$, where each node (a variate $j$) is connected to $K$ nodes (its potential indicators $\mathcal I _t^{(j)}$), *i.e.*, $\{X _{t-\delta _{i, t}^{(j)}}^{(i)} \rightarrow X _t^{(j)} \mid 1 \leq j \leq C, i \in \mathcal I _t^{(j)}\}$. Then, we prune the graph as follows. 1. Replacing the sum pooling in Eq. (11) by mean pooling, we rewrite our frequency mixing as $$ \widetilde{V}^{(j)} = g\left({V}^{(j)}\parallel \frac{1}{|\mathcal K^{(j)}|}\sum _{k\in \mathcal K^{(j)}} {\widetilde U}^{(j)} _k \parallel \frac{1}{|\mathcal K^{(j)}|}\sum _{k\in \mathcal K^{(j)}} {\widetilde \Delta}^{(j)} _k \right), $$ where $\mathcal K^{(j)}=\{1,2,\cdots,K\}$ denotes the indices of $\mathcal I _t^{(j)}$. 2. We train LIFT on the training data and calculate the forecast loss on the validation data. 3. For each target node $j$ in $[1, C]$, we repeat removing the most useless indicator by the following iteration algorithm until the loss of forecasting $j$ cannot be decreased. - For each $k$ in $\mathcal K^{(j)}$, we specially dismiss the $k$-th indicator, re-conduct frequency mixing, and calculate a new forecast loss by using the remaining $|\mathcal K^{(j)}|-1$ indicators. A lower loss indicates that the $k$-th selected one is just a noise. - Then, we update $\mathcal K^{(j)}$ as $\mathcal K^{(j)}-\{k^{\prime}\}$ if dismissing the $k^{\prime}$-th indicator leads to the lowest forecast loss. ---- **Q4: Why there is subscript $U$ and $\Delta$ in equation (9)?** **A4:** To simplify notations in the following discussion, we leave out the superscript $(j)$ and the subscript $k$. Let $U$ denote the information of one leading indicator, $V$ denote the prediction of the target variate, and $\Delta=U-V$. Eq. (9) generates different filters $r _U$ and $r _{\Delta}$ for $U$ and $\Delta$, respectively. The reason is that we consider two kinds of relationships: - $V$ is directly influenced by $U$, and the ground-truth $V$ contains a degree of $U$, *e.g.*, $V _{true} \approx V + r _U\odot U$; - $V$ is similar to $U$ when they are both influenced by a latent factor, and the ground-truth $V$ is the interpolation between $V$ and $U$, *e.g.*, $V _{true} \approx (1- r _{\Delta})\odot V + r _{\Delta}\odot U=V+ r _{\Delta}\odot\Delta$. Note that both situations may exist in practice. We thus use different layers to generate $r _U$ and $r _{\Delta}$. Our ablation study in Figure 5b demonstrates the effectiveness of modeling both kinds of influence.

Thanks for your time and effort in reviewing our paper! We have provided more explanations below to better clarify our work. **Q1: The experiment shows better performance and improvement for CI methods compared with CD methods. Could you provide possible reasons?** **A1:** Let ""$>$"" mean ""outperforms"". The following is the rationale for the experimental results. $\text{Why CI backbones} > \text{CD backbones}?$ Crossformer focuses on variables that share similarities at the same time but ignores leading indicators that look different at the same time (as illustrated in Figure 1) due to a large leading step. MTGNN learns a fixed set of indicators and overlooks the varying leading steps. Thus MTGNN can easily overfit training data, of which the lead-lag relationships are different from test data (see Figure 7-8). Other CD backbones (*e.g.*, Autoformer and FEDformer) simply mix up all variables and suffer from noise. $\text{Why CI+LIFT}>\text{CI} > \text{CD+LIFT}?$ This happens when $CI \gg CD$ and the performance gap is too large for LIFT to fill. The reason is that LIFT is affected by the error from the backbone. As defined in Eq. (5), the shifted window of leading indicators is padded by a part of the backbone's forecasts when the leading step is smaller than the forecast horizon. $\text{Why LIFT achieves higher relative improvement on CI than CD}?$ As both CD backbones and the LIFT module exploit dependence between variables, their leveraged dependence information can overlap. By contrast, CI backbones treat each variate independently and hence benefit more from the channel dependence exploited by LIFT. ---- **Q2: Provide a formal definition of locally stationary lead-lag relation. Is a lead-lag relationship inferred whenever we observe relatively larger cross-correlation?** **A2:** Formally, there is a locally stationary lead-lag relationship between variate $i$ and $j$ at time $t$ if \\begin{aligned} \exists \delta >0,\\ &D(\mathcal X^{(j)} _{t+1:t+H}, \mathcal X^{(i)} _{t+1-\delta:t+H-\delta})\approx D(\mathcal X^{(j)} _{t-L+1:t}, \mathcal X^{(i)} _{t-L+1-\delta:t-\delta})\approx 0 \\\\ \wedge\exists t'> t,\\ &D(\mathcal X^{(j)} _{t'+1:t'+H}, \mathcal X^{(i)} _{t'+1-\delta:t'+H-\delta}) \not\approx 0, \\end{aligned} where $D(\mathcal W,\mathcal W')$ is the distance between two windows $\mathcal W$ and $\mathcal W'$, and $D(\cdot,\cdot)$ can be estimated by a neural network or a non-parametric metric (*e.g.*, $1-\text{cross-correlation coefficient}$). Furthermore, if there exists $i\neq j$ such that $D(\mathcal X^{(j)} _{t+1:t+H}, \mathcal X^{(i)} _{t+1:t+H})\approx 0$, we dismiss variate $i$ as it is not a leading indicator and offers no advance information. Since most time series are not extremely non-stationary, we assume the lead-lag relationship keeps stationary across the lookback and horizon windows, *i.e.*, $\mathcal X^{(j)} _{t-L+1:t}$ and $\mathcal X^{(j)} _{t+1:t+H}$ has the same leading indicator $i$ with the leading step close to $\delta$. A lead-lag relationship is not inferred by the correlation-based estimation alone. The motivation of using cross-correlation is to estimate all variates *as fast as possible* and filter out most noisy variates. A large correlation between two lookback windows just suggests that the indicator can serve as a potential reference for the horizon window. We rely on the Lead-aware Refiner which is the key component to exploit the advance information from potential leading indicators. The Lead-aware Refiner is trained to learn how much we can trust the suggestion and how we leverage the potential leading indicators. ---- **Q3: Is the algorithm's applicability confined to variables that share a linear relationship?** **A3:** We do not constrain the relationship to be linear. We just use cross-correlations to roughly yet quickly select a subset of variates. Then, our Adaptive Frequency Mixer, a non-linear neural network, is capable of modeling complex relationships within the small subset, instead of costly modeling relationships among all variates. Besides, the correlation-based estimation also allows some non-linear relationships between two windows $\mathcal W$ and $\mathcal W'$, *e.g.*, $\mathcal W=(\mathcal W')^3$, as long as the variates share similar trends. In case the subset overlooks arbitrarily complex relationships, *e.g.*, $\mathcal W=(\mathcal W')^2$, an alternative implementation of the distance function $D(\cdot, \cdot)$ is using another neural network (*e.g.*, $D(\mathcal W, \mathcal W')=f _{1}(\mathcal W)^\top f _2(\mathcal W')$, where $f _{1}$ and $f _{2}$ are two different MLPs and trained by gradient descent)."			"{""disagreement"": 1.0, ""mixed_signals"": 0.0, ""response_count"": 3, ""density"": 2.0, ""primary_label"": ""fixed"", ""secondary_label"": ""unresolved""}"
6.200	6ARlSgun7J__r04	ICLR.cc/2024/Conference	Enhancing Tail Performance in Extreme Classifiers by Label Variance Reduction	structured_v6	fixed	modernbert_v6	partially_fixed	"[weaknesses] 1. The readability of the paper is not strong, and the formatting is uncomfortable. For example, the abstract should generally be a single paragraph, there are too many blank spaces before and after Section 2 Related Work, and the spacing of equations is large. With ample space in the appendix, the full text does not fill up the nine pages. Improvements are needed in basic writing formatting and readability. 2. The paper has limited novelty. From a personal perspective, the innovation lies in using a teacher model to predict probabilities. The rest of the paper mainly demonstrates the significant impact of tail classes. From the perspective of innovative design, it is not convincing. It is also unclear why the teacher model can provide accurate estimates of $p_x$. 3. There is limited description regarding fair comparisons. After introducing the teacher model, the training process and time will be affected. The main part should devote more space to introducing the teacher model, analyzing its performance, and comparing the training time with other models.

[questions] 1. Can the teacher model be adapted to the current task? How does its performance compare? What are the differences between directly using a better model for distillation and utilizing the results of other models as auxiliary information in this paper? 2. Refer to the weaknesses mentioned.

[summary] This paper investigates a novel factor, label variance, in the context of tail performance in extreme classifiers. To address this issue, the authors propose LEVER, a knowledge distillation framework that leverages a robust teacher model to reduce label variance. Experimental results demonstrate that LEVER significantly improves tail performance, achieving approximately 5% and 6% increases in PSP and Coverage metrics, respectively, when integrated with state-of-the-art extreme classifiers."	"We thank the reviewer for their valuable feedback. **Can the teacher model be adapted to the current task? How does its performance compare?** The teacher model is adapted to the current task, the Siamese model is trained on the same dataset on which the classifier-based methods were trained. The teacher model (Siamese network) is much better than the student model (classifier) on the tail (indicated by superior PSP Coverage), while it lags behind significantly in Precision. Using the superior performance of the teacher on the tail, LEVER improves the OvA classifier’s tail performance. We have updated the draft to include a comparison between teacher and student in Table 4 in the main paper. **What are the differences between directly using a better model for distillation and utilizing the results of other models as auxiliary information in this paper?** We request the reviewer to clarify the question. From what we understand, the reviewer is asking the effect of using a better model for distillation. If so, it is the case that a better teacher model results in better performance of classifiers when combined with LEVER. Table 13 in the supplementary shows the effect of using different teachers. We experiment with 3 teachers: Astec, MiniLM 3-layer, and 6-layer DistilBERT.However, it is important to note that even our best teacher, NGAME 6-layer DistilBert, performs much inferior to classifier-based methods on precision. **Readability of paper not strong and uncomfortable formatting. Full text not filling 9 pages. More discussion around train time and teacher model performance.** We apologize for the concerns around formatting. We have made the following changes: (i): Abstract has been made concise, (ii): Empty space around Section 2 related work and equations has been cut down, (iii): We have devoted the additional space obtained to discuss the train time overhead of using LEVER (Table 3) and Comparison with the teacher model (Table 4) **Limited novelty: the innovation lies in using a teacher model to predict probabilities. From a personal perspective, the innovation lies in using a teacher model to predict probabilities From the perspective of innovative design, it is not convincing.** While the approach might be simple, we believe the concept of label variance we propose is novel. Additionally, we would like to highlight the difference between our setup and conventional distillation, which usually relies on a teacher model that is uniformly better than the student. In our work, we show that a teacher model that excels on a subpopulation (tail-labels) can also be leveraged to improve the performance of OvA classifiers for XMC tasks. Further, the simplicity of the approach should rather be viewed as a strength as it allows for easy and effective combinations with multiple SOTA classifier-based methods. **Why does the Siamese model provide accurate estimates of $p_x$?** Recent studies have shown that Siamese Networks, when used as input encoders, exhibit impressive performance on tail labels (Dahiya et al., 2021a; 2022; Jain et al., 2023). This success can be attributed to the ability of Siamese encoders to learn correlations by utilizing label-side features. Further, we consume only high confidence estimates of $p_x$ from Siamese teacher models: “For each label l, the τ nearest points from the pool are selected and added as ground truth.” --- We hope this rebuttal clarifies the concerns you had about the paper. We would be happy to discuss any further questions about the work, and would really appreciate an appropriate increase in the score if the reviewer’s concerns are adequately addressed to facilitate the acceptance of the paper.

We thank the reviewer for their valuable feedback. Below, we provide clarifications: > Concerns around novelty: The paper claims that the variance issue for tail labels has not been explored so far. However, this seems not quite true, as a similar concern has been raised in the earlier work by Babbar and Scholkopf 2019 [1] discusses the issue of variance from the point of view of a lack of commonality between features of training instances and those between training and test instances. However, the definition of variance we use is different, and we highlight it with an example below: Consider a dataset where data points are user queries and labels are advertisements shown in response to user queries. Now, if we consider a label with the text “insurance,” there could be a wide variety of user queries (or documents), such as “hospital bills” and “car repair,” that are relevant to this label. This lack of commonality between documents associated with a single label has been discussed in [1]. In recommendation tasks, dataset rely on click signals to build the ground truth, i.e., if the user clicks on an advertisement for a particular query, then the query-advertisement pair is considered relevant (1 in ground truth). However, feedback in the form of user clicks is subject to variability as a user’s interests can fluctuate over time; for example, for the query “hospital bills,” there may or may not be a click on the “insurance” ad. Approximating the relevance using click signals that are binary leads to inaccuracies in the dataset, which we quantify using the term label variance. In regards to the novelty of our work, we would like to highlight a few points: 1. We propose the concept of label variance, which, to the best of our knowledge, has not been explored in the domain of extreme classification. 2. While Menon et al. discuss the teacher-student setup, their teacher is better than the student overall (as indicated by superior Precision values in Table 1). While such a strong teacher might not always be available, we demonstrate the potential of improving the performance of OvA classifiers by proposing a Siamese teacher that excels only on tail labels. Note that the Siamese teacher is inferior in precision compared to the OvA student model. To the best of our knowledge, we are the first to propose distilling from a teacher that excels only on a subset of the dataset population (tail labels) for XMC tasks. 3. While the idea is simple, we believe the method's simplicity is a strength as it allows for an easy and effective combination with state-of-the-art one-versus-all methods, as highlighted in our results. [1]: “Data scarcity, robustness, and extreme multi-label classification” (Babbar and Scholkopf 2019) > Inconsistent notation in Section 3.1, and better presentation of improving presentation of Theorem 1. Thanks for highlighting this. We will work on addressing the issues in our final draft. > Citing related works **Justification for the use of calibrated losses** In Section 3.3, we discuss the need to use calibrated losses. In summary, Siamese networks trained using triplet loss have shown to do well on tail labels. However, the scores output by these models are not well calibrated, i.e., they do not have a probabilistic interpretation). For training OvA classifiers with soft targets, we need calibrated scores, and Theorem 2 in our paper shows how we can obtain calibrated scores from the Siamese teacher. Note that this is in line with the posthoc calibration strategy mentioned in [3], where a model is learned. Then a parametrized Sigmoid function is fit to learn the relevance probabilities, i.e., given an uncalibrated score $s_x$ we get $p_x$ by fitting the sigmoid function $p_x = 1/(1 + e^{-(ms_x +c)})$ where $m, c$ are model hyper-parameters. We will clarify the definition of calibration used in the current context and add a citation to [2]. **Meaning of calibration used at the end of Pg1?** At the end of Pg 1. We discuss the strategies that rebalance the loss functions to tackle the problem of extreme class imbalance in XMC datasets. We will clarify this in the final version of the paper. **Citing work of Schultheis et al. 2022 in the correct context and missing citation of DiSMEC** In our revised draft, we have cited the work of Schultheis et al. 2022 in Section 2.2 while discussing “Bias due to Missing Lables,” and DiSMEC has now been cited in the introduction while discussing about OvA classifiers in the revised draft. We hope this rebuttal clarifies the concerns you had about the paper. We would be happy to discuss any further questions about the work. We would really appreciate an increase in the score if the reviewer’s concerns are adequately addressed to facilitate the acceptance of the paper. [2]: Scale Calibration of Deep Ranking Models, Le Yan et al, KDD 2022 [3] Probabilistic Outputs for SVMs and Comparisons to Regularized Likelihood Methods, Platt 2000

We thank the reviewer for their valuable feedback. Below, we provide clarifications. **The proposed method is just a combination of loss with hard and soft labels, which is a simple idea.** Yes, while the idea is a combination of hard and soft labels, we would like to highlight that this simplicity allows the easy and effective combination of LEVER with any OvA-based XMC approach. However, unlike standard distillation where logits for all classes from teacher are used, in our case, for each label l, only the τ nearest points from the pool are selected and added as ground truth for distillation. This is how we have adapted distillation for our multi-label scenario. Table 22 and Figure 7 in supplementary show that increasing τ improves performance on tail, while it hurts head or torso label **If we have a model that provides good estimates then we don't need to train another one; the XMLC task is already solved!** Our intention for writing “if we have precise estimates of marginal relevance.. Reducing the variance to 0” was to convey that as the teacher gets more accurate, the variance term reduces to zero, and thus the upper bound on the true risk reduces, thereby improving generalization error of the classifier. However, a perfect teacher model is not available in practice. The NGAME model we use is a proxy for the perfect teacher and note that it is more accurate than the OvA classifier only on tail labels. Leveraging the strength of this Siamese model on the tail to reduce the label variance of OvA classifiers on the tail is what LEVER aims to achieve. **From the appendix, I understand that $\lambda$ (the variable that weights the hard and soft part of the loss) was used for all the experiments..** We think the reviewer has confused the $\lambda$ for ELIAS mentioned in Section D.2 of supplementary with the $\lambda$ for LEVER. We have renamed the $\lambda$ used in Section D.2 to $\lambda_{elias}$. The $\lambda$ used in LEVER is 0.5 (equal weight to both hard & soft labels). **I would like to see how different values of $\lambda$ impact the final performance and what the trade-off curve between head-labels and tail-labels performance looks like** In table below, we show the effect of varying $\lambda$ when LEVER is combined with Renee on 3 datasets: LF-AmazonTitles-131K, LF-Wikipedia-500K, & LF-AOL-270K. Note that $\lambda$=0.33 weighs the soft labels with double the weight as compared to hard labels. Our observations are: The equal weightage (0.5) gives the best performance. Increasing $\lambda$ weighs the hard labels more and this results in performance that gets closer to the base classifier, i.e., PSP worsens, and Precision remains flat or drops slightly. Additionally, decreasing $\lambda$ helps only up to a certain point, i.e., $\lambda$=0.5; this is because our teacher is not perfect we need to strike a balance between hard and soft labels. |LF-AmazonTitles-131K|||||||||| |-|-|-|-|-|-|-|-|-|-| |$\lambda$|P@1|P@3|P@5|PSP@1|PSP@3|PSP@5|C@1|C@3|C@5| |0.33|46.15|30.76|21.87|39.70|45.33|50.13|32.56|54.48|61.24| |0.50|46.44|30.83|21.92|39.70|45.44|50.31|32.82|55.11|61.94| |0.66|46.57|30.87|21.93|39.59|45.46|50.36|32.31|54.49|61.48| |0.80|46.58|30.88|21.92|39.37|45.39|50.33|32.06|54.38|61.42| |LF-Wikipedia-500K|||||||||| |-|-|-|-|-|-|-|-|-|-| |$\lambda$|P@1|P@3|P@5|PSP@1|PSP@3|PSP@5|C@1|C@3|C@5| |0.33|84.66|65.94|51.54|40.51|53.40|58.75|26.88|56.01|67.94| |0.50|85.02|66.42|52.05|42.50|54.86|60.20|29.46|58.53|70.29| |0.66|84.96|66.51|52.18|39.34|53.53|59.46|25.66|55.78|68.33| |0.80|84.84|66.42|52.14|38.66|53.09|59.16|24.96|55.08|67.79| |AOL-270K|||||||||| |-|-|-|-|-|-|-|-|-|-| |$\lambda$|P@1|P@3|P@5|PSP@1|PSP@3|PSP@5|C@1|C@3|C@5| |0.33|41.14|24.00|16.50|17.24|32.31|40.02|14.14|36.67|45.84| |0.50|41.70|24.78|17.07|20.38|37.07|45.13|17.43|42.54|52.01| |0.66|41.44|24.41|16.76|16.76|32.69|40.47|14.16|37.38|46.54| |0.80|41.17|24.04|16.49|15.59|30.30|37.64|13.16|34.62|43.25| This table has been added as Table 16 in the supplementary material. For decile-wise plots showing head-tail variation, please refer to Fig. 4, 5, 6 in the supplementary material **On the LF-AOL-270K dataset, LEVER combined with ELIAS yields extremely high improvement on standard precision@k..** Thanks for pointing this out. This is a typo; the number from the LF-AmazonTitles-1.3M ELIAS+LEVER row was mistakenly copied to the ELIAS+LEVER row in LF-AOL-270K. The supplement however has the correct values for LF-AOL-270K without this typo. We fixed this in the main table of updated draft. Here are the values for your reference |LF-AOL-270K|P@1|P@3|P@5|PSP@1|PSP@3|PSP@5| |-|-|-|-|-|-|-| |ELIAS |40.83 |22.33 |14.91 |13.29 |21.46 |25.22 | |ELIAS + LEVER |40.85 |22.83 |15.57 |13.68 |24.30 |30.43| --- We hope this rebuttal clarifies your concerns. We would be happy to discuss any further questions, and would appreciate an appropriate increase in the score if the reviewer’s concerns are addressed to facilitate the acceptance of the paper."	"We thank the reviewer for their valuable feedback. Below, we provide clarifications. **The proposed method is just a combination of loss with hard and soft labels, which is a simple idea.** Yes, while the idea is a combination of hard and soft labels, we would like to highlight that this simplicity allows the easy and effective combination of LEVER with any OvA-based XMC approach. However, unlike standard distillation where logits for all classes from teacher are used, in our case, for each label l, only the τ nearest points from the pool are selected and added as ground truth for distillation. This is how we have adapted distillation for our multi-label scenario. Table 22 and Figure 7 in supplementary show that increasing τ improves performance on tail, while it hurts head or torso label **If we have a model that provides good estimates then we don't need to train another one; the XMLC task is already solved!** Our intention for writing “if we have precise estimates of marginal relevance.. Reducing the variance to 0” was to convey that as the teacher gets more accurate, the variance term reduces to zero, and thus the upper bound on the true risk reduces, thereby improving generalization error of the classifier. However, a perfect teacher model is not available in practice. The NGAME model we use is a proxy for the perfect teacher and note that it is more accurate than the OvA classifier only on tail labels. Leveraging the strength of this Siamese model on the tail to reduce the label variance of OvA classifiers on the tail is what LEVER aims to achieve. **From the appendix, I understand that $\lambda$ (the variable that weights the hard and soft part of the loss) was used for all the experiments..** We think the reviewer has confused the $\lambda$ for ELIAS mentioned in Section D.2 of supplementary with the $\lambda$ for LEVER. We have renamed the $\lambda$ used in Section D.2 to $\lambda_{elias}$. The $\lambda$ used in LEVER is 0.5 (equal weight to both hard & soft labels). **I would like to see how different values of $\lambda$ impact the final performance and what the trade-off curve between head-labels and tail-labels performance looks like** In table below, we show the effect of varying $\lambda$ when LEVER is combined with Renee on 3 datasets: LF-AmazonTitles-131K, LF-Wikipedia-500K, & LF-AOL-270K. Note that $\lambda$=0.33 weighs the soft labels with double the weight as compared to hard labels. Our observations are: The equal weightage (0.5) gives the best performance. Increasing $\lambda$ weighs the hard labels more and this results in performance that gets closer to the base classifier, i.e., PSP worsens, and Precision remains flat or drops slightly. Additionally, decreasing $\lambda$ helps only up to a certain point, i.e., $\lambda$=0.5; this is because our teacher is not perfect we need to strike a balance between hard and soft labels. |LF-AmazonTitles-131K|||||||||| |-|-|-|-|-|-|-|-|-|-| |$\lambda$|P@1|P@3|P@5|PSP@1|PSP@3|PSP@5|C@1|C@3|C@5| |0.33|46.15|30.76|21.87|39.70|45.33|50.13|32.56|54.48|61.24| |0.50|46.44|30.83|21.92|39.70|45.44|50.31|32.82|55.11|61.94| |0.66|46.57|30.87|21.93|39.59|45.46|50.36|32.31|54.49|61.48| |0.80|46.58|30.88|21.92|39.37|45.39|50.33|32.06|54.38|61.42| |LF-Wikipedia-500K|||||||||| |-|-|-|-|-|-|-|-|-|-| |$\lambda$|P@1|P@3|P@5|PSP@1|PSP@3|PSP@5|C@1|C@3|C@5| |0.33|84.66|65.94|51.54|40.51|53.40|58.75|26.88|56.01|67.94| |0.50|85.02|66.42|52.05|42.50|54.86|60.20|29.46|58.53|70.29| |0.66|84.96|66.51|52.18|39.34|53.53|59.46|25.66|55.78|68.33| |0.80|84.84|66.42|52.14|38.66|53.09|59.16|24.96|55.08|67.79| |AOL-270K|||||||||| |-|-|-|-|-|-|-|-|-|-| |$\lambda$|P@1|P@3|P@5|PSP@1|PSP@3|PSP@5|C@1|C@3|C@5| |0.33|41.14|24.00|16.50|17.24|32.31|40.02|14.14|36.67|45.84| |0.50|41.70|24.78|17.07|20.38|37.07|45.13|17.43|42.54|52.01| |0.66|41.44|24.41|16.76|16.76|32.69|40.47|14.16|37.38|46.54| |0.80|41.17|24.04|16.49|15.59|30.30|37.64|13.16|34.62|43.25| This table has been added as Table 16 in the supplementary material. For decile-wise plots showing head-tail variation, please refer to Fig. 4, 5, 6 in the supplementary material **On the LF-AOL-270K dataset, LEVER combined with ELIAS yields extremely high improvement on standard precision@k..** Thanks for pointing this out. This is a typo; the number from the LF-AmazonTitles-1.3M ELIAS+LEVER row was mistakenly copied to the ELIAS+LEVER row in LF-AOL-270K. The supplement however has the correct values for LF-AOL-270K without this typo. We fixed this in the main table of updated draft. Here are the values for your reference |LF-AOL-270K|P@1|P@3|P@5|PSP@1|PSP@3|PSP@5| |-|-|-|-|-|-|-| |ELIAS |40.83 |22.33 |14.91 |13.29 |21.46 |25.22 | |ELIAS + LEVER |40.85 |22.83 |15.57 |13.68 |24.30 |30.43| --- We hope this rebuttal clarifies your concerns. We would be happy to discuss any further questions, and would appreciate an appropriate increase in the score if the reviewer’s concerns are addressed to facilitate the acceptance of the paper.

We thank the reviewers for their efforts in reviewing our work. Below, we summarize the rebuttal. - As suggested by [Reviewer Kx6v](https://openreview.net/forum?id=6ARlSgun7J&noteId=jns9oikZjC), we have added a detailed breakdown of the training time overhead by adding LEVER (Table 24,25, 26 in the suppl.), clarified the model size and examined the effect of using different $\tau$ ([this response](https://openreview.net/forum?id=6ARlSgun7J&noteId=RdASL7hszP)) in Table 22 in the suppl. We are glad that all of their concerns have been resolved. - As suggested by [Reviewer Cq1J](https://openreview.net/forum?id=6ARlSgun7J&noteId=O6ZTIrtlbZ), we have discussed the effect of varying the $\lambda$ parameter in our loss function in [this response](https://openreview.net/forum?id=6ARlSgun7J&noteId=cALwRAOyWZ). We will discuss the effect of varying $\tau$, currently discussed in Section 5, in Section 3 in the revised draft. We appreciate the reviewer's positive outlook on our experimental rigor. - Lastly, as suggested by [Reviewer Uo9h](https://openreview.net/forum?id=6ARlSgun7J&noteId=bPwOn1D8KL), we have clarified the differences between our work and [1] in [this response](https://openreview.net/forum?id=6ARlSgun7J&noteId=9HrmB4lqcE). We will include this in our final draft and further polish our presentation of theoretical results in the final version, as this will require re-writing to adhere to the page limits at the moment. [1]: ""Data scarcity, robustness, and extreme multi-label classification"" (Babbar and Scholkopf 2019)

We thank the reviewer for their valuable feedback. We request the reviewer to clarify the ethical concerns with our submission as we see our paper has been flagged for ethics review. Below we clarify some of the concerns. **Calibration concerns** Thank you for bringing this paper [1] to our notice. Since our loss is shift-invariant, the scores produced by the model are not calibrated, as pointed out in [1]. If $s_x =z_l^{T}z_x$ is the score output by the Siamese model for a label $l$ (with embedding $z_l$) and document $x$ with embedding $z_x$ this would mean that $s_x$ is not calibrated, we agree. However as indicated in theorem 2, we make use of probabilities $p_x = 1/(1 + e^{-(ms_x + c)})$ where $m,c$ are hyper-parameters for training OvA classifiers. Note that this is in line with the post-hoc calibration strategies explored in [2], where a model is learned and then a parametrized Sigmoid function is fit to learn the relevance probabilities, i.e., given an uncalibrated score $s_x$ we learn $p_x$ by fitting the sigmoid function $p_x = 1/(1 + e^{-(ms_x +c)})$ where $m, c$ are model hyper-parameters. **Why not use BCE Loss or methods proposed in [1] to achieve calibration?** We acknowledge that exploring the techniques in [1] could certainly be an interesting direction for future investigation to understand the effect of teacher models trained with different loss functions on student model performance, and we will add this as a future direction in our updated draft. Additionally, from our experience using BCELoss while training Bi-encoders leads to training instability. Hence we resorted to using pair-wise losses and posthoc calibration techniques [1]: Scale Calibration of Deep Ranking Models, Le Yan et al, KDD 2022 [2]: Probabilistic Outputs for SVMs and Comparisons to Regularized Likelihood Methods, Platt 2000 **Experimental settings and results** **Model Size** Please note that the inference pipeline is unchanged with the addition of LEVER (both in terms of model capacity and inference time). LEVER only affects the training strategy by the addition of soft labels. So, the model size is the same for the base classifier and its LEVER counterpart. The below table shows the model size (in Millions of parameters) for the different models and datasets. Note the smaller model size in ELIAS for LF-AmazonTitles-1.3M is due to using 512 dimension classifiers, (as 768D led to OOM issues). ||Renee|ELIAS|CascadeXML| |-|-|-|-| |LFAT-13K|167.03M|168.73M|268.94M| |LFA-131K|167.03M|168.73M|268.94M| |LF-AOL-270K|275.26M|277.14M|377.95M| |LF-WikiSeeAlso-320K|312.12M|315.59M|408.33M| |LF-Wikipedia-500K|451.90M|457.93M|553.47M| |LF-WikiHierarchy-970K|815.93M|829.51M|918.86M| |LF-AmazonTItles-1.3M|1064.76M|746.25M|1171.11M| **Significant gain in P@3/5 AOL in ELIAS** We apologize for the typo here, we accidentally entered values for ELIAS + LEVER on LFAT-1.3M here. The correct values were present in the appendix (Table 7), and now they have been added to the main paper in Table 1. as well. Here are the values for your reference |LF-AOL-270K|P@1|P@3|P@5|PSP@1|PSP@3|PSP@5| |-|-|-|-|-|-|-| |ELIAS |40.83 |22.33 |14.91 |13.29 |21.46 |25.22 | |ELIAS + LEVER |40.85 |22.83 |15.57 |13.68 |24.30 |30.43| **Significant gain in PSP metrics in WikiHierarchy in ELIAS** In ELIAS there is a bigger drop in head performance as compared to Renee when LEVER is applied. This therefore translates to a much larger increase in ELIAS+LEVER’s tail performance for this dataset, note that for ELIAS the performance improvement starts from the torso labels itself. This is illustrated in Figure 8 in the supplementary which compares decile wise plot ELIAS, ELIAS + LEVER and Renee, Renne+LEVER."			"{""disagreement"": 1.0, ""mixed_signals"": 1.0, ""response_count"": 3, ""density"": 2.0, ""primary_label"": ""fixed"", ""secondary_label"": ""partially_fixed""}"
6.200	FMMF1a9ifL__r04	ICLR.cc/2024/Conference	Gradual Optimization Learning for Conformational Energy Minimization	structured_v6	partially_fixed	modernbert_v6	fixed	"[weaknesses] Additional baselines and metrics could make the result stronger. In terms of the baseline, the true innovation of the framework is the ""active learning"" component, and not ""conformer generation"" itself. Therefore, the baseline conversation probably should focus on other active learning approaches such as Kulichenko et al (2023) or Chem et al. (2019). While these methods require OG, the author can still compare to these methods by contrasting the OG query budget to the same amount, but use random selection instead of SG estimates as proposed by GOLF. The comparison to TD/ConfOpt, while interesting, the problem setup and training data requirement are very different from what the authors are trying to demonstrate here. In terms of the metrics, it would be very helpful if the authors can provide more context about why ""percentage of minimized energy"" is a meaningful metric, and why >98% is considered solving the optimization. If >98% is broadly considered as solving the optimization, can the authors report what percentage of targets in the test set is ""solved"" under different experiment setup?

[questions] I would consider raising my score if the authors can address my concerns around baselines and metrics as mentioned in the Weaknesses section.

[summary] The authors propose an active learning approach to train neural network potentials by employing a cheap surrogate oracle before querying the much more expensive genuine oracle."	"- **Weakness 1** > In terms of the baseline, the true innovation of the framework is the ""active learning"" component, and not ""conformer generation"" itself. Therefore, the baseline conversation probably should focus on other active learning approaches such as Kulichenko et al (2023) or Chem et al. (2019). While these methods require OG, the author can still compare to these methods by contrasting the OG query budget to the same amount, but use random selection instead of SG estimates as proposed by GOLF. The method (UDD) presented in Kulichenko et al. (2023) is designed for the exploration of the configuration space of a **single** molecule. The method generates new data by running molecular dynamics from a set of initial conformations. To better explore the space, the energy in molecular dynamics is augmented with a $E_{\text{bias}}$ term that encourages the MD to sample conformations from regions of configuration space where the ensemble of NNPs is uncertain. In theory, this approach may also improve the atomic forces prediction, which would help the solution of the optimization task, but it remains to be studied. However, the UDD requires training a new NNP ensemble for each new molecule, which is a completely different problem setup compared with the one in our study. While it is an interesting task to adjust the UDD for the multi-molecule setup, we believe it is out of the scope of the current study. If we understood you correctly, by Chem et al.(2019) you meant Chan et al. (2019) - ""Bayesian optimization for conformer generation"". While interesting, this approach requires DFT calculations during the inference, whereas GOLF only interacts with the oracle during the training phase and thus is more efficient. - **Weakness 2** > The comparison to TD/ConfOpt, while interesting, the problem setup and training data requirement are very different from what the authors are trying to demonstrate here. We agree that the generative setting is sufficiently different from the iterative optimization one. However, it is possible to formulate the problem of finding optimal geometries as a generative task. If it is possible to generate optimal geometries directly (e.g., without further relaxation), our framework would be superfluous. Contrary to this, our experiments show that it is still unclear if the generative models can achieve comparable performance. - **Weakness 3** > In terms of the metrics, it would be very helpful if the authors can provide more context about why ""percentage of minimized energy"" is a meaningful metric, and why >98% is considered solving the optimization. If >98% is broadly considered as solving the optimization, can the authors report what percentage of targets in the test set is ""solved"" under different experiment setup? Thank you very much for pointing this out! Generally accepted chemical precision is 1 kcal/mol [1]. The average total optimized energy is 43.2 kcal/mol therefore 2% is about the chemical precision. We removed the ""2%"" from the manuscript as it is indeed more correct to reason about being “*on par*” with the optimizer in terms of chemical precision. Following your suggestion, we decided to add the percentage of “solved” conformations (we call it $\operatorname{pct}\_{\text{solved}}$) as one of the metrics for all the experiments. We found that it helps to better demonstrate the superiority of the GOLF compared to the baseline approaches. [1] Helgaker, T., Ruden, T. A., Jørgensen, P., Olsen, J., & Klopper, W. (2004). A priori calculation of molecular properties to chemical accuracy. *Journal of Physical Organic Chemistry*, *17*(11), 913-933.

## Weaknesses - **Weakness 1** > The writing is not very clear, especially in the introduction section. It takes me a while to understand simply enriching the training dataset is actually a preliminary baseline method the authors want to compare with. Also, lots of experiment details are mixed with the method, which makes the paper not very easy to read. We agree that some additional context regarding the use of $f^{\text{traj-*}}$ as a baseline is needed. We added clarifying sentences in the revision of the manuscript. Unfortunately, we do not see a way to separate the method from some experiment details, as the GOLF is mainly motivated by the empirical results obtained in section 4. We believe that introducing our framework without a preliminary discussion of experimental details and results will be more confusing for the reader. We will be happy to consider any suggestions on improving the writing of the manuscript. - **Weakness 2** > The calculation of COV and MAT looks problematic. It seems the authors optimize one conformation per molecule and take them of the entire test set as the generation set. However, in the conformation generation setting, models generate multiple conformations per molecule to construct the generation set, and then COV and MAT are calculated per molecule, and finally the average / median of them on the entire test set is reported. We agree that such metrics are indeed not ideal for the conformation optimization task due to the problem you described above. However, we decided to compute these metrics to provide a fair comparison with ConfOpt and Torsional Diffusion, as the main results in these papers are reported in terms of COV and MAT. ## Questions - **Question 1** > Are the conformations in nablaDFT dataset equilibrium ones or the intermediate state sampled from the optimization process? How large is the training set D0? More description about this dataset is needed. The conformations in the nablaDFT are generated using the following procedure: 1. First, several thousand different conformations per molecule are sampled using Rdkit's ETKG [1] based on a SMILES representation of the molecule. 2. Second, these conformations are clustered using Butina [2]. 3. The authors then identify the smallest number of clusters needed to cover 95% of generated conformations. 4. Centroids of these identified clusters are chosen and evaluated with a DFT-based oracle. The training dataset contains 4000 molecules and 10000 conformations (~2.5 conformations per molecule). We apologize for not providing this information in the first version of the paper. We added this information in the revision. We also added a brief description of the nablaDFT dataset in the appendix of the revised manuscript. - **Question 2** > ConfOpt and TorsionDiff are designed to generate equilibrium low-energy conformers, and not guaranteed to achieve a lower energy by repeatedly applied. Thus, I think it's unfair to compare these models with GOLF in terms of pct. We would like to clarify that in our experiments, these models are trained to generate a single optimal conformation from an initial random conformation. We use these models in the intended way and do not repeatedly apply any of them. The training dataset for these models consists of optimal conformations obtained with $\mathcal{O}_G$ and, thus, we expect them to generate optimal conformations, altough the inference of these models is different to $f^{\text{GOLF-*}}$, we think it is still valuable to compare the generative approach (ConfOpt, TorsionDiff) with an iterative optimization approach. - **Question 3** > The statement of ""We hypothesize that in the case of ConfOpt, the main problems are the choice of the architecture and the fact that the model generates optimal conformations from SMILES and does not use initial geometries. "" doesn't make sense to me. ConfOpt takes the 2D molecular graph as input and also utilizes initial 3D conformations. We follow the original implementation [https://github.com/guanjq/confopt_official], which takes the 2D molecular graph, generates a random conformation with Rdkit’s ETKG, and optimizes it with MMFF. This implementation does not provide any means to supply the model with an initial conformation of our choice. [1] [Wang, S., Witek, J., Landrum, G. A., & Riniker, S. (2020). Improving conformer generation for small rings and macrocycles based on distance geometry and experimental torsional-angle preferences. *Journal of chemical information and modeling*, *60*(4), 2044-2058.] [2] Barnard, J. M., & Downs, G. M. (1992). Clustering of chemical structures based on two-dimensional similarity measures. *Journal of chemical information and computer sciences*, *32*(6), 644-649.

> Also, the authors report that the GOLF technique can produce “a high percentage of diverged conformations”. This is not surprising as the training dataset is likely to be much noisier as a result of the choice to use a low-cost simulation. It would be nice to get better characterization of the noise and its effects, including the loss in efficiency resulting from these unusable conformations. > First, we would like to stress that we do not use the low-cost simulation neither to estimate energies/forces for the newly collected data, nor to generate conformations for training. To estimate energies and forces, we use DFT. Additional conformations for training are generated during the optimization with the NNP. The low-cost simuator is used to select a single conformation from the optimization trajectory. This selected conformation is then evaluated with the DFT-based oracle and added to the training set. Second, the “high percentage of diverged conformations” refers to the experiment in Section 6.4 (applying NNP trained with GOLF to larger molecules than in the training dataset). In our code, the optimization is considered diverged either when the initial energy is lower than the final energy or when the DFT-worker is timed out. For small molecules in $\mathcal{D}_0, \mathcal{D}_{\text{test}}$ this happens when the resulting conformation is poor, but we found that for larger molecules this can also happen with reasonable near-optimal conformations. We also found that increasing the timeout value solves this problem (see updated table in section 6.4). We extended the $\mathcal{D}_{\text{LM}}$ to 2000 molecules (1 conformation per molecule) and re-evaluated NNPs with the increased timeout value. We updated section 6.4 in the revision. As it can be seen from the updated Table 3, $f^{\text{GOLF-10k}}$ on large molecules experiences a small performance drop, while retaining the same percentage of diverged optimizations. ## Weaknesses - **Weakness 1** > Using GO to generate the baseline dataset may limit the scalability of the approach. It is unclear why the authors do not use the molecular databases they mention in the “Introduction” section to extract the baseline dataset. First, the limited scalability of this approach is stated as the main motivation for our proposed GOLF framework. Second, we would like to note that we are not aware of any molecular databases that contain optimization trajectories. In our paper, we identify enriching the training dataset $\mathcal{D}_0$ with optimization trajectories as a crucial step to overcome the distribution shift. In Figure 1, we illustrate that enriching the training dataset with optimization trajectories helps alliviate the distribution shift. We agree, that in theory, datasets containing both near-optimal and sub-optimal conformations can be used to improve the optimization quality of NNPs. To test that, we trained a baseline model $\operatorname{SPICE}-f^{\text{baseline}}$ on a subset of SPICE dataset and showed that it suffers from the similar issues (see answer to “Experiments” section). - **Weakness 2** > Some of the discussion is somewhat cryptic and can benefit from some additional discussion or graphics. We appreciate your suggestions on improving the writing of our paper! Following various ideas proposed by the reviewers we have reworked the manuscript and uploaded a corrected version as a revision. If you still have any concerns or suggestions, please let us know. We will be happy to improve the writing further. - **Weakness 3** > The results seem anecdotal, tied to the selected dataset and molecules, and thus may not generalize particularly well In order to resolve this concern, we decided to provide additional experiments both on a bigger subset of nablaDFT dataset and a subset of SPICE dataset. See answer to “Experiments” section for more details."	"We appreciate your suggestions on improving the writing of the introduction. We found them very useful and incorporated the proposed modifications in the revised manuscript. We summarize the changes below: ## Introduction > The statement that “reducing the number of interactions with the physical simulator” is unclear > We replaced this sentence with the following: “Therefore, it is crucial to develope alternative approaches (such as Neural Networks-based) that reduce the computational complexity of iterative optimization.” > The authors state that they augment the dataset with “optimization trajectories” without explaining what such a trajectory is and how the trajectories address distribution shift. > We added a reference to Section 4. > Moreover, as GOLF requires running the high-fidelity simulation, GO, to produce the anti-gradients, it is unclear whether GOLF can be successful when GO fails to complete a single iteration. > We reworked this sentence: “However, for large molecules even a single iteration may take up several hours of CPU-compute.“ Considering your question, refer to the answer to Question 1. > In addition, the “Ab initio property” phrase is used without a definition or description and seems rather superfluous to the narrative. > “*Ab initio*” is a latin term that means “from first principles”. It is widely used in quantum chemistry literature implying that the only inputs into an *ab initio* calculation are physical constants. > The adequacy of the requirement for $5 \times 10^5$ “additional oracle interactions”, which presumably means optimization trajectories that augment the training dataset, is likely anecdotal based on the molecules selected for the experiments. If that is not the case, an explanation of why it is generally applicable should be articulated. We agree that this constant may not hold on another dataset. However, we believe that the reduction in the amount of required oracle interactions will still be significant. We decided to remove $5 \times 10^5$ from the abstract and the intro, replacing it with a more appropriate statement. ## Notation and preliminaries > The notation is somewhat cryptic and can benefit from slightly greater verbosity or additional graphics. We reworked the notation in the revised version of the manuscript. > Also, mentioning GOLF models in this section, without any discussion as to what they are or how they differ from ftraj, seems premature and confusing. We added a reference to Section 5. > Moreover, a small discussion of the NNP architecture used in the experimentation would be useful for the sake of completeness. We listed all the hyperparameters in Appendix. ## Conformation Optimization with NNPs > This is an important result but without highlighting it, the reader can easily miss that it is one of the contributions of the paper. We referenced Figure 1 in the contributions section. > It is unclear to the reviewer as to the innovativeness of the approach, which may be construed as a weakness. Moreover, using the GO to provide the baseline training dataset may limit the scalability of the approach. While working on the topic of molecular optimization, we found that this area is severely under-researched. To the best of our knowledge, there are no papers that present the idea of enriching the training dataset with optimization trajectories. However, in this year Open Catalyst challenge [https://opencatalystproject.org/challenge.html], a similar dataset of optimization trajectories for adsorbate-catalyst pairs has been published. We will cite the OCP23 challenge in the revision.

We thank all the reviewers for pointing out the flaws of the manuscript. This helped us to significantly improve the writing and the presentation of the paper. We list the main changes below and we will refer to them in personal answers: 1. Reworked and fixed “Notaion and Preliminaries” (including the renaming of GO and SO to $\mathcal{O}_G, \mathcal{O}_S$). 2. Moved “External Optimizers” experiment to Appendix: results, yet interesting, are not of high importance for the paper. 3. Added metrics. We would like to thank the reviewer RbRE for pointing out that it is important to explain which percentage of optimized energy may be treated as the “solution”. We added the explanation of the *chemical precision* to the manuscript and provided additional energy metrics for all the models along with the percentage of “solved” conformations (we call it $\operatorname{pct}\_{\text{success}}$), which is a percentage of final conformations with energy less than optimal plus *chemical precision*. 4. Extended the evaluation of the proposed approach: a larger nablaDFT subset (19477 conformations) and a subset of SPICE (1832 conformations). We will extend the SPICE evaluation dataset in the camera-ready version. 5. Fixed Table 3 in Section 6.4 (”Larger Molecules”). The DFT computation timeout was initially chosen for smaller molecular size, we have found that increasing this parameter reduces the percentage of diverged optimizations. 6. Improved writing and presentation of the manuscript. 7. Released the source code. 8. Extended the appendix: 1. Added the hyperparameter tables and training details that were missing in the initial submit. 2. Added the description of nablaDFT dataset and the way the conformations are collected. 3. Added a visualization of final conformations for different optimization methods.

## Weaknesses - **Weakness 1** > The writing is not very clear, especially in the introduction section. It takes me a while to understand simply enriching the training dataset is actually a preliminary baseline method the authors want to compare with. Also, lots of experiment details are mixed with the method, which makes the paper not very easy to read. We agree that some additional context regarding the use of $f^{\text{traj-*}}$ as a baseline is needed. We added clarifying sentences in the revision of the manuscript. Unfortunately, we do not see a way to separate the method from some experiment details, as the GOLF is mainly motivated by the empirical results obtained in section 4. We believe that introducing our framework without a preliminary discussion of experimental details and results will be more confusing for the reader. We will be happy to consider any suggestions on improving the writing of the manuscript. - **Weakness 2** > The calculation of COV and MAT looks problematic. It seems the authors optimize one conformation per molecule and take them of the entire test set as the generation set. However, in the conformation generation setting, models generate multiple conformations per molecule to construct the generation set, and then COV and MAT are calculated per molecule, and finally the average / median of them on the entire test set is reported. We agree that such metrics are indeed not ideal for the conformation optimization task due to the problem you described above. However, we decided to compute these metrics to provide a fair comparison with ConfOpt and Torsional Diffusion, as the main results in these papers are reported in terms of COV and MAT. ## Questions - **Question 1** > Are the conformations in nablaDFT dataset equilibrium ones or the intermediate state sampled from the optimization process? How large is the training set D0? More description about this dataset is needed. The conformations in the nablaDFT are generated using the following procedure: 1. First, several thousand different conformations per molecule are sampled using Rdkit's ETKG [1] based on a SMILES representation of the molecule. 2. Second, these conformations are clustered using Butina [2]. 3. The authors then identify the smallest number of clusters needed to cover 95% of generated conformations. 4. Centroids of these identified clusters are chosen and evaluated with a DFT-based oracle. The training dataset contains 4000 molecules and 10000 conformations (~2.5 conformations per molecule). We apologize for not providing this information in the first version of the paper. We added this information in the revision. We also added a brief description of the nablaDFT dataset in the appendix of the revised manuscript. - **Question 2** > ConfOpt and TorsionDiff are designed to generate equilibrium low-energy conformers, and not guaranteed to achieve a lower energy by repeatedly applied. Thus, I think it's unfair to compare these models with GOLF in terms of pct. We would like to clarify that in our experiments, these models are trained to generate a single optimal conformation from an initial random conformation. We use these models in the intended way and do not repeatedly apply any of them. The training dataset for these models consists of optimal conformations obtained with $\mathcal{O}_G$ and, thus, we expect them to generate optimal conformations, altough the inference of these models is different to $f^{\text{GOLF-*}}$, we think it is still valuable to compare the generative approach (ConfOpt, TorsionDiff) with an iterative optimization approach. - **Question 3** > The statement of ""We hypothesize that in the case of ConfOpt, the main problems are the choice of the architecture and the fact that the model generates optimal conformations from SMILES and does not use initial geometries. "" doesn't make sense to me. ConfOpt takes the 2D molecular graph as input and also utilizes initial 3D conformations. We follow the original implementation [https://github.com/guanjq/confopt_official], which takes the 2D molecular graph, generates a random conformation with Rdkit’s ETKG, and optimizes it with MMFF. This implementation does not provide any means to supply the model with an initial conformation of our choice. [1] [Wang, S., Witek, J., Landrum, G. A., & Riniker, S. (2020). Improving conformer generation for small rings and macrocycles based on distance geometry and experimental torsional-angle preferences. *Journal of chemical information and modeling*, *60*(4), 2044-2058.] [2] Barnard, J. M., & Downs, G. M. (1992). Clustering of chemical structures based on two-dimensional similarity measures. *Journal of chemical information and computer sciences*, *32*(6), 644-649."			"{""disagreement"": 1.0, ""mixed_signals"": 1.0, ""response_count"": 3, ""density"": 2.0, ""primary_label"": ""partially_fixed"", ""secondary_label"": ""fixed""}"
6.136	i8PjQT3Uig__r02	ICLR.cc/2024/Conference	Locality Sensitive Sparse Encoding for Learning World Models Online	structured_v6	fixed	modernbert_v6	partially_fixed	"[weaknesses] Significant discussion around catastrophic forgetting was mentioned in the introduction but little discussion is presented in the main text and left in the appendix. “Example 3.1” could be a regular paragraph. Formatting this as an Example does not improve readability and is, in fact, the only Example in the entire paper.

[questions] In figure (1): d(s_(t+1), f(st, at)) and \delta were not defined in the caption or anywhere obvious in the main text. In eq (3), does || . ||^2_F denote the Frobenius matrix norm? It is only stated so after eq (5). It helps to have the notation introduced earlier here. Especially since “F” is the dimension of the feature space

[summary] The paper presents a method for the online learning of a world model for model-based reinforcement learning (MBRL). To obtain efficient updates to the world model, the world model is expressed as a linear combination of a set of spare features. This efficiency allows online learning at a constant computational cost."	"**4. Does the benefit come from policy learning or model learning?** Thanks for this insightful question. We agree that sparse representation helps continual policy learning [3,4,5], as it could potentially reduce the catastrophic interference in NNs. However, in this work, we utilize the high-dimensional sparse representation **only during model learning** for Losse-FTL, while keeping policy/value learning the same for apple-to-apple comparison. Therefore, we believe the benefit indeed comes from model learning; better model learning ensures a better quality of synthetic transitions to be used for policy/value learning. **5. Why does the proposed algorithm sometimes even outperform the Full-replay baseline?** We agree that theoretically, Full-replay should be as good as ours in eliminating forgetting. We hypothesize that the reason for our method outperforming Full-replay in some tasks is due to the criterion we adopt for “convergence” – at which point we stop the NN training, while ours is solved incrementally in closed form. Apart from the convergence criterion, there is more brittleness in NN training in this case. For example, not resetting the weights may make NNs overfit early data; but when to reset is hard to know because there are no explicit task boundaries; even if we know when, resetting and training from scratch is even more time-consuming and impractical for lifelong agents. We have updated the paper on page 8 about “Full-replay” to clarify the experimental settings. **6. Other issues.** Thanks for pointing out the issue of Algorithm 1 and the need for better notations. We have updated them directly in the text. To be more specific on Dyna architecture, we remove the original Algorithm 1 and use a diagram of Dyna in Figure 2 to give a more intuitive illustration in Section 2.2. It also took us some time to consider the term “world model” in this context. We agree that it can refer to tasks that are more challenging, as envisioned in [6]. We hope to retain it for several reasons. (1) Simply using “model” is common in RL contexts, but we feel it might be confusing since “model” is frequently referred to with different contexts, e.g. linear model. In the title, especially, without some hints about RL, people may not recognize “model” refers to the world model. (2) Other terms like “dynamics model” only describe the dynamics part but not the reward part. We also thought of the “environment model”, however, it is not very commonly seen in literature. In the paper, we also tried to put the term “world model” in the context of MBRL, to avoid misunderstanding. Please let us know if there are more suitable terms. --- Thank you again for your detailed feedback and suggestions, and we hope our responses and new experiments were able to address any remaining concerns. Please do let us know if you have any further questions as well as what would be expected for score improvement. ### References [1] Huang, G. B., Chen, L., & Siew, C. K. (2006). Universal approximation using incremental constructive feedforward networks with random hidden nodes. IEEE Trans. Neural Networks.\ [2] Knoll, B., & de Freitas, N. (2012). A machine learning perspective on predictive coding with PAQ8. In 2012 Data Compression Conference.\ [3] Pan, Y., Banman, K., & White, M. (2021). Fuzzy tiling activations: A simple approach to learning sparse representations online. In ICLR.\ [4] Liu, V., Kumaraswamy, R., Le, L., & White, M. (2019). The utility of sparse representations for control in reinforcement learning. In AAAI.\ [5] Lan, Q., & Mahmood, A. R. (2023). Elephant Neural Networks: Born to Be a Continual Learner. In ICML Workshop on High-dimensional Learning Dynamics.\ [6] LeCun, Y. (2022). A path towards autonomous machine intelligence version 0.9. 2, 2022-06-27. Open Review, 62.

Thank you very much for recognizing that the problem we attempt to tackle (learning models online) is important in RL, as well as your constructive feedback and suggestions. We have updated the paper with text changes highlighted in yellow, and elaborate on each of the questions below. Note that the points below do not match those in the original questions due to reorganization, but they cover all questions. **1. Why is the particular sparse representation chosen?** We adopt linear models to have guaranteed online learning performance without forgetting. However, linear models cannot fit complex functions. Adding a nonlinear random feature turns linear models into universal approximators [1], but this usually requires a very wide layer to have good capacity. We make our high-dimensional representation sparse to achieve efficient incremental update. In addition, we also compare our sparse representation with other encoding methods and we show favorable results (Table 1). The idea of our sparse update is inspired by the model mixer in [2]. We have updated the paper on page 6 with a “concluding remark” to make this point clearer. **2. Why is FTA not included in the experiments?** Fuzzy Tiling Activation (FTA) [3] proposes an effective way to reduce catastrophic forgetting of neural networks in online continual learning problems, by learning sparse activations inside the NNs. In Section 4.2, we only borrow their nonstationary online learning setting (the Piecewise Random Walk) and show our method is more capable than NNs of learning temporally correlated data. However, we did not include experiments to compare FTA and our method in either SL or RL settings, for the reasons below. In SL, from Figure 3.c of [3], we can see FTA slightly suffers from nonstationarity if the data is highly correlated. The reason could be that FTA only mitigates the catastrophic forgetting issue in NNs, but it does not fully solve the problem. Therefore, we explore a more assured pathway in this work, by which a Follow-the-Leader solution can be obtained online efficiently, aiming to **eliminate** catastrophic forgetting. As Figure 3 in our paper suggests, Losse-FTL can attain very low error for all levels of correlation, showing its non-forgetting property. In RL, we have attempted to integrate the official FTA codes into NN-based world models, but we found it hard to make it work well (perhaps due to hyper-parameter tuning, such as the tiling dimension $k$ and the sparsity factor $\eta$, or where the FTA layer should be applied). Nevertheless, we compared our method with other representative continual learning techniques, including Synaptic Intelligence and Coreset, to show its effectiveness. **3. Do you update both your model and representation every environment time step?** Our high-dimensional sparse representation is not learnable with a prefixed random projection matrix. Thus we only update the model (the linear weights) but not the representation. For all RL experiments, we keep the update interval as $25$ time steps for discrete control tasks and $250$ for continuous control tasks to accelerate the experiments. However, we note that our updates are much more efficient compared to NN-based ones with replay (referring to Figure 5) because the latter needs to train until convergence over accumulated experiences.

Thank you very much for appreciating the originality of our paper, as well as your detailed feedback and suggestions. We have updated the paper with text changes highlighted in yellow, and elaborate on each of the questions below. **1. There is no experiment highlighting the main issue that the paper is trying to address: NN-based world models suffer from catastrophic interference due to non-stationary data.** Experiments in Section 5 are designed to compare our method with different variants of NN-based world models while keeping the value/policy learning the same. Except for the “Model-free” setting, all other baselines train NN-based world models. From Figure 4, we can observe that NN-based world models trained online (referred to as “Online” in the legend) show inferior performance. This is an indication that they suffer from catastrophic interference due to non-stationary data. As a result, the online learned NN world model could only generate synthetic transitions of poor quality, deteriorating the agent performance. Applying continual learning techniques (such as “SI” and “Coreset”) alleviates the forgetting issue to some extent. And learning world models with our method outperforms other baselines for most environments. **2. Why aren't SoTA MBRL algorithms (e.g., Dreamer/TD-MPC) included for comparison?** First, we hope that we can get aligned to the point that NN-based MBRL suffers from catastrophic forgetting, including the SoTA algorithms. The arguments are following, 1. Catastrophic forgetting is a universal phenomenon for neural networks. 2. Existing end-to-end NN-based MBRL methods, such as Dreamer, TD-MPC, and MuZero, etc. rely heavily on techniques to make data more stationary, for example, maintaining a large replay buffer, updating the target network once in a while, or simultaneously running multiple environments. When these components are removed, they would fail to work. 3. However, when they fail we don't know how much is due to the forgetting in policy/value/model because all components are entangled and trained end-to-end in these methods. If we're aligned on the point that NN-based MBRL suffers from catastrophic forgetting due to non-stationary data, then what we're studying is that we focus on making the world model fully online, which relies on *none* of the above techniques. With this scope, we only compare our world models and NN-based world models using the Dyna architecture, because it decouples policy/value learning from model learning, making an apple-to-apple comparison on model learning possible. **3. Can your method work for more difficult tasks like Humanoid or handle image-based observations?** Currently, we have not validated it for more challenging tasks like you mentioned. In Humanoid, the dimension of the state is very high, posing a curse of dimensionality to our method. For image-based observations, finding a compact representation with a non-trainable encoder is non-trivial, and our attempts so far do not yield positive results. We have added a Limitation section on page 9 to address them in the paper."	"Thank you very much for recognizing that the problem we attempt to tackle (learning models online) is important in RL, as well as your constructive feedback and suggestions. We have updated the paper with text changes highlighted in yellow, and elaborate on each of the questions below. Note that the points below do not match those in the original questions due to reorganization, but they cover all questions. **1. Why is the particular sparse representation chosen?** We adopt linear models to have guaranteed online learning performance without forgetting. However, linear models cannot fit complex functions. Adding a nonlinear random feature turns linear models into universal approximators [1], but this usually requires a very wide layer to have good capacity. We make our high-dimensional representation sparse to achieve efficient incremental update. In addition, we also compare our sparse representation with other encoding methods and we show favorable results (Table 1). The idea of our sparse update is inspired by the model mixer in [2]. We have updated the paper on page 6 with a “concluding remark” to make this point clearer. **2. Why is FTA not included in the experiments?** Fuzzy Tiling Activation (FTA) [3] proposes an effective way to reduce catastrophic forgetting of neural networks in online continual learning problems, by learning sparse activations inside the NNs. In Section 4.2, we only borrow their nonstationary online learning setting (the Piecewise Random Walk) and show our method is more capable than NNs of learning temporally correlated data. However, we did not include experiments to compare FTA and our method in either SL or RL settings, for the reasons below. In SL, from Figure 3.c of [3], we can see FTA slightly suffers from nonstationarity if the data is highly correlated. The reason could be that FTA only mitigates the catastrophic forgetting issue in NNs, but it does not fully solve the problem. Therefore, we explore a more assured pathway in this work, by which a Follow-the-Leader solution can be obtained online efficiently, aiming to **eliminate** catastrophic forgetting. As Figure 3 in our paper suggests, Losse-FTL can attain very low error for all levels of correlation, showing its non-forgetting property. In RL, we have attempted to integrate the official FTA codes into NN-based world models, but we found it hard to make it work well (perhaps due to hyper-parameter tuning, such as the tiling dimension $k$ and the sparsity factor $\eta$, or where the FTA layer should be applied). Nevertheless, we compared our method with other representative continual learning techniques, including Synaptic Intelligence and Coreset, to show its effectiveness. **3. Do you update both your model and representation every environment time step?** Our high-dimensional sparse representation is not learnable with a prefixed random projection matrix. Thus we only update the model (the linear weights) but not the representation. For all RL experiments, we keep the update interval as $25$ time steps for discrete control tasks and $250$ for continuous control tasks to accelerate the experiments. However, we note that our updates are much more efficient compared to NN-based ones with replay (referring to Figure 5) because the latter needs to train until convergence over accumulated experiences.

**4. Does the benefit come from policy learning or model learning?** Thanks for this insightful question. We agree that sparse representation helps continual policy learning [3,4,5], as it could potentially reduce the catastrophic interference in NNs. However, in this work, we utilize the high-dimensional sparse representation **only during model learning** for Losse-FTL, while keeping policy/value learning the same for apple-to-apple comparison. Therefore, we believe the benefit indeed comes from model learning; better model learning ensures a better quality of synthetic transitions to be used for policy/value learning. **5. Why does the proposed algorithm sometimes even outperform the Full-replay baseline?** We agree that theoretically, Full-replay should be as good as ours in eliminating forgetting. We hypothesize that the reason for our method outperforming Full-replay in some tasks is due to the criterion we adopt for “convergence” – at which point we stop the NN training, while ours is solved incrementally in closed form. Apart from the convergence criterion, there is more brittleness in NN training in this case. For example, not resetting the weights may make NNs overfit early data; but when to reset is hard to know because there are no explicit task boundaries; even if we know when, resetting and training from scratch is even more time-consuming and impractical for lifelong agents. We have updated the paper on page 8 about “Full-replay” to clarify the experimental settings. **6. Other issues.** Thanks for pointing out the issue of Algorithm 1 and the need for better notations. We have updated them directly in the text. To be more specific on Dyna architecture, we remove the original Algorithm 1 and use a diagram of Dyna in Figure 2 to give a more intuitive illustration in Section 2.2. It also took us some time to consider the term “world model” in this context. We agree that it can refer to tasks that are more challenging, as envisioned in [6]. We hope to retain it for several reasons. (1) Simply using “model” is common in RL contexts, but we feel it might be confusing since “model” is frequently referred to with different contexts, e.g. linear model. In the title, especially, without some hints about RL, people may not recognize “model” refers to the world model. (2) Other terms like “dynamics model” only describe the dynamics part but not the reward part. We also thought of the “environment model”, however, it is not very commonly seen in literature. In the paper, we also tried to put the term “world model” in the context of MBRL, to avoid misunderstanding. Please let us know if there are more suitable terms. --- Thank you again for your detailed feedback and suggestions, and we hope our responses and new experiments were able to address any remaining concerns. Please do let us know if you have any further questions as well as what would be expected for score improvement. ### References [1] Huang, G. B., Chen, L., & Siew, C. K. (2006). Universal approximation using incremental constructive feedforward networks with random hidden nodes. IEEE Trans. Neural Networks.\ [2] Knoll, B., & de Freitas, N. (2012). A machine learning perspective on predictive coding with PAQ8. In 2012 Data Compression Conference.\ [3] Pan, Y., Banman, K., & White, M. (2021). Fuzzy tiling activations: A simple approach to learning sparse representations online. In ICLR.\ [4] Liu, V., Kumaraswamy, R., Le, L., & White, M. (2019). The utility of sparse representations for control in reinforcement learning. In AAAI.\ [5] Lan, Q., & Mahmood, A. R. (2023). Elephant Neural Networks: Born to Be a Continual Learner. In ICML Workshop on High-dimensional Learning Dynamics.\ [6] LeCun, Y. (2022). A path towards autonomous machine intelligence version 0.9. 2, 2022-06-27. Open Review, 62.

Thank you very much for highlighting our comprehensive experimental results, as well as your valuable feedback on the paper presentation. We have updated the paper with text changes highlighted in yellow, and elaborate on each of the questions below. **1. Significant discussion on catastrophic forgetting in the introduction but little discussion in the main text and left in the appendix.** Thanks for this suggestion to improve our paper presentation. We have updated the paper such that catastrophic forgetting is emphasized more in the main text, especially at the end of Section 3 on page 6. Due to the space constraints, however, we still use Appendix A for more detailed discussions. **2. Other issues regarding the notations.** We have updated accordingly in the paper. --- Thank you again for your feedback to help us refine the paper quality, and we hope our responses and updates in the text were able to address any remaining concerns."			"{""disagreement"": 1.0, ""mixed_signals"": 1.0, ""response_count"": 3, ""density"": 1.8391666666666666, ""primary_label"": ""fixed"", ""secondary_label"": ""partially_fixed""}"
6.200	AqN23oqraW__r02	ICLR.cc/2024/Conference	KoLA: Carefully Benchmarking World Knowledge of Large Language Models	structured_v6	partially_fixed	modernbert_v6	fixed	"[weaknesses] - The knowledge-wise strength of Rouge-L used in Eq. 3 doesn't look to be strong enough in capturing the knowledge association especially when T is a free-generation result, maybe replacing the measurement with another model (e.g. a entailment model) would be better? (w/ additional computational cost)

[questions] Comments - The caption of the figures should include necessary details to understand the them if the space allows (e.g. Figure 4).

[summary] The authors proposes a world knowledge assessment benchmark KoLA that consists of factual knowledge from Wikidata to evaluate the world knowledge of large language models (LLMs). KoLA consists of a four-level taxonomy: knowledge memorization/knowledge understanding/knowledge applying/knowledge creating. The first two tasks focus on directly extracting/generating the information associated with the corresponding world knowledge, and the last two focus on the application of knowledge in reasoning and text generation. The data comes from both the data already exposed to LLMs (known data) and the data appeared afterwards (evolving data). Results show that pre-alignment/instruction-tuning models has higher correlation between model size and knowledge memory performance. However, instruction-tuning empowers the models with high-level abilities (e.g. knowledge applying tasks) and commercial models still have leading performance in general."	"We appreciate your careful review and constructive points. Your assessment stating that our 'knowledge benchmark fills the blank of thoroughly evaluating world knowledge of current large language models' is highly encouraging to us. According to your comments, we have edited the manuscript as your suggestions as follows: - *The knowledge-wise strength of Rouge-L used in Eq. 3 doesn't look to be strong enough in capturing the knowledge association especially when T is a free-generation result, maybe replacing the measurement with another model (e.g. a entailment model) would be better? (w/ additional computational cost)* Employing models for automatic evaluation of knowledge aspects is indeed a valuable suggestion and represents a promising direction. In the design phase of KoLA, we considered such an approach. However, we ultimately chose model-free evaluation metrics to potentially prevent the evaluation model from favoring certain types of models. In the early experiments, we tried various metrics, including some model-based metrics like BertScore, BLEU, etc., and test whether their results align with human evaluations. Bases on these, we finally choose Rouge-L. We plan to continue exploring the integration of your suggested model-based evaluation methods in subsequent seasons. Thank you once again for your insightful recommendation! - *The caption of the figures should include necessary details to understand the them if the space allows (e.g. Figure 4).* We appreciate the reviewer's suggestion to elaborate on this detail. Although we mentioned this part in the first paragraph of Appendix B.4, we overlooked emphasizing this information in the caption of Figure 4. Following your reminder, we have *enriched the captions of all the tables and figures in the paper*, further enhancing the readability of the article. **[Final Remark]** We thank you again for investing the time and effort to review our paper and for the helpful comments that helped us improve the submission. We hope that our responses will address your concerns on the evaluation metrics and caption details and sincerely invite you to engage with us if you have more questions.

Thank you for dedicating your time and effort to review our work, and for acknowledging our overall design, experimental analysis, and writing. We are glad to answer the questions you've raised. - Q1: *The paper identified four knowledge capabilities. It is clear on knowledge memorization and knowledge creation. However, it is vague to distinguish knowledge understanding and knowledge application. Take knowledge understanding as an example, would reading comprehension a task of knowledge understanding or knowledge attention? Why knowledge understanding only has extraction tasks?* This is a valuable question, and we are pleased to discuss it with you. In Bloom's Cognitive Taxonomy [1], *Understanding* can be described as ”Determining the meaning of instructional messages“, typically involving actions like “Explain, Summarize.” *Applying* is described as “Carrying out or using a procedure in a given situation”, generally including actions such as 'Implement, Execute’. Indeed, since the revision of Bloom's theory [2], there has been considerable debate about the demarcation between these two cognitive levels. Despite ongoing discussions, one consensus principle to differentiate them is whether it involves information and abilities beyond the given content [3]. Consequently, we categorize tasks involving information extraction (which ensures that the output information is faithfully extracted from the input text) as Understanding. It is worth noting that the Knowledge Understanding (KU) level is not limited to information extraction; it also includes the ability of conceptual abstraction, as seen in our investigated task COPEN. Under this criterion, if a reading comprehension question requires only knowledge from the text, we would classify it as a KU task. Once it involves more complex background knowledge and reasoning, it might lean more towards a Knowledge Application (KA) task. Ref: [1] Krathwohl D R. A revision of Bloom's taxonomy: An overview[J]. Theory into practice, 2002, 41(4): 212-218. [2] Forehand M. Bloom's taxonomy: Original and revised[J]. Emerging perspectives on learning, teaching, and technology, 2005, 8: 41-44. [3] Wilson L O. Anderson and Krathwohl Bloom’s taxonomy revised understanding the new version of Bloom’s taxonomy[J]. The Second Principle, 2016, 1(1): 1-8. - Q2: *Benchmark on emerging corpora is a great idea and it is quite encouraging to see the authors promised to refresh the benchmark regularly. However, it is not clear how to maintain such benchmark in the long term. As the time goes by, some evolving benchmark is no longer most up-to-date, how to handle the benchmark data? How would this evolving benchmark interact with the known dataset?* As stated in Section 2 of our paper, we are committed to updating our evaluation for at least six seasons. After this, we will further extend tasks to introduce new versions of KoLA. The data for every new season will be up-to-date to ensure the test data is not leaked, maintaining the relative fairness of the evaluation. For the ended seasons, we do not plan to add them to the known set immediately. Instead, they will be publicly released after the completion of six seasons, and a retrospective analysis of all past seasons will be conducted. The primary workload for running a new season includes collecting and annotating new data, constructing a new list of models, and publishing evaluation results. To host these tasks, we have established a maintenance team and carefully controlled costs. This includes adding a large amount of automated pre-annotation (as described in Appendix B) and controlling the size of the evaluation set. As mentioned in our discussion with reviewer 1m8m, we expect the cost of every season will be under USD 2,000. Therefore, we are confident to fulfill the committed maintenance and we also welcome contributions from the community.

Thank you for investing your time and expertise in reviewing our work. We are grateful for your recognition of our efforts in the design of framework and the evolving tests, and we are delighted to clarify the concerns and answer the questions you raised. - *The paper said that ""Comparing the second-season results with the first season, the rankings of most open-source models have declined"" but Table 2 and Table 3 seem to show results of four levels of the same season.* Due to space constraints, we placed the complete results of the first season in Appendix E.2. In the content, we primarily present the results of the second season (the latest season at the time of submission) and its comparison to the first season, which is reflected in the Rank column for each level. - *Why COPEN and 2wikiMultiQA are also considered as exclusive?* To ensure the reliability of our evaluation, we reached out to the authors of several works, including COPEN and 2WikiMutiQA, at the very beginning of our project. We obtained their **unpublished held-out test sets** for evaluation in KoLA. As explained in the caption of Table 1, “Exclusive tasks mean their test sets are newly developed or sponsored by the original authors and were not publicly disclosed.” Based on this criterion, we labeled these tasks as “Exclusive.” - *How the knowledge is designed in Figure 2 to apply self contrast metric please?* To more clearly demonstrate the evaluation process of the knowledge creation task, here we use the example in Figure 2 for a detailed explanation. The process can be divided into three main steps: First, the model to be evaluated generates a completion $T$ using only the context $C$ (The Battle of Evesham marked the defeat of Simon de Montfort...), allowing it to freely create content. Second, the model uses both the context $C$ and event knowledge $K$ (i.e., the structured content in the middle part of the figure) as inputs, to generate the other completion $T_{k}$. Third, by contrasting the model's generated results $T$ and $T_{k}$ under these two conditions, we can calculate the rationality of the model's event knowledge creation, $\partial \left( T, T_{k} \right)$ (its ability to freely create subsequent event knowledge, e.g., *Prince Edward’s Escape*). Together with the other two contrast metrics, this comparison ultimately leads to the scoring of the knowledge creation level. We hope this explanation can further aid your understanding of the paper. - *One of the potential strength of the paper is to analyse the results on the fresh data of each season that the paper claims; however, we don't find such results in the current version.* We analyzed the results on evolving tasks compared with known tasks in Section 3 (the second point of “Design Analysis”), which shows that the known-evolving performance gap is closer at the higher levels, indicating that the high-level abilities are more generalizable. We totally agree that a thorough analysis on evolving data is essential. We plan to execute a retrospective diachronic analysis after completing the first phase (six seasons as planned) and hope to have intriguing findings. - *Meanwhile, the paper draws some conclusions (the ones related to knowledge) that don't seem to be part of the contributions of this particular paper.* We believe that the experimental conclusions of this paper can provide contributions in two key aspects. First, the analysis upon a Bloom’s cognitive taxonomy, a rather unique aspect of this paper, offers a new perspective in analyzing the knowledge capabilities of LLMs. Second, although some speculations about model performance, such as the alignment tax, have been widely discussed, our results provide new experimental support for these speculations. As other reviewers have mentioned, although some conclusions might not be novel, the evaluation results provided by this framework are valuable. Additionally, KoLA, as a long-term maintained benchmark, can be utilized to observe whether these issues show improvement in the future. **[Final Remark]** Thank you again for reviewing our paper and for the pleased comments. We hope that our response and clarification have addressed your questions and concerns. We sincerely invite you to engage with us if you have more questions."	"Thank you for your valuable feedback. We are greatly delighted to note your recognition of the contributions our paper makes in terms of data, evaluation design, and results analysis. We are happy to address the questions you’ve raised. - *I would have liked to see the human evaluation results in the main part of the paper. It would strengthen the analysis.* Adding the human evaluation to the main text is indeed a good suggestion. However, due to the constraints of length, we attempted but failed to include the results of human evaluation and its background in the content. In our revised paper, we have further highlighted this part (in Section 3), with the aim of directing readers' attention to the corresponding appendix. - *Do authors discuss the costs involved with these studies for both seasons?* This is a valuable concern. To sustain the project over the long term, we have kept the budget for each season below USD 2,000. Generally, each season’s expenditure comprises two main parts: 1) the cost of data annotation, and 2) the expenses for model deployment and API calls. The data annotation includes labeling knowledge triples and event arguments. As introduced in Appendix B, to reduce the difficulty and cost of annotation, we have pre-labeled the collected text automatically, allowing annotators to focus on the core tasks. Overall, each season requires approximately USD 660-700 for triple annotation and USD 400-420 for event annotation. Due to the scale of the KoLA test sets, the costs for model deployment and API calls have been kept within an acceptable range. The deployment expenses, estimated from GPU usage time, are approximately USD 200-240, while the API incurs an additional cost of USD 150-180. Overall, for the two seasons completed thus far, the costs have not exceeded USD 1,600 per season. With the anticipated increase in the number of models in future seasons, we believe that a budget of USD 2,000 per season should be sufficient to maintain the normal operation of the project. **[Final Remark]** Thank you once again for recognizing our work and offering invaluable suggestions for improvement. Please feel invited to leave more comments in case you have additional questions.

Thank you for investing your time and expertise in reviewing our work. We are grateful for your recognition of our efforts in the design of framework and the evolving tests, and we are delighted to clarify the concerns and answer the questions you raised. - *The paper said that ""Comparing the second-season results with the first season, the rankings of most open-source models have declined"" but Table 2 and Table 3 seem to show results of four levels of the same season.* Due to space constraints, we placed the complete results of the first season in Appendix E.2. In the content, we primarily present the results of the second season (the latest season at the time of submission) and its comparison to the first season, which is reflected in the Rank column for each level. - *Why COPEN and 2wikiMultiQA are also considered as exclusive?* To ensure the reliability of our evaluation, we reached out to the authors of several works, including COPEN and 2WikiMutiQA, at the very beginning of our project. We obtained their **unpublished held-out test sets** for evaluation in KoLA. As explained in the caption of Table 1, “Exclusive tasks mean their test sets are newly developed or sponsored by the original authors and were not publicly disclosed.” Based on this criterion, we labeled these tasks as “Exclusive.” - *How the knowledge is designed in Figure 2 to apply self contrast metric please?* To more clearly demonstrate the evaluation process of the knowledge creation task, here we use the example in Figure 2 for a detailed explanation. The process can be divided into three main steps: First, the model to be evaluated generates a completion $T$ using only the context $C$ (The Battle of Evesham marked the defeat of Simon de Montfort...), allowing it to freely create content. Second, the model uses both the context $C$ and event knowledge $K$ (i.e., the structured content in the middle part of the figure) as inputs, to generate the other completion $T_{k}$. Third, by contrasting the model's generated results $T$ and $T_{k}$ under these two conditions, we can calculate the rationality of the model's event knowledge creation, $\partial \left( T, T_{k} \right)$ (its ability to freely create subsequent event knowledge, e.g., *Prince Edward’s Escape*). Together with the other two contrast metrics, this comparison ultimately leads to the scoring of the knowledge creation level. We hope this explanation can further aid your understanding of the paper. - *One of the potential strength of the paper is to analyse the results on the fresh data of each season that the paper claims; however, we don't find such results in the current version.* We analyzed the results on evolving tasks compared with known tasks in Section 3 (the second point of “Design Analysis”), which shows that the known-evolving performance gap is closer at the higher levels, indicating that the high-level abilities are more generalizable. We totally agree that a thorough analysis on evolving data is essential. We plan to execute a retrospective diachronic analysis after completing the first phase (six seasons as planned) and hope to have intriguing findings. - *Meanwhile, the paper draws some conclusions (the ones related to knowledge) that don't seem to be part of the contributions of this particular paper.* We believe that the experimental conclusions of this paper can provide contributions in two key aspects. First, the analysis upon a Bloom’s cognitive taxonomy, a rather unique aspect of this paper, offers a new perspective in analyzing the knowledge capabilities of LLMs. Second, although some speculations about model performance, such as the alignment tax, have been widely discussed, our results provide new experimental support for these speculations. As other reviewers have mentioned, although some conclusions might not be novel, the evaluation results provided by this framework are valuable. Additionally, KoLA, as a long-term maintained benchmark, can be utilized to observe whether these issues show improvement in the future. **[Final Remark]** Thank you again for reviewing our paper and for the pleased comments. We hope that our response and clarification have addressed your questions and concerns. We sincerely invite you to engage with us if you have more questions.

Thank you for dedicating your time and effort to review our work, and for acknowledging our overall design, experimental analysis, and writing. We are glad to answer the questions you've raised. - Q1: *The paper identified four knowledge capabilities. It is clear on knowledge memorization and knowledge creation. However, it is vague to distinguish knowledge understanding and knowledge application. Take knowledge understanding as an example, would reading comprehension a task of knowledge understanding or knowledge attention? Why knowledge understanding only has extraction tasks?* This is a valuable question, and we are pleased to discuss it with you. In Bloom's Cognitive Taxonomy [1], *Understanding* can be described as ”Determining the meaning of instructional messages“, typically involving actions like “Explain, Summarize.” *Applying* is described as “Carrying out or using a procedure in a given situation”, generally including actions such as 'Implement, Execute’. Indeed, since the revision of Bloom's theory [2], there has been considerable debate about the demarcation between these two cognitive levels. Despite ongoing discussions, one consensus principle to differentiate them is whether it involves information and abilities beyond the given content [3]. Consequently, we categorize tasks involving information extraction (which ensures that the output information is faithfully extracted from the input text) as Understanding. It is worth noting that the Knowledge Understanding (KU) level is not limited to information extraction; it also includes the ability of conceptual abstraction, as seen in our investigated task COPEN. Under this criterion, if a reading comprehension question requires only knowledge from the text, we would classify it as a KU task. Once it involves more complex background knowledge and reasoning, it might lean more towards a Knowledge Application (KA) task. Ref: [1] Krathwohl D R. A revision of Bloom's taxonomy: An overview[J]. Theory into practice, 2002, 41(4): 212-218. [2] Forehand M. Bloom's taxonomy: Original and revised[J]. Emerging perspectives on learning, teaching, and technology, 2005, 8: 41-44. [3] Wilson L O. Anderson and Krathwohl Bloom’s taxonomy revised understanding the new version of Bloom’s taxonomy[J]. The Second Principle, 2016, 1(1): 1-8. - Q2: *Benchmark on emerging corpora is a great idea and it is quite encouraging to see the authors promised to refresh the benchmark regularly. However, it is not clear how to maintain such benchmark in the long term. As the time goes by, some evolving benchmark is no longer most up-to-date, how to handle the benchmark data? How would this evolving benchmark interact with the known dataset?* As stated in Section 2 of our paper, we are committed to updating our evaluation for at least six seasons. After this, we will further extend tasks to introduce new versions of KoLA. The data for every new season will be up-to-date to ensure the test data is not leaked, maintaining the relative fairness of the evaluation. For the ended seasons, we do not plan to add them to the known set immediately. Instead, they will be publicly released after the completion of six seasons, and a retrospective analysis of all past seasons will be conducted. The primary workload for running a new season includes collecting and annotating new data, constructing a new list of models, and publishing evaluation results. To host these tasks, we have established a maintenance team and carefully controlled costs. This includes adding a large amount of automated pre-annotation (as described in Appendix B) and controlling the size of the evaluation set. As mentioned in our discussion with reviewer 1m8m, we expect the cost of every season will be under USD 2,000. Therefore, we are confident to fulfill the committed maintenance and we also welcome contributions from the community."			"{""disagreement"": 1.0, ""mixed_signals"": 1.0, ""response_count"": 3, ""density"": 2.0, ""primary_label"": ""partially_fixed"", ""secondary_label"": ""fixed""}"
6.078	kmn0BhQk7p__r02	ICLR.cc/2024/Conference	Beyond Memorization: Violating Privacy via Inference with Large Language Models	structured_v6	fixed	modernbert_v6	partially_fixed	"[weaknesses] 1. Some experiment setups should be justified. For some attributes (e.g., MSE for age), accuracy is not the correct metric. 2. Using sensitive topics and need additional ethics review. For example, whether the study is IRB approved? 3. Quality checks of the synthetic data generation is missing. In the paper, the author fails to mention what types of quality checks they performed on the collected synthetic data, weakening the soundness of the paper. Minor: 1. Typos: Mititgations -> Mitigations, exampels -> examples

[questions] Please provide a response to the weaknesses mentioned above.

[summary] The paper presents the privacy risks of LLM to infer personal attributes from user-written text. Empirical results show that the current LLM can infer a wide range of personal attributes from text with proper prompts."	"We thank the reviewer for their feedback and will respond to the raised questions below. **Q2.1: Can you explain your choice of metrics / experiment design better? Why did you use accuracy for age?** Certainly, and we also improved the respective section in the paper. In particular, we did not use MSE for our age prediction experiments as we required a metric that (1) allowed both concrete ages and age ranges (and combinations) as inputs and (2) could be aggregated with our other metrics. A common choice in prior works, including privacy [1] and age estimation [2,3], is to evaluate accuracy based on a thresholding criterion. This was also done in, e.g., past PAN competitions [4], where age prediction accuracy was computed on discrete target ranges. We agree with the reviewer that these choices need to be made more explicit in the paper, which we have accounted for in our updated version uploaded alongside this rebuttal answer. **Q2.2: Did you have ethical considerations before publishing the work?** Yes, hence our decision not to publish any annotated profiles (and only release synthetic examples). We also proactively contacted all major LLM providers in the study to inform them of potential risks (and offering active conversations) before making any draft of our manuscript public. Concerning the dataset itself, we want to note that we only used public comments that are already available in a pre-existing dataset on HuggingFace (in particular, we did not scrape them). The used dataset [5] and (contained) Reddit comments have been extensively used in prior research [6,7,8,9,10]. Given these precautions and our decision not to disclose our annotations, we determined that an IRB review was not necessary. Overall, we share the reviewer's intuition on the ethical and privacy concerns of our findings, which we believe to have addressed to the maximum extent within our means. We also believe that one of the most important contributions we as privacy researchers can make is revealing such vulnerabilities, which ultimately allows for patching them, prohibiting malicious actors from silently exploiting vulnerabilities. **Q2.3: Which steps were taken to ensure the quality of the synthetic examples?** We refer to our answer of CQ2 in the common section. In particular, all synthetic examples were manually inspected by the same human labelers as the PersonalReddit dataset to ensure that hardness levels across attributes are aligned with what has been observed there. This also included re-adjusting hardness scores or completely removing individual samples. [1] Mark Vero, Mislav Balunović, Dimitar I. Dimitrov, Martin Vechev: “TabLeak: Tabular Data Leakage in Federated Learning”, 2022; arXiv:2210.01785. [2] Morgan-Lopez AA, Kim AE, Chew RF, Ruddle P (2017) Predicting age groups of Twitter users based on language and metadata features. PLOS ONE 12(8): e0183537. https://doi.org/10.1371/journal.pone.0183537 [3] Levi, Gil, and Tal Hassner. ""Age and gender classification using convolutional neural networks."" Proceedings of the IEEE conference on computer vision and pattern recognition workshops. 2015. [4] Rosso, Paolo, et al. ""Overview of PAN’16: new challenges for authorship analysis: cross-genre profiling, clustering, diarization, and obfuscation."" Experimental IR Meets Multilinguality, Multimodality, and Interaction: 7th International Conference of the CLEF Association, CLEF 2016, Évora, Portugal, September 5-8, 2016, Proceedings 7. Springer International Publishing, 2016. [5] Baumgartner, Jason, et al. ""The pushshift reddit dataset."" Proceedings of the international AAAI conference on web and social media. Vol. 14. 2020. [6] Medvedev, Alexey N., Renaud Lambiotte, and Jean-Charles Delvenne. ""The anatomy of Reddit: An overview of academic research."" Dynamics On and Of Complex Networks III: Machine Learning and Statistical Physics Approaches 10 (2019): 183-204. [7] Finlay, S. Craig. ""Age and gender in Reddit commenting and success."" (2014). [8] Hada, Rishav, et al. ""Ruddit: Norms of offensiveness for English Reddit comments."" arXiv preprint arXiv:2106.05664 (2021). [9] Turcan, Elsbeth, and Kathleen McKeown. ""Dreaddit: A reddit dataset for stress analysis in social media."" arXiv preprint arXiv:1911.00133 (2019). [10] Proferes, Nicholas, et al. ""Studying reddit: A systematic overview of disciplines, approaches, methods, and ethics."" Social Media+ Society 7.2 (2021): 20563051211019004.

We thank the reviewer for their feedback and will respond to the raised questions below. **Q3.1: Can you clarify the creation of the synthetic examples?** Certainly, while we refer to our answer to CQ2 in the common section for a more detailed description, we will briefly summarize it here. In particular, we created over 1000 single-round conversations (across all hardness levels), each consisting of one question to set a random topic and one answer. Both the question and the answer were generated by separate LLM instances grounded in PersonalReddit examples whenever possible. We note that we had a separate grounding for each combination of attribute and hardness (40 in total) for each LLM. We then manually reviewed the answers given as to whether they revealed the respective attribute at the targeted hardness level, adjusting hardness levels or completely removing examples accordingly. **Q3.2: What are the chances that the ACS dataset has been memorized in the ablation experiment?** Memorization is hard to evaluate, and it is certainly possible that traces of the ACS dataset have been part of the training data. However, following recent literature [1] on memorization, we do not believe that our examples were memorized as (1) We did not use the representation in which ACS is commonly available on the internet (instead transforming it into new textual prompts) and (2) it being unlikely that the ACS was in the training data a large number of times. Further, we inspected several of the inferences and their corresponding reasonings made by the model, ensuring that they are sensible and self-contained. That said, the model has to have seen census data to make such inferences. However, this should not be categorized as (verbatim) memorization but rather as knowledge available to the model. **Q3.3: How does memorization impact the inference results presented in this paper? What is the subreddit prediction performance** Similar to the previous question, we believe (and tested following the Sota benchmark format) that no memorization occurred as part of the inferences. We further inspected many of the LLM inferences manually and can attest them to be reasonable and self-contained. We note that subreddit prediction is a problematic measurement of memorization as comments can contain phrases, e.g., “Ugh, I hate people here in r/relationships sometimes, you all …”, or specific topics (e.g., finances in /r/personalfinance) that enable direct inferences without memorization. Some works even directly treat the subreddit as a (supervised) prediction target for accuracy measurements [2, 3]. **Q3.4: Do you release the prediction performance on the synthetic examples?** Yes, we release the predictions of GPT-4 (the strongest baseline) for all our synthetic examples alongside our code, and we additionally report the overall accuracy and the per-hardness accuracy in App. F. **Q3.5: What is the baseline in Fig.25?** As given in the text, the baseline is a naive majority class baseline classifier that directly predicts the majority for each respective attribute (over the entire training data). We have improved the writing in this section, making this point clearer. [1] Carlini, Nicholas, et al. ""Quantifying memorization across neural language models."" arXiv preprint arXiv:2202.07646 (2022). [2] Shejwalkar, Virat, et al. ""Membership inference attacks against nlp classification models."" NeurIPS 2021 Workshop Privacy in Machine Learning. 2021. [3] Giel, Andrew, Jonathan NeCamp, and Hussain Kader. ""CS 229: r/Classifier-Subreddit Text Classification."" (2015).

**CQ2: How were the synthetic samples created and how did we ensure their quality?** The overall framework for the synthetic example creation builds on the malicious chatbot scenario. Concretely, we created investigator bots (IBs) and user bots (UBs), and allowed the investigator bot to ask a single question which was answered by the user bot. Here, the answer of the user bot constitutes the synthetic example. In more detail, we took the following steps (outlined in App. F): First, we created 40 system prompts for both our IB and UB, each corresponding to one of the 8 attributes and 5 hardness levels. Whenever available, these system prompts are grounded in real-world examples from PersonalReddit. Otherwise, they were manually crafted to reflect the hardness levels observed (we show the template in App. H). To mimic users, we first generated 40 user profile dictionaries using GPT-4 with the same specified attributes as the ones examined in PR, and then used these dictionaries to create a free-text user description system prompt for the user bot to elucidate a behavior appropriate for the given attributes. We then generated over 1000 single-round conversations (across all hardness levels), each consisting of one question by the IB to set a random topic and the answer by the UB (protecting a specific attribute at a given hardness level). To ensure that the hardness ratings are well aligned with our PersonalReddit observations, we manually reviewed all UB responses, adjusting hardness scores (or removing examples completely). We then tested GPT-4 (the most capable model in prior experiments) on the synthetic examples, reporting the numbers in App. F. The goal of the synthetic examples is not to be a drop-in replacement synthetic dataset for PersonalReddit (measuring the quality of synthetic text datasets is significantly less clear [2][3] than on, e.g., tabular data) but to give the community a set of examples that are qualitatively aligned across hardness levels and attributes with what (the same) human labelers have seen in the PersonalReddit. [2] Hämäläinen, Perttu, Mikke Tavast, and Anton Kunnari. ""Evaluating large language models in generating synthetic hci research data: a case study."" Proceedings of the 2023 CHI Conference on Human Factors in Computing Systems. 2023. [3] Liu, Chia-Wei, et al. ""How not to evaluate your dialogue system: An empirical study of unsupervised evaluation metrics for dialogue response generation."" arXiv preprint arXiv:1603.08023 (2016)."	"We thank the reviewer for their feedback and will respond to the raised questions below. **Q4.1: The labeling procedure should include multiple labels for each profile.** We agree with the reviewer that multiple labels for each profile are an optimal solution. At the same time, labeling the profiles is very expensive (as highlighted in the paper). Since then we have cross-labeled $\sim$25% of the dataset. From this, we found that labelers agree on >90% (222 of 246 attributes) of the labels that both reviewers reported a certainty of at least 3 (i.e., the setting used in the paper). Out of the non-aligned 24 examples, we found only 7 ($\sim$3%) with strong disagreement (e.g., no relation vs. in relation), while the rest were all either less precise (""Boston"" vs. ""Massachusetts"") or very close within a neighboring category (e.g., ""divorced"" vs. ""no relation""). Empirically, we found that such adjacent cases are commonly accounted for in LLMs' top-2 and top-3 accuracies. We added these results to the paper to improve the clarity on the issue. On the 222 labels where both reviewers agreed, GPT-4 has a Top-{1,2,3} accuracy of 92.7%, 98.1%, and 99.09%, respectively. We also thank the reviewer for spotting an issue in the synthetically created sample. We introduced this error while writing some synthetic examples by hand, and it has been carried forward. We have corrected this in the updated version of the submission. **Q4.2: How did we get the cost and time estimates of 100x and 240x respectively.** We refer to our answer of CQ1 in the common section. In particular, we compare the estimated time it would take a single human labeler to go through PersonalReddit (as measured by the time it took us) and compare it with the realized runtime of our inference script using GPT-4. From this, we also derive the cost savings by assuming an hourly labeling wage of 20 USD. Since our study, OpenAI both increased rate limitations by 2x and decreased cost on newer versions of GPT-4 by roughly 3x, which in practice would favor LLMs even more.

We thank the reviewer for their feedback and will respond to the raised questions below. **Q2.1: Can you explain your choice of metrics / experiment design better? Why did you use accuracy for age?** Certainly, and we also improved the respective section in the paper. In particular, we did not use MSE for our age prediction experiments as we required a metric that (1) allowed both concrete ages and age ranges (and combinations) as inputs and (2) could be aggregated with our other metrics. A common choice in prior works, including privacy [1] and age estimation [2,3], is to evaluate accuracy based on a thresholding criterion. This was also done in, e.g., past PAN competitions [4], where age prediction accuracy was computed on discrete target ranges. We agree with the reviewer that these choices need to be made more explicit in the paper, which we have accounted for in our updated version uploaded alongside this rebuttal answer. **Q2.2: Did you have ethical considerations before publishing the work?** Yes, hence our decision not to publish any annotated profiles (and only release synthetic examples). We also proactively contacted all major LLM providers in the study to inform them of potential risks (and offering active conversations) before making any draft of our manuscript public. Concerning the dataset itself, we want to note that we only used public comments that are already available in a pre-existing dataset on HuggingFace (in particular, we did not scrape them). The used dataset [5] and (contained) Reddit comments have been extensively used in prior research [6,7,8,9,10]. Given these precautions and our decision not to disclose our annotations, we determined that an IRB review was not necessary. Overall, we share the reviewer's intuition on the ethical and privacy concerns of our findings, which we believe to have addressed to the maximum extent within our means. We also believe that one of the most important contributions we as privacy researchers can make is revealing such vulnerabilities, which ultimately allows for patching them, prohibiting malicious actors from silently exploiting vulnerabilities. **Q2.3: Which steps were taken to ensure the quality of the synthetic examples?** We refer to our answer of CQ2 in the common section. In particular, all synthetic examples were manually inspected by the same human labelers as the PersonalReddit dataset to ensure that hardness levels across attributes are aligned with what has been observed there. This also included re-adjusting hardness scores or completely removing individual samples. [1] Mark Vero, Mislav Balunović, Dimitar I. Dimitrov, Martin Vechev: “TabLeak: Tabular Data Leakage in Federated Learning”, 2022; arXiv:2210.01785. [2] Morgan-Lopez AA, Kim AE, Chew RF, Ruddle P (2017) Predicting age groups of Twitter users based on language and metadata features. PLOS ONE 12(8): e0183537. https://doi.org/10.1371/journal.pone.0183537 [3] Levi, Gil, and Tal Hassner. ""Age and gender classification using convolutional neural networks."" Proceedings of the IEEE conference on computer vision and pattern recognition workshops. 2015. [4] Rosso, Paolo, et al. ""Overview of PAN’16: new challenges for authorship analysis: cross-genre profiling, clustering, diarization, and obfuscation."" Experimental IR Meets Multilinguality, Multimodality, and Interaction: 7th International Conference of the CLEF Association, CLEF 2016, Évora, Portugal, September 5-8, 2016, Proceedings 7. Springer International Publishing, 2016. [5] Baumgartner, Jason, et al. ""The pushshift reddit dataset."" Proceedings of the international AAAI conference on web and social media. Vol. 14. 2020. [6] Medvedev, Alexey N., Renaud Lambiotte, and Jean-Charles Delvenne. ""The anatomy of Reddit: An overview of academic research."" Dynamics On and Of Complex Networks III: Machine Learning and Statistical Physics Approaches 10 (2019): 183-204. [7] Finlay, S. Craig. ""Age and gender in Reddit commenting and success."" (2014). [8] Hada, Rishav, et al. ""Ruddit: Norms of offensiveness for English Reddit comments."" arXiv preprint arXiv:2106.05664 (2021). [9] Turcan, Elsbeth, and Kathleen McKeown. ""Dreaddit: A reddit dataset for stress analysis in social media."" arXiv preprint arXiv:1911.00133 (2019). [10] Proferes, Nicholas, et al. ""Studying reddit: A systematic overview of disciplines, approaches, methods, and ethics."" Social Media+ Society 7.2 (2021): 20563051211019004.

We thank all reviewers for their helpful feedback and will address raised concerns individually under each review. Questions asked by multiple reviewers will be also answered in the common section below (and referred to in the individual responses). In response to the feedback, we have made the following changes to the submission: Included an additional appendix section for the speedup calculation. Improved the clarity of the baseline in the ACS experiments. Included numbers and descriptions of the cross-labeling procedure. Fixed syntax and grammar as pointed out by reviewers. Adapted the synthetic example to be consistent. **CQ1: Can you explain how you arrived at the 100x lower cost and 240x lower time estimates?** Certainly! Please note that the numbers compare a single human labeling the entire dataset vs. a single human running exactly our inference script (which can run multiple instances of GPT-4, a realistic scenario in case a malicious actor wants to infer personal attributes at scale). In case we compare the individual time taken for a single profile, we find that GPT-4 usually takes around 5-20 seconds while human labelers take a few minutes for an average length profile (this includes, e.g., searching information online). With respect to the concrete numbers, we made the following estimation: PersonalReddit was labeled by two humans (authors of the paper). This took around a whole week (i.e., 7 days), with both people working on it around 8 hours per day. Note that some of the profiles in the dataset can be quite long (our cutoff of 3000 tokens corresponds to roughly 4.5 single-line spaced pages of text). In particular, when labelers had to combine multiple pieces of information over long profiles, including internet searches, some individual profiles could take more than 30 minutes each. However, we agree with reviewer R-buQH that we became slightly faster in our labeling after seeing more samples. Yet, in a practical setting, such training of human labelers also increases upfront costs. In contrast, we could run the actual inference for all profiles in GPT-4 in around 27.5 minutes (at a cost of ~20 USD), leading to a total speedup of (112*60/27.5 = 244.36). For this, we used (only) 8 parallel workers to reduce the number of rate limit timeouts. Cost-wise, we assumed a standard rate of 20 USD per hour for human labeling, yielding a total cost of roughly 2250 USD, which is ~100x of GPT-4. At this point, it is important to reiterate that the bottleneck for the GPT-4 evaluation was the OpenAI rate limit. With an increase of this limit (as recently announced [1]), the inference speed-up scales linearly, reaching around 20 seconds (the longest individual inference time we observed for a single profile) in the limit for the whole dataset. Similarly, the prices for GPT-4 (Turbo) inferences have been cut by roughly 3x just last week, skewing the price comparison further in the LLM's favor. Based on the reviewer's feedback, we clarified both the numbers and reasoning in the paper. [1] https://openai.com/blog/new-models-and-developer-products-announced-at-devday"			"{""disagreement"": 1.0, ""mixed_signals"": 1.0, ""response_count"": 3, ""density"": 1.6958333333333333, ""primary_label"": ""fixed"", ""secondary_label"": ""partially_fixed""}"
6.200	wkbeqr5XhC__r03	ICLR.cc/2024/Conference	LUM-ViT: Learnable Under-sampling Mask Vision Transformer for Bandwidth Limited Optical Signal Acquisition	structured_v6	partially_fixed	modernbert_v6	fixed	"[weaknesses] (i) The detailed formulations for DMD are missing, which is confusing. More explanations are required. (ii) Code and pre-trained weights are not submitted. The reproducibility of this work cannot be checked. (iii) The multi-stage training pipeline is tedious, which makes the whole technical route unreliable. What's worse, the finetuning details about stage 3 are missing. Other researchers cannot re-implement this complex approach. (iv) The writing should be further improved, especially the mathematical notations in Section 3.3. The formula for binary compression is not formal. (v) The experiments are not sufficient and many critical comparisons are missing. For example, the backbone is ViT variants. However, the ViT is very computationally expensive because its computational complexity is quadratic to the input spatial size. This also embeds the real-time applications of HSI processing. In contrast, MST [1] or MST++ [2] are specially designed for HSI processing. They treat spectral feature maps as a token to capture the interdependencies between spectra with different wavelengths. Most importantly, they are very efficient with linear computational complexity regarding spatial resolution. Thus, it is better to add a comparison with the spectral Transformer in Figure 5. (vi) The binarization mechanism is out of fashion. BiSCI [3] provides a specially designed binarized convolution unit BiSR-conv block to process HSI data cubes. It is also better to add a comparison with this new technique. [1] Mask-guided Spectral-wise Transformer for Efficient Hyperspectral Image Reconstruction. In CVPR 2022. [2] MST++: Multi-stage Spectral-wise Transformer for Efficient Spectral Reconstruction. In CVPRW 2022, NTIRE 2022 Winner in Spectral Recovery. [3] Binarized Spectral Compressive Imaging. In NeurIPS 2023.

[questions] The technical route and core idea in this paper is to accelerate the HSI processing, which is similar to Coded Aperture Spectral Snapshot Imaging (CASSI). Could you please analyze the differences, advantages, and disadvantages of these two systems?

[summary] The proposed method of this paper is LUM-ViT, a learnable under-sampling mask vision transformer for bandwidth-limited optical signal acquisition. It is a novel approach that utilizes deep learning and prior information to reduce acquisition volume and optimize for optical calculations. The methodology unfolds in two primary stages: training from pre-trained models in a solely electronic domain using existing datasets, followed by inference to evaluate model performance, and assessing the real-world performance of LUM-ViT with a DMD signal acquisition system. During acquisition, target information undergoes a single instance of DMD optical modulation before capture, and then is funneled into the electronic system for further processing."	"--- > **W-5: The experiments are not sufficient and many critical comparisons are missing. For example, the backbone is ViT variants. However, the ViT is very computationally expensive because its computational complexity is quadratic to the input spatial size. This also embeds the real-time applications of HSI processing. In contrast, MST or MST++ are specially designed for HSI processing. They treat spectral feature maps as a token to capture the interdependencies between spectra with different wavelengths. Most importantly, they are very efficient with linear computational complexity regarding spatial resolution. Thus, it is better to add a comparison with the spectral Transformer in Figure 5.** --- **REPLY**:We greatly appreciate your recommendation of the MST and MST++ works. These studies indeed offer significant insights that can aid our research. Improving the efficiency of signal acquisition is a key aspect of enhancing the real-time capabilities of hyperspectral imaging systems. In our work, the DMD signal acquisition system's primary time-consuming factor is the signal acquisition process. Therefore, our focus has been on enhancing signal acquisition efficiency, which directly translates to achieving lower undersampling rates in our experiments. While MST and MST++ are commendable for their efficiency in processing hyperspectral data, their focus is primarily on data processing efficiency. Our experiments, however, are centered on evaluating performance under low undersampling rates. This difference in focus means that a direct comparison with MST and MST++ might not fully align with the specific objectives of our study. In Figure 5, we have chosen to compare methods that utilize learnable masks on patches, as with LUM-ViT, to more effectively validate our mask strategy. We acknowledge the significance of MST and MST++ in their respective areas, although their designs differ from the scope of our experiments. Nevertheless, we recognize the importance of these works and the role they play in advancing data processing speed, a key direction for improving system real-time capabilities. We have introduced MST and MST++ in the introduction of our manuscript as significant references for future exploration. Regarding the concern about the sufficiency of experiments, we have added experiments with Random-mask-ViT and Mag-mask-ViT as baseline methods to validate the effectiveness of our learnable mask strategy. These results are presented in Figure 4 and detailed in Section B of the Appendix. Additionally, we have included classification experiments on three hyperspectral remote sensing datasets to further validate LUM-ViT's capabilities in processing actual hyperspectral data. These experiments are presented in the newly added subsection 'The Hyperspectral Image Classification Experiments' and detailed in Section A of the Appendix. --- > **W-6: The binarization mechanism is out of fashion. BiSCI provides a specially designed binarized convolution unit BiSR-conv block to process HSI data cubes. It is also better to add a comparison with this new technique.** --- **REPLY**:We are grateful for your suggestion regarding the BiSCI work, which offers innovative approaches to the binarization process in models. The use of the Tanh function in this work is particularly inspiring and provides valuable insights for our research. We recognize that there have been significant advancements in binarization strategies recently, indicating substantial progress in this field. Our method primarily focuses on the design and experimental validation of the learnable mask. Given that DMD can only perform binary on/off modulation, we employed binarization techniques to adapt to DMD-based computing. Binarization, while not the central focus of our approach, was implemented using a basic binarization method due to this requirement. We understand that improved binarization techniques can enhance training stability. In future work, exploring more effective binarization strategies will be a priority for us. The binarization strategy used in BiSCI, particularly intriguing to us, is mentioned in the subsection 'Kernel-level weight binarization'. We see great potential in incorporating such innovative techniques into our future research to further improve our model's performance.

--- > **Q-1: The technical route and core idea in this paper is to accelerate the HSI processing, which is similar to Coded Aperture Spectral Snapshot Imaging (CASSI). Could you please analyze the differences, advantages, and disadvantages of these two systems?** --- **REPLY**:Your question about the similarities and differences between our approach and Coded Aperture Spectral Snapshot Imaging (CASSI) is intriguing. The primary distinction lies in the hardware systems used. Our system employs a DMD signal acquisition system, which is detailed in Section D of the Appendix. This system captures signals using a spectrometer with high spectral resolution, in our case, 2048 spectral channels. However, a spectrometer can only capture single-point pixel information at a time, requiring the DMD to reflect different areas of the target object to the spectrometer with various masks. This process, if done point-by-point, is time-consuming. Originally, this system was mainly used in single-pixel imaging based on compressed sensing principles, to reduce the number of required samplings. In contrast, the CASSI system superimposes information from multiple spectral channels onto a single grayscale image using a disperser and reconstructs the original image's spectral channels algorithmically based on a random mask applied before dispersion. Both systems aim to create a three-dimensional hyperspectral cube. The DMD system has a fixed spectral resolution, while CASSI has a fixed spatial resolution. Both require algorithmic optimization to acquire their respective to-be-capture dimensions. Deep learning methods can significantly contribute to this process. When using compressed sensing algorithms in the DMD system, random masks displayed on the DMD are common for signal acquisition, followed by algorithmic reconstruction. This shares similarities with the random mask usage in CASSI. In our work, we replace the random mask in the DMD system with network parameters trained through deep learning, and we speculate that this approach might also have potential in the CASSI system. Cost-wise, the primary expense in the DMD system is the DMD itself, which may be more economical compared to the CASSI system. We hope this response has addressed your question and clarified the differences, advantages, and potential of these two systems.

--- > **W-3: The multi-stage training pipeline is tedious, which makes the whole technical route unreliable. What's worse, the finetuning details about stage 3 are missing. Other researchers cannot re-implement this complex approach.** --- **REPLY**: We appreciate your concern regarding the complexity of the multi-stage training pipeline of LUM-ViT. LUM-ViT, as a binarized-full precision hybrid model, requires distinct training configurations for each precision type. The binary layer, forming the foundation of our network, significantly influences subsequent layers, particularly mask training. Our attempts to train the binary layer and mask concurrently have been unsuccessful, leading us to adopt a multi-stage training approach. We have experimented with an alternative strategy of binarizing first and then training the mask, but found that it did not yield results as effective as our current three-stage training process. Therefore, we consider the three-stage training necessary for optimal performance. Despite the appearance of complexity, the training settings for the first and third stages are essentially the same. The actual process involves inserting a training phase with a different strategy for the binary layer in the middle. The total training duration is not excessively long, encompassing only 110 epochs, with the relatively unstable second stage requiring just 10 epochs. The detailed settings of the three-stage training are presented in the following table. --- **Training Parameter settings.** | config | Stage 1-value | Stage 2-value | Stage3-value | | ----------------- | -------------------- | ------------------- | ------------------- | | optimizer | AdamW | AdamW | AdamW | optimizer momentum($\beta_1,\beta_2$)|0.9, 0.999| 0.6,0.9999 |0.9,0.999 | base learning rate| 5e-4 | 1e-4 |1e-4 | weight decay| 0.03 | 5e-5 |0.03 | batch size| 4096 | 4096 |4096 | learning rate schedule| cosine decay | cosine decay |cosine decay | warmup epochs| 5 | 1 |5 | frozen layers|none|mask|bi-conv-kernels,mask | label smoothing| 0.1 | 0.1 |0.1 | random erase| 0.25 | 0 |0.25 | mixup| 0.8 | 0 |0.8 | cutmix| 1.0 | 0 |1.0 | drop path| 0.1 | 0.1 |0.1 --- For a comprehensive understanding, we have provided detailed explanations of the three-stage training process in Section E of the Appendix. This should facilitate the replication of our approach by other researchers. --- > **W-4: The writing should be further improved, especially the mathematical notations in Section 3.3. The formula for binary compression is not formal.** --- **REPLY**:We thank you for highlighting the need for improvement in the writing, particularly regarding the mathematical notations in Section 3.3. We have thoroughly reviewed the manuscript, focusing on refining any verbose, confusing, or ambiguous expressions. Special attention was given to improving Figure 1 to enhance its clarity and intuitiveness. In Section 3.3, we have revised the explanation of the binarization process. This includes a clearer presentation of the step function and a more rigorous definition of the binarization of the weight matrix $\boldsymbol{W}$, denoted as $\boldsymbol{W}^b$. We have clarified the relationship between $\boldsymbol{W}^b$ and $\boldsymbol{\Theta}$ and refined the calculation formula for s to be more precise. Additionally, we have included the formula for computing $\boldsymbol{\theta}$ during binarization. We believe these modifications have made the content in this section more rigorous and easier to understand, addressing your concerns effectively."	"--- > **W-3: The multi-stage training pipeline is tedious, which makes the whole technical route unreliable. What's worse, the finetuning details about stage 3 are missing. Other researchers cannot re-implement this complex approach.** --- **REPLY**: We appreciate your concern regarding the complexity of the multi-stage training pipeline of LUM-ViT. LUM-ViT, as a binarized-full precision hybrid model, requires distinct training configurations for each precision type. The binary layer, forming the foundation of our network, significantly influences subsequent layers, particularly mask training. Our attempts to train the binary layer and mask concurrently have been unsuccessful, leading us to adopt a multi-stage training approach. We have experimented with an alternative strategy of binarizing first and then training the mask, but found that it did not yield results as effective as our current three-stage training process. Therefore, we consider the three-stage training necessary for optimal performance. Despite the appearance of complexity, the training settings for the first and third stages are essentially the same. The actual process involves inserting a training phase with a different strategy for the binary layer in the middle. The total training duration is not excessively long, encompassing only 110 epochs, with the relatively unstable second stage requiring just 10 epochs. The detailed settings of the three-stage training are presented in the following table. --- **Training Parameter settings.** | config | Stage 1-value | Stage 2-value | Stage3-value | | ----------------- | -------------------- | ------------------- | ------------------- | | optimizer | AdamW | AdamW | AdamW | optimizer momentum($\beta_1,\beta_2$)|0.9, 0.999| 0.6,0.9999 |0.9,0.999 | base learning rate| 5e-4 | 1e-4 |1e-4 | weight decay| 0.03 | 5e-5 |0.03 | batch size| 4096 | 4096 |4096 | learning rate schedule| cosine decay | cosine decay |cosine decay | warmup epochs| 5 | 1 |5 | frozen layers|none|mask|bi-conv-kernels,mask | label smoothing| 0.1 | 0.1 |0.1 | random erase| 0.25 | 0 |0.25 | mixup| 0.8 | 0 |0.8 | cutmix| 1.0 | 0 |1.0 | drop path| 0.1 | 0.1 |0.1 --- For a comprehensive understanding, we have provided detailed explanations of the three-stage training process in Section E of the Appendix. This should facilitate the replication of our approach by other researchers. --- > **W-4: The writing should be further improved, especially the mathematical notations in Section 3.3. The formula for binary compression is not formal.** --- **REPLY**:We thank you for highlighting the need for improvement in the writing, particularly regarding the mathematical notations in Section 3.3. We have thoroughly reviewed the manuscript, focusing on refining any verbose, confusing, or ambiguous expressions. Special attention was given to improving Figure 1 to enhance its clarity and intuitiveness. In Section 3.3, we have revised the explanation of the binarization process. This includes a clearer presentation of the step function and a more rigorous definition of the binarization of the weight matrix $\boldsymbol{W}$, denoted as $\boldsymbol{W}^b$. We have clarified the relationship between $\boldsymbol{W}^b$ and $\boldsymbol{\Theta}$ and refined the calculation formula for s to be more precise. Additionally, we have included the formula for computing $\boldsymbol{\theta}$ during binarization. We believe these modifications have made the content in this section more rigorous and easier to understand, addressing your concerns effectively.

--- > **W-1: The description of the entire system and methods is not clear and intuitive enough, and the figures are also misleading. The RGB image is used as an example in Figure 1, which does not reflect the characteristics of hyperspectral imaging.** --- **REPLY**:We acknowledge that the description of our method could have been clearer, and we appreciate your feedback highlighting this issue. We suspect the lack of clarity stemmed primarily from the insufficiently distinct introduction of the two main stages of our method: the Training Phase and the Real-World Application Phase. The Training Phase involves training and inference on electronic computing hardware, while the Real-World Application Phase involves real-world performance testing with the DMD signal acquisition system. These two phases are sequential. To address this, we have made the following modifications: 1. **Terminology**: We have capitalized the first letters of “the Training Phase” and “the Real-World Application Phase” throughout the manuscript to signify their specific importance. 2. **Preliminaries Subsection**: We have added detailed descriptions of these two phases at the beginning of the ""Preliminaries"" subsection to help readers understand the distinction and sequence clearly. 3. **Figure 1 Revision**: We realized that the original differentiation between the two phases in Figure 1, marked by grey and blue colors, was not intuitive due to the low visibility of grey. We have now changed this to green and blue for clearer distinction and added annotations directly in the figure, in addition to the caption, to explain the meaning of these colors. We also acknowledge that the initial lack of detail about the DMD hardware could have contributed to the confusion. To remedy this, we have included a comprehensive description of DMD in Section D of the Appendix. Regarding the use of an RGB image in Figure 1 and its potential for misrepresentation, we have made revisions. We now overlay the original image with its color maps under different spectral masks to represent the inclusion of information across numerous spectral channels. This modification clarifies that the image is indeed hyperspectral, with annotations added directly on the figure for emphasis. We hope these modifications adequately address the weaknesses you identified and improve the overall clarity and accuracy of our method's presentation. --- > **W-2: Lack of experiments on real hyperspectral imaging. The author has emphasized hyperspectral imaging in the introduction section, but in reality, it has not been verified using real hyperspectral images. The performance of this method in real hyperspectral imaging tasks still needs to be discussed** --- **REPLY**:Thank you for your insights regarding the scope of our experimental validation. We appreciate your point on the necessity of a broader range of tests to comprehensively assess the performance of our model, LUM-ViT, particularly in the context of hyperspectral imagery. --- **Results on HSI classification.** | Dataset | OA (%) - before mask | OA (%) - after mask | | ----------------- | -------------------- | ------------------- | | Indian Pines | 87.4 | 86.2 | | Pavia University | 89.5 | 88.6 | | Salinas | 99.4 | 99.1 | --- Recognizing the importance of diversifying our validation scenarios, we have conducted additional experiments on three widely-used hyperspectral remote sensing datasets: Indian Pines, Pavia University, and Salinas. These datasets are commonly utilized for hyperspectral pixel and region classification tasks, and we have tested LUM-ViT on these tasks. The results on these three datasets were promising, demonstrating LUM-ViT's capability in processing actual spectral data effectively. We have added a new subsection titled 'The Hyperspectral Image Classification Experiments' in the 'Experiments' section of our manuscript to report the results of LUM-ViT on these three hyperspectral datasets. Due to space constraints, details regarding the datasets and parameter adjustments for these experiments have been included in Section A of the Appendix. Once again, thank you for your insightful feedback, which has prompted us to further strengthen our manuscript with these additional experiments.

--- > **W-5: The experiments are not sufficient and many critical comparisons are missing. For example, the backbone is ViT variants. However, the ViT is very computationally expensive because its computational complexity is quadratic to the input spatial size. This also embeds the real-time applications of HSI processing. In contrast, MST or MST++ are specially designed for HSI processing. They treat spectral feature maps as a token to capture the interdependencies between spectra with different wavelengths. Most importantly, they are very efficient with linear computational complexity regarding spatial resolution. Thus, it is better to add a comparison with the spectral Transformer in Figure 5.** --- **REPLY**:We greatly appreciate your recommendation of the MST and MST++ works. These studies indeed offer significant insights that can aid our research. Improving the efficiency of signal acquisition is a key aspect of enhancing the real-time capabilities of hyperspectral imaging systems. In our work, the DMD signal acquisition system's primary time-consuming factor is the signal acquisition process. Therefore, our focus has been on enhancing signal acquisition efficiency, which directly translates to achieving lower undersampling rates in our experiments. While MST and MST++ are commendable for their efficiency in processing hyperspectral data, their focus is primarily on data processing efficiency. Our experiments, however, are centered on evaluating performance under low undersampling rates. This difference in focus means that a direct comparison with MST and MST++ might not fully align with the specific objectives of our study. In Figure 5, we have chosen to compare methods that utilize learnable masks on patches, as with LUM-ViT, to more effectively validate our mask strategy. We acknowledge the significance of MST and MST++ in their respective areas, although their designs differ from the scope of our experiments. Nevertheless, we recognize the importance of these works and the role they play in advancing data processing speed, a key direction for improving system real-time capabilities. We have introduced MST and MST++ in the introduction of our manuscript as significant references for future exploration. Regarding the concern about the sufficiency of experiments, we have added experiments with Random-mask-ViT and Mag-mask-ViT as baseline methods to validate the effectiveness of our learnable mask strategy. These results are presented in Figure 4 and detailed in Section B of the Appendix. Additionally, we have included classification experiments on three hyperspectral remote sensing datasets to further validate LUM-ViT's capabilities in processing actual hyperspectral data. These experiments are presented in the newly added subsection 'The Hyperspectral Image Classification Experiments' and detailed in Section A of the Appendix. --- > **W-6: The binarization mechanism is out of fashion. BiSCI provides a specially designed binarized convolution unit BiSR-conv block to process HSI data cubes. It is also better to add a comparison with this new technique.** --- **REPLY**:We are grateful for your suggestion regarding the BiSCI work, which offers innovative approaches to the binarization process in models. The use of the Tanh function in this work is particularly inspiring and provides valuable insights for our research. We recognize that there have been significant advancements in binarization strategies recently, indicating substantial progress in this field. Our method primarily focuses on the design and experimental validation of the learnable mask. Given that DMD can only perform binary on/off modulation, we employed binarization techniques to adapt to DMD-based computing. Binarization, while not the central focus of our approach, was implemented using a basic binarization method due to this requirement. We understand that improved binarization techniques can enhance training stability. In future work, exploring more effective binarization strategies will be a priority for us. The binarization strategy used in BiSCI, particularly intriguing to us, is mentioned in the subsection 'Kernel-level weight binarization'. We see great potential in incorporating such innovative techniques into our future research to further improve our model's performance."			"{""disagreement"": 1.0, ""mixed_signals"": 1.0, ""response_count"": 3, ""density"": 2.0, ""primary_label"": ""partially_fixed"", ""secondary_label"": ""fixed""}"
6.054	eepoE7iLpL__r03	ICLR.cc/2024/Conference	Enhancing Neural Subset Selection: Integrating Background Information into Set Representations	structured_v6	fixed	modernbert_v6	partially_fixed	"[weaknesses] 1. Equation 4 describes the neural network construction. However, I am unclear about the objective function to optimize the neural network. Also, after optimization, how do you use this neural network to select a subset? 2. In equation 4, how do you divide a superset into several subsets? There are an exponential number of combinations. 3. What is the number of learnable parameters for each baseline method and the proposed method?

[questions] None

[summary] This paper proposes a neural subset selection method based on deep sets. This model is inspired by a theoretical perspective to include information from supersets to achieve better performance. Experiments on common benchmarks show SOTA performance compared to several recent baselines."	"We greatly appreciate the time and effort you have invested. In response to your concerns, we have provided detailed clarifications and additional experimental results. For your convenience, these results are presented in tabular format. We will incorporate these results, along with details and plots into the appendix of the revised version. ### ***Comments 1: Lack of ablation studies*** ***ANSWER***: Thank you for highlighting the absence of ablation studies in our work. Indeed, our method, INSET, **does not introduce any new hyperparameters** to the EquiVSet [1] framework. We use the **exact same** hyperparameters as EquiVSet in all of our experiments, ensuring a **fair comparison**. Meanwhile, INSET can significantly outperform baseline models across various datasets and tasks, demonstrating its **substantial efficacy**. To further verify the robustness of INSET, we have now conducted ablation studies focusing on the Monte-Carlo (MC) sample numbers for each input pair $\{(V_i, S_i^*)\}$. In the context of neural subset selection tasks, our primary aim is to train the model $\theta$ to predict the optimal subset $S^*$ from a given ground set $V$. During training, we sample m subsets from $V$ to optimize our model parameters $θ$, thereby maximizing the conditional probability distribution $p_\theta (S^* | V)$ among of all pairs of $(S,V)$ for for a given V. In our main experiments, we adhere to EquiVSet's protocol by setting the sample number $m$ to 5 across all the tasks. Even with varying the value of $m$, the results **consistently** demonstrate that INSET **significantly outperforms** EquiVSet. Please note that the performance of EquiVSet is reported by **selecting the best results** achieved after tuning the value of $m$. | | EquiVSet | m=1 | m=2 |m=5 | m=7 |m=8 | m=10 |--|--|--|--|--|--|--|--| | Toys | 0.704$\pm$0.004 | 0.752$\pm$0.006 | 0.753$\pm$0.005 | 0.769$\pm$0.005 | 0.768$\pm$0.003 | 0.767$\pm$0.003| **0.771$\pm$0.004** | Gear| 0.745$\pm$0.013 | 0.788$\pm$0.015| 0.775$\pm$0.020| 0.808$\pm$0.012 | 0.813$\pm$0.010 | 0.821$\pm$0.015 | **0.846$\pm$0.011** | Bath| 0.820$\pm$0.005 | 0.821$\pm$0.010| 0.851$\pm$0.008| 0.862$\pm$0.005| 0.874$\pm$0.006 | 0.861$\pm$0.005 | **0.874$\pm$0.003** | Health| 72.0$\pm$0.010 | 0.749$\pm$0.015| 0.763$\pm$0.012| 0.812$\pm$0.005 | **0.824$\pm$0.008** | 0.808$\pm$0.005 | 0.811$\pm$0.005 ### ***Comments 2: The proposed method is not evaluated on a wide distribution of datasets.*** ***ANSWER***: It is important to clarify that our experiments encompass three tasks: product recommendation, set anomaly detection, and compound selection, which involve the processing of tabular data, images, and 3D Cartesian coordinates. Specifically, we conduct extensive experiments on **these tasks using six datasets**. Notably, for the product recommendation task, the datasets consist of 12 categories, effectively representing **12 sub-datasets**. Moreover, we have also conducted synthetic experiments in Appendix F.1 to assess INSET's capability to learn complex set functions. Additionally, to provide further evidence of INSET's effectiveness, we have performed set anomaly detection tasks using the CIFAR-10 dataset. We are also incorporating additional filters for compound selection tasks for a wider distribution of datasets. For more information, please refer to Appendix F.3 and F.5 in the revised submission."" | | Random | PGM | DeepSet | Set-Transformer | EquiVSet | INSET | :-: | :-: | :-: | :-: | :-: | :-: | :-: | | CIFAR-10 | 0.193 | 0.450$\pm$0.020 | 0.316$\pm$0.008 | 0.654$\pm$0.023 | 0.603$\pm$0.012 | **0.742$\pm$0.020** | PDBBind | 0.073 | 0.350$\pm$0.009 | 0.323$\pm$ 0.004 | 0.355$\pm$0.010 | 0.357$\pm$0.005 | **0.371$\pm$0.010** | BindingDB | 0.027 | 0.176$\pm$0.006 | 0.165$\pm$0.005 | 0.183$\pm$0.004 | 0.188$\pm$0.006 | **0.198$\pm$0.005** The latest results provide further evidence of INSET's superior performance compared to the baselines. Furthermore, it is worth mentioning that our experimental setup includes a **significantly larger number** of experiments compared to DeepSet (Sec. 4.3) [2] and PGM (Sec. 5.3) [3]. [1] Ou Z, Xu T, Su Q, et al. ""Learning Set Functions Under the Optimal Subset Oracle via Equivariant Variational Inference.""NeurIPS, 2022. [2] Zaheer M, Kottur S, Ravanbakhsh S, et al. ""Deep Sets."" NeurIPS, 2017. [3] Tschiatschek S, Sahin A, Krause A. ""Differentiable submodular maximization."" IJCAI, 2018.

### ***Comments 2: In equation 4, how do you divide a superset into several subsets?*** ***ANSWER:*** Theorem 3.5 and Eq.4 are general frameworks to establish the relationship between $Y$ and $(S,V)$. This approach **does not necessitate** dividing a superset into multiple subsets; instead, it requires processing only once for a specific pair of $(S,V).$ In the context of neural subset selection with the optimal supervision (OS) oracle, addressing the variational approximation employs Monte-Carlo (MC) sampling. For a given $V_i,$ we only generate $m$ subsets during training, consistently setting this number to $5$ across various tasks. Consequently, this **eliminates the need for an exponential number of combinations**. It is important to highlight that one of the foremost advantages of Neural Subset Selection in the context of OS Oracle is its ability to **significantly reduce the computational burden** associated with processing an exponential number of $(S,V).$ ### ***Comments 3: What is the number of learnable parameters for baselines and the proposed method?*** ***ANSWER:*** In regard to the parameters, we have already done ablation studies in **Table 3** and provided a discussion in **Section 4.4** of our paper. To further demonstrate that the improvements achieved by our method are **not merely due to additional parameters**, we present an additional table here using the CeleA dataset. This table compares EquiVSet (v1) and EquiVSet (v2) — variants of EquiVSet where we have incorporated a Conv(32, 3, 2) layer and a Conv(64, 4, 2) layer into the EquiVSet backbone, respectively. Detailed descriptions of these backbones are available in Appendix E.2. Notably, despite having the largest number of parameters, EquiVSet (v2) is outperformed by INSET, indicating that **our method's efficacy is not solely parameter-dependent**. | | DeepSet | Set-Transformer | EquiVSet | EquiVSet-v1 | EquiVSet-v2 | INSET |--|--|--|--|--|--|--| | Parameter | 651181 | 1288686 | 1782680 | 2045080 | **3421592** | 2162181 |MJC| 0.440$\pm$0.006| 0.527$\pm$0.008 | 0.549$\pm$0.005 | 0.554$\pm$0.007 | 0.560$\pm$0.005 | **0.580$\pm$0.012** Thank you in advance for dedicating your time and attention to our response. We are confident that the clarifications and additional information provided here comprehensively address your concerns. With this in mind, we respectfully and earnestly request that you re-evaluate our work, considering the explanations we have offered.

We express our sincere gratitude to the Area Chairs and Reviewers for their dedicated time and valuable feedback. Below is a concise summary of the review and our responses for ease of reference. ***Reviewer Acknowledgments***: Our method, INSET, has been recognized for its **strong empirical performance** and **rigorous theoretical support**. Key highlights include: - **Clear Motivation with Theoretical Support:** Our model is inspired by a **theoretical result** [miuk], and have theoretically demonstrated the significance to include information from supersets to achieve better performance [PoVi, vcJR]. - **Strong Empirical Performance:** INSET achieves **state-of-the-art** performance [miuk], supported by empirical evidence [PoVi]. - **Quality of Writing:** The manuscript is praised for its clarity and simplicity, making it **accessible for newcomers** to the field [vcJR, miuk]. The presentation **effectively conveys high-level concepts** [PoVi]. ***Addressing Weaknesses***: The reviewers raised concerns regarding ablation studies [vcJR, miuk], dataset distribution [vcJR], and mathematical notations in the optimal subset oracle [PoVi, miuk]. Our responses include: - *Ablation Studies*: We clarified in this [dialog](https://openreview.net/forum?id=eepoE7iLpL&noteId=29tZ7OiyiO) that INSET introduces **no new hyperparameters**. Additional experiments demonstrate that even with variations in existing hyperparameters, INSET **consistently outperforms** baselines by **a large margin**. This response was **[acknowledged positively](https://openreview.net/forum?id=eepoE7iLpL&noteId=sIlnAhy7I9) by Reviewer miuk**. - *Mathematical Notations:* Following suggestions from Reviewers PoVi and miuk, we corrected minor typos and enriched the appendix with additional mathematical background. These revisions received **[positive feedback](https://openreview.net/forum?id=eepoE7iLpL&noteId=sIlnAhy7I9) from Reviewer miuk**. - *Dataset Distribution:* We clarified in the [dialog](https://openreview.net/forum?id=eepoE7iLpL&noteId=29tZ7OiyiO) that our approach **encompasses three tasks across six datasets in different modalities** in the main body of our work. The appendix have also included **five additional datasets**. We have utilized a **much wider variety of datasets** than those adopted by our baseline comparisons. ***Revision Overview***: - To enhance clarity, we have made refinements to the description of $Y$ in the Introduction, as well as the definitions of $V$ and $S$ in Sections 3.1 and 3.2. - The mathematical description of the optimization objective and inference process has been detailed in Appendix D.2. - Appendix F.2 has been updated with additional empirical studies on computation costs. Further, ablation studies have been included in Appendix F.4, and results from a broader range of datasets are now presented in Appendix F.5."" We are thankful for the constructive feedback received, and we believe that the concerns raised by the reviewers have been thoroughly addressed in our responses and revisions."	"We express our sincere gratitude to the Area Chairs and Reviewers for their dedicated time and valuable feedback. Below is a concise summary of the review and our responses for ease of reference. ***Reviewer Acknowledgments***: Our method, INSET, has been recognized for its **strong empirical performance** and **rigorous theoretical support**. Key highlights include: - **Clear Motivation with Theoretical Support:** Our model is inspired by a **theoretical result** [miuk], and have theoretically demonstrated the significance to include information from supersets to achieve better performance [PoVi, vcJR]. - **Strong Empirical Performance:** INSET achieves **state-of-the-art** performance [miuk], supported by empirical evidence [PoVi]. - **Quality of Writing:** The manuscript is praised for its clarity and simplicity, making it **accessible for newcomers** to the field [vcJR, miuk]. The presentation **effectively conveys high-level concepts** [PoVi]. ***Addressing Weaknesses***: The reviewers raised concerns regarding ablation studies [vcJR, miuk], dataset distribution [vcJR], and mathematical notations in the optimal subset oracle [PoVi, miuk]. Our responses include: - *Ablation Studies*: We clarified in this [dialog](https://openreview.net/forum?id=eepoE7iLpL&noteId=29tZ7OiyiO) that INSET introduces **no new hyperparameters**. Additional experiments demonstrate that even with variations in existing hyperparameters, INSET **consistently outperforms** baselines by **a large margin**. This response was **[acknowledged positively](https://openreview.net/forum?id=eepoE7iLpL&noteId=sIlnAhy7I9) by Reviewer miuk**. - *Mathematical Notations:* Following suggestions from Reviewers PoVi and miuk, we corrected minor typos and enriched the appendix with additional mathematical background. These revisions received **[positive feedback](https://openreview.net/forum?id=eepoE7iLpL&noteId=sIlnAhy7I9) from Reviewer miuk**. - *Dataset Distribution:* We clarified in the [dialog](https://openreview.net/forum?id=eepoE7iLpL&noteId=29tZ7OiyiO) that our approach **encompasses three tasks across six datasets in different modalities** in the main body of our work. The appendix have also included **five additional datasets**. We have utilized a **much wider variety of datasets** than those adopted by our baseline comparisons. ***Revision Overview***: - To enhance clarity, we have made refinements to the description of $Y$ in the Introduction, as well as the definitions of $V$ and $S$ in Sections 3.1 and 3.2. - The mathematical description of the optimization objective and inference process has been detailed in Appendix D.2. - Appendix F.2 has been updated with additional empirical studies on computation costs. Further, ablation studies have been included in Appendix F.4, and results from a broader range of datasets are now presented in Appendix F.5."" We are thankful for the constructive feedback received, and we believe that the concerns raised by the reviewers have been thoroughly addressed in our responses and revisions.

### ***Comments 2: In equation 4, how do you divide a superset into several subsets?*** ***ANSWER:*** Theorem 3.5 and Eq.4 are general frameworks to establish the relationship between $Y$ and $(S,V)$. This approach **does not necessitate** dividing a superset into multiple subsets; instead, it requires processing only once for a specific pair of $(S,V).$ In the context of neural subset selection with the optimal supervision (OS) oracle, addressing the variational approximation employs Monte-Carlo (MC) sampling. For a given $V_i,$ we only generate $m$ subsets during training, consistently setting this number to $5$ across various tasks. Consequently, this **eliminates the need for an exponential number of combinations**. It is important to highlight that one of the foremost advantages of Neural Subset Selection in the context of OS Oracle is its ability to **significantly reduce the computational burden** associated with processing an exponential number of $(S,V).$ ### ***Comments 3: What is the number of learnable parameters for baselines and the proposed method?*** ***ANSWER:*** In regard to the parameters, we have already done ablation studies in **Table 3** and provided a discussion in **Section 4.4** of our paper. To further demonstrate that the improvements achieved by our method are **not merely due to additional parameters**, we present an additional table here using the CeleA dataset. This table compares EquiVSet (v1) and EquiVSet (v2) — variants of EquiVSet where we have incorporated a Conv(32, 3, 2) layer and a Conv(64, 4, 2) layer into the EquiVSet backbone, respectively. Detailed descriptions of these backbones are available in Appendix E.2. Notably, despite having the largest number of parameters, EquiVSet (v2) is outperformed by INSET, indicating that **our method's efficacy is not solely parameter-dependent**. | | DeepSet | Set-Transformer | EquiVSet | EquiVSet-v1 | EquiVSet-v2 | INSET |--|--|--|--|--|--|--| | Parameter | 651181 | 1288686 | 1782680 | 2045080 | **3421592** | 2162181 |MJC| 0.440$\pm$0.006| 0.527$\pm$0.008 | 0.549$\pm$0.005 | 0.554$\pm$0.007 | 0.560$\pm$0.005 | **0.580$\pm$0.012** Thank you in advance for dedicating your time and attention to our response. We are confident that the clarifications and additional information provided here comprehensively address your concerns. With this in mind, we respectfully and earnestly request that you re-evaluate our work, considering the explanations we have offered.

We greatly appreciate the time and effort you have invested. In response to your concerns, we have provided detailed clarifications and additional experimental results. For your convenience, these results are presented in tabular format. We will incorporate these results, along with details and plots into the appendix of the revised version. ### ***Comments 1: Lack of ablation studies*** ***ANSWER***: Thank you for highlighting the absence of ablation studies in our work. Indeed, our method, INSET, **does not introduce any new hyperparameters** to the EquiVSet [1] framework. We use the **exact same** hyperparameters as EquiVSet in all of our experiments, ensuring a **fair comparison**. Meanwhile, INSET can significantly outperform baseline models across various datasets and tasks, demonstrating its **substantial efficacy**. To further verify the robustness of INSET, we have now conducted ablation studies focusing on the Monte-Carlo (MC) sample numbers for each input pair $\{(V_i, S_i^*)\}$. In the context of neural subset selection tasks, our primary aim is to train the model $\theta$ to predict the optimal subset $S^*$ from a given ground set $V$. During training, we sample m subsets from $V$ to optimize our model parameters $θ$, thereby maximizing the conditional probability distribution $p_\theta (S^* | V)$ among of all pairs of $(S,V)$ for for a given V. In our main experiments, we adhere to EquiVSet's protocol by setting the sample number $m$ to 5 across all the tasks. Even with varying the value of $m$, the results **consistently** demonstrate that INSET **significantly outperforms** EquiVSet. Please note that the performance of EquiVSet is reported by **selecting the best results** achieved after tuning the value of $m$. | | EquiVSet | m=1 | m=2 |m=5 | m=7 |m=8 | m=10 |--|--|--|--|--|--|--|--| | Toys | 0.704$\pm$0.004 | 0.752$\pm$0.006 | 0.753$\pm$0.005 | 0.769$\pm$0.005 | 0.768$\pm$0.003 | 0.767$\pm$0.003| **0.771$\pm$0.004** | Gear| 0.745$\pm$0.013 | 0.788$\pm$0.015| 0.775$\pm$0.020| 0.808$\pm$0.012 | 0.813$\pm$0.010 | 0.821$\pm$0.015 | **0.846$\pm$0.011** | Bath| 0.820$\pm$0.005 | 0.821$\pm$0.010| 0.851$\pm$0.008| 0.862$\pm$0.005| 0.874$\pm$0.006 | 0.861$\pm$0.005 | **0.874$\pm$0.003** | Health| 72.0$\pm$0.010 | 0.749$\pm$0.015| 0.763$\pm$0.012| 0.812$\pm$0.005 | **0.824$\pm$0.008** | 0.808$\pm$0.005 | 0.811$\pm$0.005 ### ***Comments 2: The proposed method is not evaluated on a wide distribution of datasets.*** ***ANSWER***: It is important to clarify that our experiments encompass three tasks: product recommendation, set anomaly detection, and compound selection, which involve the processing of tabular data, images, and 3D Cartesian coordinates. Specifically, we conduct extensive experiments on **these tasks using six datasets**. Notably, for the product recommendation task, the datasets consist of 12 categories, effectively representing **12 sub-datasets**. Moreover, we have also conducted synthetic experiments in Appendix F.1 to assess INSET's capability to learn complex set functions. Additionally, to provide further evidence of INSET's effectiveness, we have performed set anomaly detection tasks using the CIFAR-10 dataset. We are also incorporating additional filters for compound selection tasks for a wider distribution of datasets. For more information, please refer to Appendix F.3 and F.5 in the revised submission."" | | Random | PGM | DeepSet | Set-Transformer | EquiVSet | INSET | :-: | :-: | :-: | :-: | :-: | :-: | :-: | | CIFAR-10 | 0.193 | 0.450$\pm$0.020 | 0.316$\pm$0.008 | 0.654$\pm$0.023 | 0.603$\pm$0.012 | **0.742$\pm$0.020** | PDBBind | 0.073 | 0.350$\pm$0.009 | 0.323$\pm$ 0.004 | 0.355$\pm$0.010 | 0.357$\pm$0.005 | **0.371$\pm$0.010** | BindingDB | 0.027 | 0.176$\pm$0.006 | 0.165$\pm$0.005 | 0.183$\pm$0.004 | 0.188$\pm$0.006 | **0.198$\pm$0.005** The latest results provide further evidence of INSET's superior performance compared to the baselines. Furthermore, it is worth mentioning that our experimental setup includes a **significantly larger number** of experiments compared to DeepSet (Sec. 4.3) [2] and PGM (Sec. 5.3) [3]. [1] Ou Z, Xu T, Su Q, et al. ""Learning Set Functions Under the Optimal Subset Oracle via Equivariant Variational Inference.""NeurIPS, 2022. [2] Zaheer M, Kottur S, Ravanbakhsh S, et al. ""Deep Sets."" NeurIPS, 2017. [3] Tschiatschek S, Sahin A, Krause A. ""Differentiable submodular maximization."" IJCAI, 2018."			"{""disagreement"": 1.0, ""mixed_signals"": 1.0, ""response_count"": 3, ""density"": 1.6358333333333333, ""primary_label"": ""fixed"", ""secondary_label"": ""partially_fixed""}"
6.200	wfgZc3IMqo__r02	ICLR.cc/2024/Conference	Robust Classification via Regression for Learning with Noisy Labels	structured_v6	partially_fixed	modernbert_v6	fixed	"[weaknesses] - The experimental results is lower than SOTA performance, e.g., DivideMix, ELR, etc. - There exist some unified methods that combines loss reweighting and label correction to enhance robustness against label noise, e.g., CMW-Net [1]. - What's merit of the regression task. Some strong results and theoretical explanations are necessary. - The hyperparameter $\alpha$ is sensitive in Fig.2(c). [1] Shu J, Yuan X, Meng D, et al. Cmw-net: Learning a class-aware sample weighting mapping for robust deep learning[J]. IEEE Transactions on Pattern Analysis and Machine Intelligence, 2023.

[questions] - $\sigma^2$ of formula 6 should be written as $\sigma_\theta^2$. - What are the advantages of using regression to solve classification tasks rather than directly solving classification tasks? Would it be too cumbersome to convert the classification problem into a regression problem, and then convert the regression problem into a classification problem? - The previous methods regard loss reweighting and label correction as two independent processes. So what is the advantage of treating them as a unified method in this paper?

[summary] This paper first uses log-ratio transformation to convert the classification data set into a regression data set. It treats the regression target as a Gaussian distribution with noise, learns the mean and variance of the Gaussian distribution, and then indirectly weights the loss through the variance. Secondly, this paper gives the above noise a shift and treats the regression target as a Gaussian distribution with offset (non-zero mean) noise to estimate the shift. This method indirectly corrects the labels when converting the regression task into a classification task. The contributions of this paper include: (1) It turns loss reweighting and label correction into a unified method instead of being two independent processes. (2) It uses statistics and regression perspectives to look at the label noise problem in classification tasks, which is relatively novel."	"We greatly appreciate your time and effort in reviewing our work. We are glad you find our approach of using regression to solve classification tasks to be novel. We are happy the reviewer recognizes that our proposed shifted Gaussian noise model directly leads to a unified method for loss reweighting and label correction, and that the experiments are deemed relatively sufficient. Thanks again, and next we address your concerns and questions. **State-of-the-art Performance** Our goal with this work is to introduce an adaptation of the well-founded log-ratio transform approach to the classification with noisy labels literature, and show the promise of the direction by devising a method unifying the ideas of loss reweighting and label correction from classification. Despite its simple design, our method empirically performs well against many strong and recent baselines, such as GCE, ELR, SOP, NAL, etc. The reviewer claims a weakness of our paper is that our method has lower performance compared to SOTA methods, and gives the example of DivideMix and ELR. In fact, we do compare with ELR, and our method achieves as good or better performance on CIFAR-10 and CIFAR-100 with synthetic noise, and on natural noise on the CIFAR-N datasets, Clothing1M, and WebVision, see Tables 1, 2, and 3. We believe comparing SGN with DivideMix is unfair as it is a significantly more complex method as it combines ideas from sample selection GMMs to identify noisy labels (e.g., [1]), with a semi-supervised learning method [2], with co-training of two networks at the same time (e.g., [3]), and also use stronger data augmentation like mixup. Please see the “Rationale for chosen baselines” paragraph in the response to Reviewer QVE6 for a longer discussion. We believe achieving strong performance is one important point of comparison, but does not take into account other possible empirical/practical advantages. Although DivideMix achieves excellent empirical performance, which is incredibly important for practitioners, we argue it is hard to fully understand due to all the different components. Our method is simpler in that it follows directly from a Gaussian noise model, leading to an interpretable robustness mechanism in terms of loss reweighting and label correction. Furthermore, DivideMIx was specifically created to be excellent at this particular task, but due to its complexity we believe it can be hard to extend/generalize to other problems. We believe our well-founded probabilistic method is easier to extend, e.g., it can naturally incorporate epistemic uncertainty (e.g., through Monte-Carlo Dropout [4] or Gaussian Processes [5]), making it interesting to both the noisy labels and the uncertainty communities. Finally, we would like to point out that the reviewing guidelines (https://iclr.cc/Conferences/2024/ReviewerGuide) are clear that a lack of state-of-the-art results does not by itself constitute grounds for rejection, see the FAQ. **Missing related work** We performed a thorough literature study to select relevant baselines from the loss reweighting and or label correction categories of methods from top conferences and journals. Unfortunately, we missed this very recent work proposing the meta-learning based CMW-Net method. CMW-Net is motivated in the context of the exciting research direction into learning loss weights using meta learning. Based on the title, abstract, introduction, and most of the method section, the main novelty seems to extend the meta-learned weight network of MW-Net [6] to also consider extra (task/class) information, leading to more flexibility in learning weighting schemes. However, in the last subsection of the method section (Section 3.6), CMW-Net is enhanced with label correction (denoted CMW-Net-SL). Instead of learning a loss weight, the CMW-Net now learns an interpolation parameter between the original one-hot label and a soft label estimate (Equation 14 can be rewritten to the form in Equation 13, in the same way as Equation 12 was), and the new interpolated label is then used in a standard CE loss (no loss reweighting). Therefore, although the proposed approaches are interesting and novel, we argue neither CMW-Net (loss reweighting) nor CMW-Net-SL (label correction) unifies loss reweighting and label correction. In future work, it would be interesting to explore ideas from CWM-Net-SL to learn $\Delta$ in SGN. Thank you for bringing our attention to this recent related work, which we will describe and reference as there are clear connections.

**Missing related work** (continued) _Side-note_: Confusingly, the CMW-Net paper evaluates on more than 50% asymmetric noise on CIFAR-10 and still achieves above 90% test accuracy. In the standard asymmetric noise on CIFAR-10, there is a risk that a cat is changed to a dog and a dog changed to a cat. However, if the noise rate is above 50% then the cat and dog would have swapped class IDs, and it should therefore not be possible to correctly classify either of these classes. Indeed, the official code contains a bug in the noise implementation [7]: “self.transition = {0:0,2:0,4:7,7:7,1:1,9:1,3:5,5:5,6:6,8:8} # class transition for asymmetric noise” The standard implementation maps cats and dogs to each other, which is not done here. We believe 5 should be mapped to 3, not to itself. **Motivation for transforming classification to regression** We agree that a motivation for transforming classification to regression deserves a thorough discussion, which we have now provided in Section A.7. In short, one of the main reasons is that this opens up a new research direction to leverage sound and time-tested methods from the (robust) regression literature that spans centuries. Thank you for pointing this out, as we believe this improves the motivation of our approach. Note that transforming the classification labels to regression labels can easily be done with a pre-processing step or on the fly during training, similar to label smoothing. At test time, instead of applying softmax to the logits as is done for standard softmax classification networks, we instead apply the ilr transform. This is trivial to implement as it requires minimal changes, and is therefore not cumbersome at all. Our goal with this work is to introduce an adaptation of the well-founded log-ratio transform approach to the classification with noisy labels literature, and show the promise of the direction by devising a method unifying the ideas of loss reweighting and label correction from classification. Theoretically, it is not possible to achieve loss reweighting with the standard categorical likelihood, but our regression approach makes it possible to naturally achieve this with the Gaussian likelihood (higher variance corresponds to a lower weight). Furthermore, the Gaussian likelihood makes it possible to model shifted noise, which we theoretically show is similar to label correction methods in classification. Additionally, in Section A.7, we go over several other advantages of the regression perspective, see e.g., “Uncertainty Estimation” and “Deep Learning Theory” paragraphs. Finally, we believe our experiments have clearly shown the effectiveness of our regression approach compared to several recent and strong baselines, e.g., ELR, SOP, and NAL. **Hyperparameter sensitivity analysis** Our method has a single momentum hyperparameter $\alpha$ that determines how much of $\Delta$ should be used in the noise model: $t = \mu + (1-\alpha^{e})\Delta$, where $e$ is the current training epoch. In this way, the weight $(1-\alpha^{e})$ is close to zero early in training and gradually goes to 1, causing the labels to transition from the observed to the estimated ground-truth labels during the training process. Note that if $\alpha=1$ then we have no shift in the Gaussian noise model, and the lower the value of $\alpha$ the earlier we make use of the shift $\Delta$ in training. To better understand how $\alpha$ affects the label estimation of the EMA network, we performed an experiment to analyse it empirically. In Figure 2c, we report the training accuracy of the EMA network predictions on the noise-free training labels. Based on these results, the reviewer claims a weakness of our work is that $\alpha$ is sensitive. We want to clarify that it is important that $\alpha$ should change the results, as it shows that the label correction has an important effect on the training. Furthermore, an $\alpha$ of $0.995$ is a robust choice that performs well in all the three cases. We want to clarify that Figure 2c shows the clean training accuracy to relate it to label correction performance, which is different from the generalization of the network to unseen data. In Section A.10 in the appendix, we provide a similar plot to Figure 2c, but evaluated on the clean validation accuracy to see the effect on generalization. Again, $\alpha=0.995$ is a robust choice, and the results clearly show that using no shift ($\alpha=1$) negatively affects generalization, substantiating the importance and robustness of our label correction procedure.

Thank you for dedicating your time and effort to review our work. We appreciate your thoughtful feedback and the recognition of our approach as a fresh adaptation of the well-established log-ratio transform approach, applied innovatively to classification with label noise. As we carefully wrote our paper, we greatly appreciate the positive comments on our paper being well-written and easy to follow. We are excited that you believe our work should inspire new research directions in the area of label noise robustness in classification. Once again, thank you for your time and support. Next, we address your concerns, questions, and suggestions. **Training and Evaluation Setup** Indeed, to have fair and conclusive experiments, we _reimplement all baseline methods_ into a shared code base where we have full control over the training and evaluation setup. This is mentioned in the first sentence in Section 4.1 and in the captions of Tables 1 & 2, but unfortunately the reviewer missed this. We have gone to great lengths to achieve the best possible results for the baselines. For example, in the literature, it is common to directly use the optimal hyperparameters reported in the baselines’ original papers. Instead, for our method and all baselines, we do a method-specific hyperparameter search (that includes the reported optimal HP) to find what works best in our training setup. Furthermore, to have conclusive results, we report the mean and standard deviation of five runs with different random seeds, and do statistical significance tests when comparing results. Due to the shared code base, all methods are equally affected by the random seed, leading to using the same weight initialization, data order in SGD, data augmentation, synthetic noisy labels, etc. Although we believe this setup leads to fair and conclusive results, training and evaluating all these methods require a lot of computational resources, which leads us to limit our studies to a smaller WideResNet 28-2 on the CIFAR datasets. As all methods use this network, our results are still fair and conclusive, but at the expense of a higher test error. Achieving excellent empirical performance is important for practitioners, but this was not the goal in this work. Our goal is to develop a simple well-founded statistical method that is still easy to implement, understand, extend, debug, and use in practice, and to compare this with existing related methods in an as fair and conclusive way as possible. **Rationale for chosen baselines** We agree that justifying the choice of baselines is important, we will add discussion similar to the one below to the final submission. Thanks for letting us clarify our rationale for choosing baselines. _Methods that build on similar ideas._ We have tried our hardest to find relevant and recent baselines that are related to loss reweighting and label correction from top conferences and journals. For example, in Section A.6, we argue there are clear connections between our work and methods like ELR, SOP, LN, and NAL, that can either be seen as loss reweighting and or label correction methods. We argue this is the most important comparison, as we see how our method currently compares with the methods that have taken a similar approach. _Other noisy labels methods._ Furthermore, we compare with many strong and commonly used baselines outside the loss reweighting and label correction categories, e.g., GCE from the robust loss functions category, and LS and NAN from the regularizations methods. This is informative to understand how our categories currently compare in terms of performance to other categories of algorithms to improve robustness against label noise. In our view, performing worse than baselines from other categories is not necessarily negative, as the research is in different stages of development, and categories of methods performing poorly today could achieve SOTA performance in the future. Therefore, these comparisons are intended for laying out context, and we believe it is important to consider and spread a diverse set of ideas and not limit the research field to what currently achieves the best performance. _SOTA methods._ Our goal in this work is to adapt the well-founded log-ratio transform approach to classification and apply it to the problem of label noise robustness by proposing a simple and unified method for loss reweighting and label correction. If our goal instead had been to achieve the current SOTA performance (a different but also important goal), we would have taken a different empirical direction. In general, the current SOTA methods are complex and compute-intensive that typically combine several methods. For example, in our training setup, our method has comparable training time to ELR, while ELR is twice and five times faster to train compared to ELR+ and DivideMix (Table I.1 in the appendix of the ELR paper), respectively."	"We greatly appreciate your active participation during the discussion period. We are happy to hear that the rebuttal addressed most of the concerns, and that the reviewer considers increasing their score if the paper is improved according to their feedback. Below, we describe how our revised submission incorporates the feedback: _Method description_ 1. Above Equation 4, we now make it clearer that we use the standard label smoothing technique. 2. In Section A.1, we now have a discussion on how to efficiently evaluate the loss, and that we use two distinct linear layers to predict the mean and variance. _Experiments_ 1. In Section A.11, we now have details about the symmetric and asymmetric noise types. 2. In Section A.9, we now perform an ablation study to better understand why SGN outperforms CE when there is no added label noise, and discuss the results. 3. In Appendix A.4, we give a brief overview of all the datasets used in the experiments. 4. In Section 4.3’s result paragraph, we now mention that aggregate, random 1-3, and worst are label sets of CIFAR-10N. Due to layout constraints, we were not able to fit this detail into the table caption. _Minor issues_ 1. We have now reformulated the last sentences in Section 2’s compositional data paragraph. 2. The transforms paragraph in Section 2 now has a more informative last sentence, as it introduces our label smoothing solution. 3. We have now made the dependence on the input x explicit in Equation 2. 4. The first sentence in Section 4 no longer includes “of our experiments”. 5. We now adopt proper quotation marks throughout the manuscript. We believe that these modifications meet your expectations. If any aspect falls short, kindly specify the areas in need of improvement. Thanks again for your initial review, and response to our rebuttal.

Thank you for dedicating your time and effort to review our work. We appreciate your thoughtful feedback and the recognition of our approach as a fresh adaptation of the well-established log-ratio transform approach, applied innovatively to classification with label noise. As we carefully wrote our paper, we greatly appreciate the positive comments on our paper being well-written and easy to follow. We are excited that you believe our work should inspire new research directions in the area of label noise robustness in classification. Once again, thank you for your time and support. Next, we address your concerns, questions, and suggestions. **Training and Evaluation Setup** Indeed, to have fair and conclusive experiments, we _reimplement all baseline methods_ into a shared code base where we have full control over the training and evaluation setup. This is mentioned in the first sentence in Section 4.1 and in the captions of Tables 1 & 2, but unfortunately the reviewer missed this. We have gone to great lengths to achieve the best possible results for the baselines. For example, in the literature, it is common to directly use the optimal hyperparameters reported in the baselines’ original papers. Instead, for our method and all baselines, we do a method-specific hyperparameter search (that includes the reported optimal HP) to find what works best in our training setup. Furthermore, to have conclusive results, we report the mean and standard deviation of five runs with different random seeds, and do statistical significance tests when comparing results. Due to the shared code base, all methods are equally affected by the random seed, leading to using the same weight initialization, data order in SGD, data augmentation, synthetic noisy labels, etc. Although we believe this setup leads to fair and conclusive results, training and evaluating all these methods require a lot of computational resources, which leads us to limit our studies to a smaller WideResNet 28-2 on the CIFAR datasets. As all methods use this network, our results are still fair and conclusive, but at the expense of a higher test error. Achieving excellent empirical performance is important for practitioners, but this was not the goal in this work. Our goal is to develop a simple well-founded statistical method that is still easy to implement, understand, extend, debug, and use in practice, and to compare this with existing related methods in an as fair and conclusive way as possible. **Rationale for chosen baselines** We agree that justifying the choice of baselines is important, we will add discussion similar to the one below to the final submission. Thanks for letting us clarify our rationale for choosing baselines. _Methods that build on similar ideas._ We have tried our hardest to find relevant and recent baselines that are related to loss reweighting and label correction from top conferences and journals. For example, in Section A.6, we argue there are clear connections between our work and methods like ELR, SOP, LN, and NAL, that can either be seen as loss reweighting and or label correction methods. We argue this is the most important comparison, as we see how our method currently compares with the methods that have taken a similar approach. _Other noisy labels methods._ Furthermore, we compare with many strong and commonly used baselines outside the loss reweighting and label correction categories, e.g., GCE from the robust loss functions category, and LS and NAN from the regularizations methods. This is informative to understand how our categories currently compare in terms of performance to other categories of algorithms to improve robustness against label noise. In our view, performing worse than baselines from other categories is not necessarily negative, as the research is in different stages of development, and categories of methods performing poorly today could achieve SOTA performance in the future. Therefore, these comparisons are intended for laying out context, and we believe it is important to consider and spread a diverse set of ideas and not limit the research field to what currently achieves the best performance. _SOTA methods._ Our goal in this work is to adapt the well-founded log-ratio transform approach to classification and apply it to the problem of label noise robustness by proposing a simple and unified method for loss reweighting and label correction. If our goal instead had been to achieve the current SOTA performance (a different but also important goal), we would have taken a different empirical direction. In general, the current SOTA methods are complex and compute-intensive that typically combine several methods. For example, in our training setup, our method has comparable training time to ELR, while ELR is twice and five times faster to train compared to ELR+ and DivideMix (Table I.1 in the appendix of the ELR paper), respectively.

We greatly appreciate your time and effort in reviewing our work. We are glad you find our approach of using regression to solve classification tasks to be novel. We are happy the reviewer recognizes that our proposed shifted Gaussian noise model directly leads to a unified method for loss reweighting and label correction, and that the experiments are deemed relatively sufficient. Thanks again, and next we address your concerns and questions. **State-of-the-art Performance** Our goal with this work is to introduce an adaptation of the well-founded log-ratio transform approach to the classification with noisy labels literature, and show the promise of the direction by devising a method unifying the ideas of loss reweighting and label correction from classification. Despite its simple design, our method empirically performs well against many strong and recent baselines, such as GCE, ELR, SOP, NAL, etc. The reviewer claims a weakness of our paper is that our method has lower performance compared to SOTA methods, and gives the example of DivideMix and ELR. In fact, we do compare with ELR, and our method achieves as good or better performance on CIFAR-10 and CIFAR-100 with synthetic noise, and on natural noise on the CIFAR-N datasets, Clothing1M, and WebVision, see Tables 1, 2, and 3. We believe comparing SGN with DivideMix is unfair as it is a significantly more complex method as it combines ideas from sample selection GMMs to identify noisy labels (e.g., [1]), with a semi-supervised learning method [2], with co-training of two networks at the same time (e.g., [3]), and also use stronger data augmentation like mixup. Please see the “Rationale for chosen baselines” paragraph in the response to Reviewer QVE6 for a longer discussion. We believe achieving strong performance is one important point of comparison, but does not take into account other possible empirical/practical advantages. Although DivideMix achieves excellent empirical performance, which is incredibly important for practitioners, we argue it is hard to fully understand due to all the different components. Our method is simpler in that it follows directly from a Gaussian noise model, leading to an interpretable robustness mechanism in terms of loss reweighting and label correction. Furthermore, DivideMIx was specifically created to be excellent at this particular task, but due to its complexity we believe it can be hard to extend/generalize to other problems. We believe our well-founded probabilistic method is easier to extend, e.g., it can naturally incorporate epistemic uncertainty (e.g., through Monte-Carlo Dropout [4] or Gaussian Processes [5]), making it interesting to both the noisy labels and the uncertainty communities. Finally, we would like to point out that the reviewing guidelines (https://iclr.cc/Conferences/2024/ReviewerGuide) are clear that a lack of state-of-the-art results does not by itself constitute grounds for rejection, see the FAQ. **Missing related work** We performed a thorough literature study to select relevant baselines from the loss reweighting and or label correction categories of methods from top conferences and journals. Unfortunately, we missed this very recent work proposing the meta-learning based CMW-Net method. CMW-Net is motivated in the context of the exciting research direction into learning loss weights using meta learning. Based on the title, abstract, introduction, and most of the method section, the main novelty seems to extend the meta-learned weight network of MW-Net [6] to also consider extra (task/class) information, leading to more flexibility in learning weighting schemes. However, in the last subsection of the method section (Section 3.6), CMW-Net is enhanced with label correction (denoted CMW-Net-SL). Instead of learning a loss weight, the CMW-Net now learns an interpolation parameter between the original one-hot label and a soft label estimate (Equation 14 can be rewritten to the form in Equation 13, in the same way as Equation 12 was), and the new interpolated label is then used in a standard CE loss (no loss reweighting). Therefore, although the proposed approaches are interesting and novel, we argue neither CMW-Net (loss reweighting) nor CMW-Net-SL (label correction) unifies loss reweighting and label correction. In future work, it would be interesting to explore ideas from CWM-Net-SL to learn $\Delta$ in SGN. Thank you for bringing our attention to this recent related work, which we will describe and reference as there are clear connections."			"{""disagreement"": 1.0, ""mixed_signals"": 1.0, ""response_count"": 3, ""density"": 2.0, ""primary_label"": ""partially_fixed"", ""secondary_label"": ""fixed""}"
5.965	3SJE1WLB4M__r01	ICLR.cc/2024/Conference	Generalization error of spectral algorithms	structured_v6	fixed	modernbert_v6	partially_fixed	"[weaknesses] * The paper may seem a bit hard to follow at the beginning due to certain missing definitions (say, $\nu$ in equation (2)), which need further context derived from reading Section 2.

[questions] * Is Figure 2 mentioned in the context? I'm kind of missing what those curves represent here.

[summary] This paper develops optimization algorithms for KRR estimators using a new meta function termed ``spectral profile'', and shows its versatility to generalize to settings beyond KRR."	"Thank you for your valuable comments and questions and for the overall positive evaluation of our work! Let us address your question separately below > The analysis in the paper does not account for the errors induced by discretization. For instance, although it is claimed at the beginning of the paper that the theory covers gradient descent, what is really done is for gradient flow. Also, when the kernel is discretized using the samples, the following assumptions are all made about this discrete kernel, and it is not obvious how it can be connected to the continuous kernel. Regarding the first discretization of Gradient Flow (GF) to Gradient Descent (GD), you are right that in the paper, we demonstrate results only for GF. To address this, in the revised version of the paper we double-checked that all claims including gradient-based algorithms are made about GF and not GD. However, are loss functionals derived for Wishart and circle model do not assume any specific shape of the profile, and therefore GD profile $h_t(\lambda)=1 - (1-\alpha \lambda)^t$ can be substituted in the functional to characterize GD generalization. We focused on GF due to its simplicity, and because we do not expect significant differences between GD and GF results in the setting of our paper(but we acknowledge the significant difference in other settings, e.g. for non-linear optimization or when convergence-divergence questions are involved). Regarding the second discretization of the kernel using samples, I believe that we describe jointly the properties of the continuous kernel via mentioning population spectrum $\lambda_l$ and features $\phi_l(\mathbf{x})$, and discrete empirical kernel matrix $\mathbf{K}$ by mentioning how the training inputs $\mathbf{x}_i$ are generated. For Circle model this is done explicitly. For Wishart model, this is done rather implicitly by the statistics of $\phi_l(\mathbf{x}_i)$ without defining separately features $\phi_l(\mathbf{x})$ and distribution of inputs $\mathbf{x}_i$. Yet, such implicit characterization is sufficient for generalization error in eq. (3) to be well defined, and we can even access it experimentally as we describe in a new appendix section G.1. > Although this is a theoretical paper, it would be helpful to include some experiments, even if they are on synthetic datasets. This helps explain (and justify) the theory. That is an excellent comment! During the rebuttal time, we have primarily focused on performing numerical experiments validating our theoretical results. Please see our general response for more details and the revised version of the paper for the new experiment results. > On page 3, when you define $\mathbf{\Lambda}$, what is the number $P$? Is it the exact rank of $\mathbf{K}$ or its numerical rank, or it does not matter too much? Throughout the paper, we use both finite and infinite values $P$. For example, all the theoretical calculations use the value $P=\infty$, while in the numerical experiments we take large enough but finite $P$ to stay close to the theoretical setting. While accurate and rigorous treatment of $P=\infty$ requires specific settings for it to be well defined, in our theoretical analysis we follow the ""physical level of rigor"", prioritizing shorter and more accessible derivations in favor of еру accurate mathematical definitions of all the objects involved. > In the statement of Proposition 1, I do not think $\rho$ has been defined before and I do not think it is a standard notation outside this community. What is the precise definition of it? Thank you for mentioning this! Indeed, the version of proposition 1 in the submission was not clear, leaving some ambiguity in the status of measures $\rho$. Conceptually, we believe that these learning measures are new objects introduced in our work (which are essentially equivalent to the loss functional itself). In the revised version of the paper, we improved the wording of proposition 1, including the reference to a general expression of these measures through the expectations over the training dataset $\mathcal{D}_N$. > Can you make your conjecture on page 6 slightly more formal? Indeed, that would be a great addition to the work. However, at the moment we feel we are not ready to formulate a rigorous version yet. This would require defining a family of kernel/data models and providing the analysis able to cover all models within the family. It is difficult to do at the moment since our current approach relies on explicit derivation of generalization error, with techniques tailored towards to data models we considered. Intuitively, we expect the condition of Theorem 2 regarding the absence of localization on the largest scale $s=\nu$ to be the principal requirement for the model equivalence.

We are grateful to the reviewers for a high evaluation of our work and many useful suggestions and interesting questions. Following this feedback, we have slightly revised our paper. In addition to various small adjustments and corrections, we addressed the following bigger aspects. **Numerical experiments** We totally agree with the reviewer wTWc on the role of the experiments in justifying and explaining the theory. In that regard, we have added a new figure 1 to the main paper as well as significantly modified the last figure (figure 3 in the revised version). Also, we have added a new section G to the appendix dedicated to the details and discussion of the experiments. The main goal of figure 1 is to provide a direct experimental verification of Theorem 2 about the equivalence between our two data models and NMNO model. In particular, we have included a new *Cosine Wishart* model which is not covered by our theory but still shows the equivalence to NMNO model. **Section 5.3. on noiseless observations.** It appears that the last section was too condensed and hard to read. To remedy this, we revised it by focusing exclusively on the Circle model (the respective Wishart model results are moved to sec. E.3.4.). Additionally, the new version of figure 3 provides an illustration of the phenomena discussed in the section, which is additionally discussed in the new section G.2.

Thank you very much for emphasizing the strong sides of our work, and we are glad you found the ideas of the paper interesting. Also, thank you for pointing out the typo, which we might have missed otherwise. **Extension to more general kernel/data models.** Our approach in this paper is based on explicitly computing the generalization error (or its leading term in the $\tfrac{1}{N}$-expansion in the case of Wishart model). One relatively straightforward generalization would be the high-dimensional version of the circle model (i.e. a grid on a torus). Besides that, we are currently unaware of any other models that could potentially admit an analytical solution on the same level of detail as the two currently considered models. One potentially interesting direction is related to symmetries: one may argue that analytical solutions for our two data models is due to high level of symmetry in both of them. Then, one can wonder whether there are some other symmetries that would allow for analytical characterization of the loss functional of the underlying model. However, if one is concerned only about the equivalence result of data models and NMNO, more options for generalization potentially appear. The equivalence is mainly based on the argument that at empirical eigenvalues far away from the tail (i.e. on the scale $s<\nu$), the empirical quantities are close to the population ones with the difference between the two being sufficiently small. Thus an upper bound on this difference will suffice and the exact value is not required. We hope that it is possible to provide such an upper bound for a broader class of models, but this would require a very different set of technical tools than those we used in the current work."	"We are grateful to the reviewers for a high evaluation of our work and many useful suggestions and interesting questions. Following this feedback, we have slightly revised our paper. In addition to various small adjustments and corrections, we addressed the following bigger aspects. **Numerical experiments** We totally agree with the reviewer wTWc on the role of the experiments in justifying and explaining the theory. In that regard, we have added a new figure 1 to the main paper as well as significantly modified the last figure (figure 3 in the revised version). Also, we have added a new section G to the appendix dedicated to the details and discussion of the experiments. The main goal of figure 1 is to provide a direct experimental verification of Theorem 2 about the equivalence between our two data models and NMNO model. In particular, we have included a new *Cosine Wishart* model which is not covered by our theory but still shows the equivalence to NMNO model. **Section 5.3. on noiseless observations.** It appears that the last section was too condensed and hard to read. To remedy this, we revised it by focusing exclusively on the Circle model (the respective Wishart model results are moved to sec. E.3.4.). Additionally, the new version of figure 3 provides an illustration of the phenomena discussed in the section, which is additionally discussed in the new section G.2.

Thank you for your valuable comments and questions and for the overall positive evaluation of our work! Let us address your question separately below > The analysis in the paper does not account for the errors induced by discretization. For instance, although it is claimed at the beginning of the paper that the theory covers gradient descent, what is really done is for gradient flow. Also, when the kernel is discretized using the samples, the following assumptions are all made about this discrete kernel, and it is not obvious how it can be connected to the continuous kernel. Regarding the first discretization of Gradient Flow (GF) to Gradient Descent (GD), you are right that in the paper, we demonstrate results only for GF. To address this, in the revised version of the paper we double-checked that all claims including gradient-based algorithms are made about GF and not GD. However, are loss functionals derived for Wishart and circle model do not assume any specific shape of the profile, and therefore GD profile $h_t(\lambda)=1 - (1-\alpha \lambda)^t$ can be substituted in the functional to characterize GD generalization. We focused on GF due to its simplicity, and because we do not expect significant differences between GD and GF results in the setting of our paper(but we acknowledge the significant difference in other settings, e.g. for non-linear optimization or when convergence-divergence questions are involved). Regarding the second discretization of the kernel using samples, I believe that we describe jointly the properties of the continuous kernel via mentioning population spectrum $\lambda_l$ and features $\phi_l(\mathbf{x})$, and discrete empirical kernel matrix $\mathbf{K}$ by mentioning how the training inputs $\mathbf{x}_i$ are generated. For Circle model this is done explicitly. For Wishart model, this is done rather implicitly by the statistics of $\phi_l(\mathbf{x}_i)$ without defining separately features $\phi_l(\mathbf{x})$ and distribution of inputs $\mathbf{x}_i$. Yet, such implicit characterization is sufficient for generalization error in eq. (3) to be well defined, and we can even access it experimentally as we describe in a new appendix section G.1. > Although this is a theoretical paper, it would be helpful to include some experiments, even if they are on synthetic datasets. This helps explain (and justify) the theory. That is an excellent comment! During the rebuttal time, we have primarily focused on performing numerical experiments validating our theoretical results. Please see our general response for more details and the revised version of the paper for the new experiment results. > On page 3, when you define $\mathbf{\Lambda}$, what is the number $P$? Is it the exact rank of $\mathbf{K}$ or its numerical rank, or it does not matter too much? Throughout the paper, we use both finite and infinite values $P$. For example, all the theoretical calculations use the value $P=\infty$, while in the numerical experiments we take large enough but finite $P$ to stay close to the theoretical setting. While accurate and rigorous treatment of $P=\infty$ requires specific settings for it to be well defined, in our theoretical analysis we follow the ""physical level of rigor"", prioritizing shorter and more accessible derivations in favor of еру accurate mathematical definitions of all the objects involved. > In the statement of Proposition 1, I do not think $\rho$ has been defined before and I do not think it is a standard notation outside this community. What is the precise definition of it? Thank you for mentioning this! Indeed, the version of proposition 1 in the submission was not clear, leaving some ambiguity in the status of measures $\rho$. Conceptually, we believe that these learning measures are new objects introduced in our work (which are essentially equivalent to the loss functional itself). In the revised version of the paper, we improved the wording of proposition 1, including the reference to a general expression of these measures through the expectations over the training dataset $\mathcal{D}_N$. > Can you make your conjecture on page 6 slightly more formal? Indeed, that would be a great addition to the work. However, at the moment we feel we are not ready to formulate a rigorous version yet. This would require defining a family of kernel/data models and providing the analysis able to cover all models within the family. It is difficult to do at the moment since our current approach relies on explicit derivation of generalization error, with techniques tailored towards to data models we considered. Intuitively, we expect the condition of Theorem 2 regarding the absence of localization on the largest scale $s=\nu$ to be the principal requirement for the model equivalence.

Thank you for the positive evaluation of our work! We agree that our introduction section has some things that are properly defined only in the next setting section. While we are also concerned about this issue, we intentionally decided to sacrifice some sequentiality of exposition in favor of a shorter informal discussion covering the main points. Thank you for your question about Figure 2. While there was a reference to it in the text, your concern is indeed valid and touches a bigger problem of Section 5.3. being too compressed and, therefore, hard to understand. We tried to improve this point in the revised version of the paper - please see our general response for more details."			"{""disagreement"": 1.0, ""mixed_signals"": 1.0, ""response_count"": 3, ""density"": 1.4125, ""primary_label"": ""fixed"", ""secondary_label"": ""partially_fixed""}"
6.200	ADDCErFzev__r01	ICLR.cc/2024/Conference	Manipulating dropout reveals an optimal balance of efficiency and robustness in biological and machine visual systems	structured_v6	partially_fixed	modernbert_v6	fixed	"[weaknesses] Although the decay rate of eigenspectrum is an intuitive way of showing the effective dimensions being used to encode stimuli, I still feel there is a lack of direct demonstration of the level of sparseness resembling the orientation tuning example in Figure 1A. If indeed the neural network learns a sparse coding, I suppose you will find that the number of positive responses in the relu6 (or a layer that the authors consider appropriate) at inference stage varies according to the dropout rate at training time, or at least the number of units showing response above a threshold (not necessarily zero) should show such a dependency on dropout rate. The robustness drop due to lesion at inference time only appears apparent at very high level of lesion. What is the implication of this for the brain: do we expect that such level of unexpected inactivation of neurons is common for our object recognition regions, so that it is necessary to adjust the region's selection in the continuum between sparse and distributed coding?

[questions] Although the GSM is not a focus in this paper, I think in principle it is not guaranteed that the subtraction of the empirical noise covariance matrix from data covariance matrix results in a positive definite matrix. In other words, the eigenvalues can be negative. So I am worried that this approach is not generalizable if any readers want to test the hypothesis of this paper on other neural networks. Although AlexNet only applied dropout to the two layers investigated here, in principle it can be applied to any layer. One natural question is how dropout at earlier layers influence the coding scheme at the layer of investigation.

[summary] The paper use dropout as an approach to control the sparsity of neural representation in deep neural network (AlexNet), and evaluated the robustness of the resulting networks to lesions to one of the layers. The dropout rate of 0.7 was found to be most robust to lesion at inference time. Coincidently, at this level of dropout, the geometry of neural representation in the same layer also shows the highest correlation to the neural representational geometry to a set of COCO dataset images, in occipitaltemporal cortex of human. Further investigating the rate of decay in the eigenspectrum of the brain region and those of DNNs with different dropout rates, the decay rate of the model with 0.7 dropout rate also matches the decay rate of the human brain. Together, the result appears to suggest that, if dropout rate can be considered as a valid way of controlling for the sparsity of neural encoding, then perhaps the brain chooses its level of sparsity at a level most robust to lesioning of ""neurons""."	"# Strengths: > *The result shows a high consistency among three results; …. It used a novel approach to separate the spatial covariance structure due to potentially noise and that due to signal in fMRI activity* Thanks! # Weaknesses: > *... I still feel there is a lack of direct demonstration of the level of sparseness resembling the orientation tuning example in Figure 1A.* We have now included a new analysis that examines both the lifetime and population sparsity of layer relu6 activations across the dropout models, reported in Appendix Section 1. Indeed, as you noted, with increasing dropout rate, both activation sparsity metrics show decreased sparsity. >*The robustness drop due to lesion at inference time only appears apparent at very high level of lesion. What is the implication of this for the brain…?* An implication of this result is that the brain’s representation is unlikely to be overly dependent on single units or specific read-out connections. Indeed, the biological system is noisy, and the pattern of activation across a set of units varies with each repetition of an image, in good correspondence with this result. We added this point at the end of Section 2.5.1. # Questions: >*Although the GSM is not a focus in this paper, I think in principle it is not guaranteed that the subtraction of the empirical noise covariance matrix from data covariance matrix results in a positive definite matrix. In other words, the eigenvalues can be negative. So I am worried that this approach is not generalizable if any readers want to test the hypothesis of this paper on other neural networks.* You are correct about the potential for the non positive-definite matrix–very careful read! In fact, GSN method has a default check for this, and we have added the following sentences in the manuscript at the relevant part: “The GSN procedure next implements a check for whether the estimated covariance matrices are valid and if not, computes the nearest (Frobenius matrix norm) symmetric positive semi-definite matrix to a given square matrix [Higham, 1988].” > *Although AlexNet only applied dropout to the two layers investigated here, in principle it can be applied to any layer. One natural question is how dropout at earlier layers influence the coding scheme at the layer of investigation.* We agree. We have started training models with parametric dropout in earlier layers. In truth, there are many choices of how to do dropout in convolutional kernels (e.g. dropout random kernels across all locations, dropout random locations across all kernels, randomly dropout individual activations [c,x,y], or any of those options but with blocks of locations [c,xi-xi+h,yj-yj+w], etc.), each with different implications for the kind of regularization, so we are pursuing this more systematically for a future paper. # Summary: We have added a new analysis, clarified our methodological procedure, and added detail on the implications of our results in response to your comments. Thank you for the careful read. We hope you will consider increasing your score.

# Strengths: > *The paper introduces a systematic analysis of dropout and [neuron] lesioning … Experiments highlight interesting and novel findings … with newly discovered connections to human brain processing. Overall, the paper makes advances in understanding spectral properties learnt by humans and neural networks.* Thanks for the positive comments! # Weaknesses: > *For instance, the definition of “lesioning”, i.e., pruning neurons in an NN layer, which is central to the paper message, is found in a figure caption (Figure 2), but should appear in the main paper* We have clarified this method in the main text in the revised manuscript. Thank you. > *It is not clear how the layer for lesioning (relu6) was selected or whether results will still hold if a different layer would be selected.* True. We now clarify that we focused on lesioning fc6 during inference as a first probe, and have now added a new Appendix section A.3 with the results for lesioning layer fc7. (We note that lesioning fc6 and relu6 have the same functional consequence in our implementation, so we now refer to the fc layers rather than the relu layers for our lesioning results.) > *Results are reported using a single architecture (AlexNet), and may not generalize to other NNs.* True. We raise this in the limitations sections. > *Also, the statement in the beginning of conclusion “schemes within a family of deep neural network (DNN)” needs to be adapted to better reflect the type of networks considered. Specifically, here family seem to refer not to architecture variations, but changes in the level of dropout within an architecture.* We have attempted to clarify this sentence: ""In this work, we have instantiated the theoretical tension between sparse and distributed coding schemes with controlled regularization over a set of deep neural network (DNN) models trained on object recognition."" # Questions: > *I did not understand why human responses were compared to network responses but using different datasets (as discussed in section 2.4, human fMRI was obtained using Natural Scenes Dataset and compared to results on ImageNet using networks)? Authors should either explain the motivation of not running networks on the Natural Scenes dataset to match human fMRI, or report results using a single dataset.* True. We thought characterizing the eigenspectra of the model layer with in-distribution images made sense but we very much see your point. So, we now also report a new analysis using the same 515 COCO images from the fMRI study to compute and compare the eigenspectra in the model layer and brain data. The ImageNet and COCO probe sets yield nearly identical results (mean difference in alpha value of 0.02 over the 10 models’ fc6 layers). These results are now reported in Appendix A.2. > *It would be useful to understand the effect of dropout on the trajectories from representational trajectory analysis reported in Figure 1B. Specifically, is it dropout that induces the highest variation in the fc layers, or the underlying network architecture?* The network architectures are all the same across these plots, so the variation in their representational trajectories is due to differences in dropout rates during training. # Summary: Thanks for your thoughtful feedback. We have attempted to address as many points as possible given the time constraints of the response period.

# Strengths: > *I am generally positive about this paper . . . It replicates the analysis of mouse V1 data in human fMRI data . . . Using a large-scale fMRI dataset and computational analyses to address the coding principles of human visual cortex. A novel approach is developed to estimate the signal correlation matrix and and the noise correlation matrix in population responses.* Thanks for the positive feedback! # Weaknesses / Questions: > *In Figure 1, I am not sure why dropout was only implemented in fc6 and fc7 in model training? In a typical training, dropout was applied to all layers* In the PyTorch implementation of AlexNet, dropout is applied only in layers fc6 and fc7 by default. As such, we used this default architecture for all experiments reported here. For future publication, we have begun a more systematic exploration of dropout applied to different groups of layers (or across the entire model), and the corresponding impact on model representations and alignment to biological visual systems. >*I am wondering about the results of fc7 using the similar analysis in Figs. 2&3* We have now added new analyses (Appendix A.3) showing the results of our main analyses using layer fc7 rather than fc6. > *In Figure 2, dropout=0.5 is the best in terms of top-5 ImageNet accuracy (Fig. 2A) but dropout=0.7 is the best in terms of accuracy with unit lesion (Fig. 2D). It is debatable what exactly the criteria we emphasize when talking about coding efficiency.* Good observation. Here, our specific goal is to identify where human visual representations fall along the continuum of dropout models, rather than finding the overall best ImageNet model. As such, we highlight the p=0.7 model, which stands out both in its peak brain alignment and its robustness to unit failure (this is relevant since neurobiological circuits are known to be noisy/stochastic). But, in Section 2.3, we now address this trade-off between accuracy and robustness. > *In Figure 3, how many voxels and how many fc6 units are used? I suspect that the numbers are very different.* The brain data from the 8 NSD subjects has an average dimensionality of 34,195 within the large-scale occipitotemporal cortex (OTC) ROI, and layer fc6 of AlexNet has 4,096 units. While these values do differ by an order of magnitude, our RSA procedure is quite standard for comparing brain sector and DNN layer representations. We have added these quantifications of voxel and unit counts to Section 2.4 of the paper. > *The original study by Stringer, 2019 only recorded neurons in mouse V1. However, the ROI used here included several low- and high-level cortex. Do you expect the eigenspectrum to be different across visual areas in humans. Actually, I would say that this is the novel point to make compared to simply replicating the analyses in Stringer, 2019.* First, we now more clearly note that the human OTC ROI encompasses high-level visual cortex only (Section 2.4). Lower-level visual regions such as V1-V4 are not included. We now emphasize the novelty of our results, which are not simply a replication of Stringer et al., 2019. Second, we have now taken preliminary steps to replicate our analysis of OTC using human V1 data. Indeed, the average rate of the human V1 eigenspectrum decay (alpha) is 1.48, while the average alpha for human OTC is 1.13. We now detail several new analyses on human V1 in a new Appendix 4. This provides an initial clue that the reviewer’s suggestion of studying eigenspectra in different areas may indeed yield productive insights. We are now working on training models with varied dropout at earlier stages (e.g. in the first block) to further meaningfully extend our paradigm to human V1. # Summary: We have added new analyses and provided detailed explanations to address your questions and concerns. We’ve also extended our study to include preliminary analysis of human V1 data, in an attempt to assess the generality of our paradigm. We appreciate your insightful comments and hope these revisions encourage you to raise your score."	"# Strengths: > *I am generally positive about this paper . . . It replicates the analysis of mouse V1 data in human fMRI data . . . Using a large-scale fMRI dataset and computational analyses to address the coding principles of human visual cortex. A novel approach is developed to estimate the signal correlation matrix and and the noise correlation matrix in population responses.* Thanks for the positive feedback! # Weaknesses / Questions: > *In Figure 1, I am not sure why dropout was only implemented in fc6 and fc7 in model training? In a typical training, dropout was applied to all layers* In the PyTorch implementation of AlexNet, dropout is applied only in layers fc6 and fc7 by default. As such, we used this default architecture for all experiments reported here. For future publication, we have begun a more systematic exploration of dropout applied to different groups of layers (or across the entire model), and the corresponding impact on model representations and alignment to biological visual systems. >*I am wondering about the results of fc7 using the similar analysis in Figs. 2&3* We have now added new analyses (Appendix A.3) showing the results of our main analyses using layer fc7 rather than fc6. > *In Figure 2, dropout=0.5 is the best in terms of top-5 ImageNet accuracy (Fig. 2A) but dropout=0.7 is the best in terms of accuracy with unit lesion (Fig. 2D). It is debatable what exactly the criteria we emphasize when talking about coding efficiency.* Good observation. Here, our specific goal is to identify where human visual representations fall along the continuum of dropout models, rather than finding the overall best ImageNet model. As such, we highlight the p=0.7 model, which stands out both in its peak brain alignment and its robustness to unit failure (this is relevant since neurobiological circuits are known to be noisy/stochastic). But, in Section 2.3, we now address this trade-off between accuracy and robustness. > *In Figure 3, how many voxels and how many fc6 units are used? I suspect that the numbers are very different.* The brain data from the 8 NSD subjects has an average dimensionality of 34,195 within the large-scale occipitotemporal cortex (OTC) ROI, and layer fc6 of AlexNet has 4,096 units. While these values do differ by an order of magnitude, our RSA procedure is quite standard for comparing brain sector and DNN layer representations. We have added these quantifications of voxel and unit counts to Section 2.4 of the paper. > *The original study by Stringer, 2019 only recorded neurons in mouse V1. However, the ROI used here included several low- and high-level cortex. Do you expect the eigenspectrum to be different across visual areas in humans. Actually, I would say that this is the novel point to make compared to simply replicating the analyses in Stringer, 2019.* First, we now more clearly note that the human OTC ROI encompasses high-level visual cortex only (Section 2.4). Lower-level visual regions such as V1-V4 are not included. We now emphasize the novelty of our results, which are not simply a replication of Stringer et al., 2019. Second, we have now taken preliminary steps to replicate our analysis of OTC using human V1 data. Indeed, the average rate of the human V1 eigenspectrum decay (alpha) is 1.48, while the average alpha for human OTC is 1.13. We now detail several new analyses on human V1 in a new Appendix 4. This provides an initial clue that the reviewer’s suggestion of studying eigenspectra in different areas may indeed yield productive insights. We are now working on training models with varied dropout at earlier stages (e.g. in the first block) to further meaningfully extend our paradigm to human V1. # Summary: We have added new analyses and provided detailed explanations to address your questions and concerns. We’ve also extended our study to include preliminary analysis of human V1 data, in an attempt to assess the generality of our paradigm. We appreciate your insightful comments and hope these revisions encourage you to raise your score.

# Strengths: > *The result shows a high consistency among three results; …. It used a novel approach to separate the spatial covariance structure due to potentially noise and that due to signal in fMRI activity* Thanks! # Weaknesses: > *... I still feel there is a lack of direct demonstration of the level of sparseness resembling the orientation tuning example in Figure 1A.* We have now included a new analysis that examines both the lifetime and population sparsity of layer relu6 activations across the dropout models, reported in Appendix Section 1. Indeed, as you noted, with increasing dropout rate, both activation sparsity metrics show decreased sparsity. >*The robustness drop due to lesion at inference time only appears apparent at very high level of lesion. What is the implication of this for the brain…?* An implication of this result is that the brain’s representation is unlikely to be overly dependent on single units or specific read-out connections. Indeed, the biological system is noisy, and the pattern of activation across a set of units varies with each repetition of an image, in good correspondence with this result. We added this point at the end of Section 2.5.1. # Questions: >*Although the GSM is not a focus in this paper, I think in principle it is not guaranteed that the subtraction of the empirical noise covariance matrix from data covariance matrix results in a positive definite matrix. In other words, the eigenvalues can be negative. So I am worried that this approach is not generalizable if any readers want to test the hypothesis of this paper on other neural networks.* You are correct about the potential for the non positive-definite matrix–very careful read! In fact, GSN method has a default check for this, and we have added the following sentences in the manuscript at the relevant part: “The GSN procedure next implements a check for whether the estimated covariance matrices are valid and if not, computes the nearest (Frobenius matrix norm) symmetric positive semi-definite matrix to a given square matrix [Higham, 1988].” > *Although AlexNet only applied dropout to the two layers investigated here, in principle it can be applied to any layer. One natural question is how dropout at earlier layers influence the coding scheme at the layer of investigation.* We agree. We have started training models with parametric dropout in earlier layers. In truth, there are many choices of how to do dropout in convolutional kernels (e.g. dropout random kernels across all locations, dropout random locations across all kernels, randomly dropout individual activations [c,x,y], or any of those options but with blocks of locations [c,xi-xi+h,yj-yj+w], etc.), each with different implications for the kind of regularization, so we are pursuing this more systematically for a future paper. # Summary: We have added a new analysis, clarified our methodological procedure, and added detail on the implications of our results in response to your comments. Thank you for the careful read. We hope you will consider increasing your score.

# Strengths: > *The paper introduces a systematic analysis of dropout and [neuron] lesioning … Experiments highlight interesting and novel findings … with newly discovered connections to human brain processing. Overall, the paper makes advances in understanding spectral properties learnt by humans and neural networks.* Thanks for the positive comments! # Weaknesses: > *For instance, the definition of “lesioning”, i.e., pruning neurons in an NN layer, which is central to the paper message, is found in a figure caption (Figure 2), but should appear in the main paper* We have clarified this method in the main text in the revised manuscript. Thank you. > *It is not clear how the layer for lesioning (relu6) was selected or whether results will still hold if a different layer would be selected.* True. We now clarify that we focused on lesioning fc6 during inference as a first probe, and have now added a new Appendix section A.3 with the results for lesioning layer fc7. (We note that lesioning fc6 and relu6 have the same functional consequence in our implementation, so we now refer to the fc layers rather than the relu layers for our lesioning results.) > *Results are reported using a single architecture (AlexNet), and may not generalize to other NNs.* True. We raise this in the limitations sections. > *Also, the statement in the beginning of conclusion “schemes within a family of deep neural network (DNN)” needs to be adapted to better reflect the type of networks considered. Specifically, here family seem to refer not to architecture variations, but changes in the level of dropout within an architecture.* We have attempted to clarify this sentence: ""In this work, we have instantiated the theoretical tension between sparse and distributed coding schemes with controlled regularization over a set of deep neural network (DNN) models trained on object recognition."" # Questions: > *I did not understand why human responses were compared to network responses but using different datasets (as discussed in section 2.4, human fMRI was obtained using Natural Scenes Dataset and compared to results on ImageNet using networks)? Authors should either explain the motivation of not running networks on the Natural Scenes dataset to match human fMRI, or report results using a single dataset.* True. We thought characterizing the eigenspectra of the model layer with in-distribution images made sense but we very much see your point. So, we now also report a new analysis using the same 515 COCO images from the fMRI study to compute and compare the eigenspectra in the model layer and brain data. The ImageNet and COCO probe sets yield nearly identical results (mean difference in alpha value of 0.02 over the 10 models’ fc6 layers). These results are now reported in Appendix A.2. > *It would be useful to understand the effect of dropout on the trajectories from representational trajectory analysis reported in Figure 1B. Specifically, is it dropout that induces the highest variation in the fc layers, or the underlying network architecture?* The network architectures are all the same across these plots, so the variation in their representational trajectories is due to differences in dropout rates during training. # Summary: Thanks for your thoughtful feedback. We have attempted to address as many points as possible given the time constraints of the response period."			"{""disagreement"": 1.0, ""mixed_signals"": 1.0, ""response_count"": 3, ""density"": 2.0, ""primary_label"": ""partially_fixed"", ""secondary_label"": ""fixed""}"
4.400	JiTVtCUOpS__r04	ICLR.cc/2024/Conference	Rethinking Channel Dependence for Multivariate Time Series Forecasting: Learning from Leading Indicators	structured_v6	fixed	modernbert_v6	partially_fixed	"[weaknesses] To me, the paper is well written, logically fluent and the experiment result is fruitful. My only concern is about potential contradiction in results and the slightly limited applicability. Please see the Question part for more details.

[questions] Please allow me to preface my questions by mentioning that I am relatively new to this field, and as such, my inquiries may not reflect a deep understanding of the intricate concepts presented. The following question is my major concern: Q1. While the motivation lies in the exploitation of dependence between variables, the experiment shows better performance and improvement for CI methods compared with CD methods, which is kind of contradicted. Could you provide more insight into the possible reasons? &nbsp; The following questions stem from what I believe are confusions arising from differences between different fields (which won't influence my rating): Q2. Is it possible to provide a formal definition of **locally stationary lead-lag relation** as ""influence requires a certain time delay to propagate and take effect"" is not clear to interpret mathematically? Furthermore, in the context of cross-correlation used to quantify such relationships, does this indicate that a lead-lag relationship is inferred whenever we observe relatively larger cross-correlation in differing time slots between two variables? (In the causality field, the correlation is not equivalent to influence and effect). Q3. As a continuation of my previous question, the use of cross-correlation for identifying lead-lag relationships suggests a focus on linear associations. May I inquire if this suggests that the algorithm's applicability is confined to variables that share a linear relationship (e.g., $X_1 = X_2^2$, the cross-correlation will return zero)?

[summary] The paper introduces LIFT, a novel method aimed at enhancing multivariate time series (MTS) forecasting by leveraging locally stationary lead-lag relationships between variates. The authors suggest that recognizing and utilizing the dependence between channels can significantly improve forecasting accuracy. LIFT is designed to be a flexible plug-in that can integrate with any existing time series forecasting methods. The method was tested across several real-world datasets, showing remarkable improvement. Additionally, the paper presents LightMTS, a new baseline model for MTS forecasting that maintains parameter efficiency while offering competitive performance."	"Thanks for your time and effort in reviewing our paper! We have provided more explanations below to better clarify our work. **Q1: The experiment shows better performance and improvement for CI methods compared with CD methods. Could you provide possible reasons?** **A1:** Let ""$>$"" mean ""outperforms"". The following is the rationale for the experimental results. $\text{Why CI backbones} > \text{CD backbones}?$ Crossformer focuses on variables that share similarities at the same time but ignores leading indicators that look different at the same time (as illustrated in Figure 1) due to a large leading step. MTGNN learns a fixed set of indicators and overlooks the varying leading steps. Thus MTGNN can easily overfit training data, of which the lead-lag relationships are different from test data (see Figure 7-8). Other CD backbones (*e.g.*, Autoformer and FEDformer) simply mix up all variables and suffer from noise. $\text{Why CI+LIFT}>\text{CI} > \text{CD+LIFT}?$ This happens when $CI \gg CD$ and the performance gap is too large for LIFT to fill. The reason is that LIFT is affected by the error from the backbone. As defined in Eq. (5), the shifted window of leading indicators is padded by a part of the backbone's forecasts when the leading step is smaller than the forecast horizon. $\text{Why LIFT achieves higher relative improvement on CI than CD}?$ As both CD backbones and the LIFT module exploit dependence between variables, their leveraged dependence information can overlap. By contrast, CI backbones treat each variate independently and hence benefit more from the channel dependence exploited by LIFT. ---- **Q2: Provide a formal definition of locally stationary lead-lag relation. Is a lead-lag relationship inferred whenever we observe relatively larger cross-correlation?** **A2:** Formally, there is a locally stationary lead-lag relationship between variate $i$ and $j$ at time $t$ if \\begin{aligned} \exists \delta >0,\\ &D(\mathcal X^{(j)} _{t+1:t+H}, \mathcal X^{(i)} _{t+1-\delta:t+H-\delta})\approx D(\mathcal X^{(j)} _{t-L+1:t}, \mathcal X^{(i)} _{t-L+1-\delta:t-\delta})\approx 0 \\\\ \wedge\exists t'> t,\\ &D(\mathcal X^{(j)} _{t'+1:t'+H}, \mathcal X^{(i)} _{t'+1-\delta:t'+H-\delta}) \not\approx 0, \\end{aligned} where $D(\mathcal W,\mathcal W')$ is the distance between two windows $\mathcal W$ and $\mathcal W'$, and $D(\cdot,\cdot)$ can be estimated by a neural network or a non-parametric metric (*e.g.*, $1-\text{cross-correlation coefficient}$). Furthermore, if there exists $i\neq j$ such that $D(\mathcal X^{(j)} _{t+1:t+H}, \mathcal X^{(i)} _{t+1:t+H})\approx 0$, we dismiss variate $i$ as it is not a leading indicator and offers no advance information. Since most time series are not extremely non-stationary, we assume the lead-lag relationship keeps stationary across the lookback and horizon windows, *i.e.*, $\mathcal X^{(j)} _{t-L+1:t}$ and $\mathcal X^{(j)} _{t+1:t+H}$ has the same leading indicator $i$ with the leading step close to $\delta$. A lead-lag relationship is not inferred by the correlation-based estimation alone. The motivation of using cross-correlation is to estimate all variates *as fast as possible* and filter out most noisy variates. A large correlation between two lookback windows just suggests that the indicator can serve as a potential reference for the horizon window. We rely on the Lead-aware Refiner which is the key component to exploit the advance information from potential leading indicators. The Lead-aware Refiner is trained to learn how much we can trust the suggestion and how we leverage the potential leading indicators. ---- **Q3: Is the algorithm's applicability confined to variables that share a linear relationship?** **A3:** We do not constrain the relationship to be linear. We just use cross-correlations to roughly yet quickly select a subset of variates. Then, our Adaptive Frequency Mixer, a non-linear neural network, is capable of modeling complex relationships within the small subset, instead of costly modeling relationships among all variates. Besides, the correlation-based estimation also allows some non-linear relationships between two windows $\mathcal W$ and $\mathcal W'$, *e.g.*, $\mathcal W=(\mathcal W')^3$, as long as the variates share similar trends. In case the subset overlooks arbitrarily complex relationships, *e.g.*, $\mathcal W=(\mathcal W')^2$, an alternative implementation of the distance function $D(\cdot, \cdot)$ is using another neural network (*e.g.*, $D(\mathcal W, \mathcal W')=f _{1}(\mathcal W)^\top f _2(\mathcal W')$, where $f _{1}$ and $f _{2}$ are two different MLPs and trained by gradient descent).

Thanks for your time and valuable comments! We are happy to see that you found our design intuitive and smart. We have provided more explanations and experiments to address your concern. **Q1: The proposed estimation of leading indicators cannot easily capture highly complex relations among variates and may not be accurate.** **A1:** Our procedure is to quickly filter out most noisy variates, coarsely obtain advance information from potential leading indicators, and then finely model relationships within a narrowed scope that benefits the forecasting. The motivation is that many MTS contain numerous variates (e.g., the Traffic dataset has 862 variates), while the complexity of estimating all cross-variate relationships at one time step is $\mathcal O(C^2)$ ($C$ is the number of variates). This requires making the estimation *as efficient as possible*, since we need to restart estimations at each prediction time. It is not necessary for our lead estimation to be perfect, because our proposed Adaptive Frequency Mixer, a non-linear neural network, shoulders the responsibility for filtering out noisy information from the selected indicators. Existing MTS forecasting methods pay little attention to the dynamics of leading steps, making their test performance susceptible to variations of channel dependence. Going a step further, one of our contributions is that we propose target-oriented shifts to keep variates aligned dynamically, allowing test-time adaptation. --- **Q2: The locally stationary lead-lag relationship should be static only in a short period, and may not work well in long-term forecasting.** **A2:** Nice comment! We provide additional data analyses on long-term forecasting benchmarks, demonstrating that the discovered lead-lag relationships generally last over the large horizon window with $H$ steps, where $H$ is set to $720$. Empirically, at each time $t$, we lookback the previous $336$ steps to select the $4$ most possible leading indicators for each target variate $j$. And for each leading indicator $i$, we obtain its leading step $\delta^{(j)} _{i,t}$. Then, we compute the future cross-correlation coefficient $R^{(j)} _{i,t+H}$ between *the ground-truth horizon window* $\mathcal X^{(j)} _{t+1:t+H}$ and the shifted sequence $\mathcal X^{(i)} _{t+1-\delta^{(j)} _{i,t}:t+H-\delta^{(j)} _{i,t}}$. With the horizon window sliding along the dataset, we repeat discovering relationships on the corresponding lookback window and computing $R^{(j)} _{i,t+H}$ for each $j$ and $i$ at different time $t$. We report the average of $R^{(j)} _{i,t+H}$ on each dataset as listed below. |Weather|Electricity|Traffic|Solar|Wind|PeMSD8| |--|--|--|--|--|--| |0.82|0.82|0.79|0.87|0.79|0.54| As shown in the table, the large values indicate the lead-lag relationships generally hold over the large horizon window in long-term forecasting tasks. There are two rationales behind the empirical results and the good performance of LIFT. (1) As most time series are not extremely non-stationary, there are relationships that last over a certain period in favor of channel dependence modeling. (2) Existing long-term forecasting methods lack prior knowledge of channel dependence and try to learn arbitrarily complex dependence, increasing difficulty in optimization and risking overfitting issues. By contrast, our method dynamically learns from the discovered lead-lag relationships, which are much simpler and remain effective during test time. --- **Q3: Fair comparison of the computation cost.** **A3:** Following LSTF-Linear [1], we compare the backbones and LIFT per sample by the number of parameters, the number of multiply-accumulate operations (MACs, $\approx\frac{1}{2}$FLOPs), the GPU memory consumption, and the inference time in the following table. |||PatchTST|PatchTST+LIFT|relative additional cost|Crossformer|Crossformer+LIFT|relative additional cost| |--|--|--|--|--|--|--|--| |**Weather**|**Parameter** (M)|4.3|4.7|9.3%|11.7|12.5|7.1%| ||**MACs** (G)|0.5|0.5|1.8%|4.4|4.4|0.2%| ||**Memory** (MB)|43|46|7.7%|206|209|1.6%| ||**Time** (ms)|4.7|6.0|29.6%|37.7|40.6|7.6%| |**Electricity**|**Parameter** (M)|4.3|4.7|9.3%|2.4|2.8|16.7%| ||**MACs** (G)|7.1|7.2|1.8%|8.6|8.7|1.4%| ||**Memory** (MB)|406|411|1.2%|873|878|0.6%| ||**Time** (ms)|5.1|6.0|17.4%|31.5|33.1|5.1%| |**Traffic**|**Parameter** (M)|4.3|4.7|9.3%|3.2|3.6|12.4%| ||**MACs** (G)|19.0|19.4|1.8%|10.6|10.9|3.2%| ||**Memory** (MB)|1061|1092|2.9%|1558|1578|1.3%| ||**Time** (ms)|5.1|5.8|14.5%|32.7|36.4|11.3%| Our empirical study shows that LIFT additionally requires an average of 10.7% parameters, 1.7% MACs, 2.5% memory, and 14.2% inference time more than its backbone. It is noteworthy that our Lead Estimator is non-parametric and can precompute estimation only once on the training data, reducing practical training time. --- [1] Zeng & Chen et. al. Are Transformers Effective for Time Series Forecasting? AAAI 2023.

Thanks for your time and interesting questions. We have provided more explanations below to better clarify our work and address your concern. **Q1: What if two or more time series jointly influence another time series? Misspecifying such actions interaction could be why CD methods underperform CI.** **A1:** To handle the complex cases, we design the Lead-aware Refiner to jointly model all the selected leading indicators for a target variate. Specifically, in Eq. (9), we utilize $\boldsymbol{R} _t^{(j)} \in \mathbb{R}^K$, the $K$-dimensional correlation vector of the $K$ leading indicators, to generate filters that reweight the indicators' influence. In this way, we learn from each leading indicator according to the overall situation of the $K$ selected indicators. Existing CD backbones also jointly model the complex interactions among all variates. The main reason of their inferior performance is the overfitting issue, which is caused by their unawareness of the dynamic variation in leading indicators and leading steps. Particularly, LIFT alleviates overfitting by decomposing CD modeling into two steps: 1) An efficient Lead Estimator roughly ranks potential leading indicators by cross-correlations, and then the indicators are shifted by leading steps; 2) A learnable Lead-aware Refiner jointly models the complex interactions between the selected subset of leading indicators and the target variate. ---- **Q2: When the influence structure is $X^{(1)} \rightarrow X^{(2)} \rightarrow \cdots \rightarrow X^{(C)}$, LIFT will not pick $X^{(C-1)}$ if it has the lowest cross-correlation.** **A2:** The chain structure $X^{(1)} \rightarrow X^{(2)} \rightarrow \cdots \rightarrow X^{(C)}$ indicates that the leading steps of the $C-1$ indicators *w.r.t.* $X^{(C)}$ are in a descending order, *i.e.*, $\delta _1^{(1)}>\cdots>\delta _{C-2}^{(C)}>\delta _{C-1}^{(C)}$. On the one hand, a leading indicator with a larger leading step offers more advance information. On the other hand, a higher cross-correlation coefficient indicates a more possible lead-lag relationship. Thus, it is better to pick $\{X^{(i)}\} _{i=1}^{C-2}$ which are more helpful and more reliable than $X^{(C-1)}$. ---- **Q3: Is it possible to discover causal relationships (e.g., Granger causality) among time series via modifications of LIFT?** **A3:** A possible way to compute a time-dependent causal graph via the modifications of LIST is the following. Initially, we build a graph based on the lead estimation results at time $t$, where each node (a variate $j$) is connected to $K$ nodes (its potential indicators $\mathcal I _t^{(j)}$), *i.e.*, $\{X _{t-\delta _{i, t}^{(j)}}^{(i)} \rightarrow X _t^{(j)} \mid 1 \leq j \leq C, i \in \mathcal I _t^{(j)}\}$. Then, we prune the graph as follows. 1. Replacing the sum pooling in Eq. (11) by mean pooling, we rewrite our frequency mixing as $$ \widetilde{V}^{(j)} = g\left({V}^{(j)}\parallel \frac{1}{|\mathcal K^{(j)}|}\sum _{k\in \mathcal K^{(j)}} {\widetilde U}^{(j)} _k \parallel \frac{1}{|\mathcal K^{(j)}|}\sum _{k\in \mathcal K^{(j)}} {\widetilde \Delta}^{(j)} _k \right), $$ where $\mathcal K^{(j)}=\{1,2,\cdots,K\}$ denotes the indices of $\mathcal I _t^{(j)}$. 2. We train LIFT on the training data and calculate the forecast loss on the validation data. 3. For each target node $j$ in $[1, C]$, we repeat removing the most useless indicator by the following iteration algorithm until the loss of forecasting $j$ cannot be decreased. - For each $k$ in $\mathcal K^{(j)}$, we specially dismiss the $k$-th indicator, re-conduct frequency mixing, and calculate a new forecast loss by using the remaining $|\mathcal K^{(j)}|-1$ indicators. A lower loss indicates that the $k$-th selected one is just a noise. - Then, we update $\mathcal K^{(j)}$ as $\mathcal K^{(j)}-\{k^{\prime}\}$ if dismissing the $k^{\prime}$-th indicator leads to the lowest forecast loss. ---- **Q4: Why there is subscript $U$ and $\Delta$ in equation (9)?** **A4:** To simplify notations in the following discussion, we leave out the superscript $(j)$ and the subscript $k$. Let $U$ denote the information of one leading indicator, $V$ denote the prediction of the target variate, and $\Delta=U-V$. Eq. (9) generates different filters $r _U$ and $r _{\Delta}$ for $U$ and $\Delta$, respectively. The reason is that we consider two kinds of relationships: - $V$ is directly influenced by $U$, and the ground-truth $V$ contains a degree of $U$, *e.g.*, $V _{true} \approx V + r _U\odot U$; - $V$ is similar to $U$ when they are both influenced by a latent factor, and the ground-truth $V$ is the interpolation between $V$ and $U$, *e.g.*, $V _{true} \approx (1- r _{\Delta})\odot V + r _{\Delta}\odot U=V+ r _{\Delta}\odot\Delta$. Note that both situations may exist in practice. We thus use different layers to generate $r _U$ and $r _{\Delta}$. Our ablation study in Figure 5b demonstrates the effectiveness of modeling both kinds of influence."	"Thanks for your time and valuable comments! We are happy to see that you found our design intuitive and smart. We have provided more explanations and experiments to address your concern. **Q1: The proposed estimation of leading indicators cannot easily capture highly complex relations among variates and may not be accurate.** **A1:** Our procedure is to quickly filter out most noisy variates, coarsely obtain advance information from potential leading indicators, and then finely model relationships within a narrowed scope that benefits the forecasting. The motivation is that many MTS contain numerous variates (e.g., the Traffic dataset has 862 variates), while the complexity of estimating all cross-variate relationships at one time step is $\mathcal O(C^2)$ ($C$ is the number of variates). This requires making the estimation *as efficient as possible*, since we need to restart estimations at each prediction time. It is not necessary for our lead estimation to be perfect, because our proposed Adaptive Frequency Mixer, a non-linear neural network, shoulders the responsibility for filtering out noisy information from the selected indicators. Existing MTS forecasting methods pay little attention to the dynamics of leading steps, making their test performance susceptible to variations of channel dependence. Going a step further, one of our contributions is that we propose target-oriented shifts to keep variates aligned dynamically, allowing test-time adaptation. --- **Q2: The locally stationary lead-lag relationship should be static only in a short period, and may not work well in long-term forecasting.** **A2:** Nice comment! We provide additional data analyses on long-term forecasting benchmarks, demonstrating that the discovered lead-lag relationships generally last over the large horizon window with $H$ steps, where $H$ is set to $720$. Empirically, at each time $t$, we lookback the previous $336$ steps to select the $4$ most possible leading indicators for each target variate $j$. And for each leading indicator $i$, we obtain its leading step $\delta^{(j)} _{i,t}$. Then, we compute the future cross-correlation coefficient $R^{(j)} _{i,t+H}$ between *the ground-truth horizon window* $\mathcal X^{(j)} _{t+1:t+H}$ and the shifted sequence $\mathcal X^{(i)} _{t+1-\delta^{(j)} _{i,t}:t+H-\delta^{(j)} _{i,t}}$. With the horizon window sliding along the dataset, we repeat discovering relationships on the corresponding lookback window and computing $R^{(j)} _{i,t+H}$ for each $j$ and $i$ at different time $t$. We report the average of $R^{(j)} _{i,t+H}$ on each dataset as listed below. |Weather|Electricity|Traffic|Solar|Wind|PeMSD8| |--|--|--|--|--|--| |0.82|0.82|0.79|0.87|0.79|0.54| As shown in the table, the large values indicate the lead-lag relationships generally hold over the large horizon window in long-term forecasting tasks. There are two rationales behind the empirical results and the good performance of LIFT. (1) As most time series are not extremely non-stationary, there are relationships that last over a certain period in favor of channel dependence modeling. (2) Existing long-term forecasting methods lack prior knowledge of channel dependence and try to learn arbitrarily complex dependence, increasing difficulty in optimization and risking overfitting issues. By contrast, our method dynamically learns from the discovered lead-lag relationships, which are much simpler and remain effective during test time. --- **Q3: Fair comparison of the computation cost.** **A3:** Following LSTF-Linear [1], we compare the backbones and LIFT per sample by the number of parameters, the number of multiply-accumulate operations (MACs, $\approx\frac{1}{2}$FLOPs), the GPU memory consumption, and the inference time in the following table. |||PatchTST|PatchTST+LIFT|relative additional cost|Crossformer|Crossformer+LIFT|relative additional cost| |--|--|--|--|--|--|--|--| |**Weather**|**Parameter** (M)|4.3|4.7|9.3%|11.7|12.5|7.1%| ||**MACs** (G)|0.5|0.5|1.8%|4.4|4.4|0.2%| ||**Memory** (MB)|43|46|7.7%|206|209|1.6%| ||**Time** (ms)|4.7|6.0|29.6%|37.7|40.6|7.6%| |**Electricity**|**Parameter** (M)|4.3|4.7|9.3%|2.4|2.8|16.7%| ||**MACs** (G)|7.1|7.2|1.8%|8.6|8.7|1.4%| ||**Memory** (MB)|406|411|1.2%|873|878|0.6%| ||**Time** (ms)|5.1|6.0|17.4%|31.5|33.1|5.1%| |**Traffic**|**Parameter** (M)|4.3|4.7|9.3%|3.2|3.6|12.4%| ||**MACs** (G)|19.0|19.4|1.8%|10.6|10.9|3.2%| ||**Memory** (MB)|1061|1092|2.9%|1558|1578|1.3%| ||**Time** (ms)|5.1|5.8|14.5%|32.7|36.4|11.3%| Our empirical study shows that LIFT additionally requires an average of 10.7% parameters, 1.7% MACs, 2.5% memory, and 14.2% inference time more than its backbone. It is noteworthy that our Lead Estimator is non-parametric and can precompute estimation only once on the training data, reducing practical training time. --- [1] Zeng & Chen et. al. Are Transformers Effective for Time Series Forecasting? AAAI 2023.

Thanks for your time and interesting questions. We have provided more explanations below to better clarify our work and address your concern. **Q1: What if two or more time series jointly influence another time series? Misspecifying such actions interaction could be why CD methods underperform CI.** **A1:** To handle the complex cases, we design the Lead-aware Refiner to jointly model all the selected leading indicators for a target variate. Specifically, in Eq. (9), we utilize $\boldsymbol{R} _t^{(j)} \in \mathbb{R}^K$, the $K$-dimensional correlation vector of the $K$ leading indicators, to generate filters that reweight the indicators' influence. In this way, we learn from each leading indicator according to the overall situation of the $K$ selected indicators. Existing CD backbones also jointly model the complex interactions among all variates. The main reason of their inferior performance is the overfitting issue, which is caused by their unawareness of the dynamic variation in leading indicators and leading steps. Particularly, LIFT alleviates overfitting by decomposing CD modeling into two steps: 1) An efficient Lead Estimator roughly ranks potential leading indicators by cross-correlations, and then the indicators are shifted by leading steps; 2) A learnable Lead-aware Refiner jointly models the complex interactions between the selected subset of leading indicators and the target variate. ---- **Q2: When the influence structure is $X^{(1)} \rightarrow X^{(2)} \rightarrow \cdots \rightarrow X^{(C)}$, LIFT will not pick $X^{(C-1)}$ if it has the lowest cross-correlation.** **A2:** The chain structure $X^{(1)} \rightarrow X^{(2)} \rightarrow \cdots \rightarrow X^{(C)}$ indicates that the leading steps of the $C-1$ indicators *w.r.t.* $X^{(C)}$ are in a descending order, *i.e.*, $\delta _1^{(1)}>\cdots>\delta _{C-2}^{(C)}>\delta _{C-1}^{(C)}$. On the one hand, a leading indicator with a larger leading step offers more advance information. On the other hand, a higher cross-correlation coefficient indicates a more possible lead-lag relationship. Thus, it is better to pick $\{X^{(i)}\} _{i=1}^{C-2}$ which are more helpful and more reliable than $X^{(C-1)}$. ---- **Q3: Is it possible to discover causal relationships (e.g., Granger causality) among time series via modifications of LIFT?** **A3:** A possible way to compute a time-dependent causal graph via the modifications of LIST is the following. Initially, we build a graph based on the lead estimation results at time $t$, where each node (a variate $j$) is connected to $K$ nodes (its potential indicators $\mathcal I _t^{(j)}$), *i.e.*, $\{X _{t-\delta _{i, t}^{(j)}}^{(i)} \rightarrow X _t^{(j)} \mid 1 \leq j \leq C, i \in \mathcal I _t^{(j)}\}$. Then, we prune the graph as follows. 1. Replacing the sum pooling in Eq. (11) by mean pooling, we rewrite our frequency mixing as $$ \widetilde{V}^{(j)} = g\left({V}^{(j)}\parallel \frac{1}{|\mathcal K^{(j)}|}\sum _{k\in \mathcal K^{(j)}} {\widetilde U}^{(j)} _k \parallel \frac{1}{|\mathcal K^{(j)}|}\sum _{k\in \mathcal K^{(j)}} {\widetilde \Delta}^{(j)} _k \right), $$ where $\mathcal K^{(j)}=\{1,2,\cdots,K\}$ denotes the indices of $\mathcal I _t^{(j)}$. 2. We train LIFT on the training data and calculate the forecast loss on the validation data. 3. For each target node $j$ in $[1, C]$, we repeat removing the most useless indicator by the following iteration algorithm until the loss of forecasting $j$ cannot be decreased. - For each $k$ in $\mathcal K^{(j)}$, we specially dismiss the $k$-th indicator, re-conduct frequency mixing, and calculate a new forecast loss by using the remaining $|\mathcal K^{(j)}|-1$ indicators. A lower loss indicates that the $k$-th selected one is just a noise. - Then, we update $\mathcal K^{(j)}$ as $\mathcal K^{(j)}-\{k^{\prime}\}$ if dismissing the $k^{\prime}$-th indicator leads to the lowest forecast loss. ---- **Q4: Why there is subscript $U$ and $\Delta$ in equation (9)?** **A4:** To simplify notations in the following discussion, we leave out the superscript $(j)$ and the subscript $k$. Let $U$ denote the information of one leading indicator, $V$ denote the prediction of the target variate, and $\Delta=U-V$. Eq. (9) generates different filters $r _U$ and $r _{\Delta}$ for $U$ and $\Delta$, respectively. The reason is that we consider two kinds of relationships: - $V$ is directly influenced by $U$, and the ground-truth $V$ contains a degree of $U$, *e.g.*, $V _{true} \approx V + r _U\odot U$; - $V$ is similar to $U$ when they are both influenced by a latent factor, and the ground-truth $V$ is the interpolation between $V$ and $U$, *e.g.*, $V _{true} \approx (1- r _{\Delta})\odot V + r _{\Delta}\odot U=V+ r _{\Delta}\odot\Delta$. Note that both situations may exist in practice. We thus use different layers to generate $r _U$ and $r _{\Delta}$. Our ablation study in Figure 5b demonstrates the effectiveness of modeling both kinds of influence.

Thanks for your time and effort in reviewing our paper! We have provided more explanations below to better clarify our work. **Q1: The experiment shows better performance and improvement for CI methods compared with CD methods. Could you provide possible reasons?** **A1:** Let ""$>$"" mean ""outperforms"". The following is the rationale for the experimental results. $\text{Why CI backbones} > \text{CD backbones}?$ Crossformer focuses on variables that share similarities at the same time but ignores leading indicators that look different at the same time (as illustrated in Figure 1) due to a large leading step. MTGNN learns a fixed set of indicators and overlooks the varying leading steps. Thus MTGNN can easily overfit training data, of which the lead-lag relationships are different from test data (see Figure 7-8). Other CD backbones (*e.g.*, Autoformer and FEDformer) simply mix up all variables and suffer from noise. $\text{Why CI+LIFT}>\text{CI} > \text{CD+LIFT}?$ This happens when $CI \gg CD$ and the performance gap is too large for LIFT to fill. The reason is that LIFT is affected by the error from the backbone. As defined in Eq. (5), the shifted window of leading indicators is padded by a part of the backbone's forecasts when the leading step is smaller than the forecast horizon. $\text{Why LIFT achieves higher relative improvement on CI than CD}?$ As both CD backbones and the LIFT module exploit dependence between variables, their leveraged dependence information can overlap. By contrast, CI backbones treat each variate independently and hence benefit more from the channel dependence exploited by LIFT. ---- **Q2: Provide a formal definition of locally stationary lead-lag relation. Is a lead-lag relationship inferred whenever we observe relatively larger cross-correlation?** **A2:** Formally, there is a locally stationary lead-lag relationship between variate $i$ and $j$ at time $t$ if \\begin{aligned} \exists \delta >0,\\ &D(\mathcal X^{(j)} _{t+1:t+H}, \mathcal X^{(i)} _{t+1-\delta:t+H-\delta})\approx D(\mathcal X^{(j)} _{t-L+1:t}, \mathcal X^{(i)} _{t-L+1-\delta:t-\delta})\approx 0 \\\\ \wedge\exists t'> t,\\ &D(\mathcal X^{(j)} _{t'+1:t'+H}, \mathcal X^{(i)} _{t'+1-\delta:t'+H-\delta}) \not\approx 0, \\end{aligned} where $D(\mathcal W,\mathcal W')$ is the distance between two windows $\mathcal W$ and $\mathcal W'$, and $D(\cdot,\cdot)$ can be estimated by a neural network or a non-parametric metric (*e.g.*, $1-\text{cross-correlation coefficient}$). Furthermore, if there exists $i\neq j$ such that $D(\mathcal X^{(j)} _{t+1:t+H}, \mathcal X^{(i)} _{t+1:t+H})\approx 0$, we dismiss variate $i$ as it is not a leading indicator and offers no advance information. Since most time series are not extremely non-stationary, we assume the lead-lag relationship keeps stationary across the lookback and horizon windows, *i.e.*, $\mathcal X^{(j)} _{t-L+1:t}$ and $\mathcal X^{(j)} _{t+1:t+H}$ has the same leading indicator $i$ with the leading step close to $\delta$. A lead-lag relationship is not inferred by the correlation-based estimation alone. The motivation of using cross-correlation is to estimate all variates *as fast as possible* and filter out most noisy variates. A large correlation between two lookback windows just suggests that the indicator can serve as a potential reference for the horizon window. We rely on the Lead-aware Refiner which is the key component to exploit the advance information from potential leading indicators. The Lead-aware Refiner is trained to learn how much we can trust the suggestion and how we leverage the potential leading indicators. ---- **Q3: Is the algorithm's applicability confined to variables that share a linear relationship?** **A3:** We do not constrain the relationship to be linear. We just use cross-correlations to roughly yet quickly select a subset of variates. Then, our Adaptive Frequency Mixer, a non-linear neural network, is capable of modeling complex relationships within the small subset, instead of costly modeling relationships among all variates. Besides, the correlation-based estimation also allows some non-linear relationships between two windows $\mathcal W$ and $\mathcal W'$, *e.g.*, $\mathcal W=(\mathcal W')^3$, as long as the variates share similar trends. In case the subset overlooks arbitrarily complex relationships, *e.g.*, $\mathcal W=(\mathcal W')^2$, an alternative implementation of the distance function $D(\cdot, \cdot)$ is using another neural network (*e.g.*, $D(\mathcal W, \mathcal W')=f _{1}(\mathcal W)^\top f _2(\mathcal W')$, where $f _{1}$ and $f _{2}$ are two different MLPs and trained by gradient descent)."			"{""disagreement"": 1.0, ""mixed_signals"": 0.0, ""response_count"": 3, ""density"": 2.0, ""primary_label"": ""fixed"", ""secondary_label"": ""partially_fixed""}"
6.200	ADDCErFzev__r02	ICLR.cc/2024/Conference	Manipulating dropout reveals an optimal balance of efficiency and robustness in biological and machine visual systems	structured_v6	partially_fixed	modernbert_v6	fixed	"[weaknesses] The paper would benefit from more clarity and better organization. It was somewhat difficult to understand key components of the paper. For instance, the definition of “lesioning”, i.e., pruning neurons in an NN layer, which is central to the paper message, is found in a figure caption (Figure 2), but should appear in the main paper. Specific points: * It is not clear how the layer for lesioning (relu6) was selected or whether results will still hold if a different layer would be selected. * Results are reported using a single architecture (AlexNet), and may not generalize to other NNs. Also, the statement in the beginning of conclusion “schemes within a family of deep neural network (DNN)” needs to be adapted to better reflect the type of networks considered. Specifically, here family seem to refer not to architecture variations, but changes in the level of dropout within an architecture. * Authors should discuss the significance of the reported findings for the ML community. I thought that many of the reported analyses were cleverly executed, but I struggled to understand the main message behind the paper.

[questions] I did not understand why human responses were compared to network responses but using different datasets (as discussed in section 2.4, human fMRI was obtained using Natural Scenes Dataset and compared to results on ImageNet using networks)? Authors should either explain the motivation of not running networks on the Natural Scenes dataset to match human fMRI, or report results using a single dataset. It would be useful to understand the effect of dropout on the trajectories from representational trajectory analysis reported in Figure 1B. Specifically, is it dropout that induces the highest variation in the fc layers, or the underlying network architecture?

[summary] The paper introduces a neurobiological link between dropout, a common ML regularization method and human brain processing. Key findings include: * There was a reduction in object representation dimensionality with increased dropout levels for NNs * NN performance was relatively consistent across different levels of dropout, first monotonically increasing and then monotonically decreasing * Representational trajectory analysis revealed most differences in the fully connected layers where dropout was applied * Dropout mitigates effect of [neuron] lesioning, but to a limited extent * A model that was most robust to [neuron] lesioning (dropout p=0.7) mostly closely matched human brain representations obtained from an FMRI study and evaluated using Representational Similarity Analysis (RSA)."	"# Strengths: > *The paper introduces a systematic analysis of dropout and [neuron] lesioning … Experiments highlight interesting and novel findings … with newly discovered connections to human brain processing. Overall, the paper makes advances in understanding spectral properties learnt by humans and neural networks.* Thanks for the positive comments! # Weaknesses: > *For instance, the definition of “lesioning”, i.e., pruning neurons in an NN layer, which is central to the paper message, is found in a figure caption (Figure 2), but should appear in the main paper* We have clarified this method in the main text in the revised manuscript. Thank you. > *It is not clear how the layer for lesioning (relu6) was selected or whether results will still hold if a different layer would be selected.* True. We now clarify that we focused on lesioning fc6 during inference as a first probe, and have now added a new Appendix section A.3 with the results for lesioning layer fc7. (We note that lesioning fc6 and relu6 have the same functional consequence in our implementation, so we now refer to the fc layers rather than the relu layers for our lesioning results.) > *Results are reported using a single architecture (AlexNet), and may not generalize to other NNs.* True. We raise this in the limitations sections. > *Also, the statement in the beginning of conclusion “schemes within a family of deep neural network (DNN)” needs to be adapted to better reflect the type of networks considered. Specifically, here family seem to refer not to architecture variations, but changes in the level of dropout within an architecture.* We have attempted to clarify this sentence: ""In this work, we have instantiated the theoretical tension between sparse and distributed coding schemes with controlled regularization over a set of deep neural network (DNN) models trained on object recognition."" # Questions: > *I did not understand why human responses were compared to network responses but using different datasets (as discussed in section 2.4, human fMRI was obtained using Natural Scenes Dataset and compared to results on ImageNet using networks)? Authors should either explain the motivation of not running networks on the Natural Scenes dataset to match human fMRI, or report results using a single dataset.* True. We thought characterizing the eigenspectra of the model layer with in-distribution images made sense but we very much see your point. So, we now also report a new analysis using the same 515 COCO images from the fMRI study to compute and compare the eigenspectra in the model layer and brain data. The ImageNet and COCO probe sets yield nearly identical results (mean difference in alpha value of 0.02 over the 10 models’ fc6 layers). These results are now reported in Appendix A.2. > *It would be useful to understand the effect of dropout on the trajectories from representational trajectory analysis reported in Figure 1B. Specifically, is it dropout that induces the highest variation in the fc layers, or the underlying network architecture?* The network architectures are all the same across these plots, so the variation in their representational trajectories is due to differences in dropout rates during training. # Summary: Thanks for your thoughtful feedback. We have attempted to address as many points as possible given the time constraints of the response period.

# Strengths: > *I am generally positive about this paper . . . It replicates the analysis of mouse V1 data in human fMRI data . . . Using a large-scale fMRI dataset and computational analyses to address the coding principles of human visual cortex. A novel approach is developed to estimate the signal correlation matrix and and the noise correlation matrix in population responses.* Thanks for the positive feedback! # Weaknesses / Questions: > *In Figure 1, I am not sure why dropout was only implemented in fc6 and fc7 in model training? In a typical training, dropout was applied to all layers* In the PyTorch implementation of AlexNet, dropout is applied only in layers fc6 and fc7 by default. As such, we used this default architecture for all experiments reported here. For future publication, we have begun a more systematic exploration of dropout applied to different groups of layers (or across the entire model), and the corresponding impact on model representations and alignment to biological visual systems. >*I am wondering about the results of fc7 using the similar analysis in Figs. 2&3* We have now added new analyses (Appendix A.3) showing the results of our main analyses using layer fc7 rather than fc6. > *In Figure 2, dropout=0.5 is the best in terms of top-5 ImageNet accuracy (Fig. 2A) but dropout=0.7 is the best in terms of accuracy with unit lesion (Fig. 2D). It is debatable what exactly the criteria we emphasize when talking about coding efficiency.* Good observation. Here, our specific goal is to identify where human visual representations fall along the continuum of dropout models, rather than finding the overall best ImageNet model. As such, we highlight the p=0.7 model, which stands out both in its peak brain alignment and its robustness to unit failure (this is relevant since neurobiological circuits are known to be noisy/stochastic). But, in Section 2.3, we now address this trade-off between accuracy and robustness. > *In Figure 3, how many voxels and how many fc6 units are used? I suspect that the numbers are very different.* The brain data from the 8 NSD subjects has an average dimensionality of 34,195 within the large-scale occipitotemporal cortex (OTC) ROI, and layer fc6 of AlexNet has 4,096 units. While these values do differ by an order of magnitude, our RSA procedure is quite standard for comparing brain sector and DNN layer representations. We have added these quantifications of voxel and unit counts to Section 2.4 of the paper. > *The original study by Stringer, 2019 only recorded neurons in mouse V1. However, the ROI used here included several low- and high-level cortex. Do you expect the eigenspectrum to be different across visual areas in humans. Actually, I would say that this is the novel point to make compared to simply replicating the analyses in Stringer, 2019.* First, we now more clearly note that the human OTC ROI encompasses high-level visual cortex only (Section 2.4). Lower-level visual regions such as V1-V4 are not included. We now emphasize the novelty of our results, which are not simply a replication of Stringer et al., 2019. Second, we have now taken preliminary steps to replicate our analysis of OTC using human V1 data. Indeed, the average rate of the human V1 eigenspectrum decay (alpha) is 1.48, while the average alpha for human OTC is 1.13. We now detail several new analyses on human V1 in a new Appendix 4. This provides an initial clue that the reviewer’s suggestion of studying eigenspectra in different areas may indeed yield productive insights. We are now working on training models with varied dropout at earlier stages (e.g. in the first block) to further meaningfully extend our paradigm to human V1. # Summary: We have added new analyses and provided detailed explanations to address your questions and concerns. We’ve also extended our study to include preliminary analysis of human V1 data, in an attempt to assess the generality of our paradigm. We appreciate your insightful comments and hope these revisions encourage you to raise your score.

# Strengths: > *The result shows a high consistency among three results; …. It used a novel approach to separate the spatial covariance structure due to potentially noise and that due to signal in fMRI activity* Thanks! # Weaknesses: > *... I still feel there is a lack of direct demonstration of the level of sparseness resembling the orientation tuning example in Figure 1A.* We have now included a new analysis that examines both the lifetime and population sparsity of layer relu6 activations across the dropout models, reported in Appendix Section 1. Indeed, as you noted, with increasing dropout rate, both activation sparsity metrics show decreased sparsity. >*The robustness drop due to lesion at inference time only appears apparent at very high level of lesion. What is the implication of this for the brain…?* An implication of this result is that the brain’s representation is unlikely to be overly dependent on single units or specific read-out connections. Indeed, the biological system is noisy, and the pattern of activation across a set of units varies with each repetition of an image, in good correspondence with this result. We added this point at the end of Section 2.5.1. # Questions: >*Although the GSM is not a focus in this paper, I think in principle it is not guaranteed that the subtraction of the empirical noise covariance matrix from data covariance matrix results in a positive definite matrix. In other words, the eigenvalues can be negative. So I am worried that this approach is not generalizable if any readers want to test the hypothesis of this paper on other neural networks.* You are correct about the potential for the non positive-definite matrix–very careful read! In fact, GSN method has a default check for this, and we have added the following sentences in the manuscript at the relevant part: “The GSN procedure next implements a check for whether the estimated covariance matrices are valid and if not, computes the nearest (Frobenius matrix norm) symmetric positive semi-definite matrix to a given square matrix [Higham, 1988].” > *Although AlexNet only applied dropout to the two layers investigated here, in principle it can be applied to any layer. One natural question is how dropout at earlier layers influence the coding scheme at the layer of investigation.* We agree. We have started training models with parametric dropout in earlier layers. In truth, there are many choices of how to do dropout in convolutional kernels (e.g. dropout random kernels across all locations, dropout random locations across all kernels, randomly dropout individual activations [c,x,y], or any of those options but with blocks of locations [c,xi-xi+h,yj-yj+w], etc.), each with different implications for the kind of regularization, so we are pursuing this more systematically for a future paper. # Summary: We have added a new analysis, clarified our methodological procedure, and added detail on the implications of our results in response to your comments. Thank you for the careful read. We hope you will consider increasing your score."	"# Strengths: > *I am generally positive about this paper . . . It replicates the analysis of mouse V1 data in human fMRI data . . . Using a large-scale fMRI dataset and computational analyses to address the coding principles of human visual cortex. A novel approach is developed to estimate the signal correlation matrix and and the noise correlation matrix in population responses.* Thanks for the positive feedback! # Weaknesses / Questions: > *In Figure 1, I am not sure why dropout was only implemented in fc6 and fc7 in model training? In a typical training, dropout was applied to all layers* In the PyTorch implementation of AlexNet, dropout is applied only in layers fc6 and fc7 by default. As such, we used this default architecture for all experiments reported here. For future publication, we have begun a more systematic exploration of dropout applied to different groups of layers (or across the entire model), and the corresponding impact on model representations and alignment to biological visual systems. >*I am wondering about the results of fc7 using the similar analysis in Figs. 2&3* We have now added new analyses (Appendix A.3) showing the results of our main analyses using layer fc7 rather than fc6. > *In Figure 2, dropout=0.5 is the best in terms of top-5 ImageNet accuracy (Fig. 2A) but dropout=0.7 is the best in terms of accuracy with unit lesion (Fig. 2D). It is debatable what exactly the criteria we emphasize when talking about coding efficiency.* Good observation. Here, our specific goal is to identify where human visual representations fall along the continuum of dropout models, rather than finding the overall best ImageNet model. As such, we highlight the p=0.7 model, which stands out both in its peak brain alignment and its robustness to unit failure (this is relevant since neurobiological circuits are known to be noisy/stochastic). But, in Section 2.3, we now address this trade-off between accuracy and robustness. > *In Figure 3, how many voxels and how many fc6 units are used? I suspect that the numbers are very different.* The brain data from the 8 NSD subjects has an average dimensionality of 34,195 within the large-scale occipitotemporal cortex (OTC) ROI, and layer fc6 of AlexNet has 4,096 units. While these values do differ by an order of magnitude, our RSA procedure is quite standard for comparing brain sector and DNN layer representations. We have added these quantifications of voxel and unit counts to Section 2.4 of the paper. > *The original study by Stringer, 2019 only recorded neurons in mouse V1. However, the ROI used here included several low- and high-level cortex. Do you expect the eigenspectrum to be different across visual areas in humans. Actually, I would say that this is the novel point to make compared to simply replicating the analyses in Stringer, 2019.* First, we now more clearly note that the human OTC ROI encompasses high-level visual cortex only (Section 2.4). Lower-level visual regions such as V1-V4 are not included. We now emphasize the novelty of our results, which are not simply a replication of Stringer et al., 2019. Second, we have now taken preliminary steps to replicate our analysis of OTC using human V1 data. Indeed, the average rate of the human V1 eigenspectrum decay (alpha) is 1.48, while the average alpha for human OTC is 1.13. We now detail several new analyses on human V1 in a new Appendix 4. This provides an initial clue that the reviewer’s suggestion of studying eigenspectra in different areas may indeed yield productive insights. We are now working on training models with varied dropout at earlier stages (e.g. in the first block) to further meaningfully extend our paradigm to human V1. # Summary: We have added new analyses and provided detailed explanations to address your questions and concerns. We’ve also extended our study to include preliminary analysis of human V1 data, in an attempt to assess the generality of our paradigm. We appreciate your insightful comments and hope these revisions encourage you to raise your score.

# Strengths: > *The result shows a high consistency among three results; …. It used a novel approach to separate the spatial covariance structure due to potentially noise and that due to signal in fMRI activity* Thanks! # Weaknesses: > *... I still feel there is a lack of direct demonstration of the level of sparseness resembling the orientation tuning example in Figure 1A.* We have now included a new analysis that examines both the lifetime and population sparsity of layer relu6 activations across the dropout models, reported in Appendix Section 1. Indeed, as you noted, with increasing dropout rate, both activation sparsity metrics show decreased sparsity. >*The robustness drop due to lesion at inference time only appears apparent at very high level of lesion. What is the implication of this for the brain…?* An implication of this result is that the brain’s representation is unlikely to be overly dependent on single units or specific read-out connections. Indeed, the biological system is noisy, and the pattern of activation across a set of units varies with each repetition of an image, in good correspondence with this result. We added this point at the end of Section 2.5.1. # Questions: >*Although the GSM is not a focus in this paper, I think in principle it is not guaranteed that the subtraction of the empirical noise covariance matrix from data covariance matrix results in a positive definite matrix. In other words, the eigenvalues can be negative. So I am worried that this approach is not generalizable if any readers want to test the hypothesis of this paper on other neural networks.* You are correct about the potential for the non positive-definite matrix–very careful read! In fact, GSN method has a default check for this, and we have added the following sentences in the manuscript at the relevant part: “The GSN procedure next implements a check for whether the estimated covariance matrices are valid and if not, computes the nearest (Frobenius matrix norm) symmetric positive semi-definite matrix to a given square matrix [Higham, 1988].” > *Although AlexNet only applied dropout to the two layers investigated here, in principle it can be applied to any layer. One natural question is how dropout at earlier layers influence the coding scheme at the layer of investigation.* We agree. We have started training models with parametric dropout in earlier layers. In truth, there are many choices of how to do dropout in convolutional kernels (e.g. dropout random kernels across all locations, dropout random locations across all kernels, randomly dropout individual activations [c,x,y], or any of those options but with blocks of locations [c,xi-xi+h,yj-yj+w], etc.), each with different implications for the kind of regularization, so we are pursuing this more systematically for a future paper. # Summary: We have added a new analysis, clarified our methodological procedure, and added detail on the implications of our results in response to your comments. Thank you for the careful read. We hope you will consider increasing your score.

# Strengths: > *The paper introduces a systematic analysis of dropout and [neuron] lesioning … Experiments highlight interesting and novel findings … with newly discovered connections to human brain processing. Overall, the paper makes advances in understanding spectral properties learnt by humans and neural networks.* Thanks for the positive comments! # Weaknesses: > *For instance, the definition of “lesioning”, i.e., pruning neurons in an NN layer, which is central to the paper message, is found in a figure caption (Figure 2), but should appear in the main paper* We have clarified this method in the main text in the revised manuscript. Thank you. > *It is not clear how the layer for lesioning (relu6) was selected or whether results will still hold if a different layer would be selected.* True. We now clarify that we focused on lesioning fc6 during inference as a first probe, and have now added a new Appendix section A.3 with the results for lesioning layer fc7. (We note that lesioning fc6 and relu6 have the same functional consequence in our implementation, so we now refer to the fc layers rather than the relu layers for our lesioning results.) > *Results are reported using a single architecture (AlexNet), and may not generalize to other NNs.* True. We raise this in the limitations sections. > *Also, the statement in the beginning of conclusion “schemes within a family of deep neural network (DNN)” needs to be adapted to better reflect the type of networks considered. Specifically, here family seem to refer not to architecture variations, but changes in the level of dropout within an architecture.* We have attempted to clarify this sentence: ""In this work, we have instantiated the theoretical tension between sparse and distributed coding schemes with controlled regularization over a set of deep neural network (DNN) models trained on object recognition."" # Questions: > *I did not understand why human responses were compared to network responses but using different datasets (as discussed in section 2.4, human fMRI was obtained using Natural Scenes Dataset and compared to results on ImageNet using networks)? Authors should either explain the motivation of not running networks on the Natural Scenes dataset to match human fMRI, or report results using a single dataset.* True. We thought characterizing the eigenspectra of the model layer with in-distribution images made sense but we very much see your point. So, we now also report a new analysis using the same 515 COCO images from the fMRI study to compute and compare the eigenspectra in the model layer and brain data. The ImageNet and COCO probe sets yield nearly identical results (mean difference in alpha value of 0.02 over the 10 models’ fc6 layers). These results are now reported in Appendix A.2. > *It would be useful to understand the effect of dropout on the trajectories from representational trajectory analysis reported in Figure 1B. Specifically, is it dropout that induces the highest variation in the fc layers, or the underlying network architecture?* The network architectures are all the same across these plots, so the variation in their representational trajectories is due to differences in dropout rates during training. # Summary: Thanks for your thoughtful feedback. We have attempted to address as many points as possible given the time constraints of the response period."			"{""disagreement"": 1.0, ""mixed_signals"": 1.0, ""response_count"": 3, ""density"": 2.0, ""primary_label"": ""partially_fixed"", ""secondary_label"": ""fixed""}"
4.285	JiTVtCUOpS__r01	ICLR.cc/2024/Conference	Rethinking Channel Dependence for Multivariate Time Series Forecasting: Learning from Leading Indicators	structured_v6	fixed	modernbert_v6	partially_fixed	"[weaknesses] 1. It remains unclear to me how instance normalization and denormalization could effect the results and performances. 2. In Figure 3, “all layers in the grey background” refer to which part in the figure? 3. Inappropriate expression: “one of the hottest” -> “one the most popular”.

[questions] (See above)

[summary] This paper proposes a new method, called LIFT, which first efficiently estimates leading indicators and their leading steps at each time step, and then judiciously allows the lagged variates to utilize the advance information from leading indicators. This method can be used as a plugin, which is seamlessly collaborated with arbitrary time series forecasting methods. Extensive experiments on six real-world datasets demonstrate the effectiveness of the proposed method with respect to the average forecasting performance."	"Thank you for your time and efforts in reviewing our paper. The followings are our responses to your specific questions. **Q1: The effect of instance normalization and denormalization.** **A1:** As a popular preprocessing method in time series forecasting, instance normalization and denormalization is used to avoid disturbance from value ranges. Particularly in our method, instance normalization is an essential prerequisite for computing cross-correlation coefficients as defined in Eq. (1). $$ R^{(j)} _{i,t}(\delta) = \frac{\operatorname{Cov}(\mathcal X^{(i)} _{t-L+1-\delta:t-\delta}, \mathcal X^{(j)} _{t-L+1:t})}{\sigma^{(i)}\sigma^{(j)}} = \frac{1}{L}\sum _{t^\prime=t-L+1}^{t}{\frac{\mathcal X^{(i)} _{t^\prime-\delta}-\mu^{(i)}}{\sigma^{(i)}}\cdot\frac{\mathcal X^{(j)} _{t^\prime}-\mu^{(j)}}{\sigma^{(j)}}} $$ Intuitively, it is infeasible to directly measure lead-lag relationships by the raw series which have varying value ranges (*e.g.*, one ranging from 1 to 10 and another ranging from 100 to 1000). The advance information from a leading indicator is the shared general up/down trends rather than the specific values. After refining the normalized series of lagged variates by the advance information, it is necessary to restore them to the original value range via denormalization, yielding the final forecasts. ---- **Q2: In Figure 3, “all layers in the grey background” refer to which?** **A2:** The grey rectangles refer to normalization, denormalization, Lead Estimator, Fourier transform, and the inverse Fourier transform. We would like to highlight that we avoid repeating Lead Estimation every epoch but precompute it *only once* on training data since our Lead Estimator is non-parametric. ---- **Q3: Inappropriate expression: “one of the hottest” -> “one of the most popular”.** **A3:** Thanks for your advice. We have modified the expression in the re-uploaded paper.

Thanks for your time and interesting questions. We have provided more explanations below to better clarify our work and address your concern. **Q1: What if two or more time series jointly influence another time series? Misspecifying such actions interaction could be why CD methods underperform CI.** **A1:** To handle the complex cases, we design the Lead-aware Refiner to jointly model all the selected leading indicators for a target variate. Specifically, in Eq. (9), we utilize $\boldsymbol{R} _t^{(j)} \in \mathbb{R}^K$, the $K$-dimensional correlation vector of the $K$ leading indicators, to generate filters that reweight the indicators' influence. In this way, we learn from each leading indicator according to the overall situation of the $K$ selected indicators. Existing CD backbones also jointly model the complex interactions among all variates. The main reason of their inferior performance is the overfitting issue, which is caused by their unawareness of the dynamic variation in leading indicators and leading steps. Particularly, LIFT alleviates overfitting by decomposing CD modeling into two steps: 1) An efficient Lead Estimator roughly ranks potential leading indicators by cross-correlations, and then the indicators are shifted by leading steps; 2) A learnable Lead-aware Refiner jointly models the complex interactions between the selected subset of leading indicators and the target variate. ---- **Q2: When the influence structure is $X^{(1)} \rightarrow X^{(2)} \rightarrow \cdots \rightarrow X^{(C)}$, LIFT will not pick $X^{(C-1)}$ if it has the lowest cross-correlation.** **A2:** The chain structure $X^{(1)} \rightarrow X^{(2)} \rightarrow \cdots \rightarrow X^{(C)}$ indicates that the leading steps of the $C-1$ indicators *w.r.t.* $X^{(C)}$ are in a descending order, *i.e.*, $\delta _1^{(1)}>\cdots>\delta _{C-2}^{(C)}>\delta _{C-1}^{(C)}$. On the one hand, a leading indicator with a larger leading step offers more advance information. On the other hand, a higher cross-correlation coefficient indicates a more possible lead-lag relationship. Thus, it is better to pick $\{X^{(i)}\} _{i=1}^{C-2}$ which are more helpful and more reliable than $X^{(C-1)}$. ---- **Q3: Is it possible to discover causal relationships (e.g., Granger causality) among time series via modifications of LIFT?** **A3:** A possible way to compute a time-dependent causal graph via the modifications of LIST is the following. Initially, we build a graph based on the lead estimation results at time $t$, where each node (a variate $j$) is connected to $K$ nodes (its potential indicators $\mathcal I _t^{(j)}$), *i.e.*, $\{X _{t-\delta _{i, t}^{(j)}}^{(i)} \rightarrow X _t^{(j)} \mid 1 \leq j \leq C, i \in \mathcal I _t^{(j)}\}$. Then, we prune the graph as follows. 1. Replacing the sum pooling in Eq. (11) by mean pooling, we rewrite our frequency mixing as $$ \widetilde{V}^{(j)} = g\left({V}^{(j)}\parallel \frac{1}{|\mathcal K^{(j)}|}\sum _{k\in \mathcal K^{(j)}} {\widetilde U}^{(j)} _k \parallel \frac{1}{|\mathcal K^{(j)}|}\sum _{k\in \mathcal K^{(j)}} {\widetilde \Delta}^{(j)} _k \right), $$ where $\mathcal K^{(j)}=\{1,2,\cdots,K\}$ denotes the indices of $\mathcal I _t^{(j)}$. 2. We train LIFT on the training data and calculate the forecast loss on the validation data. 3. For each target node $j$ in $[1, C]$, we repeat removing the most useless indicator by the following iteration algorithm until the loss of forecasting $j$ cannot be decreased. - For each $k$ in $\mathcal K^{(j)}$, we specially dismiss the $k$-th indicator, re-conduct frequency mixing, and calculate a new forecast loss by using the remaining $|\mathcal K^{(j)}|-1$ indicators. A lower loss indicates that the $k$-th selected one is just a noise. - Then, we update $\mathcal K^{(j)}$ as $\mathcal K^{(j)}-\{k^{\prime}\}$ if dismissing the $k^{\prime}$-th indicator leads to the lowest forecast loss. ---- **Q4: Why there is subscript $U$ and $\Delta$ in equation (9)?** **A4:** To simplify notations in the following discussion, we leave out the superscript $(j)$ and the subscript $k$. Let $U$ denote the information of one leading indicator, $V$ denote the prediction of the target variate, and $\Delta=U-V$. Eq. (9) generates different filters $r _U$ and $r _{\Delta}$ for $U$ and $\Delta$, respectively. The reason is that we consider two kinds of relationships: - $V$ is directly influenced by $U$, and the ground-truth $V$ contains a degree of $U$, *e.g.*, $V _{true} \approx V + r _U\odot U$; - $V$ is similar to $U$ when they are both influenced by a latent factor, and the ground-truth $V$ is the interpolation between $V$ and $U$, *e.g.*, $V _{true} \approx (1- r _{\Delta})\odot V + r _{\Delta}\odot U=V+ r _{\Delta}\odot\Delta$. Note that both situations may exist in practice. We thus use different layers to generate $r _U$ and $r _{\Delta}$. Our ablation study in Figure 5b demonstrates the effectiveness of modeling both kinds of influence.

Thanks for your time and effort in reviewing our paper! We have provided more explanations below to better clarify our work. **Q1: The experiment shows better performance and improvement for CI methods compared with CD methods. Could you provide possible reasons?** **A1:** Let ""$>$"" mean ""outperforms"". The following is the rationale for the experimental results. $\text{Why CI backbones} > \text{CD backbones}?$ Crossformer focuses on variables that share similarities at the same time but ignores leading indicators that look different at the same time (as illustrated in Figure 1) due to a large leading step. MTGNN learns a fixed set of indicators and overlooks the varying leading steps. Thus MTGNN can easily overfit training data, of which the lead-lag relationships are different from test data (see Figure 7-8). Other CD backbones (*e.g.*, Autoformer and FEDformer) simply mix up all variables and suffer from noise. $\text{Why CI+LIFT}>\text{CI} > \text{CD+LIFT}?$ This happens when $CI \gg CD$ and the performance gap is too large for LIFT to fill. The reason is that LIFT is affected by the error from the backbone. As defined in Eq. (5), the shifted window of leading indicators is padded by a part of the backbone's forecasts when the leading step is smaller than the forecast horizon. $\text{Why LIFT achieves higher relative improvement on CI than CD}?$ As both CD backbones and the LIFT module exploit dependence between variables, their leveraged dependence information can overlap. By contrast, CI backbones treat each variate independently and hence benefit more from the channel dependence exploited by LIFT. ---- **Q2: Provide a formal definition of locally stationary lead-lag relation. Is a lead-lag relationship inferred whenever we observe relatively larger cross-correlation?** **A2:** Formally, there is a locally stationary lead-lag relationship between variate $i$ and $j$ at time $t$ if \\begin{aligned} \exists \delta >0,\\ &D(\mathcal X^{(j)} _{t+1:t+H}, \mathcal X^{(i)} _{t+1-\delta:t+H-\delta})\approx D(\mathcal X^{(j)} _{t-L+1:t}, \mathcal X^{(i)} _{t-L+1-\delta:t-\delta})\approx 0 \\\\ \wedge\exists t'> t,\\ &D(\mathcal X^{(j)} _{t'+1:t'+H}, \mathcal X^{(i)} _{t'+1-\delta:t'+H-\delta}) \not\approx 0, \\end{aligned} where $D(\mathcal W,\mathcal W')$ is the distance between two windows $\mathcal W$ and $\mathcal W'$, and $D(\cdot,\cdot)$ can be estimated by a neural network or a non-parametric metric (*e.g.*, $1-\text{cross-correlation coefficient}$). Furthermore, if there exists $i\neq j$ such that $D(\mathcal X^{(j)} _{t+1:t+H}, \mathcal X^{(i)} _{t+1:t+H})\approx 0$, we dismiss variate $i$ as it is not a leading indicator and offers no advance information. Since most time series are not extremely non-stationary, we assume the lead-lag relationship keeps stationary across the lookback and horizon windows, *i.e.*, $\mathcal X^{(j)} _{t-L+1:t}$ and $\mathcal X^{(j)} _{t+1:t+H}$ has the same leading indicator $i$ with the leading step close to $\delta$. A lead-lag relationship is not inferred by the correlation-based estimation alone. The motivation of using cross-correlation is to estimate all variates *as fast as possible* and filter out most noisy variates. A large correlation between two lookback windows just suggests that the indicator can serve as a potential reference for the horizon window. We rely on the Lead-aware Refiner which is the key component to exploit the advance information from potential leading indicators. The Lead-aware Refiner is trained to learn how much we can trust the suggestion and how we leverage the potential leading indicators. ---- **Q3: Is the algorithm's applicability confined to variables that share a linear relationship?** **A3:** We do not constrain the relationship to be linear. We just use cross-correlations to roughly yet quickly select a subset of variates. Then, our Adaptive Frequency Mixer, a non-linear neural network, is capable of modeling complex relationships within the small subset, instead of costly modeling relationships among all variates. Besides, the correlation-based estimation also allows some non-linear relationships between two windows $\mathcal W$ and $\mathcal W'$, *e.g.*, $\mathcal W=(\mathcal W')^3$, as long as the variates share similar trends. In case the subset overlooks arbitrarily complex relationships, *e.g.*, $\mathcal W=(\mathcal W')^2$, an alternative implementation of the distance function $D(\cdot, \cdot)$ is using another neural network (*e.g.*, $D(\mathcal W, \mathcal W')=f _{1}(\mathcal W)^\top f _2(\mathcal W')$, where $f _{1}$ and $f _{2}$ are two different MLPs and trained by gradient descent)."	"Thanks for your time and valuable comments! We are happy to see that you found our design intuitive and smart. We have provided more explanations and experiments to address your concern. **Q1: The proposed estimation of leading indicators cannot easily capture highly complex relations among variates and may not be accurate.** **A1:** Our procedure is to quickly filter out most noisy variates, coarsely obtain advance information from potential leading indicators, and then finely model relationships within a narrowed scope that benefits the forecasting. The motivation is that many MTS contain numerous variates (e.g., the Traffic dataset has 862 variates), while the complexity of estimating all cross-variate relationships at one time step is $\mathcal O(C^2)$ ($C$ is the number of variates). This requires making the estimation *as efficient as possible*, since we need to restart estimations at each prediction time. It is not necessary for our lead estimation to be perfect, because our proposed Adaptive Frequency Mixer, a non-linear neural network, shoulders the responsibility for filtering out noisy information from the selected indicators. Existing MTS forecasting methods pay little attention to the dynamics of leading steps, making their test performance susceptible to variations of channel dependence. Going a step further, one of our contributions is that we propose target-oriented shifts to keep variates aligned dynamically, allowing test-time adaptation. --- **Q2: The locally stationary lead-lag relationship should be static only in a short period, and may not work well in long-term forecasting.** **A2:** Nice comment! We provide additional data analyses on long-term forecasting benchmarks, demonstrating that the discovered lead-lag relationships generally last over the large horizon window with $H$ steps, where $H$ is set to $720$. Empirically, at each time $t$, we lookback the previous $336$ steps to select the $4$ most possible leading indicators for each target variate $j$. And for each leading indicator $i$, we obtain its leading step $\delta^{(j)} _{i,t}$. Then, we compute the future cross-correlation coefficient $R^{(j)} _{i,t+H}$ between *the ground-truth horizon window* $\mathcal X^{(j)} _{t+1:t+H}$ and the shifted sequence $\mathcal X^{(i)} _{t+1-\delta^{(j)} _{i,t}:t+H-\delta^{(j)} _{i,t}}$. With the horizon window sliding along the dataset, we repeat discovering relationships on the corresponding lookback window and computing $R^{(j)} _{i,t+H}$ for each $j$ and $i$ at different time $t$. We report the average of $R^{(j)} _{i,t+H}$ on each dataset as listed below. |Weather|Electricity|Traffic|Solar|Wind|PeMSD8| |--|--|--|--|--|--| |0.82|0.82|0.79|0.87|0.79|0.54| As shown in the table, the large values indicate the lead-lag relationships generally hold over the large horizon window in long-term forecasting tasks. There are two rationales behind the empirical results and the good performance of LIFT. (1) As most time series are not extremely non-stationary, there are relationships that last over a certain period in favor of channel dependence modeling. (2) Existing long-term forecasting methods lack prior knowledge of channel dependence and try to learn arbitrarily complex dependence, increasing difficulty in optimization and risking overfitting issues. By contrast, our method dynamically learns from the discovered lead-lag relationships, which are much simpler and remain effective during test time. --- **Q3: Fair comparison of the computation cost.** **A3:** Following LSTF-Linear [1], we compare the backbones and LIFT per sample by the number of parameters, the number of multiply-accumulate operations (MACs, $\approx\frac{1}{2}$FLOPs), the GPU memory consumption, and the inference time in the following table. |||PatchTST|PatchTST+LIFT|relative additional cost|Crossformer|Crossformer+LIFT|relative additional cost| |--|--|--|--|--|--|--|--| |**Weather**|**Parameter** (M)|4.3|4.7|9.3%|11.7|12.5|7.1%| ||**MACs** (G)|0.5|0.5|1.8%|4.4|4.4|0.2%| ||**Memory** (MB)|43|46|7.7%|206|209|1.6%| ||**Time** (ms)|4.7|6.0|29.6%|37.7|40.6|7.6%| |**Electricity**|**Parameter** (M)|4.3|4.7|9.3%|2.4|2.8|16.7%| ||**MACs** (G)|7.1|7.2|1.8%|8.6|8.7|1.4%| ||**Memory** (MB)|406|411|1.2%|873|878|0.6%| ||**Time** (ms)|5.1|6.0|17.4%|31.5|33.1|5.1%| |**Traffic**|**Parameter** (M)|4.3|4.7|9.3%|3.2|3.6|12.4%| ||**MACs** (G)|19.0|19.4|1.8%|10.6|10.9|3.2%| ||**Memory** (MB)|1061|1092|2.9%|1558|1578|1.3%| ||**Time** (ms)|5.1|5.8|14.5%|32.7|36.4|11.3%| Our empirical study shows that LIFT additionally requires an average of 10.7% parameters, 1.7% MACs, 2.5% memory, and 14.2% inference time more than its backbone. It is noteworthy that our Lead Estimator is non-parametric and can precompute estimation only once on the training data, reducing practical training time. --- [1] Zeng & Chen et. al. Are Transformers Effective for Time Series Forecasting? AAAI 2023.

Thanks for your time and interesting questions. We have provided more explanations below to better clarify our work and address your concern. **Q1: What if two or more time series jointly influence another time series? Misspecifying such actions interaction could be why CD methods underperform CI.** **A1:** To handle the complex cases, we design the Lead-aware Refiner to jointly model all the selected leading indicators for a target variate. Specifically, in Eq. (9), we utilize $\boldsymbol{R} _t^{(j)} \in \mathbb{R}^K$, the $K$-dimensional correlation vector of the $K$ leading indicators, to generate filters that reweight the indicators' influence. In this way, we learn from each leading indicator according to the overall situation of the $K$ selected indicators. Existing CD backbones also jointly model the complex interactions among all variates. The main reason of their inferior performance is the overfitting issue, which is caused by their unawareness of the dynamic variation in leading indicators and leading steps. Particularly, LIFT alleviates overfitting by decomposing CD modeling into two steps: 1) An efficient Lead Estimator roughly ranks potential leading indicators by cross-correlations, and then the indicators are shifted by leading steps; 2) A learnable Lead-aware Refiner jointly models the complex interactions between the selected subset of leading indicators and the target variate. ---- **Q2: When the influence structure is $X^{(1)} \rightarrow X^{(2)} \rightarrow \cdots \rightarrow X^{(C)}$, LIFT will not pick $X^{(C-1)}$ if it has the lowest cross-correlation.** **A2:** The chain structure $X^{(1)} \rightarrow X^{(2)} \rightarrow \cdots \rightarrow X^{(C)}$ indicates that the leading steps of the $C-1$ indicators *w.r.t.* $X^{(C)}$ are in a descending order, *i.e.*, $\delta _1^{(1)}>\cdots>\delta _{C-2}^{(C)}>\delta _{C-1}^{(C)}$. On the one hand, a leading indicator with a larger leading step offers more advance information. On the other hand, a higher cross-correlation coefficient indicates a more possible lead-lag relationship. Thus, it is better to pick $\{X^{(i)}\} _{i=1}^{C-2}$ which are more helpful and more reliable than $X^{(C-1)}$. ---- **Q3: Is it possible to discover causal relationships (e.g., Granger causality) among time series via modifications of LIFT?** **A3:** A possible way to compute a time-dependent causal graph via the modifications of LIST is the following. Initially, we build a graph based on the lead estimation results at time $t$, where each node (a variate $j$) is connected to $K$ nodes (its potential indicators $\mathcal I _t^{(j)}$), *i.e.*, $\{X _{t-\delta _{i, t}^{(j)}}^{(i)} \rightarrow X _t^{(j)} \mid 1 \leq j \leq C, i \in \mathcal I _t^{(j)}\}$. Then, we prune the graph as follows. 1. Replacing the sum pooling in Eq. (11) by mean pooling, we rewrite our frequency mixing as $$ \widetilde{V}^{(j)} = g\left({V}^{(j)}\parallel \frac{1}{|\mathcal K^{(j)}|}\sum _{k\in \mathcal K^{(j)}} {\widetilde U}^{(j)} _k \parallel \frac{1}{|\mathcal K^{(j)}|}\sum _{k\in \mathcal K^{(j)}} {\widetilde \Delta}^{(j)} _k \right), $$ where $\mathcal K^{(j)}=\{1,2,\cdots,K\}$ denotes the indices of $\mathcal I _t^{(j)}$. 2. We train LIFT on the training data and calculate the forecast loss on the validation data. 3. For each target node $j$ in $[1, C]$, we repeat removing the most useless indicator by the following iteration algorithm until the loss of forecasting $j$ cannot be decreased. - For each $k$ in $\mathcal K^{(j)}$, we specially dismiss the $k$-th indicator, re-conduct frequency mixing, and calculate a new forecast loss by using the remaining $|\mathcal K^{(j)}|-1$ indicators. A lower loss indicates that the $k$-th selected one is just a noise. - Then, we update $\mathcal K^{(j)}$ as $\mathcal K^{(j)}-\{k^{\prime}\}$ if dismissing the $k^{\prime}$-th indicator leads to the lowest forecast loss. ---- **Q4: Why there is subscript $U$ and $\Delta$ in equation (9)?** **A4:** To simplify notations in the following discussion, we leave out the superscript $(j)$ and the subscript $k$. Let $U$ denote the information of one leading indicator, $V$ denote the prediction of the target variate, and $\Delta=U-V$. Eq. (9) generates different filters $r _U$ and $r _{\Delta}$ for $U$ and $\Delta$, respectively. The reason is that we consider two kinds of relationships: - $V$ is directly influenced by $U$, and the ground-truth $V$ contains a degree of $U$, *e.g.*, $V _{true} \approx V + r _U\odot U$; - $V$ is similar to $U$ when they are both influenced by a latent factor, and the ground-truth $V$ is the interpolation between $V$ and $U$, *e.g.*, $V _{true} \approx (1- r _{\Delta})\odot V + r _{\Delta}\odot U=V+ r _{\Delta}\odot\Delta$. Note that both situations may exist in practice. We thus use different layers to generate $r _U$ and $r _{\Delta}$. Our ablation study in Figure 5b demonstrates the effectiveness of modeling both kinds of influence.

Thanks for your time and effort in reviewing our paper! We have provided more explanations below to better clarify our work. **Q1: The experiment shows better performance and improvement for CI methods compared with CD methods. Could you provide possible reasons?** **A1:** Let ""$>$"" mean ""outperforms"". The following is the rationale for the experimental results. $\text{Why CI backbones} > \text{CD backbones}?$ Crossformer focuses on variables that share similarities at the same time but ignores leading indicators that look different at the same time (as illustrated in Figure 1) due to a large leading step. MTGNN learns a fixed set of indicators and overlooks the varying leading steps. Thus MTGNN can easily overfit training data, of which the lead-lag relationships are different from test data (see Figure 7-8). Other CD backbones (*e.g.*, Autoformer and FEDformer) simply mix up all variables and suffer from noise. $\text{Why CI+LIFT}>\text{CI} > \text{CD+LIFT}?$ This happens when $CI \gg CD$ and the performance gap is too large for LIFT to fill. The reason is that LIFT is affected by the error from the backbone. As defined in Eq. (5), the shifted window of leading indicators is padded by a part of the backbone's forecasts when the leading step is smaller than the forecast horizon. $\text{Why LIFT achieves higher relative improvement on CI than CD}?$ As both CD backbones and the LIFT module exploit dependence between variables, their leveraged dependence information can overlap. By contrast, CI backbones treat each variate independently and hence benefit more from the channel dependence exploited by LIFT. ---- **Q2: Provide a formal definition of locally stationary lead-lag relation. Is a lead-lag relationship inferred whenever we observe relatively larger cross-correlation?** **A2:** Formally, there is a locally stationary lead-lag relationship between variate $i$ and $j$ at time $t$ if \\begin{aligned} \exists \delta >0,\\ &D(\mathcal X^{(j)} _{t+1:t+H}, \mathcal X^{(i)} _{t+1-\delta:t+H-\delta})\approx D(\mathcal X^{(j)} _{t-L+1:t}, \mathcal X^{(i)} _{t-L+1-\delta:t-\delta})\approx 0 \\\\ \wedge\exists t'> t,\\ &D(\mathcal X^{(j)} _{t'+1:t'+H}, \mathcal X^{(i)} _{t'+1-\delta:t'+H-\delta}) \not\approx 0, \\end{aligned} where $D(\mathcal W,\mathcal W')$ is the distance between two windows $\mathcal W$ and $\mathcal W'$, and $D(\cdot,\cdot)$ can be estimated by a neural network or a non-parametric metric (*e.g.*, $1-\text{cross-correlation coefficient}$). Furthermore, if there exists $i\neq j$ such that $D(\mathcal X^{(j)} _{t+1:t+H}, \mathcal X^{(i)} _{t+1:t+H})\approx 0$, we dismiss variate $i$ as it is not a leading indicator and offers no advance information. Since most time series are not extremely non-stationary, we assume the lead-lag relationship keeps stationary across the lookback and horizon windows, *i.e.*, $\mathcal X^{(j)} _{t-L+1:t}$ and $\mathcal X^{(j)} _{t+1:t+H}$ has the same leading indicator $i$ with the leading step close to $\delta$. A lead-lag relationship is not inferred by the correlation-based estimation alone. The motivation of using cross-correlation is to estimate all variates *as fast as possible* and filter out most noisy variates. A large correlation between two lookback windows just suggests that the indicator can serve as a potential reference for the horizon window. We rely on the Lead-aware Refiner which is the key component to exploit the advance information from potential leading indicators. The Lead-aware Refiner is trained to learn how much we can trust the suggestion and how we leverage the potential leading indicators. ---- **Q3: Is the algorithm's applicability confined to variables that share a linear relationship?** **A3:** We do not constrain the relationship to be linear. We just use cross-correlations to roughly yet quickly select a subset of variates. Then, our Adaptive Frequency Mixer, a non-linear neural network, is capable of modeling complex relationships within the small subset, instead of costly modeling relationships among all variates. Besides, the correlation-based estimation also allows some non-linear relationships between two windows $\mathcal W$ and $\mathcal W'$, *e.g.*, $\mathcal W=(\mathcal W')^3$, as long as the variates share similar trends. In case the subset overlooks arbitrarily complex relationships, *e.g.*, $\mathcal W=(\mathcal W')^2$, an alternative implementation of the distance function $D(\cdot, \cdot)$ is using another neural network (*e.g.*, $D(\mathcal W, \mathcal W')=f _{1}(\mathcal W)^\top f _2(\mathcal W')$, where $f _{1}$ and $f _{2}$ are two different MLPs and trained by gradient descent)."			"{""disagreement"": 1.0, ""mixed_signals"": 0.0, ""response_count"": 3, ""density"": 1.7116666666666667, ""primary_label"": ""fixed"", ""secondary_label"": ""partially_fixed""}"
6.200	FHqAzWl2wE__r02	ICLR.cc/2024/Conference	Multimarginal Generative Modeling with Stochastic Interpolants	structured_v6	partially_fixed	modernbert_v6	fixed	"[weaknesses] - *Ambiguous Interpretation*: The paper does not provide a clear semantic understanding of the paths between distributions, making it difficult to ascertain the practical implications or the broader relevance of the methodology. Also, what does multi-marginal optimal transport path mean for image generation? Does it lead to better quality? In this paper, it is not answered. - *Unknown Utility*: There's a lack of clarity on the potential use-cases for this generative model. For instance, if it's geared towards style transfer, it's essential to determine which style gets preserved and how it compares with existing baselines in that domain. - *Novelty*: The novelty of doing stochastic interpolant for multiple marginal distributions is limited given that it is done for the two marginal case. The theoretical result seems to be an extension from the two marginal case to the multi-marginal case as well. - *Minor*: missing caption for Figure 2 (right).

[questions] - Can the authors provide some more justification on why learning such an optimal transport path is useful? If learning the path in between distributions is to facilitate objectives like style transfer, then it should be compared with baselines on that task and show the utility of having this model. Right now, I am struggling to understand what is the use case especially for images when there is not a well-defined joint distribution between the multiple marginals. - It is unclear to me what is the implication of the Monge type coupling theoretical result. Is this shown to be relevant to the experimental results? If not I would recommend it to be put in appendix. It is also worth explaining more about the what this result implies and when we would like to have this property.

[summary] The paper introduces a vector-field-based generative model (incorporating ODE/SDE mechanisms) capable of generating samples from multiple marginal distributions. The methodology pivots around a generalized form of stochastic interpolant, specifically a barycentric stochastic interpolant. The stochastic process, in this context, is formulated as a weighted mix of samples from distinct marginal distributions. These weights, restricted to the simplex, allow the model to generate a weighted combination, defined as $x(\alpha)=\sum_{k=0}^K x_k \alpha_k$, where $\alpha=\left(\alpha_0, \ldots, \alpha_K\right) \in \Delta^K$. The corresponding probability flows are derived for this multi-weight interpolant path. To identify the optimal path with the lowest transport cost, the model is trained to minimize the Wasserstein-2 metric, considering the path's velocities. Consequently, this learned model allows transitions between various marginal distributions following the optimized path. However, the semantic interpretation of these paths, especially between distributions like images from multiple modes, remains ambiguous. In the experiments,"	"We thank reviewer 2Wkn for their feedback. We are glad that the reviewer found our multi-marginal stochastic interpolant framework unique and intriguing, and noted its connection with multi-marginal OT. The reviewer, however, had concerns about the interpretability, utility, and novelty, of the approach, which we now address. ***Interpretability:*** The approach rests on the calculation of the conditional expectations $g_k(\alpha,x) = \mathbb{E}[x_k| x(\alpha)=x]$ where $x(\alpha) = \sum_{k=1}^K \alpha_k x_k$ and $x_k\sim\rho_k$. These functions have a direct intepretation: they give the Bayes-optimal estimator of the sample $x_k$ given the information contained in the observation $x(\alpha)$. The multimarginal stochastic interpolant framework turns this static picture into a dynamical one by showing that we can generate samples from $\rho(\alpha)$, the PDF of $x(\alpha)$, at any value of $\alpha$, and transport them along any time-parameterized path $\alpha(t)$ using either an ODE or an SDE with tunable diffusion coefficient. In terms of style transfer, it shows, for example, how a sample from a given distribution (say of cats) can be continuously transformed into a sample from another distribution (say of flowers) in a way that is influenced by additional distributions (via a path through the interior of the simplex), thereby incorporating their ""style"" along the way. We give some examples of such style-transfering paths in the paper, though we agree that more research is needed to reveal the full potential of the approach. We stress that this notion of style transfer is inherently different than any two-way correspondence, as the learned transport is affected by all the marginals. ***Utility:*** The approach offers possibilities that cannot be achieved by current generative models that proceed between only two marginals. Because the method gives access to the vector fields $g_k(\alpha,x)$ for all values of $\alpha$, we can *a-posteriori* change the interpolation path by varying the functional form of $\alpha(t)$ and thereby produce many different generative models (all unbiased) without having to perform any retraining. In turn, this allows us to use these models for multiple tasks, or to optimize them according to several suitable criteria (OT being just one possible choice), as already discused in the first point about interpretability above. ***Novelty:*** While the results follow quite naturally from the stochastic interpolant framework, they also constitute a nontrivial generalization of it. In particular, by showing that interpolation can be done in a multi-way fashion, we break from the standard perspective (used e.g. in score based diffusion models) in which the bridging between two distributions is itself defined via a time-dependent process (for example a forward SDE that need then to be reversed in time for generation). The original stochastic interpolant framework already showed that we can decouple the bridging of the densities from the generation process used afterwards; the multimarginal framework that we propose goes a step further in this direction by showing that the bridging itself does not need to use a scalar time variable but rather can be made multi-way using a vector of $\alpha=(\alpha_1,\ldots,\alpha_K)$. **Question:** - While we agree that the meaning of a joint distribution between images of different type is somewhat unclear, this is a concept that is being explored in the two-marginal case and is at the core of any method that tries to compute the optimal transport path between these two distributions. This is useful, for instance, in terms of function evaluations along the transporting path since it makes this path straighter. Our approach allows for an algorithm that finds a better path which does not require simulating the transport, via equation (16), which is not available in the original interpolant presentation. Note also that this can be achieved *without any retraining* which is a desirable feature, and also applies in the standard two-marginal case. - We agree that the discussion about Monge coupling is somewhat tangential to our main point and will move it to an Appendix, as suggested by the reviewer. As a replacement, to improve the clarity, we are adding pseudocode for the main algorithms presented. Thanks again for your valuable insights.

We thank the reviewers for their constructive feedback, which will help improve the clarity and exposition of our contribution. Below, we summarize the reviewers comments and supply a collective response to them. Please let us know if you are satisfied with our characterization of your reviews and if we have addressed your questions. ### Summary of Reviewer feedback All reviewers stressed the soundness and comprehensiveness of our theoretical contributions. Reviewer 2Wkn found the approach to be an innovative and nuanced way of approaching the multimarginal problem. Reviewer PiDH also pointed out that our approach is computationally more feasible than existing methods, and, along with reviewer yfUS, found the experiments such as the all-to-all image translation extensive and interesting. In our interpretation, the *primary criticism* from the reviewers is aimed at improving the clarity of our method. All reviewers pointed to some necessary adjustments to the exposition that could make the algorithms as well as the motivation of the problem more clear. In the following summary, we detail these clarifications, as well as how we are currently adjusting the text to incorporate this useful feedback. ### Summarizing our results and the differences with prior works: The purpose of this paper is to provide an efficient learning algorithm for the multi-way correspondence between $K$ densities, and to do so from a *generative perspective*, rather than earlier consideration of this problem which considers data from these distributions statically. In terms of ***theoretical novelty***: While the results follow quite naturally from the stochastic interpolant framework, they also constitute a nontrivial generalization of it. In particular, by showing that interpolation can be done in a multi-way fashion, we break from the standard perspective (used e.g. in score-based diffusion models) in which the bridging betwen two distributions is itself defined via a time-dependent process (for example a forward SDE that needs then to be reversed in time for generation). The original stochastic interpolant framework already showed that we can decouple the bridging of the densities from the generation process used afterwards; the multimarginal framework that we propse goes a step further in this direction by showing that the bridging itself does not need to use a scalar time variable but rather can be made multi-way using a vector of $\alpha=(\alpha_1,\ldots,\alpha_K)$. In terms of ***practical implementation***: Given samples $x_k\sim\rho_k$ from $K$ probability densities $\rho_k$, all that needs to be learned are the *conditional expectations* $g_k(\alpha,x)=\mathbb{E}[x_k | x(\alpha) = x]$ where $x(\alpha) = \sum_{k=1}^K \alpha_k x_k$. These conditional expectations can be learned by quadratic regression for all values of $\alpha = (\alpha_1,\ldots, \alpha_K)$ on the simplex using the loss given in equation (10) in the paper. Because the method gives access to the vector fields $g_k(\alpha,x)$ for all values of $\alpha$, we can *a-posteriori* change the interpolation path by varying the functional form of $\alpha(t)$ and thereby produce many different generative models (all unbiased) without having to perform any retraining. In turn, this allows us to use these models for multiple tasks, or to optimize them according to several suitable criteria (OT being just one possible choice). In terms of ***utility***: The approach offers possibilities that cannot be achieved by current generative models (which consider only two marginals). Besides the examples already given in the paper, we provide here an additional application: - Given samples from two densities $\rho_1$ and $\rho_2$, we can generate samples from a third density $\rho_3$ by blending the features of the first two using as initial data in the generative models $\alpha_1 x_1+ \alpha_2 x_2$ with $x_1 \sim\rho_1$ and $x_2 \sim \rho_2$. This can be done for any value of $\alpha_1, \alpha_2$ on the simplex, and for any path $\alpha(t)$ that reaches the vertex of $\rho_3$ at time $t=1$ (e.g. such that $\alpha(t=0) = (\alpha_1,\alpha_2,0)$ and $\alpha(t=1) = (0,0,1)$). In particular, it also allows us to optimize this path, for example according to the OT criterion. Further details on this optimization are given below. ### Adjustments to the exposition and motivation To address the concern of the reviewer, we wil clarify the points above in the revised version of our manuscript. In addition, we will add pseudocode algorithms as requested by reviewer PidH. We hope that, given these adjustments to account for your advice and suggestions, you will be willing to accordingly raise your scores. Thanks again.

We thank reviewer yfUs for their feedback. We are glad that the reviewer found our presentation clear and our experiments comprehensive. The reviewer, however, had concerns about the intrerpretability, utility, and novelty that we now address. ***Optimization on the simplex:*** The approach has precisely the advantage that it allows us to *solve the OT problem in a simulation free way on the simplex.* This is because we precompute (via quadratic regression) the conditional expectations $g_k(\alpha,x) = \mathbb{E}[x_k| x(\alpha)]$ where $x(\alpha) = \sum_{k=1}^K \alpha_k x_k$ and $x_k\sim\rho_k$. Having access to these conditional expectations allows us to calculate the transport cost along any transportation path parameterized by $\alpha(t)$ without having to perform any retraining and without having to solve an ODE: it is completely simulation-free in that respect. In turn, this allows us to optimize the path-parameterization $\alpha(t)$ to reduce the transportation cost. Of course, this only achieves OT within a specific parametric class of velocities (i.e. those that transport samples on the simplex toward the PDF of any $x(\alpha) = \sum_{k=1}^K \alpha_k x_k$), but it is still a nontrivial advance. ***Naïve extension:*** While the results follow quite naturally from the stochastic interpolant framework, they also constitute a nontrivial generalization of it. In particular, by showing that interpolation can be done in a multi-way fashion, we break from the standard perspective (used e.g. in score based diffusion models) in which the bridging betwen two distributions is itself defined via a time-dependent process (for example, a forward SDE that needs then to be reversed in time for generation). The original stochastic interpolant framework already showed that we can decouple the bridging of the densities from the generation process used afterwards; the multimarginal framework that we propose goes a step further in this direction by showing that the bridging itself does not need to use a scalar time variable but rather can be made muti-way using a vector of $\alpha=(\alpha_1,\ldots,\alpha_K)$. ***Questions and typos***: Thanks for pointing out a few unclear phrases. In the text, we will clarify that ""2-marginal with smoothing"" refers to the case of having an interpolant $x(\alpha) = \alpha_0 x_0 + \alpha_1 x_1 + \alpha_2 z$ where $z$ is a Gaussian random variable that is independent of $(x_0, x_1)$. That is, there are three marginals, a density $\rho_0$, a density $\rho_1$, and a Gaussian density $\rho_2 = \rho_z$. For a parametric path in which $\alpha_2(t) > 0$ when $t \neq 0,1$, this corresponds to the Gaussian ""smoothed"" interpolant from [1]. On the simplex, it resembles the simplicial coordinate moving toward the top vertex of a triangle (which corresponds to $\rho_z$ in the illustration given in the table)."	"We thank the reviewers for their constructive feedback, which will help improve the clarity and exposition of our contribution. Below, we summarize the reviewers comments and supply a collective response to them. Please let us know if you are satisfied with our characterization of your reviews and if we have addressed your questions. ### Summary of Reviewer feedback All reviewers stressed the soundness and comprehensiveness of our theoretical contributions. Reviewer 2Wkn found the approach to be an innovative and nuanced way of approaching the multimarginal problem. Reviewer PiDH also pointed out that our approach is computationally more feasible than existing methods, and, along with reviewer yfUS, found the experiments such as the all-to-all image translation extensive and interesting. In our interpretation, the *primary criticism* from the reviewers is aimed at improving the clarity of our method. All reviewers pointed to some necessary adjustments to the exposition that could make the algorithms as well as the motivation of the problem more clear. In the following summary, we detail these clarifications, as well as how we are currently adjusting the text to incorporate this useful feedback. ### Summarizing our results and the differences with prior works: The purpose of this paper is to provide an efficient learning algorithm for the multi-way correspondence between $K$ densities, and to do so from a *generative perspective*, rather than earlier consideration of this problem which considers data from these distributions statically. In terms of ***theoretical novelty***: While the results follow quite naturally from the stochastic interpolant framework, they also constitute a nontrivial generalization of it. In particular, by showing that interpolation can be done in a multi-way fashion, we break from the standard perspective (used e.g. in score-based diffusion models) in which the bridging betwen two distributions is itself defined via a time-dependent process (for example a forward SDE that needs then to be reversed in time for generation). The original stochastic interpolant framework already showed that we can decouple the bridging of the densities from the generation process used afterwards; the multimarginal framework that we propse goes a step further in this direction by showing that the bridging itself does not need to use a scalar time variable but rather can be made multi-way using a vector of $\alpha=(\alpha_1,\ldots,\alpha_K)$. In terms of ***practical implementation***: Given samples $x_k\sim\rho_k$ from $K$ probability densities $\rho_k$, all that needs to be learned are the *conditional expectations* $g_k(\alpha,x)=\mathbb{E}[x_k | x(\alpha) = x]$ where $x(\alpha) = \sum_{k=1}^K \alpha_k x_k$. These conditional expectations can be learned by quadratic regression for all values of $\alpha = (\alpha_1,\ldots, \alpha_K)$ on the simplex using the loss given in equation (10) in the paper. Because the method gives access to the vector fields $g_k(\alpha,x)$ for all values of $\alpha$, we can *a-posteriori* change the interpolation path by varying the functional form of $\alpha(t)$ and thereby produce many different generative models (all unbiased) without having to perform any retraining. In turn, this allows us to use these models for multiple tasks, or to optimize them according to several suitable criteria (OT being just one possible choice). In terms of ***utility***: The approach offers possibilities that cannot be achieved by current generative models (which consider only two marginals). Besides the examples already given in the paper, we provide here an additional application: - Given samples from two densities $\rho_1$ and $\rho_2$, we can generate samples from a third density $\rho_3$ by blending the features of the first two using as initial data in the generative models $\alpha_1 x_1+ \alpha_2 x_2$ with $x_1 \sim\rho_1$ and $x_2 \sim \rho_2$. This can be done for any value of $\alpha_1, \alpha_2$ on the simplex, and for any path $\alpha(t)$ that reaches the vertex of $\rho_3$ at time $t=1$ (e.g. such that $\alpha(t=0) = (\alpha_1,\alpha_2,0)$ and $\alpha(t=1) = (0,0,1)$). In particular, it also allows us to optimize this path, for example according to the OT criterion. Further details on this optimization are given below. ### Adjustments to the exposition and motivation To address the concern of the reviewer, we wil clarify the points above in the revised version of our manuscript. In addition, we will add pseudocode algorithms as requested by reviewer PidH. We hope that, given these adjustments to account for your advice and suggestions, you will be willing to accordingly raise your scores. Thanks again.

We thank reviewer PiDH for their feedback. We are glad that the reviewer found the work mathematically sound and more feasible than existing methods, and that they were happy with the experimentation. The reviewer asked us to clarify the algorithm, which we can happily do by: ***Providing pseudocode*** and making a clear distinction between the steps that are specific to: *(i) learning the vector fields* that make possible the multimarginal framework, and *(ii) using them as a generative model* to sample from some initial condition (such as one of the marginals) on the simplex and transport to some final condition (such as one of the other marginals, or, say, to the barycenter). ***Clarifying how we solve equation (16)***, which is the path minimization loss. This optimization is done separately from learning the vector fields $g_k(\alpha,x) = \mathbb{E} [x_k | x(\alpha)=x]$ with $x(\alpha) = \sum_{k=1}^K \alpha_k x_k$. Once we have learned the $g_k$, we can *a-posteriori* change the interpolation path by varying the functional form of $\alpha(t)$. For example, if we want to transport from marginal $\rho_i$ to marginal $\rho_j$, we can take any $\alpha(t)$ with initial condition $\alpha_k(0) = \delta_{k,i}$ and a final condition $\alpha_k(1) = \delta_{k,j}$. Any parameterization of $\alpha(t)$ that meets these boundary conditions is sufficient. In the Appendix we present one such parameterization via an expansion of Fourier coefficients, which has the advantage that it has very few parameters; alternatively we could also use a neural network to represent $\hat \alpha(t)$. *With a parameterization $\hat \alpha(t)$ and the learned $g_k$ in hand, we can evaluate equation (16) in a simulation free manner just by sampling the interpolant* $x(\alpha) \sim \rho(\alpha, x)$ *and performing gradient descent on the parameters of $\hat \alpha(t)$*. This optimization is extremely cheap and typically costs a minute fraction of the cost of learning the vector fields. We will make this clear with the addition of a pseudocode algorithm in the revision.

We thank reviewer 2Wkn for their feedback. We are glad that the reviewer found our multi-marginal stochastic interpolant framework unique and intriguing, and noted its connection with multi-marginal OT. The reviewer, however, had concerns about the interpretability, utility, and novelty, of the approach, which we now address. ***Interpretability:*** The approach rests on the calculation of the conditional expectations $g_k(\alpha,x) = \mathbb{E}[x_k| x(\alpha)=x]$ where $x(\alpha) = \sum_{k=1}^K \alpha_k x_k$ and $x_k\sim\rho_k$. These functions have a direct intepretation: they give the Bayes-optimal estimator of the sample $x_k$ given the information contained in the observation $x(\alpha)$. The multimarginal stochastic interpolant framework turns this static picture into a dynamical one by showing that we can generate samples from $\rho(\alpha)$, the PDF of $x(\alpha)$, at any value of $\alpha$, and transport them along any time-parameterized path $\alpha(t)$ using either an ODE or an SDE with tunable diffusion coefficient. In terms of style transfer, it shows, for example, how a sample from a given distribution (say of cats) can be continuously transformed into a sample from another distribution (say of flowers) in a way that is influenced by additional distributions (via a path through the interior of the simplex), thereby incorporating their ""style"" along the way. We give some examples of such style-transfering paths in the paper, though we agree that more research is needed to reveal the full potential of the approach. We stress that this notion of style transfer is inherently different than any two-way correspondence, as the learned transport is affected by all the marginals. ***Utility:*** The approach offers possibilities that cannot be achieved by current generative models that proceed between only two marginals. Because the method gives access to the vector fields $g_k(\alpha,x)$ for all values of $\alpha$, we can *a-posteriori* change the interpolation path by varying the functional form of $\alpha(t)$ and thereby produce many different generative models (all unbiased) without having to perform any retraining. In turn, this allows us to use these models for multiple tasks, or to optimize them according to several suitable criteria (OT being just one possible choice), as already discused in the first point about interpretability above. ***Novelty:*** While the results follow quite naturally from the stochastic interpolant framework, they also constitute a nontrivial generalization of it. In particular, by showing that interpolation can be done in a multi-way fashion, we break from the standard perspective (used e.g. in score based diffusion models) in which the bridging between two distributions is itself defined via a time-dependent process (for example a forward SDE that need then to be reversed in time for generation). The original stochastic interpolant framework already showed that we can decouple the bridging of the densities from the generation process used afterwards; the multimarginal framework that we propose goes a step further in this direction by showing that the bridging itself does not need to use a scalar time variable but rather can be made multi-way using a vector of $\alpha=(\alpha_1,\ldots,\alpha_K)$. **Question:** - While we agree that the meaning of a joint distribution between images of different type is somewhat unclear, this is a concept that is being explored in the two-marginal case and is at the core of any method that tries to compute the optimal transport path between these two distributions. This is useful, for instance, in terms of function evaluations along the transporting path since it makes this path straighter. Our approach allows for an algorithm that finds a better path which does not require simulating the transport, via equation (16), which is not available in the original interpolant presentation. Note also that this can be achieved *without any retraining* which is a desirable feature, and also applies in the standard two-marginal case. - We agree that the discussion about Monge coupling is somewhat tangential to our main point and will move it to an Appendix, as suggested by the reviewer. As a replacement, to improve the clarity, we are adding pseudocode for the main algorithms presented. Thanks again for your valuable insights."			"{""disagreement"": 1.0, ""mixed_signals"": 1.0, ""response_count"": 3, ""density"": 2.0, ""primary_label"": ""partially_fixed"", ""secondary_label"": ""fixed""}"
6.185	ADDCErFzev__r03	ICLR.cc/2024/Conference	Manipulating dropout reveals an optimal balance of efficiency and robustness in biological and machine visual systems	structured_v6	partially_fixed	modernbert_v6	fixed	"[weaknesses] The idea seems obvious and intuitive, and the approach and the work are perhaps too simple. The work is most empirical and does not have much theoretical analysis.

[questions] While it is still fantastic to prove empirically a simple and intuitive idea is true elegantly, is it possible to show this analytically? What would be the analytical approach?

[summary] To understand the trade-off between high-dimensional and uncorrelated efficient codes and distributed codes known better for generalization and robustness, the authors trained a family of object recognition models with parametrically varying dropout proportions. They found that a higher proportion of dropouts results in more smooth and low-dimensional representational space, with 70% of dropouts offering optimal robustness (against simulated brain lesions). Interestingly, this is also associated with the highest degree of emergent brain alignment for fMRI data in humans. Furthermore, the match between the model and brain representations is associated with a common balance between the efficiency of a high-dimensional code and the robustness of a low-dimensional code."	"# Strengths: > *... the results are compelling and conceptually reasonable. … Using simulated lesions to evaluate robustness is an interesting innovation. The paper is well written. The presentation is clear and well-organized … the study does provide insights into the brain. I rank this an acceptable paper, with ""grade"" somewhere between 6 and 7, so I round it up to 6, because there is no ""7"".* Thank you! # Weaknesses & Questions: > *The idea seems obvious and intuitive, and the approach and the work are perhaps too simple. The work is most empirical and does not have much theoretical analysis. … While it is still fantastic to prove empirically a simple and intuitive idea is true elegantly, is it possible to show this analytically? What would be the analytical approach?* True, the work is all empirical, focusing on insights gained through comparing a controlled set of parameterized dropout models. Given the simplicity of the idea and the promising, novel emergent correspondances with brain responses, we hope this work prompts others to dig into the analytical underpinnings of the results here.

# Strengths: > *The paper introduces a systematic analysis of dropout and [neuron] lesioning … Experiments highlight interesting and novel findings … with newly discovered connections to human brain processing. Overall, the paper makes advances in understanding spectral properties learnt by humans and neural networks.* Thanks for the positive comments! # Weaknesses: > *For instance, the definition of “lesioning”, i.e., pruning neurons in an NN layer, which is central to the paper message, is found in a figure caption (Figure 2), but should appear in the main paper* We have clarified this method in the main text in the revised manuscript. Thank you. > *It is not clear how the layer for lesioning (relu6) was selected or whether results will still hold if a different layer would be selected.* True. We now clarify that we focused on lesioning fc6 during inference as a first probe, and have now added a new Appendix section A.3 with the results for lesioning layer fc7. (We note that lesioning fc6 and relu6 have the same functional consequence in our implementation, so we now refer to the fc layers rather than the relu layers for our lesioning results.) > *Results are reported using a single architecture (AlexNet), and may not generalize to other NNs.* True. We raise this in the limitations sections. > *Also, the statement in the beginning of conclusion “schemes within a family of deep neural network (DNN)” needs to be adapted to better reflect the type of networks considered. Specifically, here family seem to refer not to architecture variations, but changes in the level of dropout within an architecture.* We have attempted to clarify this sentence: ""In this work, we have instantiated the theoretical tension between sparse and distributed coding schemes with controlled regularization over a set of deep neural network (DNN) models trained on object recognition."" # Questions: > *I did not understand why human responses were compared to network responses but using different datasets (as discussed in section 2.4, human fMRI was obtained using Natural Scenes Dataset and compared to results on ImageNet using networks)? Authors should either explain the motivation of not running networks on the Natural Scenes dataset to match human fMRI, or report results using a single dataset.* True. We thought characterizing the eigenspectra of the model layer with in-distribution images made sense but we very much see your point. So, we now also report a new analysis using the same 515 COCO images from the fMRI study to compute and compare the eigenspectra in the model layer and brain data. The ImageNet and COCO probe sets yield nearly identical results (mean difference in alpha value of 0.02 over the 10 models’ fc6 layers). These results are now reported in Appendix A.2. > *It would be useful to understand the effect of dropout on the trajectories from representational trajectory analysis reported in Figure 1B. Specifically, is it dropout that induces the highest variation in the fc layers, or the underlying network architecture?* The network architectures are all the same across these plots, so the variation in their representational trajectories is due to differences in dropout rates during training. # Summary: Thanks for your thoughtful feedback. We have attempted to address as many points as possible given the time constraints of the response period.

# Strengths: > *I am generally positive about this paper . . . It replicates the analysis of mouse V1 data in human fMRI data . . . Using a large-scale fMRI dataset and computational analyses to address the coding principles of human visual cortex. A novel approach is developed to estimate the signal correlation matrix and and the noise correlation matrix in population responses.* Thanks for the positive feedback! # Weaknesses / Questions: > *In Figure 1, I am not sure why dropout was only implemented in fc6 and fc7 in model training? In a typical training, dropout was applied to all layers* In the PyTorch implementation of AlexNet, dropout is applied only in layers fc6 and fc7 by default. As such, we used this default architecture for all experiments reported here. For future publication, we have begun a more systematic exploration of dropout applied to different groups of layers (or across the entire model), and the corresponding impact on model representations and alignment to biological visual systems. >*I am wondering about the results of fc7 using the similar analysis in Figs. 2&3* We have now added new analyses (Appendix A.3) showing the results of our main analyses using layer fc7 rather than fc6. > *In Figure 2, dropout=0.5 is the best in terms of top-5 ImageNet accuracy (Fig. 2A) but dropout=0.7 is the best in terms of accuracy with unit lesion (Fig. 2D). It is debatable what exactly the criteria we emphasize when talking about coding efficiency.* Good observation. Here, our specific goal is to identify where human visual representations fall along the continuum of dropout models, rather than finding the overall best ImageNet model. As such, we highlight the p=0.7 model, which stands out both in its peak brain alignment and its robustness to unit failure (this is relevant since neurobiological circuits are known to be noisy/stochastic). But, in Section 2.3, we now address this trade-off between accuracy and robustness. > *In Figure 3, how many voxels and how many fc6 units are used? I suspect that the numbers are very different.* The brain data from the 8 NSD subjects has an average dimensionality of 34,195 within the large-scale occipitotemporal cortex (OTC) ROI, and layer fc6 of AlexNet has 4,096 units. While these values do differ by an order of magnitude, our RSA procedure is quite standard for comparing brain sector and DNN layer representations. We have added these quantifications of voxel and unit counts to Section 2.4 of the paper. > *The original study by Stringer, 2019 only recorded neurons in mouse V1. However, the ROI used here included several low- and high-level cortex. Do you expect the eigenspectrum to be different across visual areas in humans. Actually, I would say that this is the novel point to make compared to simply replicating the analyses in Stringer, 2019.* First, we now more clearly note that the human OTC ROI encompasses high-level visual cortex only (Section 2.4). Lower-level visual regions such as V1-V4 are not included. We now emphasize the novelty of our results, which are not simply a replication of Stringer et al., 2019. Second, we have now taken preliminary steps to replicate our analysis of OTC using human V1 data. Indeed, the average rate of the human V1 eigenspectrum decay (alpha) is 1.48, while the average alpha for human OTC is 1.13. We now detail several new analyses on human V1 in a new Appendix 4. This provides an initial clue that the reviewer’s suggestion of studying eigenspectra in different areas may indeed yield productive insights. We are now working on training models with varied dropout at earlier stages (e.g. in the first block) to further meaningfully extend our paradigm to human V1. # Summary: We have added new analyses and provided detailed explanations to address your questions and concerns. We’ve also extended our study to include preliminary analysis of human V1 data, in an attempt to assess the generality of our paradigm. We appreciate your insightful comments and hope these revisions encourage you to raise your score."	"# Strengths: > *I am generally positive about this paper . . . It replicates the analysis of mouse V1 data in human fMRI data . . . Using a large-scale fMRI dataset and computational analyses to address the coding principles of human visual cortex. A novel approach is developed to estimate the signal correlation matrix and and the noise correlation matrix in population responses.* Thanks for the positive feedback! # Weaknesses / Questions: > *In Figure 1, I am not sure why dropout was only implemented in fc6 and fc7 in model training? In a typical training, dropout was applied to all layers* In the PyTorch implementation of AlexNet, dropout is applied only in layers fc6 and fc7 by default. As such, we used this default architecture for all experiments reported here. For future publication, we have begun a more systematic exploration of dropout applied to different groups of layers (or across the entire model), and the corresponding impact on model representations and alignment to biological visual systems. >*I am wondering about the results of fc7 using the similar analysis in Figs. 2&3* We have now added new analyses (Appendix A.3) showing the results of our main analyses using layer fc7 rather than fc6. > *In Figure 2, dropout=0.5 is the best in terms of top-5 ImageNet accuracy (Fig. 2A) but dropout=0.7 is the best in terms of accuracy with unit lesion (Fig. 2D). It is debatable what exactly the criteria we emphasize when talking about coding efficiency.* Good observation. Here, our specific goal is to identify where human visual representations fall along the continuum of dropout models, rather than finding the overall best ImageNet model. As such, we highlight the p=0.7 model, which stands out both in its peak brain alignment and its robustness to unit failure (this is relevant since neurobiological circuits are known to be noisy/stochastic). But, in Section 2.3, we now address this trade-off between accuracy and robustness. > *In Figure 3, how many voxels and how many fc6 units are used? I suspect that the numbers are very different.* The brain data from the 8 NSD subjects has an average dimensionality of 34,195 within the large-scale occipitotemporal cortex (OTC) ROI, and layer fc6 of AlexNet has 4,096 units. While these values do differ by an order of magnitude, our RSA procedure is quite standard for comparing brain sector and DNN layer representations. We have added these quantifications of voxel and unit counts to Section 2.4 of the paper. > *The original study by Stringer, 2019 only recorded neurons in mouse V1. However, the ROI used here included several low- and high-level cortex. Do you expect the eigenspectrum to be different across visual areas in humans. Actually, I would say that this is the novel point to make compared to simply replicating the analyses in Stringer, 2019.* First, we now more clearly note that the human OTC ROI encompasses high-level visual cortex only (Section 2.4). Lower-level visual regions such as V1-V4 are not included. We now emphasize the novelty of our results, which are not simply a replication of Stringer et al., 2019. Second, we have now taken preliminary steps to replicate our analysis of OTC using human V1 data. Indeed, the average rate of the human V1 eigenspectrum decay (alpha) is 1.48, while the average alpha for human OTC is 1.13. We now detail several new analyses on human V1 in a new Appendix 4. This provides an initial clue that the reviewer’s suggestion of studying eigenspectra in different areas may indeed yield productive insights. We are now working on training models with varied dropout at earlier stages (e.g. in the first block) to further meaningfully extend our paradigm to human V1. # Summary: We have added new analyses and provided detailed explanations to address your questions and concerns. We’ve also extended our study to include preliminary analysis of human V1 data, in an attempt to assess the generality of our paradigm. We appreciate your insightful comments and hope these revisions encourage you to raise your score.

# Strengths: > *The result shows a high consistency among three results; …. It used a novel approach to separate the spatial covariance structure due to potentially noise and that due to signal in fMRI activity* Thanks! # Weaknesses: > *... I still feel there is a lack of direct demonstration of the level of sparseness resembling the orientation tuning example in Figure 1A.* We have now included a new analysis that examines both the lifetime and population sparsity of layer relu6 activations across the dropout models, reported in Appendix Section 1. Indeed, as you noted, with increasing dropout rate, both activation sparsity metrics show decreased sparsity. >*The robustness drop due to lesion at inference time only appears apparent at very high level of lesion. What is the implication of this for the brain…?* An implication of this result is that the brain’s representation is unlikely to be overly dependent on single units or specific read-out connections. Indeed, the biological system is noisy, and the pattern of activation across a set of units varies with each repetition of an image, in good correspondence with this result. We added this point at the end of Section 2.5.1. # Questions: >*Although the GSM is not a focus in this paper, I think in principle it is not guaranteed that the subtraction of the empirical noise covariance matrix from data covariance matrix results in a positive definite matrix. In other words, the eigenvalues can be negative. So I am worried that this approach is not generalizable if any readers want to test the hypothesis of this paper on other neural networks.* You are correct about the potential for the non positive-definite matrix–very careful read! In fact, GSN method has a default check for this, and we have added the following sentences in the manuscript at the relevant part: “The GSN procedure next implements a check for whether the estimated covariance matrices are valid and if not, computes the nearest (Frobenius matrix norm) symmetric positive semi-definite matrix to a given square matrix [Higham, 1988].” > *Although AlexNet only applied dropout to the two layers investigated here, in principle it can be applied to any layer. One natural question is how dropout at earlier layers influence the coding scheme at the layer of investigation.* We agree. We have started training models with parametric dropout in earlier layers. In truth, there are many choices of how to do dropout in convolutional kernels (e.g. dropout random kernels across all locations, dropout random locations across all kernels, randomly dropout individual activations [c,x,y], or any of those options but with blocks of locations [c,xi-xi+h,yj-yj+w], etc.), each with different implications for the kind of regularization, so we are pursuing this more systematically for a future paper. # Summary: We have added a new analysis, clarified our methodological procedure, and added detail on the implications of our results in response to your comments. Thank you for the careful read. We hope you will consider increasing your score.

# Strengths: > *The paper introduces a systematic analysis of dropout and [neuron] lesioning … Experiments highlight interesting and novel findings … with newly discovered connections to human brain processing. Overall, the paper makes advances in understanding spectral properties learnt by humans and neural networks.* Thanks for the positive comments! # Weaknesses: > *For instance, the definition of “lesioning”, i.e., pruning neurons in an NN layer, which is central to the paper message, is found in a figure caption (Figure 2), but should appear in the main paper* We have clarified this method in the main text in the revised manuscript. Thank you. > *It is not clear how the layer for lesioning (relu6) was selected or whether results will still hold if a different layer would be selected.* True. We now clarify that we focused on lesioning fc6 during inference as a first probe, and have now added a new Appendix section A.3 with the results for lesioning layer fc7. (We note that lesioning fc6 and relu6 have the same functional consequence in our implementation, so we now refer to the fc layers rather than the relu layers for our lesioning results.) > *Results are reported using a single architecture (AlexNet), and may not generalize to other NNs.* True. We raise this in the limitations sections. > *Also, the statement in the beginning of conclusion “schemes within a family of deep neural network (DNN)” needs to be adapted to better reflect the type of networks considered. Specifically, here family seem to refer not to architecture variations, but changes in the level of dropout within an architecture.* We have attempted to clarify this sentence: ""In this work, we have instantiated the theoretical tension between sparse and distributed coding schemes with controlled regularization over a set of deep neural network (DNN) models trained on object recognition."" # Questions: > *I did not understand why human responses were compared to network responses but using different datasets (as discussed in section 2.4, human fMRI was obtained using Natural Scenes Dataset and compared to results on ImageNet using networks)? Authors should either explain the motivation of not running networks on the Natural Scenes dataset to match human fMRI, or report results using a single dataset.* True. We thought characterizing the eigenspectra of the model layer with in-distribution images made sense but we very much see your point. So, we now also report a new analysis using the same 515 COCO images from the fMRI study to compute and compare the eigenspectra in the model layer and brain data. The ImageNet and COCO probe sets yield nearly identical results (mean difference in alpha value of 0.02 over the 10 models’ fc6 layers). These results are now reported in Appendix A.2. > *It would be useful to understand the effect of dropout on the trajectories from representational trajectory analysis reported in Figure 1B. Specifically, is it dropout that induces the highest variation in the fc layers, or the underlying network architecture?* The network architectures are all the same across these plots, so the variation in their representational trajectories is due to differences in dropout rates during training. # Summary: Thanks for your thoughtful feedback. We have attempted to address as many points as possible given the time constraints of the response period."			"{""disagreement"": 1.0, ""mixed_signals"": 1.0, ""response_count"": 3, ""density"": 1.9616666666666667, ""primary_label"": ""partially_fixed"", ""secondary_label"": ""fixed""}"
