priority_score	issue_id	venue	paper_title	primary_name	primary_label	secondary_name	secondary_label	review_excerpt	aligned_response_excerpt	revision_summary	gold_label	evidence_span	notes
6.200	elMKXvhhQ9__r02	ICLR.cc/2024/Conference	Consistency Training with Learnable Data Augmentation for Graph Anomaly Detection with Limited Supervision	structured	fixed	tfidf	partially_fixed	"[weaknesses] Weaknesses: 1. The paper should acknowledge related works that are pertinent to the proposed learnable data augmentation, such as [a] and [b]. It is crucial to cite and discuss the distinctions between these works and the proposed approach, providing readers with a clear understanding of the novel contributions made by this study. 2. The paper predominantly explores the concept of applying learnable data augmentation for graph anomaly detection. While this is valuable, investigating its applicability in broader graph learning tasks, such as node classification with contrastive learning, could significantly expand its scope. For example, how about its benefits to generic graph contrastive learning tasks, compared to existing contrastive techniques? 3. While consistency training might usually be deployed on unlabeled data, I wonder if it would be beneficial to utilize labeled data for consistency training as well. Specifically, labeled data has exact labels, which might provide effective information for consistency training the model in dealing with the taks of graph anomaly detection. [a] Graph Contrastive Learning Automated. Yuning You, Tianlong Chen, Yang Shen, Zhangyang Wang. ICML 2021 [b] Graph Contrastive Learning with Adaptive Augmentation. Yanqiao Zhu, Yichen Xu, Feng Yu, Qiang Liu, Shu Wu, Liang Wang. WWW 2021.

[questions] Please see the Weaknesses

[summary] This paper delves into the challenge of graph anomaly detection with limited supervision. To address this, the authors introduce ConsisGAD, a novel model rooted in consistency training. ConsisGAD leverages variance in homophily distribution between normal and anomalous nodes to craft an effective GNN backbone. The authors also propose a learnable data augmentation mechanism for consistency training using unlabeled data. The paper presents comprehensive experiments on benchmark datasets to validate the effectiveness of the proposed model."	"**3. While consistency training might usually be deployed on unlabeled data, I wonder if it would be beneficial to utilize labeled data for consistency training as well. Specifically, labeled data has exact labels, which might provide effective information for consistency training the model in dealing with the task of graph anomaly detection.** Thank you for highlighting the potential benefits of utilizing labeled data for consistency training. In our current settings, both labeled and unlabeled data are used for consistency training, but labeled samples are treated as unlabeled, using their predicted labels instead of exact labels. Encouraged by your suggestion, we explore the impact of using exact labels for labeled nodes in consistency training. The results of this additional experiment are detailed in Appendix E.9 of our revised manuscript. For your convenience, we provide a summary in the table below: | Dataset | Metric | ConsisGAD (Predicted Label) | ConsisGAD (Exact Label) | |------------|----------|-----------------------------|-------------------------| | Amazon | AUROC | 93.91±0.58 | 93.82±0.55 | | | AUPRC | 83.33±0.34 | 83.16±0.46 | | | Macro F1 | 90.03±0.53 | 89.88±0.30 | | YelpChi | AUROC | 83.36±0.53 | 82.91±0.36 | | | AUPRC | 47.33±0.58 | 47.23±0.98 | | | Macro F1 | 69.72±0.30 | 69.44±0.29 | | T-Finance | AUROC | 95.33±0.30 | 95.09±0.27 | | | AUPRC | 86.63±0.44 | 86.94±0.13 | | | Macro F1 | 90.97±0.63 | 91.32±0.18 | | T-Social | AUROC | 94.31±0.20 | 93.87±0.30 | | | AUPRC | 58.38±2.10 | 56.54±1.86 | | | Macro F1 | 78.08±0.54 | 77.42±0.67 | Our findings indicate that using exact labels in consistency training does not significantly improve performance on most datasets. This lack of improvement may stem from the fact that labeled data has already been utilized in the cross-entropy loss, and their reuse in the consistency training does not contribute significantly to performance enhancement. Notably, a decrease in performance is observed in the T-Social dataset. We hypothesize this could be attributed to the model overfitting to label noise, which could be mitigated by the use of predicted labels. We hope these revisions to our submission adequately address your concerns and enhance its overall contributions. Your thoughtful feedback has been crucial in elevating the quality and coherence of our manuscript. Should you have additional comments or concerns, we remain receptive and prepared to undertake any further modifications. [a] Graph Contrastive Learning Automated. Yuning You, Tianlong Chen, Yang Shen, Zhangyang Wang. ICML 2021. [b] Graph Contrastive Learning with Adaptive Augmentation. Yanqiao Zhu, Yichen Xu, Feng Yu, Qiang Liu, Shu Wu, Liang Wang. WWW 2021. [c] Instance adaptive adversarial training: Improved accuracy tradeoffs in neural nets. Yogesh Balaji, Tom Goldstein, and Judy Hoffman. arXiv preprint arXiv:1910.08051, 2019. [d] Robustness May Be at Odds with Accuracy. Dimitris Tsipras, Shibani Santurkar, Logan Engstrom, Alexander Turner, and Aleksander Madry. ICLR, 2018.

**2. The paper predominantly explores the concept of applying learnable data augmentation for graph anomaly detection. While this is valuable, investigating its applicability in broader graph learning tasks, such as node classification with contrastive learning, could significantly expand its scope. For example, how about its benefits to generic graph contrastive learning tasks, compared to existing contrastive techniques?** Thank you for your insightful suggestion regarding the potential applicability of our learnable data augmentation in generic graph contrastive learning tasks. We acknowledge the value of this idea. However, our current model is not straightforwardly applicable to such tasks due to the specific requirements of our label consistency metric. In graph contrastive learning, which focuses on pre-training a GNN encoder without specific label information, our method faces challenges, as it depends on label predictions for unlabeled nodes to measure label consistency. One potential approach to address this could involve clustering nodes in the input graph and then using these clusters as proxy labels to assess label consistency. Nevertheless, due to time constraints, we have not been able to explore this adaptation in the current study. We appreciate your suggestion and agree that expanding the applicability of our augmentation approach represents an exciting and valuable direction for future research. This would indeed enhance the versatility and impact of our learnable augmentation module and the proposed metrics for label consistency and distribution diversity. We are eager to explore this avenue in our future research, aiming to further broaden the scope of our work.

Dear Reviewers and ACs, As the discussion is ending in the next few hours, we are grateful for the insightful comments and valuable suggestions from all reviewers. We would really appreciate it if reviewer _RZbU_ and reviewer _tbTo_ could kindly re-evaluate their reviews considering our follow-up responses and manuscript revisions. In the following, we would like to summarize the contributions and responses of this paper again. **Contributions**: - To deal with graph anomaly detection with limited supervision, we propose a learnable augmentation module and optimize it via two metrics: label consistency and distribution diversity. This approach appears ```effective```, ```enhancing the overall performance of the model``` (_R ZNLh_), and ```innovative``` (_R RZbU_). The two proposed metrics are ```intriguing``` (_R RZbU_). - We introduce a GNN backbone model that exploits the homophily distribution differences between normal and anomalous nodes for detection. This approach is ```straightforward yet effective``` (_R RZbU_). ```Visualization underscores the robustness of the proposed method``` (_R ZNLh_). - Our paper is ```well-written``` (_R ZNLh_, _R RZbU_, _R tbTo_). Our experiments are generally ```comprehensive``` (_R ZNLh_), ```extensive``` (_R RZbU_), and ```sufficient``` (_R tbTo_). **Responses and Revisions:** - **For Reviewer _ZNLh_'s concerns**: - We conducted additional experiments to assess and analyze the quality of high-quality nodes. - We conducted additional experiments to analyze the sensitivity of our model to several important hyper-parameters. - We conducted additional experiments to evaluate and analyze the applicability of our GNN backbone model to generic multi-class node classification tasks. - **For Reviewer _RZbU_' concerns**: - We made a detailed comparison between our learnable data augmentation module and existing automatic data augmentation techniques. - We explored and analyzed the extensions of our learnable augmentation module to generic graph contrastive learning tasks. - We conducted additional experiments to analyze the effectiveness of utilizing the exact labels of labeled nodes in consistency training. - **For Reviewer _tbTo_'s concerns**: - We made clarifications on the architecture and motivations of our proposed model (Responses to Questions 1, 2, and 3). - We highlighted our comparative analysis of our learnable data augmentation against four stochastic augmentation methods in the paper. - We gave a comprehensive complexity analysis of our algorithm. All modifications have been highlighted in blue in our revised manuscript. Thanks again for your efforts in reviewing our work, and we hope our responses adequately address any concerns about this work. Warm regards, \ The Authors of Submission 9315"	"**3. While consistency training might usually be deployed on unlabeled data, I wonder if it would be beneficial to utilize labeled data for consistency training as well. Specifically, labeled data has exact labels, which might provide effective information for consistency training the model in dealing with the task of graph anomaly detection.** Thank you for highlighting the potential benefits of utilizing labeled data for consistency training. In our current settings, both labeled and unlabeled data are used for consistency training, but labeled samples are treated as unlabeled, using their predicted labels instead of exact labels. Encouraged by your suggestion, we explore the impact of using exact labels for labeled nodes in consistency training. The results of this additional experiment are detailed in Appendix E.9 of our revised manuscript. For your convenience, we provide a summary in the table below: | Dataset | Metric | ConsisGAD (Predicted Label) | ConsisGAD (Exact Label) | |------------|----------|-----------------------------|-------------------------| | Amazon | AUROC | 93.91±0.58 | 93.82±0.55 | | | AUPRC | 83.33±0.34 | 83.16±0.46 | | | Macro F1 | 90.03±0.53 | 89.88±0.30 | | YelpChi | AUROC | 83.36±0.53 | 82.91±0.36 | | | AUPRC | 47.33±0.58 | 47.23±0.98 | | | Macro F1 | 69.72±0.30 | 69.44±0.29 | | T-Finance | AUROC | 95.33±0.30 | 95.09±0.27 | | | AUPRC | 86.63±0.44 | 86.94±0.13 | | | Macro F1 | 90.97±0.63 | 91.32±0.18 | | T-Social | AUROC | 94.31±0.20 | 93.87±0.30 | | | AUPRC | 58.38±2.10 | 56.54±1.86 | | | Macro F1 | 78.08±0.54 | 77.42±0.67 | Our findings indicate that using exact labels in consistency training does not significantly improve performance on most datasets. This lack of improvement may stem from the fact that labeled data has already been utilized in the cross-entropy loss, and their reuse in the consistency training does not contribute significantly to performance enhancement. Notably, a decrease in performance is observed in the T-Social dataset. We hypothesize this could be attributed to the model overfitting to label noise, which could be mitigated by the use of predicted labels. We hope these revisions to our submission adequately address your concerns and enhance its overall contributions. Your thoughtful feedback has been crucial in elevating the quality and coherence of our manuscript. Should you have additional comments or concerns, we remain receptive and prepared to undertake any further modifications. [a] Graph Contrastive Learning Automated. Yuning You, Tianlong Chen, Yang Shen, Zhangyang Wang. ICML 2021. [b] Graph Contrastive Learning with Adaptive Augmentation. Yanqiao Zhu, Yichen Xu, Feng Yu, Qiang Liu, Shu Wu, Liang Wang. WWW 2021. [c] Instance adaptive adversarial training: Improved accuracy tradeoffs in neural nets. Yogesh Balaji, Tom Goldstein, and Judy Hoffman. arXiv preprint arXiv:1910.08051, 2019. [d] Robustness May Be at Odds with Accuracy. Dimitris Tsipras, Shibani Santurkar, Logan Engstrom, Alexander Turner, and Aleksander Madry. ICLR, 2018.

Thank you for your thorough review and insightful comments on our submission. We appreciate the time you invested in evaluating our work and offering constructive feedback. Below, we address your comments to clarify and improve our manuscript. **1. How about the correctness of the ""high-quality nodes""?** Thanks for highlighting the significance of evaluating the quality of ""high-quality nodes"" in our consistency training approach. Considering your valuable suggestion, we have conducted a detailed experiment to assess this aspect and include the results in Appendix E.6 of our revised manuscript. In this experiment, we visualize Macro F1 scores of ""high-quality nodes"" at each epoch during training and compare these with scores from the test set. For your reference, we report the scores with an interval of 10 epochs in the following table. For more details, please kindly refer to the Appendix E.6. | | Epoch 10 | Epoch 20 | Epoch 30 | Epoch 40 | Epoch 50 | Epoch 60 | Epoch 70 | Epoch 80 | Epoch 90 | Epoch 100 | | :----------------: | :------: | :------: | :------: | :------: | :------: | :------: | :------: | :------: | :------: | :-------: | | Amazon | | | | | | | | | | | | High-quality Nodes | 90.79 | 88.89 | 91.06 | 92.18 | 90.91 | 90.76 | 90.76 | 91.43 | 89.99 | 89.29 | | Test Nodes | 87.56 | 88.13 | 90.10 | 90.96 | 90.98 | 90.92 | 90.04 | 90.60 | 90.07 | 90.43 | | Diff. | 3.23 | 0.76 | 0.96 | 1.23 | -0.07 | -0.17 | 0.72 | 0.83 | -0.08 | -1.14 | | YelpChi | | | | | | | | | | | | High-quality Nodes | 67.23 | 69.23 | 68.09 | 69.11 | 68.49 | 68.98 | 69.21 | 70.02 | 69.28 | 68.76 | | Test Nodes | 66.72 | 67.56 | 68.49 | 67.76 | 68.13 | 68.12 | 67.42 | 67.96 | 68.25 | 68.42 | | Diff. | 0.51 | 1.68 | -0.40 | 1.35 | 0.36 | 0.86 | 1.79 | 2.06 | 1.03 | 0.33 | | T-Finance | | | | | | | | | | | | High-quality Nodes | 90.82 | 90.27 | 90.15 | 90.12 | 88.50 | 91.33 | 91.11 | 91.48 | 91.14 | 91.09 | | Test Nodes | 89.28 | 90.22 | 89.39 | 90.44 | 91.16 | 91.05 | 90.90 | 90.87 | 90.62 | 90.39 | | Diff. | 1.54 | 0.05 | 0.76 | -0.31 | -2.66 | 0.28 | 0.21 | 0.62 | 0.52 | 0.71 | | T-Social | | | | | | | | | | | | High-quality Nodes | 75.68 | 76.35 | 76.92 | 75.82 | 76.09 | 77.53 | 75.48 | 74.07 | 76.11 | 73.59 | | Test Nodes | 72.14 | 73.56 | 76.07 | 74.17 | 74.23 | 76.10 | 73.13 | 71.52 | 73.81 | 72.58 | | Diff. | 3.53 | 2.80 | 0.85 | 1.65 | 1.87 | 1.43 | 2.35 | 2.54 | 2.30 | 1.01 | The result demonstrates that ""high-quality nodes"" consistently achieve higher Macro F1 scores than test nodes across various datasets. On Amazon, YelpChi, T-Finance, and T-Social, the average performance improvement of ""high-quality nodes"" over test nodes is 1.01%, 0.83%, 0.71%, and 0.64%, respectively. Generally, as depicted in Figure 10, both ""high-quality nodes"" and test nodes exhibit a gradual increase in performance, with the former driving the improvement of the latter. An exception lies in the T-Social dataset, on which we observe some performance fluctuations. This is possibly due to the much smaller batch size and training data relative to the whole dataset size. Overall, our analysis showcases the accuracy of the predicted labels and the robustness of our selection criteria for ""high-quality nodes"".

**5. Please give complexity analysis.** As illustrated in Algorithm 1, our model is composed of two primary components: consistency training and the training of the learnable data augmentation module. These components operate iteratively in each iteration of the process. This approach potentially incurs a higher computational cost compared to the standard training procedures of graph neural networks. In this part, we give a detailed complexity analysis and analyze the possibility of using it on large graphs. At the outset, we focus on analyzing the complexity of our backbone GNN model, as outlined in Equation (4). This model is a critical component in Algorithm 1 for calculating node embeddings. Considering a target node $v$, in the first GNN layer, the function $\delta(\cdot,\cdot;\theta_{\delta})$ is implemented as $\text{MLP}(\mathbf{h}^{l-1}_v||\mathbf{h}^{l-1}_u)$. A typical example of this MLP is $\sigma(\mathbf{W}(\mathbf{h}^{l-1}_v \|\| \mathbf{h}^{l-1}_u)+\mathbf{b})$. The computational complexity in this first layer is $O(2dd_X+\bar{N}d+2d)$, where $d_X$ represents the dimension of the input feature vector, $d$ the intermediate dimension of the embeddings, and $\bar{N}$ the average node degree. Each subsequent layer contributes an additional complexity of $O(2d^2+\bar{N}d+2d)$. Given $L$ total GNN layers, the overall complexity of the GNN backbone sums up to $O(2dd_X+\bar{N}d+2d+(L-1)(2d^2+\bar{N}d+2d))=O(2dd_X+2Ld^2+2Ld+L\bar{N}d-2d^2)$. In every iteration of Algorithm 1, we sample a batch of labeled and unlabeled nodes for subsequent computations. These batches are of sizes $B$ (for labeled nodes) and $\mu B$ (for unlabeled nodes), respectively. We can split the whole process into three step as follows. - We begin by selecting high-quality nodes from the sampled batch of unlabeled nodes. In line 6, the GNN backbone introduces a complexity of $O(2dd_X+2Ld^2+2Ld+L\bar{N}d-2d^2)$, as previously analyzed. The prediction step in line 7 has a complexity of $O(Kd+2K)$, where $K$ is the number of classes. Lines 8-10 involve checking the high-quality nodes with a complexity of $K$. Overall, for a batch size of $B$, lines 5-10 collectively result in a complexity of $O(\mu B(2dd_X+2Ld^2+2Ld+L\bar{N}d-2d^2+Kd+3K))$. - Each high-quality node is augmented and predicted, forming the basis for the consistency and diversity loss calculations. For line 12, the complexity of the Sharpen function in Algorithm 2 involves $O(8\lfloor \xi d \rfloor d+d)$ across its steps. Consequently, line 12 in Algorithm 1 incurs a complexity of $O(8\lfloor \xi d \rfloor d+d^2+3d)$. Line 13, similar to line 7, involves a complexity of $O(Kd+2K)$. Line 14 includes forming both the consistency and diversity losses, with complexities of $O(\mu BK^2)$ and $O(2\mu Bd)$, respectively. Summing up, lines 11-14 entail a complexity of $O(\mu B(8\lfloor \xi d \rfloor d+d^2+3d + Kd+2K) + \mu BK^2 + 2\mu Bd)$. - The consistency training involves complexity calculations similar to the earlier sections. Lines 17 and 18, as previously analyzed, involve a complexity of $O(2dd_X+2Ld^2+2Ld+L\bar{N}d-2d^2+Kd+2K)$. Lines 19 and 20, pertaining to the loss calculations, have complexities of $O(BK^2)$ and $O(\mu BK^2)$, respectively. Thus, the total complexity for lines 16-20 over $B$ iterations is $O(B(2dd_X+2Ld^2+2Ld+L\bar{N}d-2d^2+Kd+2K)+BK^2+\mu BK^2)$. In each iteration of Algorithm 1, we aggregate the complexities from the previous sections to derive the overall complexity. This can be expressed as $O(2B(\mu+1)dd_X + B(2\mu L+2L-\mu-2)d^2 + (2\mu BL+\mu BL\bar{N}+\mu BK+8\mu B\lfloor \xi d \rfloor+5\mu B+K\mu B+2BL+BL\bar{N}+BK)d + 5\mu BK+2\mu BK^2+2BK+BK^2)$. Particularly in our anomaly detection scenario, where typically $K = 2$ due to the binary classification nature, and $L$ generally ranges from 1 to 3 as the number of GNN layers, the complexity of our model is predominantly influenced by the feature dimension $d_X$, the hidden dimension $d$, and the average node degree $\bar{N}$. This indicates that with appropriately set hyper-parameters, our model shows promising potential for application on large-scale graphs. To enhance the clarity of our paper, we have included this detailed complexity analysis in Appendix A of our revised manuscript. We hope that these clarifications and additional details address your concerns and strengthen the paper's contributions. Your insightful feedback has been instrumental in refining the quality and coherence of our manuscript. Should there be any more comments or issues from your side, we remain open and willing to make the requisite modifications."			"{""disagreement"": 1.0, ""mixed_signals"": 1.0, ""response_count"": 3, ""density"": 2.0, ""primary_label"": ""fixed"", ""secondary_label"": ""partially_fixed""}"
6.200	YItWKZci78__r03	ICLR.cc/2024/Conference	Symmetric Mean-field Langevin Dynamics for Distributional Minimax Problems	structured	fixed	tfidf	unresolved	"[weaknesses] * Proposed methods could be well motivated. The two proposed methods themselves are convincing. However, is there any reasons or motivation why you have both methods at the same time: mean-field Langevin averaged gradient and mean-field Langevin anchored the best response? Any explicit relationship between these two settings? * The description of the equation can be more comprehensive. Usually, we should describe all the notations of the equation at least right after it. For example, you do not mention what $\rho^{\mu}$ and $\rho^{\nu}$ are in equation 1.

[questions] * Could you please explain more about what ""SYMMETRIC"" means in your proposed method and title? Is it mainly from the same temperature or regularization strength $\lambda$ for both players? * Then how compatible your proposed method and proof can be extended to when there exists $\lambda_1$ and $\lambda_2$ for two players respectively? Since you mentioned that the problems you are looking for naturally arise for example solving robust learning or zero-sum games in reinforcement learning. Usually, in the robustness via adversarial learning, the regularization strength is relevant to the strength of the adversary. For example, if the adversary is attacked on soft actor-critic (SAC)[1], which originally had its regularization term (temperature), then it is not flexible to have the regularization terms for the target agent and the adversary the same values. * Could you analyze why MFL-AG can have a lower NI error compared with MFL-ABR and does it mean that MFL-AG performs better than MFL-ABR in this experiment? Furthermore, please suggest what kind of numerical experiment is more suitable with MFL-ABR against MFL-AG, and vice versa. [1] Haarnoja, T., Zhou, A., Abbeel, P., and Levine, S. Soft actor-critic: Off-policy maximum entropy deep reinforcement learning with a stochastic actor. In International Conference on Machine Learning (ICML), 2018

[summary] This paper presents an approach to minimize optimization over probability distributions by extending the principles of mean-field Langevin dynamics. They propose two methods: (MFL-AG), a single-loop algorithm designed to achieve convergence towards the mixed Nash equilibrium, and (MFL-ABR), a two-loop algorithm that demonstrates linear convergence in the outer loop. Furthermore, they also investigate various discretization methods and offer a fresh analysis of how chaos spreads, taking into account its dependencies on past distributions. This research paves the way for more in-depth investigations into mean-field dynamics for numerous learning agents."	"(continued) **2.2.** (1) We view the $C\beta$ time discretization error as a natural consequence of turning a continuous flow into a realizable algorithm rather than a drawback; the same can be said for any gradient descent algorithm with fixed learning rate. However it should be possible to implement a learning rate annealing for $\beta$ as $1/\log t$ to avoid this error. (2) Indeed, the potential adverse dependency on $\lambda$ is a problem that plagues all MFLD-based algorithms. In our response to Q3, we discuss how $\lambda_k=O(1/\log k)$ temperature annealing can overcome this issue. In addition, for certain classification problems where $\lVert\delta\mathcal{L}/\delta\mu\rVert_\infty$ can be bounded by $\mathcal{L}$, a faster exponential annealing of $\lambda_k$ can be implemented so that the convergence rate is independent of $\lambda_k$. [2] **Addressing Questions** **Q1.** Proving propagation of chaos in KL divergence would be ideal; this is the approach taken in [1] as well, and is much more direct and simpler. We tried to emulate this framework at first, but quickly found out key concepts such as their $N$-particle proximal distribution cannot be applied. This is due to the dependence on the entire history and cannot be fixed by adding stronger assumptions. Thus we had to resort to more technically involved methods (uniform LLN, short-time perturbation analysis) leading to our $W_1$ result. While morally there seems to be no reason why the result would not hold in KL, our current tools are not enough to guarantee this. For the uniform LLN (Proposition 3.6) at least, the $O(1/\sqrt{N})$ rate is optimal. The worst-case LLN error is determined by the change in Lipschitz constant of the function $F(\mu_{\mathscr{X}}, \nu_{\mathscr{X}})$ when each particle is removed, which in turn is tightly bounded by the leave-one-out $W_1$ error due to W1-Lipschitzity of $F(\cdot,\cdot)$. Since the leave-one-out $W_2^2$ error is $O(1/N)$ (which is central in Chen's argument), the LLN error must be $O(1/\sqrt{N})$. Since we did not quite use the full power of the uniform LLN in subsequent analyses, however, it is possible that a different approach could circumvent this and achieve $O(1/N)$, which seems an interesting direction for future work. Nevertheless, we emphasize this is the first history-dependent propagation of chaos result with explicit rates in any setting. Existing related results in the SPDE literature are asymptotic and do not provide error bounds [3]. **Q2.** $\text{argmax}\_j \mathcal{L}\_\lambda(\mu\_{\mathscr{X}^i},\nu\_{\mathscr{Y}^j})$ is not meant to approximate $\text{argmax}\_\nu \mathcal{L}\_\lambda(\mu\_{\mathscr{X}^i},\nu)$ per se but to measure relative optimality between the 3 solutions (this has now been clarified in the paper). Similarly to a payoff matrix, a nonzero relative NI error implies switching to another $\nu\_{\mathscr{Y}^j}$ will improve $\mathcal{L}\_\lambda(\mu_{\mathscr{X}^i}, \cdot)$, and same for $\mu\_{\mathscr{X}^i}$. Of course for a finite payoff matrix a pure Nash equilibrium does not always exist in which case it is hard to say which is better, but in all of our experiments 1 of the 3 algorithms exhibited zero or near-zero error. As you mentioned, $\text{argmax}\_\nu \mathcal{L}\_\lambda(\mu\_{\mathscr{X}^i},\nu)$ can be directly computed by running single-objective MFLD in principle. The problem is that this strongly biases the results towards MFL-ABR in practice, since decoupled MFLD is precisely what the inner loop is running. That is, MFL-ABR converges when MFLD w.r.t. $\mu\_k$ ($\nu\_k$) outputs $\nu\_k$ ($\mu\_k$), which is exactly when MFLD-based NI error will evaluate to zero, regardless of various empirical factors that make these processes diverge from theory. A third option is to compute the distance to the MNE $(\mu^*,\nu^*)$ if it can be determined. However, it is very difficult to find closed-form solutions for objectives with nontrivial interactions between $\mu,\nu$, and we cannot rely on the final output of the 3 proposed algorithms since we saw that they converge to different distributions in practice. These issues are what led us to use the indirect 3-point NI error. **Q3.** We have performed some rough computations; it is indeed possible to achieve the unregularized MNE using MFL-AG with an annealing rate $\lambda_t=O(1/\log t)$ as in Lu's work or [4]. This results in a proximal gap (Prop. 3.3) of $O(1/(\log t)^2)$ and NI error convergence rate (Theorem 3.4) of $O(1/\log t)$. Interestingly, this also absorbs the slow $O(1/t)$ rate of the regularized problem. A caveat is that we must assume $\delta\mathcal{L}/\delta\mu$ is bounded rather than Lipschitz as in Assumption 3 (a usually stronger condition) in order to avoid the use of Talagrand's inequality and instead use TV distance bounds as in Appendix D. For MFL-ABR, we can similarly anneal $\lambda_k$ (keeping it fixed in the inner loop) to achieve $O(1/\log k)$ in the outer loop.

Thank you for your through review and suggestions, and raising a number of important issues! We have updated the manuscript to clarify technical details and improve presentation. We hope our discussion can convince the reviewer of the technical difficulty and generality of our work. **Addressing Weaknesses** **W1.** The functionals studied in even ordinary MFLD works (such as that for optimizing neural networks) are always convex; this is due to convexity of the loss function and an intended consequence of lifting to the space of measures, not due to simplicity of the underlying problem. Furthermore, minimax MFLD is often studied explicitly for bi-linear objectives, that is $\mathcal{L}(\mu,\nu)=\iint Q(x,y) d\mu(x)d\nu(y)$ where the underlying payoff $Q$ can be any nonconvex-nonconcave $C^1$ function. This covers all (2-player) zero-sum continuous games, which in turn generalizes all finite zero-sum games. In fact, **all** preceding minimax MFLD works [1,2,3] only considered bi-linear $\mathcal{L}$ (linear-convex in [4]), and even in this simple case it was unknown how to design a symmetric descent-ascent type algorithm until our paper. Hence, our work can actually be considered much more general. Furthermore, our assumptions in the gradient are implied by the assumptions on $Q$ in these works and are also generally considered weaker than sup norm control, which is also a common assumption in the MFLD literature. In fact, they are more relaxed compared to some works which require super-quadratic regularization or uniform boundedness of functional derivatives. (The works [1,2,3] avoid L2 regularization only because they impose the strong assumption that $\mathcal{X,Y}$ are compact manifolds without boundary, which automatically ensures various isoperimetric inequalities.) We agree that nonconvex MFLD is also of great interest, however extremely little is known for even the single-optimization case as of yet and should be considered as a separate direction of study. **W2.** Indeed, framing the result in $W_2$ as in [5] could be more natural. However unlike [5], for our dynamics we only have indirect control over the empirical-proximal distribution gap via Prop. 3.6, which yields a $W_1$ bound by Kantorovich duality when converting to a bound for the empirical measures. Our uniform LLN analysis (as opposed to entropy-based bounds) is a novel approach that allows us to overcome the challenges inherent in the extremely complex historically-dependent particle interactions. Please note that we have added a new section on bounding expected distance and curse of dimensionality (Appendix C.6); in this case, a stronger moment bound will allow strengthening to $W_2$. **W3.** The worse rates arise from controlling the full history dependence, not minimax dynamics a priori. For the uniform LLN (Proposition 3.6) at least, the $O(1/\sqrt{N})$ rate is optimal. The worst-case LLN error is determined by the change in Lipschitz constant of the function $F(\mu_{\mathscr{X}}, \nu_{\mathscr{X}})$ when each particle is removed, which in turn is tightly bounded by the leave-one-out $W_1$ error due to W1-Lipschitzity of $F(\cdot,\cdot)$. Since the leave-one-out $W_2^2$ error is $O(1/N)$, the LLN error must be $O(1/\sqrt{N})$. Since we did not quite use the full power of the uniform LLN in subsequent analyses, however, it is possible that a different approach could circumvent this and achieve better rates as well as getting rid of the dependency on $\eta$. Nevertheless, we emphasize this is the first history-dependent propagation of chaos result with explicit rates in any setting. The few existing results in the SPDE literature are asymptotic and do not provide error bounds [6]. **W4.** The persistent bias in convergence is an artifact stemming from Langevin noise of fixed temperature, as particles are perturbed and empirical $W_1$ distance between each step retains some ground energy even at equilibrium. This decreases in MFL-AG due to replacing only a fraction of the particles. From a mean-field perspective, however, the distributions have converged to a solution. While our paper is focused on the regularized problem, it is also possible to implement a temperature annealing schedule such as $\lambda_t=\Theta(1/\log t)$ to find the MNE of the unregularized problem; for details, please see our response to Q3 of Reviewer q6kk. In this setting, the Langevin noise bias will gradually die down. Please also see our responses to Q2 of Reviewer q6kk for justification of the 3-point error as a metric for optimality, and Q3 of Reviewer ByeN for further discussion of experimental settings and comparisons of the algorithms. (continued below)

Thank you for your helpful advice and comments! We are very grateful for your through review, and various parts of the manuscript have been clarified or updated to improve presentation. **Addressing Weaknesses** **W1.** Ideally in this line of research we ultimately want a single-loop Langevin algorithm with provable last-iterate convergence, however both MFL-AG and MFL-ABR only fulfill halves of this role. Hence we have chosen to present & compare both possibilities even though their philosophies are different: MFL-AG realizes fictitious play (optimizing based on historical behavior of the opponent) while MFL-ABR realizes best response (optimizing based on current behavior). The modes of convergence (average-iterate $O(1/t)$ convergence v.s. last-iterate exponential convergence in the outer loop) also provides a contrast between the two Langevin algorithms. **W2.** Thank you for your suggestions. The description of Equation 1 and other potentially confusing notational issues have been fixed. **Addressing Questions** **Q1.** Symmetry means that both $\mu,\nu$ have same learning rates (flow speeds). Until our paper, existing minimax MFLD results only studied imbalanced flows, that is $\partial_t\mu_t = (\text{equation for }\mu_t)$ and $\partial_t\nu_t = \eta\times(\text{equation for }\nu_t)$ for very large $\eta$ [1] or the static limit $\eta\to\infty$ [2]. In such regimes $\nu$ can be considered already nearly optimized for any $\mu$ and the difficulty of controlling two coupled flows are mostly removed. However, needless to say the setting is quite artificial. Symmetric updates are much more difficult to analyze and do not converge in general for even simple problems such as minmax$(x^\top y)$ for $x,y\in\mathbb{R}^d$ [3]. **Q2.** Our method easily extends to different regularization strengths $\lambda_\mu,\lambda_\nu$ with minimal modifications on the derivations and bounds (this has been added to the first page footnote). Intuitively, the regularizations take place in their respective spaces $\mathcal{X}$ and $\mathcal{Y}$ so there is no need for the strength parameters to be equal. We only took equal $\lambda$ for simplicity and to adhere to preceding works. **Q3.** MFL-AG indeed performed better than MFL-ABR in this particular experiment, however we found empirically that this generally depended on the choice of hyperparameters. For example, speeding up the inner loop of MFL-ABR by decreasing iterations and increasing $\eta$, or speeding up the outer loop by increasing $\beta$ could accelerate convergence of MFL-ABR, but also led to instability in some runs. In contrast, MFL-AG always exhibited a ""slow but steady"" $O(1/t)$ convergence. In addition, MFL-ABR and MFL-DA performed better for problems where $Q(x,y)$ factored into a sum (or product) of separate potentials for $x,y$. In this case the dynamics decouples into two single-optimization problems which are known to converge exponentially. In contrast, MFL-AG was preferable for potentials with complex interactions between $x,y$. For example for the sigmoid potential in Section 6, $\mu$ pulls $\nu$ toward itself while $\nu$ pushes away, leading to a more complicated interacting dynamics that is better solved by the more stable MFL-AG. [1] Lu. Two-scale gradient descent ascent dynamics finds mixed Nash equilibria of continuous games: A mean-field perspective. ICML 2023. [2] Ma, Ying. Provably convergent quasistatic dynamics for mean-field two-player zero-sum games. ICLR 2022. [3] Daskalakis, Panageas. Last-iterate convergence: zero-sum games and constrained min-max optimization. Innovations in Theoretical Computer Science, 2019."	"We are extremely grateful for your detailed review of the various analyses and in-depth suggestions! We have updated and clarified various important points in the manuscript. We hope our discussion can convince the reviewer of the technical novelty and complexity of our overall theory as well as the utility of the results. **Addressing Weaknesses** **1.1-2.** $\mathbb{E}[\mu\_{\overline{\mathscr{X}}\_k}]$ is the expected output of MFL-AG, hence Theorem 3.7 quantifies a sort of bias. While this does not provide the full picture, we put the expectation inside $W_1$ and carefully designed our approach (using uniform LLN, short-term perturbation, etc) to bypass the curse of dimensionality. We mentioned the i.i.d. sample bound simply to illustrate that the CoD is unavoidable for $W_1(\mu\_{\mathscr{X}\_k}, \mathbb{E}[\mu\_{\mathscr{X}\_k}])$ or $W_1(\mu\_{\mathscr{X}\_k}, \mu^*)$ even in the ideal situation (no chaos) where the particles are perfectly independently sampled from the true distribution. Nonetheless, we see the utility in obtaining a bound for $W_1(\mu\_{\mathscr{X}\_k}, \mu^*)$. Thus, we have added a completely new section which fleshes out the above discussion and develops similar bounds for $W_1(\mu\_{\mathscr{X}\_k}, \mu^*)$ to Theorem 3.7 save for the CoD, which is unavoidable in the weakly interacting setting of propagation of chaos. Please see Appendix C.6. Of course, in practice we may also simply run the algorithm multiple ($M$) times and take the average of the outputs, which would also bypass the issue and yield the standard $1/\sqrt{M}$ convergence. We also remark that while the statement of Theorem 3.7 does not directly imply i.i.d. behavior of particles, the philosophy of propagation of chaos plays a key role in the proof. For example when developing the uniform law of large numbers we consider the system as a perturbed version of the gradient-stopped process, whose particles are independent when conditioned on the history up to a certain point in time. Hence, we emphasize the utility of our results lies not only in Theorem 3.7 but also the novel perturbation analysis developed throughout Appendix C. **1.3-5.** Thank you for your astute observations. The upper bound does not hold in general; the sketched idea only works for the *unregularized* NI error (without KL terms), which we have not considered in the paper. At present, there seems to be no clean way to bound entropic terms (KL, NI) regarding $\mathbb{E[\mu\_{\mathscr{X}\_k}]}, \mathbb{E[\nu\_{\mathscr{Y}\_k}]}$. We apologize for the mistake, and the claims have been deleted as discussing unregularized error will be too confusing. (Propagation of chaos is often presented in terms of Wasserstein distance throughout the literature. We merely wanted to strengthen the remark that the squared distance $W_1^2$ (and not $W_1$) is a natural unit of measurement on the left-hand side of Theorem 3.7 in view of Talagrand's and sandwich inequalities.) **2.1.** In general, one does not know $\mu\_{\mathscr{X}\_k}$ will converge to $\mu_k$ a priori since error can accumulate as training progresses, and instead directly proves convergence to $\mu^*$ (which then also implies $\mu\_{\mathscr{X}\_k}$ and $\mu_k$ are close). For each outer loop anchor $\mu\_{\mathscr{X}\_k}, \nu\_{\mathscr{Y}\_k}$ the propagation of chaos for the inner loop is guaranteed by [1] since the dynamics decouples into single optimization; the laws of each of the inner loop particles converge to the Gibbs proximal distributions of the anchors. Then intuitively we expect the Lyapunov function proof in Section D.2 to apply to $\mu\_{\mathscr{X}\_k}, \nu\_{\mathscr{Y}\_k}$ plus a $O(1/N)$ error (without the need to appeal to $\mu_k,\nu_k$). In particular, the outer loop random sampling update satisfies on average $\mathbb{E}[\mu\_{\mathscr{X}\_{k+1}}] = \beta\cdot\mathbb{E}[\mu\_{\mathscr{X}\_k}]+(1-\beta)\mathbb{E}[\widehat{\mu}\_{\mathscr{X}\_k}]+O(e^{-\Omega(\tau)}+\eta)$, which is identical to the mean-field best response update plus the inner loop error. The reason we did not complete the proof is that in order to make the above argument rigorous, the $N$-particle joint distribution must also behave roughly like an independent sample from the average $\mathbb{E}[\mu\_{\mathscr{X}\_k}]$ (like the uniform LLN for MFL-AG). However, we found quantifying this difficult due to the combinatorically complicated effect of random sampling & replacing on the joint distribution. Since this issue is unrelated to Langevin dynamics, and also since there are other methods to perform the update (such as that suggested by Reviewer DQbp), we decided to not spend too much time on the issue. (continued)

Thank you for your through review and suggestions, and raising a number of important issues! We have updated the manuscript to clarify technical details and improve presentation. We hope our discussion can convince the reviewer of the technical difficulty and generality of our work. **Addressing Weaknesses** **W1.** The functionals studied in even ordinary MFLD works (such as that for optimizing neural networks) are always convex; this is due to convexity of the loss function and an intended consequence of lifting to the space of measures, not due to simplicity of the underlying problem. Furthermore, minimax MFLD is often studied explicitly for bi-linear objectives, that is $\mathcal{L}(\mu,\nu)=\iint Q(x,y) d\mu(x)d\nu(y)$ where the underlying payoff $Q$ can be any nonconvex-nonconcave $C^1$ function. This covers all (2-player) zero-sum continuous games, which in turn generalizes all finite zero-sum games. In fact, **all** preceding minimax MFLD works [1,2,3] only considered bi-linear $\mathcal{L}$ (linear-convex in [4]), and even in this simple case it was unknown how to design a symmetric descent-ascent type algorithm until our paper. Hence, our work can actually be considered much more general. Furthermore, our assumptions in the gradient are implied by the assumptions on $Q$ in these works and are also generally considered weaker than sup norm control, which is also a common assumption in the MFLD literature. In fact, they are more relaxed compared to some works which require super-quadratic regularization or uniform boundedness of functional derivatives. (The works [1,2,3] avoid L2 regularization only because they impose the strong assumption that $\mathcal{X,Y}$ are compact manifolds without boundary, which automatically ensures various isoperimetric inequalities.) We agree that nonconvex MFLD is also of great interest, however extremely little is known for even the single-optimization case as of yet and should be considered as a separate direction of study. **W2.** Indeed, framing the result in $W_2$ as in [5] could be more natural. However unlike [5], for our dynamics we only have indirect control over the empirical-proximal distribution gap via Prop. 3.6, which yields a $W_1$ bound by Kantorovich duality when converting to a bound for the empirical measures. Our uniform LLN analysis (as opposed to entropy-based bounds) is a novel approach that allows us to overcome the challenges inherent in the extremely complex historically-dependent particle interactions. Please note that we have added a new section on bounding expected distance and curse of dimensionality (Appendix C.6); in this case, a stronger moment bound will allow strengthening to $W_2$. **W3.** The worse rates arise from controlling the full history dependence, not minimax dynamics a priori. For the uniform LLN (Proposition 3.6) at least, the $O(1/\sqrt{N})$ rate is optimal. The worst-case LLN error is determined by the change in Lipschitz constant of the function $F(\mu_{\mathscr{X}}, \nu_{\mathscr{X}})$ when each particle is removed, which in turn is tightly bounded by the leave-one-out $W_1$ error due to W1-Lipschitzity of $F(\cdot,\cdot)$. Since the leave-one-out $W_2^2$ error is $O(1/N)$, the LLN error must be $O(1/\sqrt{N})$. Since we did not quite use the full power of the uniform LLN in subsequent analyses, however, it is possible that a different approach could circumvent this and achieve better rates as well as getting rid of the dependency on $\eta$. Nevertheless, we emphasize this is the first history-dependent propagation of chaos result with explicit rates in any setting. The few existing results in the SPDE literature are asymptotic and do not provide error bounds [6]. **W4.** The persistent bias in convergence is an artifact stemming from Langevin noise of fixed temperature, as particles are perturbed and empirical $W_1$ distance between each step retains some ground energy even at equilibrium. This decreases in MFL-AG due to replacing only a fraction of the particles. From a mean-field perspective, however, the distributions have converged to a solution. While our paper is focused on the regularized problem, it is also possible to implement a temperature annealing schedule such as $\lambda_t=\Theta(1/\log t)$ to find the MNE of the unregularized problem; for details, please see our response to Q3 of Reviewer q6kk. In this setting, the Langevin noise bias will gradually die down. Please also see our responses to Q2 of Reviewer q6kk for justification of the 3-point error as a metric for optimality, and Q3 of Reviewer ByeN for further discussion of experimental settings and comparisons of the algorithms. (continued below)

Thank you for your positive review and helpful suggestions! We have updated the paper and clarified some technical details as well as improving presentation. **Addressing Weaknesses** **Intuition.** The intuition for the MFL-AG averaging scheme is twofold. First, it is based on the general scheme of dual averaging notably explored in [1,2], where specific weightings for regularized problems were also considered. A more recent work [3] proposed the Particle Dual Averaging algorithm for particle-based convex optimization with weighting $\propto t$. This agrees with our results (Theorem 3.4, 3.7) which show that weighting $t^r$ with exponent $r=1$ is optimal. Second, it is related to the game theory concept of fictitious play, where each player assumes their opponent is playing a stationary strategy and takes the best response to their average behavior, that is the unweighted averaged-gradient proximal distribution. Specifically, MFL-AG is the mean-field Langevin flow that realizes ideal stepwise fictitious play. Adding a weighting then has the meaning of putting higher trust in more recent information, which is appropriate if the opponent strategy or environment is not quite stationary. **Convergence.** MFL-AG always exhibits a ""slow but steady"" convergence rate of $\Theta(1/t)$ induced by drift averaging. In contrast, MFL-ABR is slower due to the double loop structure by a factor of the inner loop max iteration. These features each contribute to the improved optimality of the two algorithms. The performance of MFL-ABR also depended on the choice of hyperparameters. For example, speeding up the inner loop of by decreasing iterations and increasing $\eta$, or speeding up the outer loop by increasing $\beta$ can accelerate convergence of MFL-ABR, but also leads to instability in some runs. In addition, MFL-ABR and MFL-DA performed better for problems where $Q(x,y)$ factored into a sum (or product) of separate potentials for $x,y$. In this case the dynamics decouples into two single-optimization problems which are known to converge exponentially. In contrast, MFL-AG was preferable for potentials with complex interactions between $x,y$. For example for the sigmoid potential in Section 6, $\mu$ pulls $\nu$ toward itself while $\nu$ pushes away, leading to a more complicated interacting dynamics that is better solved by the more stable MFL-AG. **Addressing Questions** Here are some limitations of the proposed algorithms. * If the objective is not bilinear, the discussion in Section 5.1 does not apply and MFL-AG requires the entire history to be stored in memory which is costly considering the longer runtime. Nonetheless, we can avoid iterating over the full history to compute the average by random sampling from past states with weight $\propto\beta_k$ so that computational complexity does not increase. * Returning the average iterate after $K$ steps is also not ideal from an algorithmic perspective. In practice we can simply compare optimality to the last output and choose the better solution, record the best performing last/average iterate, implement early stopping based on relative NI error, etc. * The speed and stability of MFL-ABR is highly dependent on the inner loop parameters. The learning rate and max iterations must both be tuned for best performance. * Some reviewers mentioned the adverse dependency of the convergence rate on $\lambda$ which is common to MFLD methods. This can be overcome by incorporating a $\lambda_t\propto 1/\log t$ cooling to converge to the saddle point of the unregularized objective $\mathcal{L}$; please see our response to Q3 of Review q6kk for details. For certain problems, exponential cooling can also be achieved [3,4]. [1] Nesterov. Primal-dual subgradient methods for convex problems. Mathematical Programming, 120, 2007. [2]. Xiao. Dual averaging method for regularized stochastic learning and online optimization. NIPS 2009. [3] Suzuki et al. Feature learning via mean-field Langevin dynamics: classifying sparse parities and beyond. NeurIPS 2023. [4] Chizat. Mean-field Langevin dynamics: exponential convergence and annealing. TMLR 2022."			"{""disagreement"": 1.0, ""mixed_signals"": 1.0, ""response_count"": 3, ""density"": 2.0, ""primary_label"": ""fixed"", ""secondary_label"": ""unresolved""}"
6.200	YItWKZci78__r02	ICLR.cc/2024/Conference	Symmetric Mean-field Langevin Dynamics for Distributional Minimax Problems	structured	partially_fixed	tfidf	unresolved	"[weaknesses] The assumptions over the two measures used in entropic regularization are quite strong. The result of Theorem 3.7 has an expectation inside $W_1$, which is somewhat hard to interpret: it would seem to be saying that the bias of the procedure is small, but not the variance, so many repetitions of the particle dynamics would be needed to estimate the expectation of some function $f$. The outer-loop particle discretization error is not accounted for in the algorithm from Section 4. I do not understand what is going on in Lemma C.7 (it might be because I do not understand $\Pi$ fully -- see below). Some of the notation is unnecessarily hard to parse. Let me offer a few examples. Page 5: *Denote ordered sets of $N$ particles* -- it would seem that the authors mean a vector in $\mathcal{X}^N$. Also on the same page: it seems that the authors introduce the subscript $1:k$ to identify particle positions at different times, but then don't use this notation consistently at the bottom of the page (and also elsewhere). $L_\mu$ and $L_\nu$ are used to denote Lipschitz constants in the first/second variable, but also, $L$ is the functional and $(\mu,\nu)$ are used to denoted arbitrary elements of the space of probability measures. The definition of $\Pi$ in page 6 as ``the average of the pushforward operators along the projections $X\mapsto X^i$ does not seem correct. How can you project to a higher-dimensional space?

[questions] *(Q1)* Algorithm 1 and elsewhere - rathen than sample subsets of $\mathcal{X}_k,\mathcal{Y}_k$, maybe you could just use a weighted empirical measure where set $\mathcal{X}_k$ has weight proportional to $\beta_k$? *(Q2)* Can you clarify what is $\Pi$ and explain specifically the proof of Lemma C7?

[summary] The paper considers the solution of minmax problems with convex-concave objectives (plus entropic regularization terms) in the space of pairs of probability measures. Numerous problems can be viewed as particular cases of this. There exists a natural Mckean-Vlasov type system of diffusions -- mean-field Langevin dynamics (MFLD) -- that should converge to the saddle point that solves the above problem. The paper shows such a result for a version of these diffusions where the drift term is averaged over past states. Moreover, particle approximations of the diffusions are shown to satisfy strong convergence rates: for instance, the approximation bounds are uniform in time. Bounds for the authors' methods are given for ""Markov games"" assuming oracle access to certain functions and gradients related to the problem. A small simulation study suggests improved performance vis a vis MFLD."	"Thank you for your positive feedback and detailed suggestions! We have updated the paper and clarified some important points accordingly. **Addressing Weaknesses** **Assumptions.** Our assumptions on the regularizer functions and functional $\mathcal{L}$ are standard in the mean-field literature, corresponding to L2 regularization in the case of two-layer neural networks [1,2]. In fact, they are more relaxed compared to some works which require super-quadratic growth of regularizers [3] or uniform boundedness of functional derivatives [4]. Lu and Domingo-Enrich's works do not have an L2 regularizer only due to the fact that they impose the strong assumptions that $\mathcal{X,Y}$ are *compact manifolds with Ricci curvature lower bounded*, which also guarantees an LSI constant. **Outer loop.** Please see our discussion with Reviewer q6kk on the outer loop discretization issue. **Expectation.** The expectation inside $W_1$ is purely due to the following fundamental fact: the expected Wasserstein distance between any $d$-dimensional distribution and a size $N$ sample is $O(N^{-1/d})$, so any attempt to directly control distance of $\widehat{\mu}$ to $\mu^*$ will immediately incur the curse of dimensionality even if $\widehat{\mu}$ is perfectly i.i.d. sampled from the true distribution. We thus carefully designed our approach to completely avoid this dependency. Nonetheless, if the expectation is outside we can still obtain a similar bound save for the CoD. We have added a new section (Appendix C.6) which discusses the effect of CoD and develops corresponding results and proofs. Of course, as you mentioned in practice we may also simply run the algorithm multiple ($M$) times and take the average of the outputs, which would also bypass the issue and yield the standard $1/\sqrt{M}$ convergence. **Notation.** The notation has been updated. The notation $(\mathscr{X},\mathscr{Y})\_{1:k}$ has been changed to $(\mathscr{X}\_{1:k},\mathscr{Y}\_{1:k})$ in the main text and reintroduced in the appendix. The functional has been changed from $L$ to $\mathcal{L}$, and the use of $\mu,\nu$ in sub/superscripts to denote problem quantities has been clarified on the first page. **Addressing Questions** **Q1.** It is indeed possible to weighted-concatenate the particles instead of random sampling in both Algorithm 1 and the outer loop of Algorithm 2. Since our discretization guarantee for MFL-AG is written in terms of expected distribution, it applies to both methods, and concatenation may help stabilize the output. The main issue is that the number of total particles $NK$ will then grow proportionally with the number of epochs $K$, so that with a per-epoch memory/compute constraint $C$ the user may have to set a smaller $N=O(C/K)$ to begin with. Whereas with random sampling the two algorithms only require 4 arrays of length $N=O(C)$ (as discussed in Section 5.1), so it is hard to say which is superior. If particle weighting is allowed, another natural consideration is to update the masses themselves and study the resulting discrete Wasserstein-Fisher-Rao gradient dynamics, which is an interesting direction for future work. **Q2.** We apologize for our mistake - the projection is supposed to be $\mathscr{X}\mapsto X^i$, that is the projection of the $N$-particle vector to its $i$th coordinate (averaged over all $i$). The corresponding pullback operator on functions is $\Pi^* f(\mathscr{X})=\frac{1}{N}\sum_{i=1}^N f(X^i)$. An explicit definition is given at the beginning of Appendix C.2. We hope this clarifies the role of Lemma C.7 as well. [1] Chen et al. Uniform-in-time propagation of chaos for mean field Langevin dynamics. 2022. [2] Mei et al. Mean-field theory of two-layers neural networks: dimension-free bounds and kernel limit. CoLT 2019. [3] Suzuki et al. Uniform-in-time propagation of chaos for the mean-field gradient Langevin dynamics. ICLR 2023. [4] Lascu et al. Entropic mean-field min-max problems via Best Response and Fisher-Rao flows. 2023.

(continued) **2.2.** (1) We view the $C\beta$ time discretization error as a natural consequence of turning a continuous flow into a realizable algorithm rather than a drawback; the same can be said for any gradient descent algorithm with fixed learning rate. However it should be possible to implement a learning rate annealing for $\beta$ as $1/\log t$ to avoid this error. (2) Indeed, the potential adverse dependency on $\lambda$ is a problem that plagues all MFLD-based algorithms. In our response to Q3, we discuss how $\lambda_k=O(1/\log k)$ temperature annealing can overcome this issue. In addition, for certain classification problems where $\lVert\delta\mathcal{L}/\delta\mu\rVert_\infty$ can be bounded by $\mathcal{L}$, a faster exponential annealing of $\lambda_k$ can be implemented so that the convergence rate is independent of $\lambda_k$. [2] **Addressing Questions** **Q1.** Proving propagation of chaos in KL divergence would be ideal; this is the approach taken in [1] as well, and is much more direct and simpler. We tried to emulate this framework at first, but quickly found out key concepts such as their $N$-particle proximal distribution cannot be applied. This is due to the dependence on the entire history and cannot be fixed by adding stronger assumptions. Thus we had to resort to more technically involved methods (uniform LLN, short-time perturbation analysis) leading to our $W_1$ result. While morally there seems to be no reason why the result would not hold in KL, our current tools are not enough to guarantee this. For the uniform LLN (Proposition 3.6) at least, the $O(1/\sqrt{N})$ rate is optimal. The worst-case LLN error is determined by the change in Lipschitz constant of the function $F(\mu_{\mathscr{X}}, \nu_{\mathscr{X}})$ when each particle is removed, which in turn is tightly bounded by the leave-one-out $W_1$ error due to W1-Lipschitzity of $F(\cdot,\cdot)$. Since the leave-one-out $W_2^2$ error is $O(1/N)$ (which is central in Chen's argument), the LLN error must be $O(1/\sqrt{N})$. Since we did not quite use the full power of the uniform LLN in subsequent analyses, however, it is possible that a different approach could circumvent this and achieve $O(1/N)$, which seems an interesting direction for future work. Nevertheless, we emphasize this is the first history-dependent propagation of chaos result with explicit rates in any setting. Existing related results in the SPDE literature are asymptotic and do not provide error bounds [3]. **Q2.** $\text{argmax}\_j \mathcal{L}\_\lambda(\mu\_{\mathscr{X}^i},\nu\_{\mathscr{Y}^j})$ is not meant to approximate $\text{argmax}\_\nu \mathcal{L}\_\lambda(\mu\_{\mathscr{X}^i},\nu)$ per se but to measure relative optimality between the 3 solutions (this has now been clarified in the paper). Similarly to a payoff matrix, a nonzero relative NI error implies switching to another $\nu\_{\mathscr{Y}^j}$ will improve $\mathcal{L}\_\lambda(\mu_{\mathscr{X}^i}, \cdot)$, and same for $\mu\_{\mathscr{X}^i}$. Of course for a finite payoff matrix a pure Nash equilibrium does not always exist in which case it is hard to say which is better, but in all of our experiments 1 of the 3 algorithms exhibited zero or near-zero error. As you mentioned, $\text{argmax}\_\nu \mathcal{L}\_\lambda(\mu\_{\mathscr{X}^i},\nu)$ can be directly computed by running single-objective MFLD in principle. The problem is that this strongly biases the results towards MFL-ABR in practice, since decoupled MFLD is precisely what the inner loop is running. That is, MFL-ABR converges when MFLD w.r.t. $\mu\_k$ ($\nu\_k$) outputs $\nu\_k$ ($\mu\_k$), which is exactly when MFLD-based NI error will evaluate to zero, regardless of various empirical factors that make these processes diverge from theory. A third option is to compute the distance to the MNE $(\mu^*,\nu^*)$ if it can be determined. However, it is very difficult to find closed-form solutions for objectives with nontrivial interactions between $\mu,\nu$, and we cannot rely on the final output of the 3 proposed algorithms since we saw that they converge to different distributions in practice. These issues are what led us to use the indirect 3-point NI error. **Q3.** We have performed some rough computations; it is indeed possible to achieve the unregularized MNE using MFL-AG with an annealing rate $\lambda_t=O(1/\log t)$ as in Lu's work or [4]. This results in a proximal gap (Prop. 3.3) of $O(1/(\log t)^2)$ and NI error convergence rate (Theorem 3.4) of $O(1/\log t)$. Interestingly, this also absorbs the slow $O(1/t)$ rate of the regularized problem. A caveat is that we must assume $\delta\mathcal{L}/\delta\mu$ is bounded rather than Lipschitz as in Assumption 3 (a usually stronger condition) in order to avoid the use of Talagrand's inequality and instead use TV distance bounds as in Appendix D. For MFL-ABR, we can similarly anneal $\lambda_k$ (keeping it fixed in the inner loop) to achieve $O(1/\log k)$ in the outer loop.

Thank you for your through review and suggestions, and raising a number of important issues! We have updated the manuscript to clarify technical details and improve presentation. We hope our discussion can convince the reviewer of the technical difficulty and generality of our work. **Addressing Weaknesses** **W1.** The functionals studied in even ordinary MFLD works (such as that for optimizing neural networks) are always convex; this is due to convexity of the loss function and an intended consequence of lifting to the space of measures, not due to simplicity of the underlying problem. Furthermore, minimax MFLD is often studied explicitly for bi-linear objectives, that is $\mathcal{L}(\mu,\nu)=\iint Q(x,y) d\mu(x)d\nu(y)$ where the underlying payoff $Q$ can be any nonconvex-nonconcave $C^1$ function. This covers all (2-player) zero-sum continuous games, which in turn generalizes all finite zero-sum games. In fact, **all** preceding minimax MFLD works [1,2,3] only considered bi-linear $\mathcal{L}$ (linear-convex in [4]), and even in this simple case it was unknown how to design a symmetric descent-ascent type algorithm until our paper. Hence, our work can actually be considered much more general. Furthermore, our assumptions in the gradient are implied by the assumptions on $Q$ in these works and are also generally considered weaker than sup norm control, which is also a common assumption in the MFLD literature. In fact, they are more relaxed compared to some works which require super-quadratic regularization or uniform boundedness of functional derivatives. (The works [1,2,3] avoid L2 regularization only because they impose the strong assumption that $\mathcal{X,Y}$ are compact manifolds without boundary, which automatically ensures various isoperimetric inequalities.) We agree that nonconvex MFLD is also of great interest, however extremely little is known for even the single-optimization case as of yet and should be considered as a separate direction of study. **W2.** Indeed, framing the result in $W_2$ as in [5] could be more natural. However unlike [5], for our dynamics we only have indirect control over the empirical-proximal distribution gap via Prop. 3.6, which yields a $W_1$ bound by Kantorovich duality when converting to a bound for the empirical measures. Our uniform LLN analysis (as opposed to entropy-based bounds) is a novel approach that allows us to overcome the challenges inherent in the extremely complex historically-dependent particle interactions. Please note that we have added a new section on bounding expected distance and curse of dimensionality (Appendix C.6); in this case, a stronger moment bound will allow strengthening to $W_2$. **W3.** The worse rates arise from controlling the full history dependence, not minimax dynamics a priori. For the uniform LLN (Proposition 3.6) at least, the $O(1/\sqrt{N})$ rate is optimal. The worst-case LLN error is determined by the change in Lipschitz constant of the function $F(\mu_{\mathscr{X}}, \nu_{\mathscr{X}})$ when each particle is removed, which in turn is tightly bounded by the leave-one-out $W_1$ error due to W1-Lipschitzity of $F(\cdot,\cdot)$. Since the leave-one-out $W_2^2$ error is $O(1/N)$, the LLN error must be $O(1/\sqrt{N})$. Since we did not quite use the full power of the uniform LLN in subsequent analyses, however, it is possible that a different approach could circumvent this and achieve better rates as well as getting rid of the dependency on $\eta$. Nevertheless, we emphasize this is the first history-dependent propagation of chaos result with explicit rates in any setting. The few existing results in the SPDE literature are asymptotic and do not provide error bounds [6]. **W4.** The persistent bias in convergence is an artifact stemming from Langevin noise of fixed temperature, as particles are perturbed and empirical $W_1$ distance between each step retains some ground energy even at equilibrium. This decreases in MFL-AG due to replacing only a fraction of the particles. From a mean-field perspective, however, the distributions have converged to a solution. While our paper is focused on the regularized problem, it is also possible to implement a temperature annealing schedule such as $\lambda_t=\Theta(1/\log t)$ to find the MNE of the unregularized problem; for details, please see our response to Q3 of Reviewer q6kk. In this setting, the Langevin noise bias will gradually die down. Please also see our responses to Q2 of Reviewer q6kk for justification of the 3-point error as a metric for optimality, and Q3 of Reviewer ByeN for further discussion of experimental settings and comparisons of the algorithms. (continued below)"	"We are extremely grateful for your detailed review of the various analyses and in-depth suggestions! We have updated and clarified various important points in the manuscript. We hope our discussion can convince the reviewer of the technical novelty and complexity of our overall theory as well as the utility of the results. **Addressing Weaknesses** **1.1-2.** $\mathbb{E}[\mu\_{\overline{\mathscr{X}}\_k}]$ is the expected output of MFL-AG, hence Theorem 3.7 quantifies a sort of bias. While this does not provide the full picture, we put the expectation inside $W_1$ and carefully designed our approach (using uniform LLN, short-term perturbation, etc) to bypass the curse of dimensionality. We mentioned the i.i.d. sample bound simply to illustrate that the CoD is unavoidable for $W_1(\mu\_{\mathscr{X}\_k}, \mathbb{E}[\mu\_{\mathscr{X}\_k}])$ or $W_1(\mu\_{\mathscr{X}\_k}, \mu^*)$ even in the ideal situation (no chaos) where the particles are perfectly independently sampled from the true distribution. Nonetheless, we see the utility in obtaining a bound for $W_1(\mu\_{\mathscr{X}\_k}, \mu^*)$. Thus, we have added a completely new section which fleshes out the above discussion and develops similar bounds for $W_1(\mu\_{\mathscr{X}\_k}, \mu^*)$ to Theorem 3.7 save for the CoD, which is unavoidable in the weakly interacting setting of propagation of chaos. Please see Appendix C.6. Of course, in practice we may also simply run the algorithm multiple ($M$) times and take the average of the outputs, which would also bypass the issue and yield the standard $1/\sqrt{M}$ convergence. We also remark that while the statement of Theorem 3.7 does not directly imply i.i.d. behavior of particles, the philosophy of propagation of chaos plays a key role in the proof. For example when developing the uniform law of large numbers we consider the system as a perturbed version of the gradient-stopped process, whose particles are independent when conditioned on the history up to a certain point in time. Hence, we emphasize the utility of our results lies not only in Theorem 3.7 but also the novel perturbation analysis developed throughout Appendix C. **1.3-5.** Thank you for your astute observations. The upper bound does not hold in general; the sketched idea only works for the *unregularized* NI error (without KL terms), which we have not considered in the paper. At present, there seems to be no clean way to bound entropic terms (KL, NI) regarding $\mathbb{E[\mu\_{\mathscr{X}\_k}]}, \mathbb{E[\nu\_{\mathscr{Y}\_k}]}$. We apologize for the mistake, and the claims have been deleted as discussing unregularized error will be too confusing. (Propagation of chaos is often presented in terms of Wasserstein distance throughout the literature. We merely wanted to strengthen the remark that the squared distance $W_1^2$ (and not $W_1$) is a natural unit of measurement on the left-hand side of Theorem 3.7 in view of Talagrand's and sandwich inequalities.) **2.1.** In general, one does not know $\mu\_{\mathscr{X}\_k}$ will converge to $\mu_k$ a priori since error can accumulate as training progresses, and instead directly proves convergence to $\mu^*$ (which then also implies $\mu\_{\mathscr{X}\_k}$ and $\mu_k$ are close). For each outer loop anchor $\mu\_{\mathscr{X}\_k}, \nu\_{\mathscr{Y}\_k}$ the propagation of chaos for the inner loop is guaranteed by [1] since the dynamics decouples into single optimization; the laws of each of the inner loop particles converge to the Gibbs proximal distributions of the anchors. Then intuitively we expect the Lyapunov function proof in Section D.2 to apply to $\mu\_{\mathscr{X}\_k}, \nu\_{\mathscr{Y}\_k}$ plus a $O(1/N)$ error (without the need to appeal to $\mu_k,\nu_k$). In particular, the outer loop random sampling update satisfies on average $\mathbb{E}[\mu\_{\mathscr{X}\_{k+1}}] = \beta\cdot\mathbb{E}[\mu\_{\mathscr{X}\_k}]+(1-\beta)\mathbb{E}[\widehat{\mu}\_{\mathscr{X}\_k}]+O(e^{-\Omega(\tau)}+\eta)$, which is identical to the mean-field best response update plus the inner loop error. The reason we did not complete the proof is that in order to make the above argument rigorous, the $N$-particle joint distribution must also behave roughly like an independent sample from the average $\mathbb{E}[\mu\_{\mathscr{X}\_k}]$ (like the uniform LLN for MFL-AG). However, we found quantifying this difficult due to the combinatorically complicated effect of random sampling & replacing on the joint distribution. Since this issue is unrelated to Langevin dynamics, and also since there are other methods to perform the update (such as that suggested by Reviewer DQbp), we decided to not spend too much time on the issue. (continued)

Thank you for your through review and suggestions, and raising a number of important issues! We have updated the manuscript to clarify technical details and improve presentation. We hope our discussion can convince the reviewer of the technical difficulty and generality of our work. **Addressing Weaknesses** **W1.** The functionals studied in even ordinary MFLD works (such as that for optimizing neural networks) are always convex; this is due to convexity of the loss function and an intended consequence of lifting to the space of measures, not due to simplicity of the underlying problem. Furthermore, minimax MFLD is often studied explicitly for bi-linear objectives, that is $\mathcal{L}(\mu,\nu)=\iint Q(x,y) d\mu(x)d\nu(y)$ where the underlying payoff $Q$ can be any nonconvex-nonconcave $C^1$ function. This covers all (2-player) zero-sum continuous games, which in turn generalizes all finite zero-sum games. In fact, **all** preceding minimax MFLD works [1,2,3] only considered bi-linear $\mathcal{L}$ (linear-convex in [4]), and even in this simple case it was unknown how to design a symmetric descent-ascent type algorithm until our paper. Hence, our work can actually be considered much more general. Furthermore, our assumptions in the gradient are implied by the assumptions on $Q$ in these works and are also generally considered weaker than sup norm control, which is also a common assumption in the MFLD literature. In fact, they are more relaxed compared to some works which require super-quadratic regularization or uniform boundedness of functional derivatives. (The works [1,2,3] avoid L2 regularization only because they impose the strong assumption that $\mathcal{X,Y}$ are compact manifolds without boundary, which automatically ensures various isoperimetric inequalities.) We agree that nonconvex MFLD is also of great interest, however extremely little is known for even the single-optimization case as of yet and should be considered as a separate direction of study. **W2.** Indeed, framing the result in $W_2$ as in [5] could be more natural. However unlike [5], for our dynamics we only have indirect control over the empirical-proximal distribution gap via Prop. 3.6, which yields a $W_1$ bound by Kantorovich duality when converting to a bound for the empirical measures. Our uniform LLN analysis (as opposed to entropy-based bounds) is a novel approach that allows us to overcome the challenges inherent in the extremely complex historically-dependent particle interactions. Please note that we have added a new section on bounding expected distance and curse of dimensionality (Appendix C.6); in this case, a stronger moment bound will allow strengthening to $W_2$. **W3.** The worse rates arise from controlling the full history dependence, not minimax dynamics a priori. For the uniform LLN (Proposition 3.6) at least, the $O(1/\sqrt{N})$ rate is optimal. The worst-case LLN error is determined by the change in Lipschitz constant of the function $F(\mu_{\mathscr{X}}, \nu_{\mathscr{X}})$ when each particle is removed, which in turn is tightly bounded by the leave-one-out $W_1$ error due to W1-Lipschitzity of $F(\cdot,\cdot)$. Since the leave-one-out $W_2^2$ error is $O(1/N)$, the LLN error must be $O(1/\sqrt{N})$. Since we did not quite use the full power of the uniform LLN in subsequent analyses, however, it is possible that a different approach could circumvent this and achieve better rates as well as getting rid of the dependency on $\eta$. Nevertheless, we emphasize this is the first history-dependent propagation of chaos result with explicit rates in any setting. The few existing results in the SPDE literature are asymptotic and do not provide error bounds [6]. **W4.** The persistent bias in convergence is an artifact stemming from Langevin noise of fixed temperature, as particles are perturbed and empirical $W_1$ distance between each step retains some ground energy even at equilibrium. This decreases in MFL-AG due to replacing only a fraction of the particles. From a mean-field perspective, however, the distributions have converged to a solution. While our paper is focused on the regularized problem, it is also possible to implement a temperature annealing schedule such as $\lambda_t=\Theta(1/\log t)$ to find the MNE of the unregularized problem; for details, please see our response to Q3 of Reviewer q6kk. In this setting, the Langevin noise bias will gradually die down. Please also see our responses to Q2 of Reviewer q6kk for justification of the 3-point error as a metric for optimality, and Q3 of Reviewer ByeN for further discussion of experimental settings and comparisons of the algorithms. (continued below)

Thank you for your positive review and helpful suggestions! We have updated the paper and clarified some technical details as well as improving presentation. **Addressing Weaknesses** **Intuition.** The intuition for the MFL-AG averaging scheme is twofold. First, it is based on the general scheme of dual averaging notably explored in [1,2], where specific weightings for regularized problems were also considered. A more recent work [3] proposed the Particle Dual Averaging algorithm for particle-based convex optimization with weighting $\propto t$. This agrees with our results (Theorem 3.4, 3.7) which show that weighting $t^r$ with exponent $r=1$ is optimal. Second, it is related to the game theory concept of fictitious play, where each player assumes their opponent is playing a stationary strategy and takes the best response to their average behavior, that is the unweighted averaged-gradient proximal distribution. Specifically, MFL-AG is the mean-field Langevin flow that realizes ideal stepwise fictitious play. Adding a weighting then has the meaning of putting higher trust in more recent information, which is appropriate if the opponent strategy or environment is not quite stationary. **Convergence.** MFL-AG always exhibits a ""slow but steady"" convergence rate of $\Theta(1/t)$ induced by drift averaging. In contrast, MFL-ABR is slower due to the double loop structure by a factor of the inner loop max iteration. These features each contribute to the improved optimality of the two algorithms. The performance of MFL-ABR also depended on the choice of hyperparameters. For example, speeding up the inner loop of by decreasing iterations and increasing $\eta$, or speeding up the outer loop by increasing $\beta$ can accelerate convergence of MFL-ABR, but also leads to instability in some runs. In addition, MFL-ABR and MFL-DA performed better for problems where $Q(x,y)$ factored into a sum (or product) of separate potentials for $x,y$. In this case the dynamics decouples into two single-optimization problems which are known to converge exponentially. In contrast, MFL-AG was preferable for potentials with complex interactions between $x,y$. For example for the sigmoid potential in Section 6, $\mu$ pulls $\nu$ toward itself while $\nu$ pushes away, leading to a more complicated interacting dynamics that is better solved by the more stable MFL-AG. **Addressing Questions** Here are some limitations of the proposed algorithms. * If the objective is not bilinear, the discussion in Section 5.1 does not apply and MFL-AG requires the entire history to be stored in memory which is costly considering the longer runtime. Nonetheless, we can avoid iterating over the full history to compute the average by random sampling from past states with weight $\propto\beta_k$ so that computational complexity does not increase. * Returning the average iterate after $K$ steps is also not ideal from an algorithmic perspective. In practice we can simply compare optimality to the last output and choose the better solution, record the best performing last/average iterate, implement early stopping based on relative NI error, etc. * The speed and stability of MFL-ABR is highly dependent on the inner loop parameters. The learning rate and max iterations must both be tuned for best performance. * Some reviewers mentioned the adverse dependency of the convergence rate on $\lambda$ which is common to MFLD methods. This can be overcome by incorporating a $\lambda_t\propto 1/\log t$ cooling to converge to the saddle point of the unregularized objective $\mathcal{L}$; please see our response to Q3 of Review q6kk for details. For certain problems, exponential cooling can also be achieved [3,4]. [1] Nesterov. Primal-dual subgradient methods for convex problems. Mathematical Programming, 120, 2007. [2]. Xiao. Dual averaging method for regularized stochastic learning and online optimization. NIPS 2009. [3] Suzuki et al. Feature learning via mean-field Langevin dynamics: classifying sparse parities and beyond. NeurIPS 2023. [4] Chizat. Mean-field Langevin dynamics: exponential convergence and annealing. TMLR 2022."			"{""disagreement"": 1.0, ""mixed_signals"": 1.0, ""response_count"": 3, ""density"": 2.0, ""primary_label"": ""partially_fixed"", ""secondary_label"": ""unresolved""}"
6.200	dCHbFDsCZz__r03	ICLR.cc/2024/Conference	Learning to Reject with a Fixed Predictor: Application to Decontextualization	structured	unresolved	tfidf	fixed	"[weaknesses] 1. The experiment setting is not well explained and the settings are not comprehensive. As the authors mentioned, the LLM predictors are their main focus but in the experiments, there is only one type of LLM. As T5X is a family of models, there are other choices and more architectures from other families will be more comprehensive for evaluating the proposed loss. 2. The loss function is tested on image classification but on a tiny setting and this pure classification task does not really relate to the LLM setting. 3. To train the rejector still required to label new information, it is hard to distinguish whether the improvement is from the additional information or the loss function.

[questions] 1. According to my understanding, applying the surrogate loss requires labelling the output from the given model. Then the model is further trained by the learned surrogate loss. Thus some extra information is introduced. Can the Cross entropy loss and Maxprob have the same information? 2. What is the format of the ejector? 3. WHy the F1 score is not applied for clear comparison? 5. For the std comparison is not very clear whether rejection loss is much better than Maxprob in Figure 4 and in Figure 5.

[summary] In the submission, a novel loss function parameterised by the learnable rejectors is studied to train the LLM model to handle diverse outputs for one prompt. To compute the existing loss function for tackling this problem is NP-hard. At the same time, the authors proposed a trackable surrogate loss, which is differentiable and convex, and by optimising it, the generalisation error is minimised supported by the theorem proposed as the main result in the submission. In the experiments, by training the model with the proposed loss function, the models are improved in terms of precision vs. Coverage compared with the existing method."	"Thank you for your thoughtful feedback. We have carefully addressed all the questions raised. Please find our responses below. **Weaknesses:** **1. The experiment setting is not well explained and the settings are not comprehensive. As the authors mentioned, the LLM predictors are their main focus but in the experiments, there is only one type of LLM. As T5X is a family of models, there are other choices and more architectures from other families will be more comprehensive for evaluating the proposed loss.** **Response:** We kindly ask the reviewer to elaborate on which part of the experiment setting was not sufficiently well explained. While it is true that there generally exist many LLM architectures, it would not be feasible to evaluate all of them. By showing very strong results on T5X XXL, a standard model, we demonstrate that there is at least one architecture for which our surrogate loss is very useful. **2. The loss function is tested on image classification but on a tiny setting and this pure classification task does not really relate to the LLM setting.** **Response:** Since annotation is expensive for the LLM setting, we chose to provide additional experimental evaluation of our proposed surrogate loss on image classification. For the LLM setting, please see our experiments on decontextualization. **3. To train the rejector still required to label new information, it is hard to distinguish whether the improvement is from the additional information or the loss function.** **Response:** Since the baseline using the cross-entropy loss had access to these new labels as well, the improvement is necessarily from the loss function. **Questions:** **1. According to my understanding, applying the surrogate loss requires labeling the output from the given model. Then the model is further trained by the learned surrogate loss. Thus some extra information is introduced. Can the Cross entropy loss and Maxprob have the same information?** **Response:** The cross entropy baseline did have the same information - we finetuned a model using the cross-entropy loss *on the annotations*. However, it would not be possible for Maxprob to also benefit from this information because the annotations form a binary classification task, while the predictor (from which Maxprob is derived) is trained to generate decontexualizations. **2. What is the format of the rejector?** **Response:** The format for the rejector is described in section 7.2 (surrogate loss), and it is trained on the decontextualization rejection task described in section 7.1. At a high level, its input is a sentence and a candidate decontextualization, and its output is a real number whose sign corresponds to acceptance or rejection. **3. Why is the F1 score not applied for clear comparison?** **Response:** The F1 score relates to precision versus recall, while instead we are interested in precision versus coverage. We believe that it is very natural and easy to compare the methods by plotting precision versus coverage (which we do in Figures 4, 5, and 6). **4. For the std comparison it is not very clear whether rejection loss is much better than Maxprob in Figure 4 and in Figure 5.** **Response:** We respectfully disagree with the reviewer. The curve for the rejection loss lies above that of Maxprob in both figures, and in Figure 4, it lies *significantly* above that of Maxprob.

Thank you for your encouraging review. We will take your suggestions into account when preparing the final version. Below please find responses to specific questions. **1. The method is only applied to the decontextualization problem when it actually seems to have much more broad applicability. I can think of several LLM applications where the ability to increase precision by rejecting would be useful. For example, we could try to learn a rejector that cuts down on hallucinations in summarization or text simplification. More exploration of this technique beyond the decontextualization problem would make it more impactful.** **Response:** As discussed in the conclusion, annotation for the LLM setting is expensive and this limits our empirical evaluation. We therefore provided additional experimental evaluation on image classification tasks, where checking the correctness of the predictor is easy. We leave further experimental evaluation for future work, but observe very strong results on our current LLM experiments. **2. When $\mathcal{R} = R_{\mathrm{all}}$, can't we use a cost-sensitive surrogate loss plus usual (Bayes) consistency results? I.e., I don't understand the following claim in Appendix C given that the paper's results only consider $\mathcal{R} = \mathcal{R}_{\mathrm{all}}$.** **In general, I think the paper could use more presentation on why the naive approach of directly training the rejector to predict the labels $a$ using a standard cost-sensitive surrogate loss doesn't work, since the results only consider the $\mathcal{R} = \mathcal{R}_{\mathrm{all}}$ case. That, or some results for linear or 1-layer-NN rejectors, as in Awasthi et al. (2022), would strengthen the theoretical part of the paper.** **Question 1. Why do we care about $\mathcal{H}$-consistency even though we only consider the space $\mathcal{R}_{\mathrm{all}}$ of all measurable functions? It would be helpful to further emphasize this earlier in the paper as a major difference / novelty / reason why more naive baselines don't work (see earlier comment under weaknesses).** **Response:** Our surrogate losses benefit from $\mathcal{R}$-consistency bounds with the hypothesis set $\mathcal{R}$ extending beyond the family of all measurable functions $\mathcal{R}_{\mathrm{all}}$. This includes, for example, the family of linear models and one-hidden-layer neural networks considered by Awasthi et al. (2022). For simplicity, we presented results only for the family of all measurable functions. However, our proofs and results can be directly extended to other hypothesis sets. In the final version, we will include these $\mathcal{R}$-consistency bounds. While the cost-sensitive surrogate loss benefits from Bayes-consistency, it does not benefit from $\mathcal{R}$-consistency bounds. As pointed out by Awasthi et al. (2022), Bayes-consistency does not supply any information about learning with a typically restricted hypothesis set, which of course would not contain all measurable functions. Furthermore, it provides no guarantee for approximate minimizers since the rate of that asymptotic convergence could be arbitrarily slow. **3. No ablation on $\alpha$ even though it's important in the bound (Thm 5), and different experiments use different values (e.g., 4 in main text experiments, 3.5 in appendix vision experiments).** **Response:** In our experiments on image classification, the value of $\alpha$ is selected using cross-validation, a method typically applicable in practice. In our future work, we aim to explore a more principled approach for choosing $\alpha$. A promising direction involves establishing data-dependent bounds, which would act as a useful guide for selecting $\alpha$ across different datasets. **4. Small typo in display at bottom of pg4; $\leq 0$ should be in the subscript of $\mathbb{I}$.** **Response:** Thank you, we will fix this in the final version. **5. Small typo in display at bottom of pg4; not enough parentheses.** **Response:** Thank you, we will fix this in the final version. **6. Minor semantics/notation: $r(x, f(x))$ reads like a score for rejecting, so the notation reads like $r > 0$ $ \implies $ reject, when it's actually being used in the opposite sense. This tripped me up several times. I know this notation is inherited from Cortes et al. but I think it's a bit confusing.** **Response:** We are indeed staying consistent with the notation from the literature.

Thank you for your appreciation of our contribution. We have carefully addressed all the questions raised, especially regarding the consistency of our mathematical results. Please find our responses below, and we respectfully request the reviewer to reconsider the overall rating. **Weaknesses:** **1. Although GitHub repo links and other identifying information cannot be written in a paper under review, I did not see any indication of the intention to make the code public, nor is it provided in supplementary materials.** **Response:** We are hoping to release code for the final version and are waiting for approval. **2. Page 4. First equation/inequality.** **Response:** As pointed out by reviewer KRjg, the first inequality indeed holds. Thus, we are still giving an upper bound. We will replace the second inequality with equality (we were simply staying consistent with Cortes et al.). The last relation in the derivation holds because a max of two positive real numbers is upper-bounded by their sum. **3. There is no test set. Only train and validation, where cross-validation is used so training algorithm sees all data.** **Response:** We perform k-fold cross validation, and thus the training algorithm does not see the data it is tested on. Additionally, in the decontextualization experiment with LLMs, we do not tune any hyper-parameters for our proposed method. **Questions:** **1. page 5. it is said that ""underlying scores are not favourable for that precision level"". Why is that?** **Response:** We would like to point out that we have instead written “not *necessarily* favorable.” This is because the same scores are used for each precision level; the learning algorithm was not trained to target a specific precision level. On the other hand, in our surrogate loss, we are targeting a specific precision level through the value of $c$. **2. These are possibly standard deviation bars in figures 4 and 5. How were they generated? Is it from different folds of cross-validation?** **Response:** As described in their respective captions, the standard deviations in Figure 4 are from the different cross-validation splits, and the standard deviations in Figure 5 are from different training runs. **3. Are Maxprob and cross-entropy trained on different models? Why is that?** **Response:** These are very slightly different - Maxprob was derived from an existing decontextualization model, and we chose to use T5X for all of our fine-tuning as it was the closest model available to us. **Minor Typing / Formatting / Clarity issues:** **1. page 4. last equation ""<=0"" should be in the subscript** **2. please recheck format for citations: some citations use et al while other list all authors.** **Response:** Thank you, we will fix these in the final version."	"We have uploaded a revised version with a newly added Appendix D. The main results (on p.18), Theorem 7 and Corollary 8, demonstrate that our surrogate losses benefit from $\mathcal{R}$-consistency bounds with any bounded hypothesis set, including the family of linear models and one-hidden-layer ReLU networks considered in (Awasthi et al., 2022) as special cases. In the initial version, we mentioned before Section 5.5 ""Similar results can be derived for other families of functions $\mathcal{R}$, such as that of linear functions or neural networks with one hidden-layer as in (Awasthi et al., 2022)"", but did not include them for simplicity. We believe these newly added results will further strengthen the theoretical part of the paper and address the reviewer's concerns. Note that there is a lack of similar guarantees for cost-sensitive surrogate losses with respect to the induced rejection loss. Furthermore, our surrogate loss outperforms the cost-sensitive baseline in our image classification experiments.

Thank you for your thoughtful feedback. We have carefully addressed all the questions raised. Please find our responses below. **Weaknesses:** **1. The experiment setting is not well explained and the settings are not comprehensive. As the authors mentioned, the LLM predictors are their main focus but in the experiments, there is only one type of LLM. As T5X is a family of models, there are other choices and more architectures from other families will be more comprehensive for evaluating the proposed loss.** **Response:** We kindly ask the reviewer to elaborate on which part of the experiment setting was not sufficiently well explained. While it is true that there generally exist many LLM architectures, it would not be feasible to evaluate all of them. By showing very strong results on T5X XXL, a standard model, we demonstrate that there is at least one architecture for which our surrogate loss is very useful. **2. The loss function is tested on image classification but on a tiny setting and this pure classification task does not really relate to the LLM setting.** **Response:** Since annotation is expensive for the LLM setting, we chose to provide additional experimental evaluation of our proposed surrogate loss on image classification. For the LLM setting, please see our experiments on decontextualization. **3. To train the rejector still required to label new information, it is hard to distinguish whether the improvement is from the additional information or the loss function.** **Response:** Since the baseline using the cross-entropy loss had access to these new labels as well, the improvement is necessarily from the loss function. **Questions:** **1. According to my understanding, applying the surrogate loss requires labeling the output from the given model. Then the model is further trained by the learned surrogate loss. Thus some extra information is introduced. Can the Cross entropy loss and Maxprob have the same information?** **Response:** The cross entropy baseline did have the same information - we finetuned a model using the cross-entropy loss *on the annotations*. However, it would not be possible for Maxprob to also benefit from this information because the annotations form a binary classification task, while the predictor (from which Maxprob is derived) is trained to generate decontexualizations. **2. What is the format of the rejector?** **Response:** The format for the rejector is described in section 7.2 (surrogate loss), and it is trained on the decontextualization rejection task described in section 7.1. At a high level, its input is a sentence and a candidate decontextualization, and its output is a real number whose sign corresponds to acceptance or rejection. **3. Why is the F1 score not applied for clear comparison?** **Response:** The F1 score relates to precision versus recall, while instead we are interested in precision versus coverage. We believe that it is very natural and easy to compare the methods by plotting precision versus coverage (which we do in Figures 4, 5, and 6). **4. For the std comparison it is not very clear whether rejection loss is much better than Maxprob in Figure 4 and in Figure 5.** **Response:** We respectfully disagree with the reviewer. The curve for the rejection loss lies above that of Maxprob in both figures, and in Figure 4, it lies *significantly* above that of Maxprob.

Thank you for your encouraging review. We will take your suggestions into account when preparing the final version. Below please find responses to specific questions. **1. The method is only applied to the decontextualization problem when it actually seems to have much more broad applicability. I can think of several LLM applications where the ability to increase precision by rejecting would be useful. For example, we could try to learn a rejector that cuts down on hallucinations in summarization or text simplification. More exploration of this technique beyond the decontextualization problem would make it more impactful.** **Response:** As discussed in the conclusion, annotation for the LLM setting is expensive and this limits our empirical evaluation. We therefore provided additional experimental evaluation on image classification tasks, where checking the correctness of the predictor is easy. We leave further experimental evaluation for future work, but observe very strong results on our current LLM experiments. **2. When $\mathcal{R} = R_{\mathrm{all}}$, can't we use a cost-sensitive surrogate loss plus usual (Bayes) consistency results? I.e., I don't understand the following claim in Appendix C given that the paper's results only consider $\mathcal{R} = \mathcal{R}_{\mathrm{all}}$.** **In general, I think the paper could use more presentation on why the naive approach of directly training the rejector to predict the labels $a$ using a standard cost-sensitive surrogate loss doesn't work, since the results only consider the $\mathcal{R} = \mathcal{R}_{\mathrm{all}}$ case. That, or some results for linear or 1-layer-NN rejectors, as in Awasthi et al. (2022), would strengthen the theoretical part of the paper.** **Question 1. Why do we care about $\mathcal{H}$-consistency even though we only consider the space $\mathcal{R}_{\mathrm{all}}$ of all measurable functions? It would be helpful to further emphasize this earlier in the paper as a major difference / novelty / reason why more naive baselines don't work (see earlier comment under weaknesses).** **Response:** Our surrogate losses benefit from $\mathcal{R}$-consistency bounds with the hypothesis set $\mathcal{R}$ extending beyond the family of all measurable functions $\mathcal{R}_{\mathrm{all}}$. This includes, for example, the family of linear models and one-hidden-layer neural networks considered by Awasthi et al. (2022). For simplicity, we presented results only for the family of all measurable functions. However, our proofs and results can be directly extended to other hypothesis sets. In the final version, we will include these $\mathcal{R}$-consistency bounds. While the cost-sensitive surrogate loss benefits from Bayes-consistency, it does not benefit from $\mathcal{R}$-consistency bounds. As pointed out by Awasthi et al. (2022), Bayes-consistency does not supply any information about learning with a typically restricted hypothesis set, which of course would not contain all measurable functions. Furthermore, it provides no guarantee for approximate minimizers since the rate of that asymptotic convergence could be arbitrarily slow. **3. No ablation on $\alpha$ even though it's important in the bound (Thm 5), and different experiments use different values (e.g., 4 in main text experiments, 3.5 in appendix vision experiments).** **Response:** In our experiments on image classification, the value of $\alpha$ is selected using cross-validation, a method typically applicable in practice. In our future work, we aim to explore a more principled approach for choosing $\alpha$. A promising direction involves establishing data-dependent bounds, which would act as a useful guide for selecting $\alpha$ across different datasets. **4. Small typo in display at bottom of pg4; $\leq 0$ should be in the subscript of $\mathbb{I}$.** **Response:** Thank you, we will fix this in the final version. **5. Small typo in display at bottom of pg4; not enough parentheses.** **Response:** Thank you, we will fix this in the final version. **6. Minor semantics/notation: $r(x, f(x))$ reads like a score for rejecting, so the notation reads like $r > 0$ $ \implies $ reject, when it's actually being used in the opposite sense. This tripped me up several times. I know this notation is inherited from Cortes et al. but I think it's a bit confusing.** **Response:** We are indeed staying consistent with the notation from the literature."			"{""disagreement"": 1.0, ""mixed_signals"": 1.0, ""response_count"": 3, ""density"": 2.0, ""primary_label"": ""unresolved"", ""secondary_label"": ""fixed""}"
6.200	AJBkfwXh3u__r03	ICLR.cc/2024/Conference	Causality-Inspired Spatial-Temporal Explanations for Dynamic Graph Neural Networks	structured	partially_fixed	tfidf	fixed	"[weaknesses] The presentation can be improved. It is hard for me to follow the paper well. For example, in the Introduction section, it is hard to straightforwardly understand the spatial interpretability and temporal interpretability. Illustrations can help readers understand better. Besides, it is not easy for me to understand the challenges for implementing the SCM (third paragraph in the Intro). Correspondingly, I didn’t see how the proposed approach addresses the challenges in the fourth paragraph. The significance of the proposed approach is not clear. It is hard to judge the performance improvement achieved by DyGNNExplainer since other baselines are all for static graphs.

[questions] In Table 2, for Node classification task, OrphicX performs better than DyGNNExplainer on DTree-Grid dataset but is not bolded? Can you compare your model on static graphs to state-of-the-art explainers? How sensitive the model is to the hyper parameters in Equation 15? What’s the computational complexity of solving Equation 15?

[summary] This paper proposed a causality-inspired generative model to explain DyGNN predictions by identifying the trivial, static, and dynamic causal relationships. To experimentally evaluate the proposed approach, synthetic dynamic datasets are generated and provided. Evaluations on both synthetic datasets and real-world datasets demonstrate superior performance."	"We appreciate your overall positive assessment of our contributions and are grateful for your suggestion. We have already updated the new revision based on your suggestions. ------ **Q1: Problems in introduction section** **W2:** Thanks for your valuable questions and suggestions. **Spatial interpretability and temporal interpretability:** The investigation of spatial interpretability critically relies on the extraction of subgraphs that can represent the characteristics of the complete graph in spatial dimension and elucidate outcomes in subsequent tasks. In essence, these subgraphs serve as substitutes for the original graphs, enabling the attainment of analogous results in downstream tasks. Temporal interpretability relies on the importance of representative sub-graphs over the time slots. In essence, it's essential to elucidate the significance of each time step concerning its impact on the outcomes of subsequent tasks. We add this in Section 1. **Challenges for implementing the SCM:** The first challenge lies in the approach to disentangling the complex causal relationships as no explicit information is available for the identification of trivial, dynamic, and static relationships. The dynamic graph encapsulates intricate spatial-temporal relationships and dependencies, posing a challenge in directly conducting interventions on the confounder. This makes decoupling the trivial, dynamic, and static relationships very difficult. The second challenge is the way to construct the SCM to fit the task of discovering spatial-temporal interpretability due to the lack of existing models for dynamic graphs. As pioneers in the realm of dynamic graph interpretability, we encounter the challenge of lacking a causal model that can offer interpretive insights into intricate spatial-temporal relationships. **How the proposed approach addresses the challenges:** We propose two constraints to disentangle the trivial relationship, the static relationship, and the dynamic relationship, respectively. First, to disentangle the trivial relationship and the causal relationship, we propose that the causal relationship determines the downstream task results. Thus, we propose a contrastive learning module to ensure the semantic similarity between the causal relationship and the original graph while enlarging the semantic distance between the causal relationship and the trivial relationship. Second, to disentangle the static relationship and the dynamic relationship, we propose that dynamic relationships evolve over time steps but static relationships are independent across each time step. Consequently, we leverage the pre-trained target DyGNN model to guarantee the essential temporal correlation between neighboring subgraphs for the dynamic relationships and identify the rest independent causal information to the static relationships. Thank you again for your questions. It is also our goal to clean up our motivations and solutions. We aspire that through our explanations, you gain a more clear understanding of our work. ------ **Q2: Static datasets** **W2:** Since our method is the first study on dynamic graph interpretability, there are no directly available datasets suitable for the task of dynamic graph interpretability. So we dynamically transformed some commonly used static graph interpretability datasets. We add this in Section 3.1 in the revision. ------ **Q3: Baselines** **W3:** Since our method is the first study on dynamic graph interpretability, we can only utilize the baselines from static graph interpretability tasks. To achieve a relatively fair comparison, we add the time factor into baselines so as to make them suitable for dynamic graph interpretability. Dynamic graphs are much more complex than static graphs due to their spatial-temporal correlations. It is meaningless if we compare our method with baselines on static graphs. ------ **Q4: Typo in Table 2** **W4:** We are sorry that one of the data in Table 2 was filled in incorrectly. The best performance in DTree-Grid is obtained by DyGNNExplainer. We have corrected the typo in Table 2 in the revision. ------

We appreciate your overall positive assessment of our contributions and are grateful for your suggestion. We have already updated the new revision based on your suggestions. ------ **Q1: Derivation process and complexity descriptions** **A1:** In Equation 1, we merge the estimation of $P(\mathcal{Y}|do(\mathcal{C}))$ with that of $P(\mathcal{Y}|do(\mathcal{D}))$. The detailed derivation process of backdoor adjustment can be shown as: $$ P(\mathcal{Y}|do(\mathcal{D})) = \sum P(\mathcal{Y}|do(\mathcal{D}), \mathcal{S})P(\mathcal{S}|do(\mathcal{D})) \\ = \sum P(\mathcal{Y}|do(\mathcal{C}))P(\mathcal{S})\\ = \sum P(\mathcal{S})\sum P(\mathcal{Y}|do(\mathcal{C}),\mathcal{T})P(\mathcal{T}|do(\mathcal{C})\\ = \sum P(\mathcal{S})\sum P(\mathcal{Y}|\mathcal{G})P(\mathcal{T}). $$ VGAE-based encoder is the most time consuming component in our method. In the dynamic VGAE-based encoder, we generate the causal soft mask matrix $\mathbf{M}^{\mathcal{C}}$ and the dynamic soft mask matric $\mathbf{M}^{\mathcal{D}}$ with $O(d*|V|^2)$ complexity for T unique time steps, where d is the embedding size. The contrastive learning part also costs lots of time and has time complexity O(|V|*d*$T^2$). Then, the total time complexity is O($|V|^2$*d*T + |V|*d*$T^2$). Note that $T << |V|$, then we can ignore the time of contrastive learning and obtain the total time complexity as O(|V|^2*d*T). We add this in Appendix A.4 in the new version. ------ **Q2: Loss function hyperparameters** **A2:** Thank you for your valuable suggestions. In graph interpretation tasks, they usually have many constraints and require different types of loss functions to satisfy these constraints, e.g., OrphicX has 4 loss functions for the static graph interpretation. We supplement the parameter search range and optimal parameter selection of the four constraints of the loss function to help improve the reliability and reproducibility of the results. In the final optimization objects, the loss function weight parameters $\lambda_1$, $\lambda_2$, $\lambda_3$, and $\lambda_4$ are set from [0.2, 0.4, 0.6, 0.8, 1]. And the best performance is obtained where $\lambda_1=1$, $\lambda_2=0.4$, $\lambda_3=0.2$, and $\lambda_4=0.2$. We add this in Appendix A.2. Once again, I extend my gratitude for your invaluable suggestions. It remains our primary objective to deliver trustworthy interpretive results. ------ **Q3: Shortage of benchmarks and ablation study** **A3:** Thank you for your valuable questions. Although there have been some works on static graph interpretability, to the best of our knowledge, we are the first to study dynamic graph interpretability. Therefore, we have no existing dynamic graph interpretability benchmarks for comparison, and can only compare with currently competitive static interpretability methods. On the other hand, you recommend some benchmarks for graph representation and graph generalization. But it is hard to compare our method with them since the task in our model is totally different from theirs. Graph representation and graph generalization models are the target models we want to explain. For interpretable methods, the target model is model-agnostic. The interpretability task is to provide good explanations for these models. We make this more clear in Section 3.1. Given the novelty of our study on dynamic graph interpretability, there is a dearth of readily available synthetic datasets suitable for this purpose. Consequently, we've undertaken dynamic transformations of commonly used synthetic static graph interpretability datasets such as BA-Shapes. We also use two real-world dynamic graph datasets, Elliptic for node classification and MemeTracker for graph classification. The Ogbn-Arxiv dataset is a real-world data set but a static graph dataset. If we dynamically transform it, it will lose its real meaning. We make this more clear in Section 3.1. For ablation study, we provide a DyGNNExplainer version without VGAE ('w/o. VGAE'). In this version, we replace the encoder with a simple GCN layer. DyGNNExplainer outperforms the `w/o. VGAE' version. This is primarily due to the superior capabilities of VGAE in harnessing spatial graph information to generate soft masks. We provide this ablation study in Section 3.2. ------ **Q4: Related work** **A4:** Thank you for your valuable suggestions. Although our interpretability task is totally different from the graph generalization task, their method is the model we want to explain and is helpful in our work. Additionally, the spatial-temporal method and the causal method are directly related to our tasks. We add these related works in Section 4 and Appendix 4.3. ------ Thank you again for your constructive reviews. Hope that our response can address your concerns. We will feel grateful if you could boost our paper.

We appreciate your overall positive assessment of our contributions and are grateful for your suggestion. We have already updated the new revision based on your suggestions. ------ **Q1: Generative model** **W1:** Thanks for your question. Our dynamic graph interpretability task lies in providing spatial-temporal explanations (dynamic subgraph set) for dynamic graph structures. Consequently, our ultimate objective is to define a generative model, not a representational model. We make this more clear in Section 2.1. ------ **Q2: Logical derivation of Equation 1** **W2:** In Equation 1, we merge the estimation of $P(\mathcal{Y}|do(\mathcal{C}))$ with that of $P(\mathcal{Y}|do(\mathcal{D}))$. The detailed derivation process of backdoor adjustment can be shown as: \begin{equation} \begin{aligned} P(\mathcal{Y}|do(\mathcal{D})) &= \sum P(\mathcal{Y}|do(\mathcal{D}), \mathcal{S})P(\mathcal{S}|do(\mathcal{D})) \\ &= \sum P(\mathcal{Y}|do(\mathcal{C}))P(\mathcal{S})\\ &= \sum P(\mathcal{S})\sum P(\mathcal{Y}|do(\mathcal{C}),\mathcal{T})P(\mathcal{T}|do(\mathcal{C})\\ &= \sum P(\mathcal{S})\sum P(\mathcal{Y}|\mathcal{G})P(\mathcal{T}). \end{aligned}. \end{equation} We add this in Appendix A.4 in the revision. ------ **Q3: Interpretability issue of DyGNNs** **W3:** Sorry for our unclear expression, all our experiments are conducted on dynamic datasets. In essence, our case study is conducted on DBA-Shapes to provide a more vivid demonstration of DyGNNExplainer's interpretability. We visually represent both the original graph and the top six weighted edges of the generated causal subgraph across all time steps using DyGNNExplainer. Regarding temporal interpretability, the scrutiny of variable $t_p$ reveals that DyGNNExplainer adeptly pinpoints the most critical time steps that significantly influence the target node label within the original graph. In terms of spatial interpretability, DyGNNExplainer proficiently discerns the presence of the 'house' motif within the original graph's concluding time step, offering a compelling explanation for the target node label. ------ **Q4: Static datasets** **W4:** Since our method is the first study on dynamic graph interpretability, there are no directly available datasets suitable for the task of dynamic graph interpretability. So we dynamically transformed some commonly used static graph interpretability datasets. We add this in Section 3.1 in the revision. ------ **Q5: Missing important literature** **W5:** You recommend some benchmarks for graph representation and graph generalization. But it is hard to compare our method with them since the task in our model is totally different from theirs. Graph representation and graph generalization models are the target models we want to explain. For interpretable methods, the target model is model-agnostic. The interpretability task is to provide good explanations for these models. We make this more clear in Section 3.1. Additionally, our methods of decoupling dynamic and static relationships are also different from CaST. To disentangle the static relationship and the dynamic relationship, we propose the constraint that dynamic relationships evolve over time steps but static relationships are independent across each time step. Consequently, we leverage the pre-trained target DyGNN model to guarantee the essential temporal correlation between neighboring subgraphs for the dynamic relationships and identify the rest independent causal information to the static relationships. ------ **Q6: Implementation of Equation 7** **W6:** We utilize contrastive learning to ensure the semantic similarity between the causal embedding $\mathbf{e}^{\mathcal{C}}_t$ and the original embedding $\mathbf{e}_t$ while enlarging the semantic distance between the causal embedding $\mathbf{e}^{\mathcal{C}}_t$ and the trivial embedding $\mathbf{e}^{\mathcal{T}}_t$. $s(\cdot,\cdot)$ measures the similarity, we utilize the dot product here. We add the implementation in Section 2.5 in the revision. ------ **Q7: Implementation of Equation 14** **W7:** $\left\|\mathbf{A}^{\mathcal{C}}_t\right\|_1$ and $\left\|\mathbf{A}^{\mathcal{D}}_t\right\|_1$ are $l_1$ norm of the causal graph set and the dynamic causal graph set, respectively. We sum up all elements here. The $\left\|\mathbf{A}^{\mathcal{S}}_t\right\|_1$ in Equation 14 should be replaced by $\left\|\mathbf{A}^{\mathcal{D}}_t\right\|_1$ , we have corrected it in revision. ------ **Q8: Typo in Table 2 and Equation 15** **W8:** We are sorry that one of the data in Table 2 was filled in incorrectly. The best performance in DTree-Grid is obtained by DyGNNExplainer. We have corrected the typo in Table 2 in the revision. And we have corrected $\Theta$ with $\Psi$ in the last line of Section 2. ------ Thank you again for your constructive reviews. Hope that our response can address your concerns. We feel grateful for your appreciation."	"We appreciate your overall positive assessment of our contributions and are grateful for your suggestion. We have already updated the new revision based on your suggestions. ------ **Q1: Generative model** **W1:** Thanks for your question. Our dynamic graph interpretability task lies in providing spatial-temporal explanations (dynamic subgraph set) for dynamic graph structures. Consequently, our ultimate objective is to define a generative model, not a representational model. We make this more clear in Section 2.1. ------ **Q2: Logical derivation of Equation 1** **W2:** In Equation 1, we merge the estimation of $P(\mathcal{Y}|do(\mathcal{C}))$ with that of $P(\mathcal{Y}|do(\mathcal{D}))$. The detailed derivation process of backdoor adjustment can be shown as: \begin{equation} \begin{aligned} P(\mathcal{Y}|do(\mathcal{D})) &= \sum P(\mathcal{Y}|do(\mathcal{D}), \mathcal{S})P(\mathcal{S}|do(\mathcal{D})) \\ &= \sum P(\mathcal{Y}|do(\mathcal{C}))P(\mathcal{S})\\ &= \sum P(\mathcal{S})\sum P(\mathcal{Y}|do(\mathcal{C}),\mathcal{T})P(\mathcal{T}|do(\mathcal{C})\\ &= \sum P(\mathcal{S})\sum P(\mathcal{Y}|\mathcal{G})P(\mathcal{T}). \end{aligned}. \end{equation} We add this in Appendix A.4 in the revision. ------ **Q3: Interpretability issue of DyGNNs** **W3:** Sorry for our unclear expression, all our experiments are conducted on dynamic datasets. In essence, our case study is conducted on DBA-Shapes to provide a more vivid demonstration of DyGNNExplainer's interpretability. We visually represent both the original graph and the top six weighted edges of the generated causal subgraph across all time steps using DyGNNExplainer. Regarding temporal interpretability, the scrutiny of variable $t_p$ reveals that DyGNNExplainer adeptly pinpoints the most critical time steps that significantly influence the target node label within the original graph. In terms of spatial interpretability, DyGNNExplainer proficiently discerns the presence of the 'house' motif within the original graph's concluding time step, offering a compelling explanation for the target node label. ------ **Q4: Static datasets** **W4:** Since our method is the first study on dynamic graph interpretability, there are no directly available datasets suitable for the task of dynamic graph interpretability. So we dynamically transformed some commonly used static graph interpretability datasets. We add this in Section 3.1 in the revision. ------ **Q5: Missing important literature** **W5:** You recommend some benchmarks for graph representation and graph generalization. But it is hard to compare our method with them since the task in our model is totally different from theirs. Graph representation and graph generalization models are the target models we want to explain. For interpretable methods, the target model is model-agnostic. The interpretability task is to provide good explanations for these models. We make this more clear in Section 3.1. Additionally, our methods of decoupling dynamic and static relationships are also different from CaST. To disentangle the static relationship and the dynamic relationship, we propose the constraint that dynamic relationships evolve over time steps but static relationships are independent across each time step. Consequently, we leverage the pre-trained target DyGNN model to guarantee the essential temporal correlation between neighboring subgraphs for the dynamic relationships and identify the rest independent causal information to the static relationships. ------ **Q6: Implementation of Equation 7** **W6:** We utilize contrastive learning to ensure the semantic similarity between the causal embedding $\mathbf{e}^{\mathcal{C}}_t$ and the original embedding $\mathbf{e}_t$ while enlarging the semantic distance between the causal embedding $\mathbf{e}^{\mathcal{C}}_t$ and the trivial embedding $\mathbf{e}^{\mathcal{T}}_t$. $s(\cdot,\cdot)$ measures the similarity, we utilize the dot product here. We add the implementation in Section 2.5 in the revision. ------ **Q7: Implementation of Equation 14** **W7:** $\left\|\mathbf{A}^{\mathcal{C}}_t\right\|_1$ and $\left\|\mathbf{A}^{\mathcal{D}}_t\right\|_1$ are $l_1$ norm of the causal graph set and the dynamic causal graph set, respectively. We sum up all elements here. The $\left\|\mathbf{A}^{\mathcal{S}}_t\right\|_1$ in Equation 14 should be replaced by $\left\|\mathbf{A}^{\mathcal{D}}_t\right\|_1$ , we have corrected it in revision. ------ **Q8: Typo in Table 2 and Equation 15** **W8:** We are sorry that one of the data in Table 2 was filled in incorrectly. The best performance in DTree-Grid is obtained by DyGNNExplainer. We have corrected the typo in Table 2 in the revision. And we have corrected $\Theta$ with $\Psi$ in the last line of Section 2. ------ Thank you again for your constructive reviews. Hope that our response can address your concerns. We feel grateful for your appreciation.

We thank all reviewers for their insightful comments and suggestions. We are particularly encouraged by the reviewers’ feedback. We have made a heavy revision to our paper according to the reviewer's constructive suggestions. Below we summarize some key modifications in this revision: - Derivation process of backdoor adjustment in Equation 1in Appendix A.4 (Reviewer #1, Reviewer #4) - Complexity descriptions of dynamic VGAE in Appendix A.4 (Reviewer #1) - Loss function hyperparameters in Appendix A.2 (Reviewer #1, Reviewer #3) - Dataset and baseline selection in Section 3.1 (Reviewer #1, Reviewer #3, Reviewer #4) - More related works in Section 4 and Appendix 4.3 (Reviewer #1) - Clearer explanation and presentation - Ablation study in Section 3.2 (Reviewer #1) - Text in Figure 1 (Reviewer #2) - Motivations and solutions in Section 1 (Reviewer #3, Reviewer #4) - Graph interpretability task in Section 2.1 (Reviewer #4) - Implementation of Equation 7 (Reviewer #4) Moreover, we have carefully checked our paper typos and reorganized the presentation. If there still remains any consideration, please kindly let us know. We are very happy to make a further revision in light of your great suggestions. We will address comments by each of the reviewers individually.

**Q5: Hyperparameters and computational complexity in Equation 15** **W5:** Thanks for your suggestions. We supplement the parameter search range and optimal parameter selection of the four constraints of the loss function to help improve the reliability and reproducibility of the results. In the final optimization objects, the loss function weight parameters $\lambda_1$, $\lambda_2$, $\lambda_3$, and $\lambda_4$ are set from [0.2, 0.4, 0.6, 0.8, 1]. And the best performance is obtained where $\lambda_1=1$, $\lambda_2=0.4$, $\lambda_3=0.2$, and $\lambda_4=0.2$. We add this in Appendix A.2. VGAE-based encoder is the most time consuming component in our method. In the dynamic VGAE-based encoder, we generate the causal soft mask matrix $\mathbf{M}^{\mathcal{C}}$ and the dynamic soft mask matric $\mathbf{M}^{\mathcal{D}}$ with $O(d*|V|^2)$ complexity for T unique time steps, where d is the embedding size. The contrastive learning part also costs lots of time and has time complexity O($|V|$*$d$*$T^2$). Then, the total time complexity is O($|V|^2$*$d$*$T$ + $|V|$*$d$*$T^2$). Note that $T << |V|$, then we can ignore the time of contrastive learning and obtain the total time complexity as O($|V|^2$*$d$*$T$). ------ **Q6: Codebase link** **W6:** So sorry we attached the wrong code link. The wrong code link is unrelated to this paper and does not include any information about authors. We have updated the correct anonymous code link in the new version. ------ Thank you again for your constructive reviews. Hope that our response can address your concerns. We will feel grateful if you could boost our paper."			"{""disagreement"": 1.0, ""mixed_signals"": 1.0, ""response_count"": 3, ""density"": 2.0, ""primary_label"": ""partially_fixed"", ""secondary_label"": ""fixed""}"
6.200	GN921JHCRw__r02	ICLR.cc/2024/Conference	RAPTOR: Recursive Abstractive Processing for Tree-Organized Retrieval	structured	partially_fixed	tfidf	fixed	"[weaknesses] - Considering the information loss by summarization, the benefit of RAPTOR against enumerating possible concatenation of chunks is uncertain. - Even if clustering is automatically done, how to segment texts into chunks is still left as a problem. - When comparing model performances, the parameter sizes of models should be the same or similar. However, the paper compares models with totally different parameters. This is problematic from the viewpoint of fairness. - How many retrieved instances are used for baseline models needs to be described in detail. Thus, judging the fairness of the comparison in the experiment is difficult.

[questions] - How did you segment texts into chunks? If you use obvious segments in text like paragraphs, please state it clearly. - How did you generate summaries by GPT-3.5-turbo? You should show the actually used prompt. - What kind of embedding did you use for retrieving chunks and clusters? Did you use the centroids for each cluster or embedding of the summaries? Also, are these calculated by SBERT similar to the clustering step? - This is related to the above weakness part. How many retrieved instances are used for baseline models? - In the part, ""Comparison to State-of-the-art Systems"", you compared your RAPTOR with GPT-4 to LongT5 that has 3B of parameters and its variant, ColtT5. Considering that the detailed parameter size of GPT-4 is not released and the size of the baselines' parameters, this comparison is not fair. Did you adopt RAPTOR to LongT5 or ColtT5? - Similar to the previous question, in Table 5, you should have adopted RAPTOR to the model with almost the same parameter size as that of baselines. I can update my score based on your response.

[summary] In this paper, the authors propose a method called RAPTOR that retrieves chunks and summaries from tree-structured automatically created clusters based on the representation of SBERT. Since the clusters have a hierarchy, RAPTOR can consider high-level and low-level details of texts. To deal with the variable depth of the hierarchy, the cluster size is automatically decided by Gaussian Mixture with Bayesian Information Criterion (BIC) like x-means. The authors summarize each cluster by GPT-3.5-turbo from its elements, chunks, or summaries. When retrieving these chunks and summaries, the authors use two different methods. The first method, beam search, conducts a layer-wise traversal of the clusters beginning at the root nodes. The second method, collapsed tree, considers all nodes in the tree simultaneously. Experimental results show that RAPTOR improves the performance in various QA datasets."	"### Questions > **How did you segment texts into chunks? If you use obvious segments in text like paragraphs, please state it clearly.** Please see our response above on text segmentation. > **How did you generate summaries by GPT-3.5-turbo? You should show the actually used prompt.** Thanks for pointing this out! Our prompt to generate summaries by GPT-3.5-turbo is: Write a summary of the following, including as many key details as possible: {context}. We have added this information to a new section entitled “Summarization Prompt” of the Appendix. > **What kind of embedding did you use for retrieving chunks and clusters? Did you use the centroids for each cluster or embedding of the summaries? Also, are these calculated by SBERT similar to the clustering step?** We used SBERT embeddings for retrieving chunks and clusters. We used embeddings of the summaries, which were calculated by SBERT as in the clustering step. We updated the paper to make this more clear. Thanks for pointing out that this wasn’t clear in the original. > **This is related to the above weakness part. How many retrieved instances are used for baseline models?** Please see our response above on the number of retrieved instances. > **In the part, ""Comparison to State-of-the-art Systems"", you compared your RAPTOR with GPT-4 to LongT5 that has 3B of parameters and its variant, ColtT5. Considering that the detailed parameter size of GPT-4 is not released and the size of the baselines' parameters, this comparison is not fair. Did you adopt RAPTOR to LongT5 or ColtT5?** In our study, the primary objective of the controlled experiments was to evaluate the efficacy of RAPTOR as a retrieval method. To ensure a fair and consistent comparison, we used the same language models (GPT models and UnifiedQA) across different retrieval strategies. This approach allows us to directly assess the impact of the retrieval mechanism on performance. Regarding the comparison with LongT5 and ColtT5, we note that the state-of-the-art results reported for these models on the datasets in question were achieved using a non-retrieval-based approach, where the entire document is provided for question-answering. This is fundamentally different from our retrieval-augmented setup. Moreover, the model weights for ColtT5 are not publicly available, and only the base LongT5 model weights are accessible. The state-of-the-art scores for LongT5 were derived from versions of the model specifically fine-tuned for QA tasks. In our case, we employed the UnifiedQA model, a T5-based model with 3B parameters, but crucially, with a context length limit of 512 tokens, which is in line with our retrieval-focused evaluation framework. > **Similar to the previous question, in Table 5, you should have adopted RAPTOR to the model with almost the same parameter size as that of baselines.** Please see our response above in regards to model parameter counts.

> **Even if clustering is automatically done, how to segment texts into chunks is still left as a problem.** We would like to thank the reviewer for bringing this to our attention. To address this concern, we have expanded the description in our revised manuscript and provide further details below to describe how we perform text segmentation in RAPTOR. In our methodology, we segment texts into chunks of 100 tokens. We ensure that a sentence is not split across different chunks. If a sentence exceeds the 100-token limit, we move the entire sentence to the next chunk, rather than cutting it mid-sentence. This preserves the contextual and semantic coherence of the text within each chunk. Although we perform text segmentation as described above, RAPTOR can be used with any text segmentation method. We believe this flexibility is in fact a strength of the method and offers opportunities for further performance improvement via better text segmentation. > **When comparing model performances, the parameter sizes of models should be the same or similar. However, the paper compares models with totally different parameters.** We agree that it is crucial for a fair assessment to compare models under the same conditions, namely matching parameter counts. To address this concern, in our controlled experiments, we have ensured consistency and fairness by using the same language models across different retrieval methods. Specifically, when evaluating RAPTOR, DPR, and BM25, we employed identical language models - namely, the GPT models and UnifiedQA - for all retrieval methods. This approach allows us to disentangle the impact of the retrieval mechanism from the inherent capabilities of the language models themselves. By maintaining this consistency in language model selection, our experiments accurately reflect the performance differences attributable to the retrieval strategies, rather than differences in language model parameter counts. > **How many retrieved instances are used for baseline models needs to be described in detail. Thus, judging the fairness of the comparison in the experiment is difficult.** We agree that it is important to describe the number of retrieved instances for the baseline models, so we have provided these details below and in our revised manuscript. To ensure a fair comparison, we adopted a token-based approach rather than a direct top-k retrieved instances metric. In our experiments, both RAPTOR and the baseline methods (DPR and BM25) were provided with an equivalent amount of context. Specifically, when utilizing GPT-based models, we allocated 2000 tokens of context to both RAPTOR and the baselines. In the case of the UnifiedQA model, this context was limited to 400 tokens. This token-based approach is crucial for maintaining fairness. We see that the average token count in RAPTOR's summary nodes is typically higher than in the leaf nodes. Directly comparing top-k retrieved instances could inadvertently give RAPTOR an advantage by giving it access to more information. By standardizing the context length in terms of token count, we mitigate this potential bias. In practice, for the baselines, a 2000-token context corresponds approximately to the top-20 retrieved instances, while a 400-token context aligns with around the top-4 retrieved instances. We have updated the appendix of our paper to include these details so that readers can better judge the fairness of our comparisons.

### Questions > **Did you consider using a hierarchical clustering algorithm like agglomerative clustering? Why use GMM? In practice, do you assign passages/summaries to more than one cluster?** We did not experiment with hierarchical clustering algorithms, such as agglomerative clustering. These algorithms have a time complexity of O(N^2 log N), which may be prohibitively expensive. Furthermore, these algorithms assign each data point to a single cluster. Our goal in RAPTOR is to create higher-level representations of text, which means the semantics of a chunk should be able to be represented across different nodes in our tree representation. We selected GMM for RAPTOR's clustering, because the target task necessitated both automated cluster determination and the capability for nodes to belong to multiple clusters. Empirically, we saw that soft clustering occurs when the length of the input document is greater than 14,300 tokens. Across all datasets, 74.3% of the documents with an input length greater than 14,300 tokens contain some amount of soft clustering. Amongst the documents with soft clustering, 38.1% of the summary nodes contain soft clustered child nodes. We acknowledge that better clustering methods could further improve the performance of RAPTOR, and welcome future work in this area. > **Is 4 percent hallucination considered standard? What amount of hallucination have other LLM-based summarization systems experienced?** Xu et al. (2023) [1] conducted a faithfulness analysis on summaries generated by GPT 3.5, the same model we employed for our summarization tasks, checking if the summary is entailed by the retrieved documents. They found that the non-faithfulness (i.e. hallucination) rates in summaries ranged from 3% to 26% across different datasets. Our observed hallucination rate of 4% falls on the lower end of this spectrum. [1] [Xu et al., 2023. RECOMP: Improving Retrieval-Augmented LMs with Compression and Selective Augmentation](https://arxiv.org/pdf/2310.04408.pdf) > **Is the example for hallucination in the appendix the full length? I am surprised to see the summary and child node are almost the same size.** The example for hallucination in the appendix is not full length. We truncated both the child and parent node to illustrate the types of hallucinations that can occur. To satisfy your curiosity, we provide an analysis on the lengths of the summary and child nodes below. The average ratio of the summary length to the sum of child node lengths across all datasets is 0.28 (i.e. a 72% compression rate). Since the parent node summarizes multiple nodes, it is possible, though unlikely, for the summary node and a single child node to be the same length. Across all datasets, the average summary length is 131 tokens while the average child node length is 86 tokens. We provide statistics on all three datasets below: | Dataset | Avg. Summary Length (tokens) | Avg. Child Node Text Length (tokens) | Avg. # of Child Nodes Per Parent | Avg. Compression Ratio (Summary to Cluster Text Tokens) (%) | |----------------|------------------------------|--------------------------------------|----------------------------------|------------------------------------------------------------| | All Datasets | 131 | 85.6 | 6.7 | .28 | | Quality | 124.4 | 87.9 | 5.7 | .28 | | NarrativeQA | 129.7 | 85.5 | 6.8 | .27 | | Qasper | 145.9 | 86.2 | 5.7 | .35 | We have added these statistics to the appendix of the paper. > **Is the cumulative cosine score used to select the next top-k nodes in beam search approach? If not, then perhaps it makes sense to rename this---the approach does not seem very beam search like. When using beam search, will there always be k * d nodes kept? Or is it only d nodes, where you choose the sequence of nodes with the highest cumulative score?** Thank you for pointing this out! We have renamed the beam search approach to “tree traversal” to better reflect the nature of this method. Beam search (now renamed tree traversal) retrieves text from k * d nodes. In practice, for the majority of our experiments (and unless otherwise noted), we use the collapsed tree method. We have updated the description of tree traversal in the paper for clarity. > **Why did you need to create your own story? Can you share more details about how the 2600 word story is created?** We created our own story to ensure that we were testing the models on data on which they had not been trained. We have added an excerpt in the appendix, as well as a link to the full story."	"> **Can you provide more details about the difference between collapsed and beam in Figure 3? Does collapsed tend to choose more summaries than beam? Why is top-3 not centered over the 1000 x-ticker? How should we interpret the context length x-axis wrt beam?** Figure 3 presents a comparison between two querying methods—collapsed tree and beam search—across a range of context lengths on the QASPER dataset. The top-k value tickers correspond to the average number of tokens within the respective top-k groups. The top-3 label is not perfectly centered over the 1000 mark on the x-axis, because the average context length for the top-3 category doesn't align exactly with 1000 tokens. The beam search method (now renamed tree traversal) will always use a consistent ratio of information from the leaf nodes, specifically 1 / {total number of layers} in the tree. On the other hand, as shown in the table below, the collapsed tree approach offers greater flexibility in the ratio of information from the summary nodes to the leaf nodes. Furthermore, for NarrativeQA, which includes more thematic questions, around 47% of nodes are summary nodes, whereas in QASPER, which consists of more extractive questions than abstractive questions, collapsed tree retrieves 81% leaf nodes and only 19% summary nodes. #### % of nodes from different layer with SBERT as the retriever | Layer | NarrativeQA | Quality | Qasper | |-------|-------------|---------|--------| | 0 | 63.22 | 75.59 | 81.51 | | 1 | 31.51 | 22.78 | 17.84 | | 2 | 4.85 | 1.63 | 0.65 | | 3 | 0.42 | - | - | We have added this new analysis to the appendix of the revised paper. > **When referencing the appendix, perhaps specify where in the appendix (i.e. which appendix section).** Thank you for this suggestion! We have updated the paper accordingly. > **It is deceptive and not clear to describe RAPTOR as scaling linearly. The actual complexity is closer to O(n * k) where N is the number of tokens and k is the number of layers.** Thank you for your insights regarding the O(n * k) complexity of the RAPTOR algorithm. We acknowledge your point and wish to present an empirical observation. Across all trees the average number of nodes in a parent layer is 18.2% of the number of nodes in the child layer. Similarly, across all datasets, the average token count of the parent layer is 26.1% of the token count of all nodes in the child layer. This shows that in each layer of RAPTOR, the number of tokens processed decreases by more than half. This reduction significantly impacts the overall complexity. The total computational work across all layers can be described as a geometric series: - $$ N + \frac{N}{2} + \frac{N}{4} + \frac{N}{8} + ... $$ Summing up this series, the total computational effort is found to be 2N, which simplifies to a linear O(N) complexity. Thus, RAPTOR’s complexity scales linearly with the number of tokens (and independently of the number of layers), so long as the “compression” factor between layers is at least 50%, which empirically holds across all of our experiments. > **Can make it more clear whether using dev or test data. Also, if using dev data to claim state-of-the-art, then perhaps provide some clarification why test is not being used.** All of RAPTOR’s state-of-the-art results are reported on the test data. For QuALITY, we make our SOTA claims based on the QuALITY leaderboard, where we had submitted our results on the hidden test set: https://nyu-mll.github.io/quality/. For controlled experiments against baselines, both RAPTOR and baselines results are reported on the dev dataset only for QuALITY, since the test set answers are hidden. > **Related Work** Thank you so much for pointing us to relevant literature! We have updated our paper to include these references.

### Questions > **How did you segment texts into chunks? If you use obvious segments in text like paragraphs, please state it clearly.** Please see our response above on text segmentation. > **How did you generate summaries by GPT-3.5-turbo? You should show the actually used prompt.** Thanks for pointing this out! Our prompt to generate summaries by GPT-3.5-turbo is: Write a summary of the following, including as many key details as possible: {context}. We have added this information to a new section entitled “Summarization Prompt” of the Appendix. > **What kind of embedding did you use for retrieving chunks and clusters? Did you use the centroids for each cluster or embedding of the summaries? Also, are these calculated by SBERT similar to the clustering step?** We used SBERT embeddings for retrieving chunks and clusters. We used embeddings of the summaries, which were calculated by SBERT as in the clustering step. We updated the paper to make this more clear. Thanks for pointing out that this wasn’t clear in the original. > **This is related to the above weakness part. How many retrieved instances are used for baseline models?** Please see our response above on the number of retrieved instances. > **In the part, ""Comparison to State-of-the-art Systems"", you compared your RAPTOR with GPT-4 to LongT5 that has 3B of parameters and its variant, ColtT5. Considering that the detailed parameter size of GPT-4 is not released and the size of the baselines' parameters, this comparison is not fair. Did you adopt RAPTOR to LongT5 or ColtT5?** In our study, the primary objective of the controlled experiments was to evaluate the efficacy of RAPTOR as a retrieval method. To ensure a fair and consistent comparison, we used the same language models (GPT models and UnifiedQA) across different retrieval strategies. This approach allows us to directly assess the impact of the retrieval mechanism on performance. Regarding the comparison with LongT5 and ColtT5, we note that the state-of-the-art results reported for these models on the datasets in question were achieved using a non-retrieval-based approach, where the entire document is provided for question-answering. This is fundamentally different from our retrieval-augmented setup. Moreover, the model weights for ColtT5 are not publicly available, and only the base LongT5 model weights are accessible. The state-of-the-art scores for LongT5 were derived from versions of the model specifically fine-tuned for QA tasks. In our case, we employed the UnifiedQA model, a T5-based model with 3B parameters, but crucially, with a context length limit of 512 tokens, which is in line with our retrieval-focused evaluation framework. > **Similar to the previous question, in Table 5, you should have adopted RAPTOR to the model with almost the same parameter size as that of baselines.** Please see our response above in regards to model parameter counts.

Weakness 2: > **The baselines in table 1 and 2 are not well justified. It seems like BM25 and DPR do not use the tree structure, also, SBERT can be applied without tree structure.** We thank the reviewer for the suggestion of testing each retriever with and without RAPTOR to form a clearer set of baselines. We ran this experiment using SBERT, BM25, and DPR with and without the RAPTOR tree structure on all three datasets: QASPER, NarrativeQA and QuALITY with the UnifiedQA model and add these results to the paper under “Further Experimental Results” (and show below). RAPTOR with any retriever consistently outperforms the respective retriever (without RAPTOR) across all datasets. #### Table 1: QuALITY | Model | Accuracy | |---------------------------|----------| | **SBERT with RAPTOR** | **56.6%** | | SBERT without RAPTOR | 54.9% | | **BM25 with RAPTOR** | **52.1%** | | BM25 without RAPTOR | 49.9% | | **DPR with RAPTOR** | **54.7%** | | DPR without RAPTOR | 53.1% | #### Table 2: NarrativeQA | Model | ROUGE | BLEU-1 | BLEU-4 | METEOR | |----------------------------------|--------|--------|--------|--------| | **SBERT with RAPTOR** | **30.87%** | **23.50%** | **6.42%** | **19.20%** | | SBERT without RAPTOR | 29.26% | 22.56% | 5.95% | 18.15% | | **BM25 with RAPTOR** | **27.93%** | **21.17%** | **5.70%** | **17.03%** | | BM25 without RAPTOR | 23.52% | 17.73% | 4.65% | 13.98% | | **DPR with RAPTOR** | **30.94%** | **23.51%** | **6.45%** | **19.05%** | | DPR without RAPTOR | 29.56% | 22.84% | 6.12% | 18.44% | #### Table 3: Qasper | Model | Answer F1 | |------------------------------|-----------| | **SBERT with RAPTOR** | **36.70%** | | SBERT without RAPTOR | 36.23% | | **BM25 with RAPTOR** | **27.00%** | | BM25 without RAPTOR | 26.47% | | **DPR with RAPTOR** | **32.23%** | | DPR without RAPTOR | 31.70% | Note that we run the above DPR experiments with dpr-multiset-base as opposed to dpr-single-nq-base, because dpr-multiset-base performs better than dpr-single-nq-base in the original DPR paper. Weakness 3: > **The paper is hard to read at times. Details about beam search are confusing (e.g. do we return all the visited docs, or a single sequence of them?)** Thank you for sharing this feedback. We agree that the details of beam search were unclear, so we renamed the method to reduce confusion (now called “tree traversal”), updated Figure 2, and improved the description in the paper and in the caption of Figure 2, both of which are included below for reference: Querying Section: “Tree traversal first selects the top-k most relevant root nodes based on their cosine similarity to the query embedding. The children of these selected nodes are considered at the next layer and the top-k nodes are selected from this pool, again based on their cosine similarity to the query vector. This process is repeated until the leaf nodes are reached. Finally, the text from all selected nodes is concatenated to form the retrieved context.” Caption of Figure 2: “Tree traversal starts at the root level of the tree and retrieves the top-k (here, top-1) node(s) based on cosine similarity to the query vector. At each level, it retrieves the top-k node(s) from the child nodes of the previous layer’s top-k. Collapsed tree collapses the tree into a single layer and retrieves nodes until a threshold number of tokens is reached, based on cosine similarity to the query vector. The nodes on which cosine similarity search is performed are highlighted in both illustrations.” Weakness 4: > **There are multiple claims of state of the art that are not accurate. In zeroscrolls, flan-ul2 is reported to get 56.9F1 on Qasper. GPT-4 gets 89.2 on Quality in the same paper.** In our paper, we evaluate each method on the full test set for QuALITY, QASPER, and NarrativeQA; in contrast, the zeroscrolls paper evaluates on only a subset of 500 examples for each dataset, meaning that their results are not directly comparable. Further, our SOTA claims for QuALITY are based on the QuALITY leaderboard, where we submitted our results on the hidden test set: https://nyu-mll.github.io/quality/."			"{""disagreement"": 1.0, ""mixed_signals"": 1.0, ""response_count"": 3, ""density"": 2.0, ""primary_label"": ""partially_fixed"", ""secondary_label"": ""fixed""}"
6.200	GN921JHCRw__r04	ICLR.cc/2024/Conference	RAPTOR: Recursive Abstractive Processing for Tree-Organized Retrieval	structured	partially_fixed	tfidf	fixed	"[weaknesses] It would be good to see the performance using open-domain pre-trained models (e.g. LLAMA or other ones), to ensure a more reproducible research. There is no experiment on the impact of the clustering algorithm (what is the difference when not using UMAP? when using more or less neighbors?).

[questions] - Please give examples of generated summaries. - It would be great to have some insight on the impact of the clustering algorithm, and how the performance degrades with summary quality

[summary] In the context of reML, this paper proposes to extend the support documents by generating summaries at different level of granularity (full document to the original text). Summaries are based on a clustered set of chunks of text within a UMAP representation space (which is the novelty in this paper), and the process is recursive. This new set of passages is used as a new dataset, with two strategies for searching: either considering each passage independently, or using a hierarchy to bias the search. The latter strategy is working much worse, and hence the authors focus on the first. The model perform experiments with this strategy, using GPT-3.5/4 to generate the final answer, and comparing to other summarization-based approaches on NarrativeQA, Qasper and QuALITY - and improve the results on the three datasets (especially QuALITY)."	"Thank you for your insightful review and for the new experiments you suggested! Please see our detailed response below. > **It would be good to see the performance using open-domain pre-trained models (e.g. LLAMA or other ones), to ensure a more reproducible research.** We appreciate the reviewer's suggestion to use open-domain pre-trained models to enhance the reproducibility of our research. Note that our existing results use the UnifiedQA model, which is an open-source model. Furthermore, as per the reviewer’s suggestion, we conducted additional experiments using the instruction-tuned Llama2-7B-chat model. We include the results below: | Model | Answer F1 | |----------------------|------------| | **SBERT with RAPTOR**| **31.0%** | | SBERT without RAPTOR | 25.5% | These results show that RAPTOR significantly improves performance when using open-domain pre-trained models. To further enable reproducibility, we also release all of our code as supplementary materials. > **There is no experiment on the impact of the clustering algorithm (what is the difference when not using UMAP? when using more or less neighbors?).** We thank the reviewer for their insightful comments regarding the need for an in-depth analysis of the clustering algorithm used in our RAPTOR model. In our current manuscript, we have focused on demonstrating the overall efficacy of RAPTOR and its performance relative to existing retrieval methods. We agree that a detailed examination of the clustering algorithm, including the use of UMAP and the choice of the number of neighbors, will lead to a deeper understanding of RAPTOR's performance. We also believe that better and more optimized clustering methods could further improve the performance of RAPTOR, and would welcome future work in this area. To examine the impact of the clustering algorithm, we conducted a new ablation study comparing the clustering mechanism in RAPTOR against a baseline in which we construct the RAPTOR tree using contiguous chunks of text. We evaluate the QuALITY dataset, and the results are as follows: | Configuration | Accuracy | |--------------------------------------|------------| | **RAPTOR + SBERT embeddings + UnifiedQA** | **56.6%** | | Recency-based tree + SBERT embeddings + UnifiedQA | 55.8% | As shown above, the clustering mechanism in RAPTOR provides an improvement in accuracy over the recency-based tree approach. This supports the hypothesis that clustering enables more effective capture of homogeneous content for summarization and enhances performance. We have updated the paper with the results of this new experiment. Thank you for this suggestion, which we believe strengthens the work. ### Questions > **Please give examples of generated summaries.** To address the reviewer’s request and provide greater transparency, we will release all RAPTOR tree structures (which contain all summaries) as binaries. We hope that this also enables further analysis by external researchers. > **It would be great to have some insight on the impact of the clustering algorithm, and how the performance degrades with summary quality.** We thank the reviewer for their valuable suggestion to explore the impact of the clustering algorithm (and we have described new experiments above), as well as the effect of summary quality on performance. Note that, in our initial setup, the tree summaries were crafted using the GPT-3.5 Turbo model. In response to the reviewer’s suggestion for further insights, we have conducted a new experiment to assess how performance varies as a function of summary quality. For this purpose, we produced tree summaries using the Llama2-7B-chat model for a subset of 50 passages from the QASPER dataset. The results of this experiment (shown below) are somewhat surprising: while we anticipated a potential performance degradation when shifting from GPT-3.5 to Llama2-7B-chat, the performance impact was in fact negligible. This suggests that even with summaries of lower quality, RAPTOR remains largely unaffected. Here are the results: Both experiments used the Llama2-7B-chat model for question-answering | Configuration | Answer F1 | |--------------------------------------|------------| | RAPTOR + GPT-3.5 Turbo Tree Summaries | 31.0 | | RAPTOR + Llama2-7B-chat Tree Summaries| 28.8 | The result above suggests that RAPTOR can potentially be applied using far fewer computational resources without compromising performance, and we have added these results to the revised paper. Thank you for suggesting that we explore this aspect of our method!

### Questions > **Did you consider using a hierarchical clustering algorithm like agglomerative clustering? Why use GMM? In practice, do you assign passages/summaries to more than one cluster?** We did not experiment with hierarchical clustering algorithms, such as agglomerative clustering. These algorithms have a time complexity of O(N^2 log N), which may be prohibitively expensive. Furthermore, these algorithms assign each data point to a single cluster. Our goal in RAPTOR is to create higher-level representations of text, which means the semantics of a chunk should be able to be represented across different nodes in our tree representation. We selected GMM for RAPTOR's clustering, because the target task necessitated both automated cluster determination and the capability for nodes to belong to multiple clusters. Empirically, we saw that soft clustering occurs when the length of the input document is greater than 14,300 tokens. Across all datasets, 74.3% of the documents with an input length greater than 14,300 tokens contain some amount of soft clustering. Amongst the documents with soft clustering, 38.1% of the summary nodes contain soft clustered child nodes. We acknowledge that better clustering methods could further improve the performance of RAPTOR, and welcome future work in this area. > **Is 4 percent hallucination considered standard? What amount of hallucination have other LLM-based summarization systems experienced?** Xu et al. (2023) [1] conducted a faithfulness analysis on summaries generated by GPT 3.5, the same model we employed for our summarization tasks, checking if the summary is entailed by the retrieved documents. They found that the non-faithfulness (i.e. hallucination) rates in summaries ranged from 3% to 26% across different datasets. Our observed hallucination rate of 4% falls on the lower end of this spectrum. [1] [Xu et al., 2023. RECOMP: Improving Retrieval-Augmented LMs with Compression and Selective Augmentation](https://arxiv.org/pdf/2310.04408.pdf) > **Is the example for hallucination in the appendix the full length? I am surprised to see the summary and child node are almost the same size.** The example for hallucination in the appendix is not full length. We truncated both the child and parent node to illustrate the types of hallucinations that can occur. To satisfy your curiosity, we provide an analysis on the lengths of the summary and child nodes below. The average ratio of the summary length to the sum of child node lengths across all datasets is 0.28 (i.e. a 72% compression rate). Since the parent node summarizes multiple nodes, it is possible, though unlikely, for the summary node and a single child node to be the same length. Across all datasets, the average summary length is 131 tokens while the average child node length is 86 tokens. We provide statistics on all three datasets below: | Dataset | Avg. Summary Length (tokens) | Avg. Child Node Text Length (tokens) | Avg. # of Child Nodes Per Parent | Avg. Compression Ratio (Summary to Cluster Text Tokens) (%) | |----------------|------------------------------|--------------------------------------|----------------------------------|------------------------------------------------------------| | All Datasets | 131 | 85.6 | 6.7 | .28 | | Quality | 124.4 | 87.9 | 5.7 | .28 | | NarrativeQA | 129.7 | 85.5 | 6.8 | .27 | | Qasper | 145.9 | 86.2 | 5.7 | .35 | We have added these statistics to the appendix of the paper. > **Is the cumulative cosine score used to select the next top-k nodes in beam search approach? If not, then perhaps it makes sense to rename this---the approach does not seem very beam search like. When using beam search, will there always be k * d nodes kept? Or is it only d nodes, where you choose the sequence of nodes with the highest cumulative score?** Thank you for pointing this out! We have renamed the beam search approach to “tree traversal” to better reflect the nature of this method. Beam search (now renamed tree traversal) retrieves text from k * d nodes. In practice, for the majority of our experiments (and unless otherwise noted), we use the collapsed tree method. We have updated the description of tree traversal in the paper for clarity. > **Why did you need to create your own story? Can you share more details about how the 2600 word story is created?** We created our own story to ensure that we were testing the models on data on which they had not been trained. We have added an excerpt in the appendix, as well as a link to the full story.

### Questions > **How did you segment texts into chunks? If you use obvious segments in text like paragraphs, please state it clearly.** Please see our response above on text segmentation. > **How did you generate summaries by GPT-3.5-turbo? You should show the actually used prompt.** Thanks for pointing this out! Our prompt to generate summaries by GPT-3.5-turbo is: Write a summary of the following, including as many key details as possible: {context}. We have added this information to a new section entitled “Summarization Prompt” of the Appendix. > **What kind of embedding did you use for retrieving chunks and clusters? Did you use the centroids for each cluster or embedding of the summaries? Also, are these calculated by SBERT similar to the clustering step?** We used SBERT embeddings for retrieving chunks and clusters. We used embeddings of the summaries, which were calculated by SBERT as in the clustering step. We updated the paper to make this more clear. Thanks for pointing out that this wasn’t clear in the original. > **This is related to the above weakness part. How many retrieved instances are used for baseline models?** Please see our response above on the number of retrieved instances. > **In the part, ""Comparison to State-of-the-art Systems"", you compared your RAPTOR with GPT-4 to LongT5 that has 3B of parameters and its variant, ColtT5. Considering that the detailed parameter size of GPT-4 is not released and the size of the baselines' parameters, this comparison is not fair. Did you adopt RAPTOR to LongT5 or ColtT5?** In our study, the primary objective of the controlled experiments was to evaluate the efficacy of RAPTOR as a retrieval method. To ensure a fair and consistent comparison, we used the same language models (GPT models and UnifiedQA) across different retrieval strategies. This approach allows us to directly assess the impact of the retrieval mechanism on performance. Regarding the comparison with LongT5 and ColtT5, we note that the state-of-the-art results reported for these models on the datasets in question were achieved using a non-retrieval-based approach, where the entire document is provided for question-answering. This is fundamentally different from our retrieval-augmented setup. Moreover, the model weights for ColtT5 are not publicly available, and only the base LongT5 model weights are accessible. The state-of-the-art scores for LongT5 were derived from versions of the model specifically fine-tuned for QA tasks. In our case, we employed the UnifiedQA model, a T5-based model with 3B parameters, but crucially, with a context length limit of 512 tokens, which is in line with our retrieval-focused evaluation framework. > **Similar to the previous question, in Table 5, you should have adopted RAPTOR to the model with almost the same parameter size as that of baselines.** Please see our response above in regards to model parameter counts."	"> **Can you provide more details about the difference between collapsed and beam in Figure 3? Does collapsed tend to choose more summaries than beam? Why is top-3 not centered over the 1000 x-ticker? How should we interpret the context length x-axis wrt beam?** Figure 3 presents a comparison between two querying methods—collapsed tree and beam search—across a range of context lengths on the QASPER dataset. The top-k value tickers correspond to the average number of tokens within the respective top-k groups. The top-3 label is not perfectly centered over the 1000 mark on the x-axis, because the average context length for the top-3 category doesn't align exactly with 1000 tokens. The beam search method (now renamed tree traversal) will always use a consistent ratio of information from the leaf nodes, specifically 1 / {total number of layers} in the tree. On the other hand, as shown in the table below, the collapsed tree approach offers greater flexibility in the ratio of information from the summary nodes to the leaf nodes. Furthermore, for NarrativeQA, which includes more thematic questions, around 47% of nodes are summary nodes, whereas in QASPER, which consists of more extractive questions than abstractive questions, collapsed tree retrieves 81% leaf nodes and only 19% summary nodes. #### % of nodes from different layer with SBERT as the retriever | Layer | NarrativeQA | Quality | Qasper | |-------|-------------|---------|--------| | 0 | 63.22 | 75.59 | 81.51 | | 1 | 31.51 | 22.78 | 17.84 | | 2 | 4.85 | 1.63 | 0.65 | | 3 | 0.42 | - | - | We have added this new analysis to the appendix of the revised paper. > **When referencing the appendix, perhaps specify where in the appendix (i.e. which appendix section).** Thank you for this suggestion! We have updated the paper accordingly. > **It is deceptive and not clear to describe RAPTOR as scaling linearly. The actual complexity is closer to O(n * k) where N is the number of tokens and k is the number of layers.** Thank you for your insights regarding the O(n * k) complexity of the RAPTOR algorithm. We acknowledge your point and wish to present an empirical observation. Across all trees the average number of nodes in a parent layer is 18.2% of the number of nodes in the child layer. Similarly, across all datasets, the average token count of the parent layer is 26.1% of the token count of all nodes in the child layer. This shows that in each layer of RAPTOR, the number of tokens processed decreases by more than half. This reduction significantly impacts the overall complexity. The total computational work across all layers can be described as a geometric series: - $$ N + \frac{N}{2} + \frac{N}{4} + \frac{N}{8} + ... $$ Summing up this series, the total computational effort is found to be 2N, which simplifies to a linear O(N) complexity. Thus, RAPTOR’s complexity scales linearly with the number of tokens (and independently of the number of layers), so long as the “compression” factor between layers is at least 50%, which empirically holds across all of our experiments. > **Can make it more clear whether using dev or test data. Also, if using dev data to claim state-of-the-art, then perhaps provide some clarification why test is not being used.** All of RAPTOR’s state-of-the-art results are reported on the test data. For QuALITY, we make our SOTA claims based on the QuALITY leaderboard, where we had submitted our results on the hidden test set: https://nyu-mll.github.io/quality/. For controlled experiments against baselines, both RAPTOR and baselines results are reported on the dev dataset only for QuALITY, since the test set answers are hidden. > **Related Work** Thank you so much for pointing us to relevant literature! We have updated our paper to include these references.

### Questions > **How did you segment texts into chunks? If you use obvious segments in text like paragraphs, please state it clearly.** Please see our response above on text segmentation. > **How did you generate summaries by GPT-3.5-turbo? You should show the actually used prompt.** Thanks for pointing this out! Our prompt to generate summaries by GPT-3.5-turbo is: Write a summary of the following, including as many key details as possible: {context}. We have added this information to a new section entitled “Summarization Prompt” of the Appendix. > **What kind of embedding did you use for retrieving chunks and clusters? Did you use the centroids for each cluster or embedding of the summaries? Also, are these calculated by SBERT similar to the clustering step?** We used SBERT embeddings for retrieving chunks and clusters. We used embeddings of the summaries, which were calculated by SBERT as in the clustering step. We updated the paper to make this more clear. Thanks for pointing out that this wasn’t clear in the original. > **This is related to the above weakness part. How many retrieved instances are used for baseline models?** Please see our response above on the number of retrieved instances. > **In the part, ""Comparison to State-of-the-art Systems"", you compared your RAPTOR with GPT-4 to LongT5 that has 3B of parameters and its variant, ColtT5. Considering that the detailed parameter size of GPT-4 is not released and the size of the baselines' parameters, this comparison is not fair. Did you adopt RAPTOR to LongT5 or ColtT5?** In our study, the primary objective of the controlled experiments was to evaluate the efficacy of RAPTOR as a retrieval method. To ensure a fair and consistent comparison, we used the same language models (GPT models and UnifiedQA) across different retrieval strategies. This approach allows us to directly assess the impact of the retrieval mechanism on performance. Regarding the comparison with LongT5 and ColtT5, we note that the state-of-the-art results reported for these models on the datasets in question were achieved using a non-retrieval-based approach, where the entire document is provided for question-answering. This is fundamentally different from our retrieval-augmented setup. Moreover, the model weights for ColtT5 are not publicly available, and only the base LongT5 model weights are accessible. The state-of-the-art scores for LongT5 were derived from versions of the model specifically fine-tuned for QA tasks. In our case, we employed the UnifiedQA model, a T5-based model with 3B parameters, but crucially, with a context length limit of 512 tokens, which is in line with our retrieval-focused evaluation framework. > **Similar to the previous question, in Table 5, you should have adopted RAPTOR to the model with almost the same parameter size as that of baselines.** Please see our response above in regards to model parameter counts.

Weakness 2: > **The baselines in table 1 and 2 are not well justified. It seems like BM25 and DPR do not use the tree structure, also, SBERT can be applied without tree structure.** We thank the reviewer for the suggestion of testing each retriever with and without RAPTOR to form a clearer set of baselines. We ran this experiment using SBERT, BM25, and DPR with and without the RAPTOR tree structure on all three datasets: QASPER, NarrativeQA and QuALITY with the UnifiedQA model and add these results to the paper under “Further Experimental Results” (and show below). RAPTOR with any retriever consistently outperforms the respective retriever (without RAPTOR) across all datasets. #### Table 1: QuALITY | Model | Accuracy | |---------------------------|----------| | **SBERT with RAPTOR** | **56.6%** | | SBERT without RAPTOR | 54.9% | | **BM25 with RAPTOR** | **52.1%** | | BM25 without RAPTOR | 49.9% | | **DPR with RAPTOR** | **54.7%** | | DPR without RAPTOR | 53.1% | #### Table 2: NarrativeQA | Model | ROUGE | BLEU-1 | BLEU-4 | METEOR | |----------------------------------|--------|--------|--------|--------| | **SBERT with RAPTOR** | **30.87%** | **23.50%** | **6.42%** | **19.20%** | | SBERT without RAPTOR | 29.26% | 22.56% | 5.95% | 18.15% | | **BM25 with RAPTOR** | **27.93%** | **21.17%** | **5.70%** | **17.03%** | | BM25 without RAPTOR | 23.52% | 17.73% | 4.65% | 13.98% | | **DPR with RAPTOR** | **30.94%** | **23.51%** | **6.45%** | **19.05%** | | DPR without RAPTOR | 29.56% | 22.84% | 6.12% | 18.44% | #### Table 3: Qasper | Model | Answer F1 | |------------------------------|-----------| | **SBERT with RAPTOR** | **36.70%** | | SBERT without RAPTOR | 36.23% | | **BM25 with RAPTOR** | **27.00%** | | BM25 without RAPTOR | 26.47% | | **DPR with RAPTOR** | **32.23%** | | DPR without RAPTOR | 31.70% | Note that we run the above DPR experiments with dpr-multiset-base as opposed to dpr-single-nq-base, because dpr-multiset-base performs better than dpr-single-nq-base in the original DPR paper. Weakness 3: > **The paper is hard to read at times. Details about beam search are confusing (e.g. do we return all the visited docs, or a single sequence of them?)** Thank you for sharing this feedback. We agree that the details of beam search were unclear, so we renamed the method to reduce confusion (now called “tree traversal”), updated Figure 2, and improved the description in the paper and in the caption of Figure 2, both of which are included below for reference: Querying Section: “Tree traversal first selects the top-k most relevant root nodes based on their cosine similarity to the query embedding. The children of these selected nodes are considered at the next layer and the top-k nodes are selected from this pool, again based on their cosine similarity to the query vector. This process is repeated until the leaf nodes are reached. Finally, the text from all selected nodes is concatenated to form the retrieved context.” Caption of Figure 2: “Tree traversal starts at the root level of the tree and retrieves the top-k (here, top-1) node(s) based on cosine similarity to the query vector. At each level, it retrieves the top-k node(s) from the child nodes of the previous layer’s top-k. Collapsed tree collapses the tree into a single layer and retrieves nodes until a threshold number of tokens is reached, based on cosine similarity to the query vector. The nodes on which cosine similarity search is performed are highlighted in both illustrations.” Weakness 4: > **There are multiple claims of state of the art that are not accurate. In zeroscrolls, flan-ul2 is reported to get 56.9F1 on Qasper. GPT-4 gets 89.2 on Quality in the same paper.** In our paper, we evaluate each method on the full test set for QuALITY, QASPER, and NarrativeQA; in contrast, the zeroscrolls paper evaluates on only a subset of 500 examples for each dataset, meaning that their results are not directly comparable. Further, our SOTA claims for QuALITY are based on the QuALITY leaderboard, where we submitted our results on the hidden test set: https://nyu-mll.github.io/quality/."			"{""disagreement"": 1.0, ""mixed_signals"": 1.0, ""response_count"": 3, ""density"": 2.0, ""primary_label"": ""partially_fixed"", ""secondary_label"": ""fixed""}"
6.102	lK2V2E2MNv__r01	ICLR.cc/2024/Conference	Bridging Vision and Language Spaces with Assignment Prediction	structured	partially_fixed	tfidf	fixed	"[weaknesses] * The motivation for restricting the learned parameter space to just linear layers is unclear -- it would have been more interesting to see more analysis around different learned parameter space including non-linear layers.

[questions] -- Can the authors show ablation studies for the L_map and L_cap objectives to develop better understanding of each component?

[summary] The paper aims to align the LLMs (encoder/decoder or just decoder) with image encoders such that the LLMs can comprehend visual input better. It further restricts the design space to freeze the original LLM and visual encoder, just relying on a cheap learned linear transformation. To adapt such a transformation, the paper presents two learning objectives -- assignment prediction and image captioning. Empirical results are presented on 3 different tasks -- image captioning, VQA and cross-modal retrieval (I2T, T2I)."	"Thank you for your constructive review and valuable suggestions! Below, we provide a detailed response to your questions and comments. If any of our responses fail to sufficiently address your concerns, please inform us, and we will promptly follow up. **[W1] Ablation for assignment prediction** We present the ablation results corresponding to the balancing parameters in equation (7) in the general response. Please refer to that section for more details. The result without the assignment prediction objective corresponds to $\lambda\_\text{map}:\lambda\_\text{cap}=0:1$. To briefly sum up, the assignment prediction objective combined with $\mathcal{L}\_\text{cap}$ improves the performance. **[W2] VLAP with other cross-modal alignment** Thanks for the constructive suggestion. We present the results with the additional objectives, including the image-text matching (ITM) and image-text contrastive (ITC) objectives, in the general response. Briefly, those two objectives show less performance improvement than our proposed assignment prediction. **[W3] Scale of the pretraining dataset** Thank you for your valuable suggestion. As previous works for pretraining VLMs have proven, a larger pretraining dataset should bring better results on zero-shot vision-language tasks. To verify the impact of the scale of the training dataset on zero-shot performance, we will train VLAP with a large-scale dataset (e.g. CC12M) and will include results in the revised paper. However, we would like to emphasize that our method mainly focuses on presenting an efficient methodology (i.e., linear transformation, using pretrained encoders, small-scale training) to make VLMs. **[W4] VLAP with other backbone** | Method | Vis. Encoder | Lang. Model | NoCaps-In | NoCaps-Out | NoCaps-Near | NoCaps-All | NoCaps-CLIP-S | NoCaps-Ref-S | MSCOCO-CIDEr-D | MSCOCO-CLIP-S | MSCOCO-Ref-S | |--------|---------------|-------------|-----------|------------|-------------|------------|---------------|--------------|----------------|---------------|--------------| | MAGMA | CLIP RN50x16 | GPT-J | 30.4 | 43.4 | 36.7 | 38.7 | 74.3 | 78.7 | 47.5 | 75.3 | 79.6 | | LiMBeR | CLIP RN50x16 | GPT-J | 34.3 | 48.4 | 41.6 | 43.9 | 74.7 | 79.4 | 54.9 | 76.2 | 80.4 | | VLAP | CLIP ViT-B/32 | OPT | 48.2 | 62.7 | 59.3 | 61.3 | 84.8 | 88.5 | 69.9 | 86.7 | 91.8 | | VLAP | CLIP ViT-B/32 | T5 | 48.3 | 62.7 | 59.6 | 61.6 | 85.1 | 88.7 | 69.4 | 87.6 | 92.0 | | VLAP | CLIP RN50x16 | GPT-J | 53.8 | 67.5 | 65.7 | 64.5 | 88.3 | 90.1 | 75.3 | 90.6 | 72.2 | While we used the transformer-based vision models (i.e., CLIP ViT-B/32 and BEiT) and the relatively small scale of LLMs (i.e., OPT$\_\text{1.3B}$ and T5$\_\text{Base}$) in the main paper, VLAP can be applied to all publicly available vision models and LLMs. Following MAGMA and LiMBeR, we additionally evaluate VLAP with the CNNs-based vision model (i.e., CLIP RN50x16) and the larger LLM (i.e., GPT-J, which has 6B parameters) for zero-shot image captioning on NoCaps and MSCOCO. Not surprisingly, VLAP with the larger LLM achieves better performance than with the smaller LLMs, significantly outperforming MAGMA and LiMBeR by large margins across all metrics with the same backbones. We add the results to Table. 9 in Appendix. **[Q1] Consistency of the word embedding in LLMs** While word embedding of any LLMs can be used, we exploit the word embedding within the LLM used for language encoding for two main reasons: (1) LLMs use word embeddings as a basis to produce text representations, indicating text representations already have high correlations with word embeddings. Therefore, the consistency of LLM for word embedding and language encoding makes the assignment for language data confident. (2) The inconsistency of LLMs for word embedding and language encoding requires unnecessary memory (e.g. OPT$\_\text{1.3B}$ has about 100M parameters for the word embedding).

Thank you for your constructive review and valuable suggestions! Below, we provide a detailed response to your questions and comments. If any of our responses fail to sufficiently address your concerns, please inform us, and we will promptly follow up. **[W1, W2] Novelty and ablation for assignment prediction** Thanks for your valuable comments. As the reviewer mentioned, our VLAP differs from the previous optimal transport-based (or clustering-based) approaches [1, 2, 3, 4] in the following aspects: (1) defining a fixed central space instead of a learnable central space (i.e., prototypes) and (2) defining the transport polytope with the word distribution of the training dataset instead of the equipartition assumption. The previous works aim to learn visual representations [1, 2] or multimodal representations [3, 4] by \textbf{training the whole networks}, including backbone networks and the central space, in an end-to-end manner. However, we need to connect two \textbf{frozen} backbone networks using visual features as LLMs input. In our setup, we empirically found that learnable space is heavily sensitive to the hyperparameters (e.g. $\epsilon$ in equation (4)) and provides poor performance. Therefore, the conventional optimal transport-based approaches [1, 2, 3, 4] have been limited to be directly applied to our work. | | | | $\epsilon$-MSCOCO (CIDEr-D) | | | |-------|----------------------|------|-----------------------------|------|-------| | | Method | 0.1 | 0.05 | 0.01 | 0.005 | | (i) | VLAP w/o word embed. | 20.4 | 43.8 | 38.9 | - | | (ii) | VLAP w/o word dist. | 50.7 | 57.9 | 57.1 | 46.2 | | (iii) | VLAP | 61.8 | 68.0 | 69.9 | 67.7 | To verify our claim, we conduct additional experiments for the components in assignment prediction. As shown in the above table, we evaluate each model for the zero-shot image captioning performance (CIDEr-D) on MSCOCO corresponding to various $\epsilon$ values in equation (4). In (i) ""VLAP w/o word embed.'', we first train VLAP with learnable prototypes as in [1, 2, 3, 4]. In this setting, we define 3K prototypes following [1] and apply the equipartition assumption in equation (3). In (ii) ""VLAP w/o word dist.'', we also verify the effectiveness of the word distribution. In this setting, we use the word embeddings as a fixed central space and perform the optimal transport with the equipartition assumption. The comparison between (i) and (ii) shows that the word embedding achieves substantial performance improvement, demonstrating the effectiveness of the word embedding. The comparison between (ii) and (iii) original VLAP shows that the transportation polytope with the word distribution achieves additional performance improvement and provides more robust performance regarding $\epsilon$. [1] M. Caron et al., ``Unsupervised learning of visual features by contrasting cluster assignments,"" NeurIPS'20 [2] Y. M. Asano et al., ``Self-labeling via simultaneous clustering and representation learning,"" ICLR'20 [3] Y. M. Asano et al., ``Labelling unlabelled videos from scratch with multi-modal self-supervision,"" NeurIPS'20 [4] J. Duan et al., ``Multi-modal alignment using representation codebook,"" CVPR'22 **[W3] Ablation for the loss function** Our image captioning objective is basically defined as the next-word generation prediction, i.e., generating a word from the previous information. Instead, we provide the results corresponding to the additional objectives for cross-modal alignment in the general responses. Please refer to them.

Thank you for your constructive review and valuable suggestions! Below, we provide a detailed response to your questions and comments. If any of our responses fail to sufficiently address your concerns, please inform us, and we will promptly follow up. **[W1, W2, Q1] Ablation for the loss function** We present the ablation analysis corresponding to the learning objectives in the general response. Please refer to them. **[W3, Q3] Difference between VLAP and the previous linear transformation-based approaches** Thanks for the reference. Similar to the image captioning objective of LiMBeR, LLaVa learns the linear projection with the language generation objective, which aims to provide target answers from given transformed visual and language instruction representations. Although LiMBeR and LLaVa have shown two unimodal models can be bridged through the language modeling objective, they are insufficient to reduce the modality gap, as shown in our previous response. Our proposed objective not only improves overall performance in the linear transformation-based methods, but also significantly facilitates the connection of the visual encoder even if it is not trained with language guidance (i.e., CLIP encoder). In addition, our objective can be an alternative to the conventional objectives for cross-modal alignment, such as the image-text matching and image-text contrastive objectives. We add the missing reference LLaVa in the main paper. **[W4, Q2] Linear layer with assignment prediction** We apologize for using the misleading term, ""distance-preserving nature of the linear layer"". We revise the Introduction section to clarify the contribution. **[W5] Model reference** Thanks for your suggestion. We clarify the model names with citations in the table captions."	"Dear Reviewer zAaX, Thanks for your constructive and valuable comments on our paper. We have revised our paper to address the reviewer's concerns. * **[W1, W2, Q1] Ablation regarding optimal transport.** We added ablation analyses for the components of VLAP, including the hyperparameters and optimal transport in Appendix Section D. * **[W3, Q3, W4] Difference between VLAP and the previous linear transformation-based approaches.** We included the missing reference (i.e., LLaVA). In addition, we extensively revised the paper to cover the reviewer's concerns about the novelty and to remove potentially misleading terms in Introduction. * **[W4, Q2] Visualization.** We presented the UMAP visualization corresponding to visual arithmetic and ablation for the learning objectives. We can verify the effectiveness of the proposed VLAP in the feature space. * **[W5] Citation.** We added references along with the model names to the table captions. With the discussion deadline approaching in a few hours, we are eager to receive your feedback.

We thank the reviewers for their positive evaluation and constructive comments. We are pleased that the reviewers recognized that VLAP is $\textbf{well-motivated}$ (m8gW, dYxB), the problem is $\textbf{clearly stated}$ (m8gW, 5A8P, zAaX), and the idea that uses LLMs' word embeddings is $\textbf{interesting}$ (oDtB). We notice that the main concerns of the reviewers come from the lack of ablation studies. During the rebuttal period, we conducted extensive ablation studies and enhanced the overall completeness through meticulous paper proofreading, notably in the Introduction section. These efforts aimed to enhance readability and clearly articulate the novelty of our work. We would like to first address the concerns about the learning objective that all reviewers commonly pointed out. **Ablation for the balancing parameters** | $\lambda_\text{map}$ | $\lambda_\text{cap}$ | CIDEr-D | CLIP-S | Ref-S | |-----------------------|----------------------|---------|--------|-------| | 0 | 1 | 51.7 | 72.1 | 76.3 | | 0.2 | 0.8 | 62.3 | 80.3 | 85.0 | | 0.4 | 0.6 | 68.1 | 84.8 | 89.2 | | 0.5 | 0.5 | 69.6 | 86.3 | 91.6 | | 0.6 | 0.4 | 69.9 | 86.7 | 91.8 | | 0.8 | 0.2 | 64.5 | 83.1 | 87.8 | | 1 | 0 | 49.6 | 72.4 | 76.1 | We report the zero-shot image captioning performance on MSCOCO corresponding to different ratios between $\lambda\_\text{map}$ and $\lambda\_\text{cap}$ in equation (7) while keeping the sum of two terms as 1. For example, the final objective function of the first row (i.e., $\lambda\_\text{map}:\lambda\_\text{cap} = 0:1$) is $\mathcal{L} = \mathcal{L}\_\text{cap}$, which is equivalent to the learning objective of LiMBeR [1] and the first stage of LLaVA [2]. With the language modeling objective, VLAP shows significantly poor performance, attaining 51.7 of CIDEr-D. Increasing the ratio of $\lambda_\text{map}$ gradually improves the performance, achieving the best performance of 69.9 with $\lambda\_\text{map}:\lambda\_\text{cap} = 0.6:0.4$. Meanwhile, VLAP with only assignment prediction (i.e., $\mathcal{L} = \mathcal{L}\_\text{map}$) performs worse than with only language modeling, showing a performance of 49.6. The results demonstrate the effectiveness of the proposed assignment prediction objective while emphasizing the necessity of the language modeling objective to leverage the generative ability of LLMs. We add those results in Table. 7(a) and discussion in Appendix. D. [1] J. Merullo et al., ``Linear mapping from image to text space,"" ICLR'23 [2] H. Liu et al., ``Visual instruction tuning,"" NeurIPS'23

Thank you for your constructive review and valuable suggestions! Below, we provide a detailed response to your questions and comments. If any of our responses fail to sufficiently address your concerns, please inform us, and we will promptly follow up. **[W1] Ablation for assignment prediction** We present the ablation results corresponding to the balancing parameters in equation (7) in the general response. Please refer to that section for more details. The result without the assignment prediction objective corresponds to $\lambda\_\text{map}:\lambda\_\text{cap}=0:1$. To briefly sum up, the assignment prediction objective combined with $\mathcal{L}\_\text{cap}$ improves the performance. **[W2] VLAP with other cross-modal alignment** Thanks for the constructive suggestion. We present the results with the additional objectives, including the image-text matching (ITM) and image-text contrastive (ITC) objectives, in the general response. Briefly, those two objectives show less performance improvement than our proposed assignment prediction. **[W3] Scale of the pretraining dataset** Thank you for your valuable suggestion. As previous works for pretraining VLMs have proven, a larger pretraining dataset should bring better results on zero-shot vision-language tasks. To verify the impact of the scale of the training dataset on zero-shot performance, we will train VLAP with a large-scale dataset (e.g. CC12M) and will include results in the revised paper. However, we would like to emphasize that our method mainly focuses on presenting an efficient methodology (i.e., linear transformation, using pretrained encoders, small-scale training) to make VLMs. **[W4] VLAP with other backbone** | Method | Vis. Encoder | Lang. Model | NoCaps-In | NoCaps-Out | NoCaps-Near | NoCaps-All | NoCaps-CLIP-S | NoCaps-Ref-S | MSCOCO-CIDEr-D | MSCOCO-CLIP-S | MSCOCO-Ref-S | |--------|---------------|-------------|-----------|------------|-------------|------------|---------------|--------------|----------------|---------------|--------------| | MAGMA | CLIP RN50x16 | GPT-J | 30.4 | 43.4 | 36.7 | 38.7 | 74.3 | 78.7 | 47.5 | 75.3 | 79.6 | | LiMBeR | CLIP RN50x16 | GPT-J | 34.3 | 48.4 | 41.6 | 43.9 | 74.7 | 79.4 | 54.9 | 76.2 | 80.4 | | VLAP | CLIP ViT-B/32 | OPT | 48.2 | 62.7 | 59.3 | 61.3 | 84.8 | 88.5 | 69.9 | 86.7 | 91.8 | | VLAP | CLIP ViT-B/32 | T5 | 48.3 | 62.7 | 59.6 | 61.6 | 85.1 | 88.7 | 69.4 | 87.6 | 92.0 | | VLAP | CLIP RN50x16 | GPT-J | 53.8 | 67.5 | 65.7 | 64.5 | 88.3 | 90.1 | 75.3 | 90.6 | 72.2 | While we used the transformer-based vision models (i.e., CLIP ViT-B/32 and BEiT) and the relatively small scale of LLMs (i.e., OPT$\_\text{1.3B}$ and T5$\_\text{Base}$) in the main paper, VLAP can be applied to all publicly available vision models and LLMs. Following MAGMA and LiMBeR, we additionally evaluate VLAP with the CNNs-based vision model (i.e., CLIP RN50x16) and the larger LLM (i.e., GPT-J, which has 6B parameters) for zero-shot image captioning on NoCaps and MSCOCO. Not surprisingly, VLAP with the larger LLM achieves better performance than with the smaller LLMs, significantly outperforming MAGMA and LiMBeR by large margins across all metrics with the same backbones. We add the results to Table. 9 in Appendix. **[Q1] Consistency of the word embedding in LLMs** While word embedding of any LLMs can be used, we exploit the word embedding within the LLM used for language encoding for two main reasons: (1) LLMs use word embeddings as a basis to produce text representations, indicating text representations already have high correlations with word embeddings. Therefore, the consistency of LLM for word embedding and language encoding makes the assignment for language data confident. (2) The inconsistency of LLMs for word embedding and language encoding requires unnecessary memory (e.g. OPT$\_\text{1.3B}$ has about 100M parameters for the word embedding)."			"{""disagreement"": 1.0, ""mixed_signals"": 1.0, ""response_count"": 3, ""density"": 1.7558333333333334, ""primary_label"": ""partially_fixed"", ""secondary_label"": ""fixed""}"
