priority_score	issue_id	paper_title	review_rating	review_confidence	suggested_label	suggestion_source	suggestion_note	silver_label	heuristic_label	tfidf_label	modernbert_label	mpnet_label	issue_ledger_label	structured_label	review_excerpt	top_response_excerpt	aligned_response_excerpt	revision_summary	silver_comment	gold_label	evidence_span	notes
6.200	7vVWiCrFnd__r05	Rethinking and Extending the Probabilistic Inference Capacity of GNNs	5: marginally below the acceptance threshold	3: You are fairly confident in your assessment. It is possible that you did not understand some parts of the submission or that you are unfamiliar with some pieces of related work. Math/other details were not carefully checked.	partially_fixed	priority_secondary_structured	structured=partially_fixed; issue_ledger=fixed		fixed	partially_fixed	partially_fixed	fixed	fixed	partially_fixed	"[weaknesses] 1. Defining the discriminative power of potential function by WL test appears to be a somewhat contrived setup, whereby the problem still boils down to graph isomorphism. I am not sure how practically relevant this setting is, and whether it is truly “fundamentally different” with works on WL tests. A more comprehensive discussion about the connection may mitigate the issue. 2. Following the above point, the analysis does not take into account node features, whereas in many PGMs node and clique potentials are functions on node features. This further stresses the point that the setup might deviate from practice. 3. The proposed method seems not scalable as it requires identifying maximum cliques that is exponentially complex, and even relaxing it to cliques with size k has super-quadratic complexity O(n^k) (please correct me if I am wrong). This limitation has not been discussed in the paper, and experiments only include small datasets. 4. The experimental results are relatively weak. E.g. on PPI, best performance in most cases (4 out of 6 columns in the table) is achieved by GCNII+SPN. Improvement on synthetic dataset is also limited, and Planetoid dataset is outdated. Baselines are also limited. Particularly, many GNN variants are considered in the analysis but are not compared in experiments, and I wonder why? Moreover, the proposed methods are essentially based on data augmentation, but competitors in this category are missing. Typos: invalid reference in appendix A and E.2; “a successful ? for minimizing” in 3.2; repeated references Bergen et al. and Cai at al.

[questions] 1. In 3.1, while lemma 1 is straight-forward, I do not fully understand why the authors mention “in graph machine learning fields each instance corresponds to different graphs with possibly different structures”, as the paper does not address the case of graph classification? And what does “instance” present? (the authors might wanna refer to a graph as an instance, but in the context of paper where node- and edge-level tasks are considered, each node or random variable in the PGM correspond an an instance.) 2. What is the complexity of the proposed method, and are there any ways to scale it to large graphs? 3. If possible, please also answer to questions in the weakness section. --- I decrease score from 6 to 5 due to my lingering concerns, and there has been no response from the authors to date.

[summary] The paper studies the expressiveness of different GNN variants from a probabilistic inference perspective. Specifically, under certain settings of PGMs and different ways to measure their complexity, the paper studies to what extent MPNNs can approximate node and edge marginals which are obtained from local minima of Bethe approximation. The analysis is also extended to other GNN variants. To equip GNNs with the power of estimating more complex node and edge marginals, phantom nodes and edges are proposed respectively, and experiments are conducted on several node and link prediction datasets to evaluate the proposed methods."	We thank the reviewer for the constructive comments! We have revised the manuscript to address the concerns. We are sorry for the late response. ## Question 1 `In 3.1, while lemma 1 is straight-forward, I do not fully understand why the authors mention “in graph machine learning fields each instance corresponds to different graphs with possibly different structures”, as the paper does not address the case of graph classification? And what does “instance” present?` Our description follows the setting in [1] (Section 3), where each instance refers to a graph. The aim of this sentence is to point out the different assumptions in PGMs and graph machine learning. Traditionally, each individual instance in a graphical model shares the same conditional independence structure, that is, if $G_1$ and $G_2$ are two instances, $G_1$ and $G_2$ must share the same structure. However, in graph machine learning fields things are different. For example, the graphs for training and test often have different structures. In this case we say each instance has distinct structure. Therefore, we propose lemma1 to address the difference between traditional PGMs and the assumptions in graph machine learn...	"We thank the reviewer for the constructive comments! We have revised the manuscript to address the concerns. We are sorry for the late response. ## Question 1 `In 3.1, while lemma 1 is straight-forward, I do not fully understand why the authors mention “in graph machine learning fields each instance corresponds to different graphs with possibly different structures”, as the paper does not address the case of graph classification? And what does “instance” present?` Our description follows the setting in [1] (Section 3), where each instance refers to a graph. The aim of this sentence is to point out the different assumptions in PGMs and graph machine learning. Traditionally, each individual instance in a graphical model shares the same conditional independence structure, that is, if $G_1$ and $G_2$ are two instances, $G_1$ and $G_2$ must share the same structure. However, in graph machine learning fields things are different. For example, the graphs for training and test often have different structures. In this case we say each instance has distinct structure. Therefore, we propose lemma1 to address the difference between traditional PGMs and the assumptions in graph machine learning. ## Question 2 `What is the complexity of the proposed method, and are there any ways to scale it to large graphs?` We have added discussion of the complexity in Appendix C. To summarize, in worst cases where the graphs are dense (suppose $N$ nodes and $O(N^2)$ edges), $k$-order PE takes $O(N^k)$ space and $O(kN^k)$ time ($k$-GNNs take $O(kN^{k+1}) time). For sparse graphs the major complexity comes from finding cliques. It's hard to theoretically estimate the complexity of finding cliques in sparse graphs, but many works (eg. [2]) have shown that there are empirically efficient algorithms for finding k-cliques, e.g. [2] can find cliques with order less than 10 in graphs with 68K nodes in seconds. ## Weakness 1 `Defining the discriminative power of potential function by WL test appears to be a somewhat contrived setup, whereby the problem still boils down to graph isomorphism. I am not sure how practically relevant this setting is, and whether it is truly “fundamentally different” with works on WL tests. A more comprehensive discussion about the connection may mitigate the issue.` The key point of our theory is to discuss whether various GNN models can capture the variational inference of PGMs, including: 1. Whether GNNs can simulate local extrema of Bethe approximation. 2. What distribution can GNNs capture. To answer the problem 2 we propose concept of permutation-invariant PGMs, which is described by a permutation-invariant function $\mathcal{A}$ introduced in section 3.1. Therefore, it's **necessary** to restrict the expressive power of $\mathcal{A}$: for example if $\mathcal{A}$ output different potential functions for all pairs of non-isomorphic graphs, no GNNs can capture it. Since it's necessary to restrict the expressive power of $\mathcal{A}$, we choose two metrics: the order of $\mathcal{A}$ and the most common k-WL tests for restricting the expressive power. However, the WL tests play different roles in our and previous works. Previous works focus on the relation between GNNs and WL tests, while in our work WL tests in fact only serve as a restriction of the space of the joint distribution. Thus we believe our perspective is fundamentally different with previous works. In fact, many works such as [1] simply assumed PGMs as $p(X,Z)=\frac{1}{Z}\prod_{i}\Phi(x_i,z_i)\prod_{(i,j)\in\mathcal{E}}\Psi(z_i,z_j)$ where the potential functions are exactly the same for different nodes and edges, thus they are special situations of our assumptions. In other words, if it's valuable to discuss whether GNNs can capture local extrema of the above PGMs, so is our work. ## Weakness 2 `Following the above point, the analysis does not take into account node features, whereas in many PGMs node and clique potentials are functions on node features. This further stresses the point that the setup might deviate from practice.` In our initial settings we believe regarding node features as observed random variables would provide a clear theoretical framework. Still, our results still hold when node and clique potentials are functions on node features. Recall that in Section 3.1 we introduce the permutation-invariant function $\mathcal{A}$ that describes PGMs, where $\mathcal{A}$ is a function on cliques and adjacency matrices $\mathcal{A}(C,\mathbf{A})$. If we let $\mathcal{A}$ further be a function on node features, i.e. $\mathcal{A}(C,G)$ where $G=(\mathbf{A},\mathbf{X})$ and $\mathbf{X}$ is the node feature matrix, the results still hold because GNN layers are also functions on $G$. Therefore, our results also hold when node and clique potentials are functions on node features.

## Weakness 3 `The proposed method seems not scalable as it requires identifying maximum cliques that is exponentially complex, and even relaxing it to cliques with size k has super-quadratic complexity O(n^k) (please correct me if I am wrong). This limitation has not been discussed in the paper, and experiments only include small datasets.` The maximum clique problem is a NP problem, thus is not scalable for large graphs. We have added discussions in Appendix C. In worst cases (where graphs are dense), relaxing it to k-cliques still has super-quadratic complexity. However, if we consider sparse graphs, there are empirically efficient algorithms for finding k-cliques (e.g. [2]). Although it's hard to theoretically estimate the complexity, the method in [2] can find 10-cliques in graphs with 68K nodes in seconds. Besides, even in worst cases our method is still more efficient than k-GNNs. ## Weakness 4 `The experimental results are relatively weak. E.g. on PPI, best performance in most cases (4 out of 6 columns in the table) is achieved by GCNII+SPN. Improvement on synthetic dataset is also limited, and Planetoid dataset is outdated. Baselines are also limited. Particularly, many GNN variants are considered in the analysis but are not compared in experiments, and I wonder why? Moreover, the proposed methods are essentially based on data augmentation, but competitors in this category are missing.` We hypothesis three reasoning why our method hardly works better than SPN for GCNII. 1. SPN uses a node GNN to model node potentials and an edge GNN to model edge potentials. This framework might better aligns with the natural behavior of molecules. 2. We tried our best but we couldn't reproduce the results of baseline GNNs using the hyperparameters in [2]. Therefore although our methods can consistently improve the performance of GNNs, for some tasks it might not be better than SPN. 3. Better expressive power might not always lead to better empirical performance (e.g., [3]). Our framework focuses on theoretically improving the expressiveness of GNNs, rather than designing an empirically effective GNN architecture. We only apply the most simple and intuitive design. We did not include all GNN variants in the analysis because our methods focus on node classification and link prediction methods and aim to improve the expressiveness of MPNNs. Thus we mainly considers comparisons with MPNNs and other methods in the PGM-GNN literature. We are trying our best to perform additional experiments on real-world datasets and the LDPC dataset, and will update the manuscript once we finished the experiments. We are trying our best to to perform additional experiments on real-world datasets. We have performed experiments on the DBLP datasets in [4] as follows. As we can see, GAT+PN achieves the best results, while GCNII+PN achieves better results than SPN-GCNII. | GCN | GCN+PN | GraphSage | GraphSage+PN | |:--------| :---------:|:---------:|:---------:| | 76.60 | 84.43 | 73.81 | 83.67 | | GAT | SPN-GAT | GAT+PN | GCNII | SPN-GCNII | GCNII+PN | |:---------:|:---------:|:---------:|:---------:|:---------:|:---------:| | 79.16 | 84.84 | 86.34 | 81.79 | 83.57 | 85.08 | [1] Dai et al. Discriminative Embeddings of Latent Variable Models for Structured Data. ICML 2016. [2] Lukas Gianinazzi et al. Parallel Algorithms for Finding Large Cliques in Sparse Graphs. In Proceedings of the 33rd ACM Symposium on Parallelism in Algorithms and Architectures. [3] Morris et al. Weisfeiler and Leman Go Neural: Higher-order Graph Neural Networks. AAAI 2019. [4] Qu et al. NEURAL STRUCTURED PREDICTION FOR INDUCTIVE NODE CLASSIFICATION. ICLR 2022.

We thank the reviewer for the constructive comments! We have revised the manuscript to address the concerns. ## Questions 1 `For link prediction tasks, how is the experiments done?` The experimental setup follows [1]. For all datasets, at training time the message passing links are equal to the supervision links, while at test and validation time, disjoint sets of links are held out for supervision that are never seen at training time. We randomly generate 70-10-20 percent train-val-test splits. `Why don't choose metric of link prediction to be HITS@10 like in the BUDDY paper.` To make the experiments more challenging we choose H@10 as our metrics. If we set the metrics to be H@100 we can see that the results are much close: | | Cora | Citeseer | |:--------| :---------:|--------:| | GCN | 0.853 | 0.892 | | GCN+PE | 0.883 | 0.907 | | GCNII | 0.868 | 0.911 | | GCNII + PE | 0.872 | 0.932 | | ELPH | 0.877 | 0.934 | | BUDDY | 0.880 | 0.929 | `Also, why not include other baselines in the BUDDY paper, especially the GNN ones? Also, maybe lack of other experiments on large link prediction datsets` We are sorry we did not test all baselines and did not conduct experiments on other datasets. Since this work mainly focus on theoretically analyse the probabilistic inference capacity of GNNs, our prior target is to ensure the theoretical results in this paper sound and clear. Nevertheless, we will keep trying our best to enhance the experiment sections in this manuscript. ## Questions 2 `For node classification task, why not choose traditional homogeneous datasets and heterogeneous datasets like previous works.` For node classification task we follow the setting in [2]. The PPI datasets in [2] have 121 distinct labels thus suit node property prediction tasks well, and have been shown to benefit well from PGMs. Therefore, we choose them for node classification tasks. `How will phantom nodes have impact when meeting graphs with different heterophily?` The phantom nodes play as ensemble for cliques, enabling MPNNs to directly model closely connected nodes as an ensemble. The influence is especially significant when the input graphs are made up of several closely connected clusters. `Also, why For GCNII it hardly work better than SPN?` We hypothesis three reasoning why our method hardly works better than SPN for GCNII. 1. SPN uses a node GNN to model node potentials and an edge GNN to model edge potentials. This framework might better aligns with the natural behavior of molecules. 2. We tried our best but we couldn't reproduce the results of baseline GNNs in [2]. Therefore although our methods can consistently improve the performance of GNNs, for some tasks it might not be better than SPN. 3. Better expressive power might not always lead to better empirical performance[3]. Our framework focuses on theoretically improving the expressiveness of GNNs, rather than designing an empirically effective GNN architecture. We only apply the most simple and intuitive design. ## Questions 3 `What's the complexity of GNNs with phantom nodes or phantom edges, for node classification and link prediction, respectively?` We have added discussions of complexity in Appendix C. Please refer to the paragraphs ""Algorithm complexities"" in Appendix C (colored blue) for detailed discussion. ## Weakness We are trying our best to perform additional experiments on real-world datasets and the LDPC dataset, and will update the manuscript once we finished the experiments. We did not include all GNN variants in the analysis because our methods focus on node classification and link prediction methods and aim to improve the expressiveness of MPNNs. Thus we mainly considers comparisons with MPNNs and other methods in the PGM-GNN literature. For hyperparameters, for node classification tasks we select the same hyperparameters in [1],[2] for fair comparision. When applying our phantom nodes / edges methods we keep the hyperparameters (learning rate, hidden dimension, etc.) unchanged. For link prediction tasks the hyperparameters are selected by performing search on validation data. Similarly, once we have chosen the hyperparameters of baseline MPNNs, we use the same hyperparameters for our PE-enhanced methods. We have conducted additional experiments on DBLP datasets in [2]. The results are as follows. | GCN | GCN+PN | GraphSage | GraphSage+PN | |:--------| :---------:|:---------:|:---------:| | 76.60 | 84.43 | 73.81 | 83.67 | | GAT | SPN-GAT | GAT+PN | GCNII | SPN-GCNII | GCNII+PN | |:---------:|:---------:|:---------:|:---------:|:---------:|:---------:| | 79.16 | 84.84 | 86.34 | 81.79 | 83.57 | 85.08 | [1] Chamberlain et al. Graph Neural Networks for Link Prediction with Subgraph Sketching. ICLR 2023. [2] Qu et al. NEURAL STRUCTURED PREDICTION FOR INDUCTIVE NODE CLASSIFICATION. ICLR 2022. [3] Morris et al. Weisfeiler and Leman Go Neural: Higher-order Graph Neural Networks. AAAI 2019."	"We thank the reviewer for the constructive comments! We have revised the manuscript to address the concerns. ## Weakness 1 `The first paragraph is problematic. “implicitly assume that node representations learnt by GNNs are independent conditioned on node features and edges, thereby ignoring the joint dependency among nodes...” does not represent the related works accurately. These works do not ignore dependency among the nodes, which is captured via multiple rounds of message passing similar to loopy belief propagation. I find the first paragraph could be phrased in a different way to make the distinctions accurate.` Thanks for pointing them out. We have rewrited the sentence to make the presentation more accurate. ## Weakness 2 `The introduction of phantom nodes and edges is not a novel development and closely resembles the other methods like CIN. However, the problem of inefficiency remains in such methods i.e. the computational complexity of finding maximal cliques which can be used for phantom nodes to guarantee the inferential capacity.` The introduction of phantom nodes does share spirits with CIN, that is to capture cliques in the graphs. We agree that finding cliques might be computational complex and this problem of inefficiency remains in our methods. But our method is more efficient than CIN: even if we only preserve the clique complex in CIN, CIN(CWL) needs to pass messages: - from nodes to nodes - between higher-order cliques and lower-order cliques (lower adjacent and higher adjacent) - between cliques of the same order (co-boundary cells) - between cliques and nodes (boundary cells) Our method, although share the same spirits, in fact point out the necessary component to capture higher-order dependencies and show that by adding messages between cliques and nodes in the cliques we can already extend MPNNs to capture higher-order PGMs without re-designing the WL scheme. We believe that the phantom edges are not similar to other methods like CIN. We focus on the link prediction scenarios, while CIN focuses on graph classification. ## Weakness 3 `Certain related works are missing in the paper. Recent works on Factor Graph Neural Networks (FGNN) [1] are highly related works in establishing connections between PGMs and GNNs. A small discussion on the relevance would be pertinent.` We are sorry that we did not discuss recent works that combine PGMs and GNNs. We have added a paragraph in Appendix A (colored blue) to discuss these related works in the revised manuscript. ## Weakness 4 `The experimental section could be more elaborate to study the effectiveness of GNNs in learning higher-order distributions. For example, comparison with Zhen et al. (2023) on inference of higher-order LDPC codes.` We are trying our best to perform additional experiments on more real-world datasets and the LDPC dataset, and will update the manuscript once we finished the experiments.

We thank the reviewer for the constructive comments! We have revised the manuscript to address the concerns. We are sorry for the late response. ## Question 1 `In 3.1, while lemma 1 is straight-forward, I do not fully understand why the authors mention “in graph machine learning fields each instance corresponds to different graphs with possibly different structures”, as the paper does not address the case of graph classification? And what does “instance” present?` Our description follows the setting in [1] (Section 3), where each instance refers to a graph. The aim of this sentence is to point out the different assumptions in PGMs and graph machine learning. Traditionally, each individual instance in a graphical model shares the same conditional independence structure, that is, if $G_1$ and $G_2$ are two instances, $G_1$ and $G_2$ must share the same structure. However, in graph machine learning fields things are different. For example, the graphs for training and test often have different structures. In this case we say each instance has distinct structure. Therefore, we propose lemma1 to address the difference between traditional PGMs and the assumptions in graph machine learning. ## Question 2 `What is the complexity of the proposed method, and are there any ways to scale it to large graphs?` We have added discussion of the complexity in Appendix C. To summarize, in worst cases where the graphs are dense (suppose $N$ nodes and $O(N^2)$ edges), $k$-order PE takes $O(N^k)$ space and $O(kN^k)$ time ($k$-GNNs take $O(kN^{k+1}) time). For sparse graphs the major complexity comes from finding cliques. It's hard to theoretically estimate the complexity of finding cliques in sparse graphs, but many works (eg. [2]) have shown that there are empirically efficient algorithms for finding k-cliques, e.g. [2] can find cliques with order less than 10 in graphs with 68K nodes in seconds. ## Weakness 1 `Defining the discriminative power of potential function by WL test appears to be a somewhat contrived setup, whereby the problem still boils down to graph isomorphism. I am not sure how practically relevant this setting is, and whether it is truly “fundamentally different” with works on WL tests. A more comprehensive discussion about the connection may mitigate the issue.` The key point of our theory is to discuss whether various GNN models can capture the variational inference of PGMs, including: 1. Whether GNNs can simulate local extrema of Bethe approximation. 2. What distribution can GNNs capture. To answer the problem 2 we propose concept of permutation-invariant PGMs, which is described by a permutation-invariant function $\mathcal{A}$ introduced in section 3.1. Therefore, it's **necessary** to restrict the expressive power of $\mathcal{A}$: for example if $\mathcal{A}$ output different potential functions for all pairs of non-isomorphic graphs, no GNNs can capture it. Since it's necessary to restrict the expressive power of $\mathcal{A}$, we choose two metrics: the order of $\mathcal{A}$ and the most common k-WL tests for restricting the expressive power. However, the WL tests play different roles in our and previous works. Previous works focus on the relation between GNNs and WL tests, while in our work WL tests in fact only serve as a restriction of the space of the joint distribution. Thus we believe our perspective is fundamentally different with previous works. In fact, many works such as [1] simply assumed PGMs as $p(X,Z)=\frac{1}{Z}\prod_{i}\Phi(x_i,z_i)\prod_{(i,j)\in\mathcal{E}}\Psi(z_i,z_j)$ where the potential functions are exactly the same for different nodes and edges, thus they are special situations of our assumptions. In other words, if it's valuable to discuss whether GNNs can capture local extrema of the above PGMs, so is our work. ## Weakness 2 `Following the above point, the analysis does not take into account node features, whereas in many PGMs node and clique potentials are functions on node features. This further stresses the point that the setup might deviate from practice.` In our initial settings we believe regarding node features as observed random variables would provide a clear theoretical framework. Still, our results still hold when node and clique potentials are functions on node features. Recall that in Section 3.1 we introduce the permutation-invariant function $\mathcal{A}$ that describes PGMs, where $\mathcal{A}$ is a function on cliques and adjacency matrices $\mathcal{A}(C,\mathbf{A})$. If we let $\mathcal{A}$ further be a function on node features, i.e. $\mathcal{A}(C,G)$ where $G=(\mathbf{A},\mathbf{X})$ and $\mathbf{X}$ is the node feature matrix, the results still hold because GNN layers are also functions on $G$. Therefore, our results also hold when node and clique potentials are functions on node features.

We thank the reviewer for the constructive comments! We have revised the manuscript to address the concerns. ## Questions 1 `For link prediction tasks, how is the experiments done?` The experimental setup follows [1]. For all datasets, at training time the message passing links are equal to the supervision links, while at test and validation time, disjoint sets of links are held out for supervision that are never seen at training time. We randomly generate 70-10-20 percent train-val-test splits. `Why don't choose metric of link prediction to be HITS@10 like in the BUDDY paper.` To make the experiments more challenging we choose H@10 as our metrics. If we set the metrics to be H@100 we can see that the results are much close: | | Cora | Citeseer | |:--------| :---------:|--------:| | GCN | 0.853 | 0.892 | | GCN+PE | 0.883 | 0.907 | | GCNII | 0.868 | 0.911 | | GCNII + PE | 0.872 | 0.932 | | ELPH | 0.877 | 0.934 | | BUDDY | 0.880 | 0.929 | `Also, why not include other baselines in the BUDDY paper, especially the GNN ones? Also, maybe lack of other experiments on large link prediction datsets` We are sorry we did not test all baselines and did not conduct experiments on other datasets. Since this work mainly focus on theoretically analyse the probabilistic inference capacity of GNNs, our prior target is to ensure the theoretical results in this paper sound and clear. Nevertheless, we will keep trying our best to enhance the experiment sections in this manuscript. ## Questions 2 `For node classification task, why not choose traditional homogeneous datasets and heterogeneous datasets like previous works.` For node classification task we follow the setting in [2]. The PPI datasets in [2] have 121 distinct labels thus suit node property prediction tasks well, and have been shown to benefit well from PGMs. Therefore, we choose them for node classification tasks. `How will phantom nodes have impact when meeting graphs with different heterophily?` The phantom nodes play as ensemble for cliques, enabling MPNNs to directly model closely connected nodes as an ensemble. The influence is especially significant when the input graphs are made up of several closely connected clusters. `Also, why For GCNII it hardly work better than SPN?` We hypothesis three reasoning why our method hardly works better than SPN for GCNII. 1. SPN uses a node GNN to model node potentials and an edge GNN to model edge potentials. This framework might better aligns with the natural behavior of molecules. 2. We tried our best but we couldn't reproduce the results of baseline GNNs in [2]. Therefore although our methods can consistently improve the performance of GNNs, for some tasks it might not be better than SPN. 3. Better expressive power might not always lead to better empirical performance[3]. Our framework focuses on theoretically improving the expressiveness of GNNs, rather than designing an empirically effective GNN architecture. We only apply the most simple and intuitive design. ## Questions 3 `What's the complexity of GNNs with phantom nodes or phantom edges, for node classification and link prediction, respectively?` We have added discussions of complexity in Appendix C. Please refer to the paragraphs ""Algorithm complexities"" in Appendix C (colored blue) for detailed discussion. ## Weakness We are trying our best to perform additional experiments on real-world datasets and the LDPC dataset, and will update the manuscript once we finished the experiments. We did not include all GNN variants in the analysis because our methods focus on node classification and link prediction methods and aim to improve the expressiveness of MPNNs. Thus we mainly considers comparisons with MPNNs and other methods in the PGM-GNN literature. For hyperparameters, for node classification tasks we select the same hyperparameters in [1],[2] for fair comparision. When applying our phantom nodes / edges methods we keep the hyperparameters (learning rate, hidden dimension, etc.) unchanged. For link prediction tasks the hyperparameters are selected by performing search on validation data. Similarly, once we have chosen the hyperparameters of baseline MPNNs, we use the same hyperparameters for our PE-enhanced methods. We have conducted additional experiments on DBLP datasets in [2]. The results are as follows. | GCN | GCN+PN | GraphSage | GraphSage+PN | |:--------| :---------:|:---------:|:---------:| | 76.60 | 84.43 | 73.81 | 83.67 | | GAT | SPN-GAT | GAT+PN | GCNII | SPN-GCNII | GCNII+PN | |:---------:|:---------:|:---------:|:---------:|:---------:|:---------:| | 79.16 | 84.84 | 86.34 | 81.79 | 83.57 | 85.08 | [1] Chamberlain et al. Graph Neural Networks for Link Prediction with Subgraph Sketching. ICLR 2023. [2] Qu et al. NEURAL STRUCTURED PREDICTION FOR INDUCTIVE NODE CLASSIFICATION. ICLR 2022. [3] Morris et al. Weisfeiler and Leman Go Neural: Higher-order Graph Neural Networks. AAAI 2019."				
6.200	KTtEICH4TO__r01	CORN: Contact-based Object Representation for Nonprehensile Manipulation of General Unseen Objects	10: strong accept, should be highlighted at the conference	4: You are confident in your assessment, but not absolutely certain. It is unlikely, but not impossible, that you did not understand some parts of the submission or that you are unfamiliar with some pieces of related work.	fixed	priority_secondary_structured	structured=fixed; issue_ledger=unresolved		fixed	fixed	fixed	fixed	unresolved	fixed	"[weaknesses] - The model takes the difference between current object pose and target object pose as input. This can bring significant engineering challenge since object segmentation and pose tracking in the real world can be difficult. However, the authors documented their approach very well in Sec. A.3. - The method only works on object well separated from clutter on a tabletop. This is related to the above assumption for the object pose, since having more than one object in close contact will make object segmentation and pose tracking even more challenging.

[questions] - What is the coordinate frame of the hand pose input? Since the hand pose is sampled near the object to ensure good data balance for contact/no contact during pre-training, will the hand pose go out of distribution during policy learning? - In Figure 7, is the scale of the success rate the same for the two plots? It seems that the final success rate doesn’t match up for the green, red, purple and brown curves. - Which simulator is used? I didn’t find it in the paper.

[summary] This paper presents a novel method for non-prehensile manipulation, i.e. manipulating an object that is not graspable via poking, pivoting and toppling from an initial pose to a goal pose. There are two major technical contributions: - A novel pre-training objective on predicting which parts of the object point cloud are in contact with the gripper - A novel patch-based transformer architecture that allows efficient encoding of point clouds and other modalities such as robot gripper state. The paper also provides a new dataset on non-prehensile manipulation with over 300 different objects."	We thank the reviewer for the effort and positive assessment of our work. > (W1) The model takes the difference between current object pose and target object pose as input. This can bring significant engineering challenge since object segmentation and pose tracking in the real world can be difficult. However, the authors documented their approach very well in Sec. A.3. > > (W2) The method only works on object well separated from clutter on a tabletop. This is related to the above assumption for the object pose, since having more than one object in close contact will make object segmentation and pose tracking even more challenging. We agree that segmentation and pose tracking are significant engineering challenges, and we appreciate the reviewer for recognizing the documentation of our approach. We are also hopeful that recent advances in foundational vision models, such as SAM[1] or POPE[2] can facilitate object pose tracking and segmentation to be more generally accessible for robot manipulation in the future, particularly for the challenges such as segmenting non-singulated objects. > (Q1) What is the coordinate frame of the hand pose input? Since the hand pose is sampled near...	"We thank the reviewer for the effort and positive assessment of our work. > (W1) The model takes the difference between current object pose and target object pose as input. This can bring significant engineering challenge since object segmentation and pose tracking in the real world can be difficult. However, the authors documented their approach very well in Sec. A.3. > > (W2) The method only works on object well separated from clutter on a tabletop. This is related to the above assumption for the object pose, since having more than one object in close contact will make object segmentation and pose tracking even more challenging. We agree that segmentation and pose tracking are significant engineering challenges, and we appreciate the reviewer for recognizing the documentation of our approach. We are also hopeful that recent advances in foundational vision models, such as SAM[1] or POPE[2] can facilitate object pose tracking and segmentation to be more generally accessible for robot manipulation in the future, particularly for the challenges such as segmenting non-singulated objects. > (Q1) What is the coordinate frame of the hand pose input? Since the hand pose is sampled near the object to ensure good data balance for contact/no contact during pre-training, will the hand pose go out of distribution during policy learning? The hand pose is represented in the world frame. Since the poses are sampled from the workspace during pre-training, it does not actually go out of distribution during policy learning. > (Q2) In Figure 7, is the scale of the success rate the same for the two plots? It seems that the final success rate doesn’t match up for the green, red, purple and brown curves. There was a small bug in the plotting code, which has been now addressed. We updated Figure 7 and made minor adjustments on reported metrics in Section 4.2. Thank you for catching that! > (Q3) Which simulator is used? I didn’t find it in the paper. We used Isaac Gym. We added the reference to the simulation in Section 3.1. [1] Kirillov, Alexander, et al. ""Segment anything.”, ****Proceedings of the IEEE/CVF International Conference on Computer Vision (ICCV), 2023, pp. 4015-4026 [2] Fan, Zhiwen, et al. ""POPE: 6-DoF Promptable Pose Estimation of Any Object, in Any Scene, with One Reference."" *arXiv preprint arXiv:2305.15727* (2023).

> As for the collision-free policy. First, obviously, there will never be an intersection between a gripper and an object in the real world. Thus, the discussion on in-collision/collision-free is based on the training, which takes place in simulation. My question is, how is the collision in simulation avoided when the contact reward is defined on the distance between the object's CoM to the gripper tip, not the object's surface? Will the possible collision make the object move unexpectedly? Could the bad performance on concave objects (irregular place of CoM) and unstable objects (changing CoM) be because of such contact reward design? I assume the interpenetration is handled by the collision detection methods implemented natively in the simulator. If so, the contact reward is just a usable reward, not a meticulous design. - We want to note that the purpose of the contact-inducing reward $r_{contact}$ is not to prevent collision, but to guide initial exploration. This strategy is commonly adopted in contact-rich manipulation tasks [3,4] to facilitate policy training: during initial exploration, the robot is prone to make meaningless actions (i.e. move in thin air) without making significant progress. To prevent this, the contact-inducing reward encourages the policy to reduce the distance between the gripper and the object, hence increasing the probability of the robot interacting with the object during initial exploration. - How does the policy learn to avoid spurious collision that might result in undesired motion of the object? Since the policy is primarily driven to maximize task success (which is the dominant reward), and the contact-inducing reward just serves as guidance, the policy is incentivized to avoid collision if it reduces the likelihood of success. - As for the specific implementation of the contact-inducing reward, we’d like to note that during our early investigation, we also tried the surface-to-surface distance (rather than CoM distance) based contact reward but this did not make a significant difference in policy training. This is only natural, as approximately guiding the robot towards the general region of the object is sufficient to encourage interaction during initial exploration, which is the purpose of the contact-inducing reward. > Finally, let's look at the technical contribution. I think the core contribution here is the learning of hand-object features and applying them to teacher-student learning. The problem is, there's really no necessity of this hand-object representation to non-prehensile manipulation tasks. The learning framework can perfectly work with grasping tasks by slightly changing the reward function. The point raised by the reviewer is worded ambiguously, so we respond to two possible interpretations of the statement. (Interpretation 1) There’s no reason to *limit* this hand-object representation to non-prehensile manipulation tasks; it seems it could work equally as well for prehensile manipulation. - While our representation can also be technically applied to grasping, we believe that the main benefit is on non-prehensile manipulation tasks. The primary purpose of adopting representation learning is to stabilize and expedite the process of training an RL policy, since jointly learning the representation of high-dimensional data and the behavior tends to be unstable [5,6]. - On the other hand, a grasp policy is typically directly learned via supervised training by leveraging large-scale offline datasets, such as ACRONYM [7] or Graspnet-1billion [8]. As such, learning an object representation a priori is typically not necessary in grasping. (Interpretation 2) There's no necessity to use this hand-object representation on non-prehensile manipulation tasks. *Even without this representation*, the policy can be trained just like grasping tasks by slightly changing the reward function. - We show that training with our representation drastically improves the training efficiency (Figure 7), which is otherwise prohibitively expensive. While it’s perhaps true that tuning the reward function may improve the training efficiency by some amount, we’d like to emphasize that it is quite crucial to adopt the proper representation, which results in an order-of-magnitude speedup in terms of training time. - While the reviewer suggests that slightly changing the reward function may suffice for learning (as proposed in earlier comments), we comment on this in our discussion above. During our early investigations, modifying the contact-inducing reward to more closely model the true inter-object distance (as suggested by the reviewer), has yielded similar training performance. Rather than the specific choice of the reward, we believe that the proper choice of representation is quite central in our domain. We’re not sure which of the two interpretations is consistent with the reviewer’s intent, but hope that either response addresses the point raised by the reviewer.

Thank you for your thoughtful comments and suggestions. We addressed your comments, and would like to provide additional details regarding your questions as follows: > (W1) Lack of Unique Design for Complex Operations: The paper emphasizes in the introduction that its approach can execute more complex robotic arm operations than prior grasping work. However, in the method description, there appears to be no clear unique design to directly support this motivation, raising doubts about the novelty and effectiveness of the method. - We’d like to highlight two unique design choices made to address the complexity of the non-prehensile manipulation task: the model architecture and object representation learning. - The complexity of contact dynamics of non-prehensile manipulation necessitates closed-loop feedback control. However, training such a dense, closed-loop policy is expensive in terms of both time and compute cost. To address this, we first adopt a patch-based transformer architecture, for the first time among works in point-cloud-based robot manipulation. This accelerates the training process and reduces the training time remarkably, as shown in Figure 7. - Secondly, we observe that non-prehensile manipulation is highly sensitive to the knowledge of contact between the object and the robot. To reflect this, we adopt a novel contact-based pretraining task. Together with our model architecture, we demonstrate significant efficiency gains as a result of adopting our pretraining scheme. > (W2) Overemphasis on ""Contact"": While the authors place particular emphasis on the importance of ""contact"" in nonprehensile operations, it seems that the equally vital role of ""contact"" in grasping tasks has not been adequately considered. This imbalanced emphasis may impact the comprehensiveness of the method and its practical applicability. > > (Q1) The paper strongly emphasizes the role of ""contact"" in nonprehensile manipulation. How does this emphasis differ in importance from its role in grasping tasks? - Non-prehensile manipulation requires careful choice of contacts, i.e. sequence of contact mode switches which defines what forces the robot can apply to the object. We strongly encourage the reviewer to check out the video of our method operating in the real world[[https://sites.google.com/view/contact-non-prehensile](https://sites.google.com/view/contact-non-prehensile/)]: this is in stark contrast with grasping with a parallel jaw gripper, which typically only involves approaching an object and closing the gripper. > (W3) Questioning the Novelty of Point Cloud Processing: The paper utilizes a Transformer-based architecture to process point cloud data, but this approach does not appear groundbreaking, emphasizing the need for a more detailed description of the policy network design. - Most prior works in robot manipulation actually only use PointNet-based architectures. We explore the choice of point cloud processing architecture, and show that patch-based transformer greatly improves computational efficiency in our domain, by about 8x in terms of model inference time and more than 20x in terms of policy training. To our knowledge, we are the first ones to demonstrate the efficacy of patch-based transformer in point-cloud based robot manipulation. > (W4) Insufficient Description of the Policy Network: The paper provides a relatively concise description of the policy network, lacking in-depth details, which might hinder readers from fully understanding the workings of the method and its potential advantages. > > (Q2) The description of the policy network is relatively concise. Could the authors provide more details on its design and working principles? - We apologize for missing the details, and updated the paper to include additional details. The policy starts with an initial cross-attention layer against the tokens of the current task context(joint state, previous action, goal, and physics parameters) to extract task-relevant information from the patch-level embeddings. The resulting features are concatenated again with the task context, which are then processed by an MLP(multi-layer perception) before being fed to actor and critic networks. Given that our focus is on the point-cloud processing representation model, we placed less emphasis on the policy network architecture when describing our model. We have now added extra details about the policy network to facilitate the reader’s understanding of our model. (Figure 5. & Section 3.1)"	"We thank the reviewer for the effort and positive assessment of our work. > (W1) The model takes the difference between current object pose and target object pose as input. This can bring significant engineering challenge since object segmentation and pose tracking in the real world can be difficult. However, the authors documented their approach very well in Sec. A.3. > > (W2) The method only works on object well separated from clutter on a tabletop. This is related to the above assumption for the object pose, since having more than one object in close contact will make object segmentation and pose tracking even more challenging. We agree that segmentation and pose tracking are significant engineering challenges, and we appreciate the reviewer for recognizing the documentation of our approach. We are also hopeful that recent advances in foundational vision models, such as SAM[1] or POPE[2] can facilitate object pose tracking and segmentation to be more generally accessible for robot manipulation in the future, particularly for the challenges such as segmenting non-singulated objects. > (Q1) What is the coordinate frame of the hand pose input? Since the hand pose is sampled near the object to ensure good data balance for contact/no contact during pre-training, will the hand pose go out of distribution during policy learning? The hand pose is represented in the world frame. Since the poses are sampled from the workspace during pre-training, it does not actually go out of distribution during policy learning. > (Q2) In Figure 7, is the scale of the success rate the same for the two plots? It seems that the final success rate doesn’t match up for the green, red, purple and brown curves. There was a small bug in the plotting code, which has been now addressed. We updated Figure 7 and made minor adjustments on reported metrics in Section 4.2. Thank you for catching that! > (Q3) Which simulator is used? I didn’t find it in the paper. We used Isaac Gym. We added the reference to the simulation in Section 3.1. [1] Kirillov, Alexander, et al. ""Segment anything.”, ****Proceedings of the IEEE/CVF International Conference on Computer Vision (ICCV), 2023, pp. 4015-4026 [2] Fan, Zhiwen, et al. ""POPE: 6-DoF Promptable Pose Estimation of Any Object, in Any Scene, with One Reference."" *arXiv preprint arXiv:2305.15727* (2023).

> (W5) Inadequate Experimental Setup: The paper does not offer detailed information related to actions and reward settings in the experiments, which is crucial for evaluating the effectiveness of the reinforcement learning portion. In summary, these points highlight potential shortcomings in the paper concerning method description, evidence of novelty, and experimental setup. They offer specific directions for improvement to the authors, aiming to enhance the persuasiveness of the paper and provide a clearer conveyance of their research outcomes. - We appreciate the reviewer’s feedback regarding the necessity of additional details on the action-space. We have added a paragraph in the appendix that describes the structure of the action-space for the robot (Appendix A.2). However, we already provide a detailed breakdown of the reward function in section 4.1, and include relevant hyperparameters in Table A.1 (Appendix A.7), and we’d appreciate it if the reviewer could clarify which part of the reward function requires further clarification.

> Let me explain why I think the contact-based is not proper, or at least not clear. > > First, contact is a kind of state when the robot gripper/hand touches the surface of the objects. It is not a state where the gripper is away from the object's surface or inside the object's surface. We can distinguish these states with the term ""collision"". ""contact"" is surely in ""collision"", but ""collision"" is not ""contact"". ""contact"" is an intermediate state between ""in-collision"" and ""collision-free"". In my view, the author misuses these two terms. I suggest the author refer to Springer Handbook of Robotics, Contact Modeling and Manipulation, and check related sections. ([https://link.springer.com/referenceworkentry/10.1007/978-3-540-30301-5_28](https://link.springer.com/referenceworkentry/10.1007/978-3-540-30301-5_28)) > > In the domain of robotics, the term ""contact"" has a special meaning. It refers to the contact interface. If the authors only use the word ""contact"" as a normal verb, as they did at the end of Sec. 3.2, ""A patch is labeled as 'collision' if any point within it contacts the gripper"", and use contact/collision interchangeably, I can accept that, but please make it clear. > > I have a feeling it is the same reason why reviewer LafH thinks this term usage is problematic. But I will only speak for myself. * The main point raised by the reviewer here is to disambiguate the use of “contact” (for signed distance d == 0) and “in-collision” (d≤0). We agree that this disambiguation is important in collision-free motion planning, where the penetration depth is used to define the cost function for trajectory optimization, for instance. We use the two terms interchangeably in our setup, since there’s little point in discriminating the two conditions in our task. * As we train an RL agent, the training process occurs primarily through robot-object interaction. In real-world interactions, penetration between objects cannot occur; and in a simulation, the momentary penetrations are handled by the physics engine itself during contact resolution. Thus, from the perspective of the agent, there’s no need to disambiguate the two conditions (d==0, d≤0). * That being said, we appreciate the reviewer’s suggestions on clarity. We have updated Section 3.2 to communicate that the pre-training labels primarily consider penetration between objects. > Another way to interpret this is that the contact surface is indirectly determined by in-collision/collision-free, just like how SDF indirectly defines the surface by inside/outside indicators. In this sense, it will raise the issue of generalization to unseen geometry, which happens to SDF-based 3D reconstruction tasks. Of course, I noticed the claim of generalization to unseen geometry in the main paper, but the objects used are quite similar to trained objects. I just don't think it will generalize to a larger object set (it already does not perform well on slightly complex objects, Table 1). * We appreciate the reviewer’s concern that SDF-based 3D reconstruction tasks often suffer from generalization. Of course, it’s only natural that representations learned through neural nets would be bound to generalize within the distribution of objects similar to the training set. However, we’d like to clarify that our objective is to predict the collision between *local* patches and the robot gripper, rather than the much harder task of predicting the *global* implicit shape. This type of *locality* is often utilized in prior works[1,2] as a key ingredient to generalizing across diverse shapes, as the geometry of local parts tends to be quite commonly shared across different objects in a combinatorial manner, thus boosting the generalization over different shapes. * While the reviewer wonders whether the performance drop on “complex” objects is due to the difficulty of generalizing to objects of complex shapes — which could be partly true — we believe that this has more to do with the severe occlusion and dynamic instability of objects rather than the difficulty of our representation to generalize to complex geometry, as discussed in Limitations (Section 4.2)."				
6.200	uGtfk2OphU__r01	Towards Faithful Explanations: Boosting Rationalization with Shortcuts Discovery	6: marginally above the acceptance threshold	3: You are fairly confident in your assessment. It is possible that you did not understand some parts of the submission or that you are unfamiliar with some pieces of related work. Math/other details were not carefully checked.	partially_fixed	priority_secondary_structured	structured=partially_fixed; issue_ledger=unresolved		regressed	partially_fixed	fixed	partially_fixed	unresolved	partially_fixed	"[weaknesses] - The task of finding shortcuts remains ambiguous. It's unclear whether shortcuts always exist in the text. If they aren’t, what would the model predict? The usage of this system seems limited. - There's a need for a more robust analysis of prior methodologies, particularly the unsupervised ones. The author asserts that unsupervised methods frequently identify shortcuts as inefficient rationales and provides examples. Yet, the reader would be curious about how often that happens, and if the model already yields good results, why do we have to give up shortcuts? I suggest a stronger argument for why finding a good rationale is significant, such as it can be helpful for other reasoning tasks. - The manuscript's writing style can be perplexing in several sections, notably in Methodology (Section 3). Mathematical expressions should be consistent, straightforward, and clear, and should only be included when indispensable. For example, instead of writing an algorithm for the semantic data augmentation, the reader might be more interested in seeing how specifically you do the semanticly similar word retrieval in Appendix A. - It is hard to understand why sharing selector parameters in both supervised/unsupervised phases is not the default setting. Since the claim is that this is a specific setting in the proposed approach, it would be important to learn why the previous methods are not doing so.

[questions] * Elaborating on data augmentation might be beneficial. For instance, details about the number of augmented instances introduced and the ideal quantity would be insightful. * The term datastore can be confusing when discussing random data augmentation since this word is also used when describing the semantic key-value pair in semantic data augmentation.

[summary] The paper solves selective rationalization, an NLP problem where the aim is to find a piece of text from the input called ""rationale"" that directly justifies the label (selector problem), then use the rationale as input to do classification (predictor problem). Unlike ""rationales"", there are are pieces of text called ""shortcuts"" that can result in correct prediction but are not proper justifications of the label. The exact difference between rationales and shortcuts is not clearly defined in the paper, so it seems that the distinction is problem-specific and ultimately something that is left to the practitioner. Previous selective rationalization methods can be categorized into supervised, where the rationales are provided during training, and unsupervised, where they have to be inferred during training process. The paper proposes a semi-supervised approach (an extension of a couple of recent papers) where a selector model trained in the unsupervised way is applied to smaller supervised data to identify the shortcuts and retrain the selector model. In addition, two data augmentation methods were proposed to enrich the shortcut discovery. The proposed approach is evaluated in 4 datasets. The model outperforms previous SOTA unsupervised and semi-supervised methods on both rationale prediction and label prediction tasks. The performance is also comparable to the supervised baselines"	> **Comment4:** Instead of writing an algorithm for the semantic data augmentation, the reader might be more interested in seeing how specifically you do the semanticly similar word retrieval in Appendix A. Given a word $x_i$ and its semantic representation $f_{p_{un}}(x_i)$, and a database $D_{local}={(f_{p_{un}}(x_{i}^{r}), x_{i}^{r} ), \forall x_{i}^{r} \in x^{r}}$ to be retrieved, our goal is to retrieve the word $x_{i}^{r}$ in the database that is semantically closest to the word $x_i$. In the retrieval process, we first calculate the L2 distance between the semantic representation of the retrieved word $x_i$ and each word $x_{i}^{r}$ in the database. We consider the smaller the L2 distance, the closer an input semantically to another. Finally, we choose the word with the closest L2 distance to the retrieved word $x_i$ as the semantically similar word. In the specific code implementation, we employ FAISS [1] to achieve this retrieval goal. > **Comment5:** The term datastore can be confusing when discussing random data augmentation since this word is also used when describing the semantic key-value pair in semantic data augmentation Thanks for your suggestion! We revise the ...	"> **Comment4:** Instead of writing an algorithm for the semantic data augmentation, the reader might be more interested in seeing how specifically you do the semanticly similar word retrieval in Appendix A. Given a word $x_i$ and its semantic representation $f_{p_{un}}(x_i)$, and a database $D_{local}={(f_{p_{un}}(x_{i}^{r}), x_{i}^{r} ), \forall x_{i}^{r} \in x^{r}}$ to be retrieved, our goal is to retrieve the word $x_{i}^{r}$ in the database that is semantically closest to the word $x_i$. In the retrieval process, we first calculate the L2 distance between the semantic representation of the retrieved word $x_i$ and each word $x_{i}^{r}$ in the database. We consider the smaller the L2 distance, the closer an input semantically to another. Finally, we choose the word with the closest L2 distance to the retrieved word $x_i$ as the semantically similar word. In the specific code implementation, we employ FAISS [1] to achieve this retrieval goal. > **Comment5:** The term datastore can be confusing when discussing random data augmentation since this word is also used when describing the semantic key-value pair in semantic data augmentation Thanks for your suggestion! We revise the description of the Random Data Augmentation method to the following: As we have identified the potential shortcuts $z_{s}$ in $D_{sup}$, we can replace these shortcuts tokens with other tokens which are sampled randomly from the datastore $D_{random}$. Among them, the database $D_{random}$ contains all tokens of $D_{un}$ and $D_{sup}$ (i.e., $D_{random}={x_{j}, \forall x_{j} \in D_{un} \vee \forall x_{j} \in D_{sup}}$). > **Comment6:** It is hard to understand why sharing selector parameters in both supervised/unsupervised phases is not the default setting. Since the claim is that this is a specific setting in the proposed approach, it would be important to learn why the previous methods are not doing so. We emphasize the sharing of selector parameters in the supervised/unsupervised phase in order to allow unsupervised rationalization and supervised rationalization to better learn from each other. The same setup is used for Vanilla Semi-RAT and WSEE in the replication of them. > **Comment7:** Elaborating on data augmentation might be beneficial. For instance, details about the number of augmented instances introduced and the ideal quantity would be insightful. In Table 1, for random data augmentation, we augment 25% of the data in the original dataset. For example, in Movie, there are 1600 training data. Based on this, we augment 400 instances (i.e., 1600*0.25=400). Similarly, for semantic data augmentation, we augment the data with 25% of the original dataset. In mixed data augmentation, we mix the data obtained from random DA with the data obtained from semantic DA, which is equivalent to adding 50% of the data of the original dataset. In Figure 4, we test the performance of SSR with data augmentation on the MultiRC dataset. In this experiment, we set the percentage of data augmentation to 5%, 10%, 15% and 25% respectively. We find that SSR with data augmentation performs best when the data augmentation percentage is 15%. Then, we additionally investigate SSR with data augmentation on the Evidence Inference dataset. From the experimental results, we observe that SSR with data augmentation performs best on the Evidence Inference dataset when the data augmentation percentage is 25%. | Method | 0 | | 5 | | 10 | | 15 | | 20 | | 25 | | | ------------------ | ---------- | ---------- | -------- | -------- | -------- | -------- | -------- | -------- | -------- | --------- | ---------- | ---------- | | ${SSR}_{unif}$ | Task | Token-F1 | Task | Token-F1 | Task | Token-F1 | Task | Token-F1 | Task | Token-F1 | Task | Token-F1 | | + $k$% random DA | 46.8 ± 0.3 | 26.8 ± 0.2 | 47.3±0.5 | 28.5±0.3 | 47.7±0.4 | 29.0±0.5 | 48.5±0.6 | 30.3±0.2 | 49.2±0.4 | 30.7±0.7 | 46.0±0.1 | 33.1±0.2 | | + $k$% semantic DA | 46.8 ± 0.3 | 26.8 ± 0.2 | 46.6±0.1 | 28.9±0.4 | 47.1±0.3 | 29.3±0.5 | 47.6±0.7 | 31.9±0.4 | 48.0±0.7 | 32.1± 0.5 | 48.7 ± 0.2 | 33.5 ± 0.4 | From the above experiments, it is found that the optimal data augmentation percentage is different for different datasets. Since our data augmentation method relies on human labeled rationales and most semi-supervised methods assume that the labeled rationales percentage is 25%, we also use 25% as our percentage in our practical implementation. **References** [1] Jeff Johnson, Matthijs Douze, and Hervé Jégou. Billion-scale similarity search with gpus. In IEEE Transactions on Big Data 2019.

Thank you for your insightful suggestions! According to your comments, below we clarify the misunderstandings, and conduct more experiments. >**Comment 1:** It's unclear whether shortcuts always exist in the text. If they aren’t, what would the model predict? We argue that shortcuts should always exist in texts such as entity bias [1,2] and statistical bias [3]. Previous studies [4,5,6,7] that study shortcuts in texts also support our viewpoint. Moreover, from the causal graph we constructed in Appendix D, we observe that since there always exists a backdoor path S↔Z→Y which makes shortcut Z and the label Y spuriously correlated, we conclude shortcuts always exist in the text. Finally, we assume that some datasets have been processed without significant shortcuts, enabling the model to learn the true causal relationships within the data and function as a debiased model. However, this assumption is overly idealistic when applied to real-world datasets. > **Comment2:** The author asserts that unsupervised methods frequently identify shortcuts as inefficient rationales and provides examples. Yet, the reader would be curious about how often that happens. As in the answer to comment 1, shortcuts commonly occur in text. Meanwhile, [5] has shown that the vanilla rationalization criterion in unsupervised methods is prone to highlighting spurious correlations (shortcuts) between the input features and the output as valid explanations. Therefore, we argue that unsupervised methods will frequently identify shortcuts as inefficient rationales. > **Comment3:** If the model already yields good results, why do we have to give up shortcuts? I suggest a stronger argument for why finding a good rationale is significant, such as it can be helpful for other reasoning tasks. This is a valuable question! If the shortcut helps us get better results, do we still need to remove the shortcut? Our answer is yes. Specifically, when faced with test data that is distributed with the same distribution as the training data, the shortcut facilitates us to obtain accurate results. However, since shortcuts do not reflect the real causal relationship between the data and labels, when the test data is distributed differently from the training data (i.e., the shortcut does not exist in the test data), a model that relies on shortcuts will have poor prediction results. For example, in the following table (Table 3 in the original manuscript), Vanilla Un-RAT achieves promising results when we test it on an identically distributed dataset IMDB, but it achieves poor predictive results on out-of-distribution data SST-2. Thus, we can conclude that when the model relies on the shortcut in the data for training and prediction, the model fails in the face of new data distributions, further limiting the application of the model. | Methods|IMDB(ID)|SST-2(OOD)| |-|-|-| |Vanilla Un-RAT|85.3±0.2|45.3±8.1| |SSR\_unif|90.3±0.2|79.4±0.3| |SSR_virt|89.9±0.2|79.9±0.4| Furthermore, finding a good rationale is significant: 1. Extracting a good rationale can help us avoid extracting shortcuts as rationales, which can help the model focus on the real causal relationship between the data and labels during training and prediction. It can increase the accuracy and robustness of the model when facing the test data with different distributions. 2. Extracting a good rationale can improve the interpretability of the prediction results, which can be applied in some high-risk domains, such as law [4]. 3. Rationalization can help other reasoning tasks. For example, rationalization is used as a knowledge extractor in [8] to extract the most responsible features for the predictions. After that, [8] expands the extractive rationales using commonsense resources to generate natural language explanations and give the final prediction. **References** [1] Yongchun Zhu, Qiang Sheng, Juan Cao, Shuokai Li, Danding Wang, Fuzhen Zhuang. Generalizing to the Future: Mitigating Entity Bias in Fake News Detection. In SIGIR2022. [2] Fei Wang, Wenjie Mo, Yiwei Wang, Wenxuan Zhou, and Muhao Chen. A Causal View of Entity Bias in (Large) Language Models. In Arixv2023. [3] Xiaobao Wu, Chunping Li, Yishu Miao. Discovering Topics in Long-tailed Corpora with Causal Intervention. In ACL2021. [4] Linan Yue, Qi Liu, Li Wang, Yanqing An, Yichao Du, Zhenya Huang. Interventional Rationalization. In EMNLP2023. [5] Shiyu Chang, Yang Zhang, Mo Yu and Tommi Jaakkola. Invariant Rationalization In ICML2020. [6] Wei Liu and Jun Wang, Haozhao Wang, Ruixuan Li, Zhiying Deng, YuanKai Zhang, and Yang Qiu. D-Separation for Causal Self-Explanation. In NeurIPS2023. [7] Du M, Manjunatha V, Jain R, et al. Towards Interpreting and Mitigating Shortcut Learning Behavior of NLU models. In NAACL2021. [8] Bodhisattwa Prasad Majumder, Oana-Maria Camburu, Thomas Lukasiewicz, Julian McAuley. Knowledge-Grounded Self-Rationalization via Extractive and Natural Language Explanations. In ICML2022.

> **Comment5**: A number of cost functions are given that are to be utilized in different configurations. Since the background models are quite complex (Transformer, both as encoder and encoder/predictor, as well as other generative models) these loss functions tend to be complex too. Some might be removed with more intuition on the more important in exchange. In rationalization studies, several deep learning models such as bert and other Transformer based methods are widely used in order to get better performance. In order to make a fair comparison with these methods, we also use bert as the encoder/predictor in our paper. Although this will increase the complexity of the model, performance improvement can be obtained. In the future, we will also further investigate how to reduce the complexity of the model while maintaining the performance. In addition, our loss functions can be divided into two parts. The first part is the traditional supervised\semi-supervised\unsupervised losses, such as Eqs. 2, 3, and 4. These losses cannot be simplified. The second part is the newly added loss functions for SSR. Specifically, for Strategy 1, compared to the traditional loss, we only add Eq. 6 to ensure that the predictor identifies the shortcuts features as meaningless features, thus mitigating the effect of shortcut on the model's prediction. KL divergence in Eq. 6 is very easy to implement and does not increase the complexity of the loss function. For Strategy 2, we introduce a shortcut imitator, which assumes the role of learning shortcuts (in the supervised phase) and shortcut simulation (in the unsupervised phase). First, in the supervised phase, we use Eq.7 to capture the features of the shortcut. Essentially, Eq.7 is a cross-entropy loss function like $\mathcal{L}_{sup\_task}$. Afterward, in order to learn the shortcut knowledge, we introduce the shortcut imitator to fit the distribution of shortcuts by using the original text as input with Eq. 8 (a simple MSE loss). Finally, in the unsupervised phase, since the shortcuts are unknown, we can use the shortcut imitator to obtain a potential shortcut representation and map it to a uniform distribution using Eq. 9 to identify the shortcuts features as meaningless ones, where the operation is similar to Eq. 6. Compared with the traditional method, we have added three loss functions, but our results are also significantly improved, which shows that all these loss functions are important for SSR. In the future, we will also explore new methods to reduce the number of loss functions to simplify the model. Thank you for your suggestions! > **Comment6**: What actually is the “shortcut imitator” (pages 5 and 6 and later), what is it used for? In the supervised phase, we can get potential shortcuts using the shortcut discovery strategy. However, in the unsupervised phase, it is difficult to obtain potential shortcuts because we lack human labeled rationale tokens. To this end, we introduce the shortcut imitator that is expected to learn the representation of shortcuts in the supervised phase and migrate the learned shortcuts information to the rationale extraction in the unsupervised phase. > **Comment7**: Please explain what is the MixedDA augmentation in subsection 3.3. We are very sorry that we neglected to describe MixedDA augmentation. MixedDA augmentation refers to mixing data obtained from random DA with data obtained from semantic DA to achieve data augmentation. > **Comment8**: In the results tables, these with the best value are bold-faced as the best. But the mean differences may be as low as 0.1%, which statistically are not, in any way, significant. The authors should perform some statistical analysis and group the algorithms into groups of statistical equivalence (see e.g. Demsar, Statistical comparisons of classifiers over multiple data sets, JMLR 7, 2006; open software for that approach is available). From a statistical point of view, there is no significant difference between SSR and its data augmented variants. However, in this work, we are more interested in how effective the models are in practice. For example, SSR+random DA outperforms SSR on most metrics, but the statistical difference is not significant. In practical applications, we prefer SSR+random to SSR. Because in some scenarios where decision making is important and the amount of data is large, even a minor improvement may bring huge economic returns. Therefore, we prefer models with the excellent effectiveness of extraction and prediction in practice. In the future, we will also explore new counterfactual data augmentation methods to further improve the performance of SSR+DA."	"> **Comment4**:The experiment section is lacking unsupervised baselines and standard datasets used in selective rationalization. In terms of dataset: beers, hotels, amazon, and the other tasks of ERASER. Thank you very much for your suggestion! First, our method is a semi-supervised method that requires partially labeled rationales. Since there exist no labeled rationales in both Beer and Hotel datasets, these datasets are not well suited for our task. To this end, we evaluate our method on FEVER (a dataset in ERASER [3]) and add some new baselines. Specifically, we add CAR [1] and 3Players [2] as our unsupervised baselines. Besides, we have compared the UNIREX methods you mentioned in the original manuscript. Please refer to Table 1 for details. | | FEVER | | | ------------------- | -------- | -------- | | | Task | Token-F1 | | Vanilla Un-RAT | 71.3±0.4 | 25.4±0.7 | | IB | 84.7±0.0 | 42.7±0.0 | | INVRAT | 83.6±1.8 | 41.4±1.4 | | Inter-RAT | 85.1±0.5 | 43.0±0.8 | | MCD | 84.4±0.6 | 44.6±0.2 | | Vanilla Semi-RAT | 82.6±0.6 | 40.7±0.8 | | IB (25% rationales) | 88.8±0.0 | 63.9±0.0 | | WSEE | 84.3±0.3 | 44.9±0.5 | | ST-RAT | 89.0±0.0 | 39.0±0.0 | | Vanilla Sup-RAT | 83.6±1.4 | 68.9±0.9 | | Pipeline | 87.7±0.0 | 81.2±0.0 | | UNIREX | 81.1±0.8 | 70.9±0.5 | | AT-BMC | 82.3±0.3 | 71.1±0.6 | | ${SSR}_{unif}$ | 86.8±0.9 | 46.6±0.2 | | ${SSR}_{virt}$ | 87.1±0.4 | 47.0±0.5 | ||Movie||MultiRC||BoolQ||Evidence Inference||FEVER|| |--|-|-|-|-|-|-|-|-|-|-| ||Task|Token-F1|Task|Token-F1|Task|Token-F1|Task|Token-F1|Task|Token-F1| |CAR|84.8±0.2|28.3±0.5|60.1±0.4|26.6±0.8|63.9±0.7|19.3±0.4|45.8±0.3|8.8±0.6|83.8±0.5|40.9±0.7| |3Player|85.6±0.6|29.1±0.3|59.3±0.9|27.8±0.5|64.5±0.2|19.6±0.1|44.9±0.6|11.9±0.7|84.0±0.4|40.4±0.1| > **Comment5**:How would perform sup-rat with data augmentation? We have compared with baselines with the same data augmentation methods in Tabel2 and Appendix C.2. Below, we perform sup-rat with data augmentation and also add the results in the revision paper. From the results, we can observe that our SSR achieves competitive results, especially in Token F1 with the same amount of data. |randomDA|Movie||MultiRC||BoolQ||Evidence|| |-|-|-|-|-|-|-|-|-| ||Task|Token-F1|Task|Token-F1|Task|Token-F1|Task|Token-F1| |Sup-RAT|93.0±0.4|39.1±0.3|64.4±0.6|60.6±0.2|62.1±0.4|51.9±0.7|52.8±0.2|18.5±0.3| |${SSR}_{unif}$|90.7±0.3|34.5±0.1|63.6±0.5|56.1±0.3|61.3±0.7|48.3±0.5|46.0±0.1|33.1±0.2| |${SSR}_{virt}$|92.8±0.2|36.7±0.2|65.4±0.2|44.3±0.4|58.3±0.6|47.7±0.3|46.5±0.3|32.4±0.2| |semanticDA|Movie||MultiRC||BoolQ||Evidence|| |-|-|-|-|-|-|-|-|-| ||Task|Token-F1|Task|Token-F1|Task|Token-F1|Task|Token-F1| |Sup-RAT|92.9±0.3|39.9±0.3|65.1±0.4|59.9±0.7|62.2±0.3|52.3±0.5|53.1±0.1|19.9±0.3| |${SSR}_{unif}$|90.7±0.2|35.6±0.2|64.7±0.7|42.7±0.4|58.0±0.3|50.2±0.3|48.7±0.2|33.5±0.4| |${SSR}_{virt}$|87.6±0.3|36.9±0.1|66.2±0.5|49.8±0.4|61.1±0.3|48.8±0.2|46.5±0.4|31.1±0.2| > **Comment6**:Could you also report metrics regarding comprehensiveness and sufficiency to assess the improvement of the proposed approach to decrease spurious correlation? Thank you for bringing new metrics to us! We use the comprehensiveness and sufficiency metrics from ERASER [3], and report the corresponding results in the table. As shown in table, ${SSR}\_{unif}$ and ${SSR}\_{virt}$ still performs better than baselines. | | IMDB | | SST-2 | | | ---------------- | ------------------- | ---------------- | :------------------ | ---------------- | | Model | suff ($\downarrow$) | com ($\uparrow$) | suff ($\downarrow$) | com ($\uparrow$) | | Vanilla Un-RAT | 0.22 | 0.33 | 0.38 | 0.18 | | Vanilla Semi-RAT | 0.15 | 0.40 | 0.24 | 0.23 | | WSEE | 0.13 | 0.42 | 0.20 | 0.26 | | ${SSR}_{unif}$ | 0.10 | 0.41 | 0.14 | 0.32 | | ${SSR}_{virt}$ | 0.07 | 0.45 | 0.11 | 0.35 | **References** [1]Shiyu Chang, Yang Zhang, Mo Yu, and Tommi Jaakkola. A game theoretic approach to class-wise selective rationalization. In NeurIPS2019. [2]Mo Yu, Shiyu Chang, Yang Zhang, and Tommi Jaakkola. Rethinking cooperative rationalization: Introspective extraction and complement control. In EMNLP2019. [3]Jay DeYoung, Sarthak Jain, Nazneen Fatema Rajani, Eric Lehman, Caiming Xiong, Richard Socher and Byron C. Wallace. ERASER: A Benchmark to Evaluate Rationalized NLP Models. In ACL2020.

We appreciate your comments! To address your concerns, below we prudently justify the details of our proposed method and conduct more experiments. > **Comment1**: The definition and suggested algorithm for selection is too simplistic. Thank you for your comments, below we present the details of the definition and suggested algorithm for selection. Definition: Given the text input $x={x_{1}, x_{2}, \ldots, x_{n}}$, the goal of selection is to first generate a mask variable $m=\{m_{1}, m_{2}, \ldots, m_{n}\}$, where $m_{j} \in\{0,1\} $ indicates whether the $i$-th token is a part of the rationale. Finally, the selection function selects the rationales as $z = m \odot x= \{m_{1}\cdot x_{1}, m_{2} \cdot x_{2}, \ldots, m_{n} \cdot x_{n} \}$. Briefly, the goal of the selection is to extract a subsequence from the original text to be utilized as rationales to support the prediction results. Algorithm: In order to select whether each token is rationale or not, we reduce the rationale extraction algorithm to a token-level binary classification task, i.e., predicting the probability that a token is a rationale token. Specifically, we map each token $x_{i}$ to the probability of being selected as part of rationale: $p_{\theta}(m_{i}|x_{i}) = softmax(W_{s_{un}}f_{s_{un}}(x_{i}))$. Among them, $f_{s_{un}}(\cdot)$ represents an encoder encoding $x_{i}$ into a $d$-dimensional vector, and $W_{s_{un}} \in {R}^{2 \times d}$. Then, in order to train the model to be able to extract rationales, there are different training approaches for unsupervised and supervised rationalization: For unsupervised rationalization, due to the lack of labeled rationales, the selection function must be cascaded with the predictor, where the rationale learning signal for unsupervised rationalization must rely on comparing the prediction of the predictor with the ground-truth task label. For supervised rationalization, since the labeled rationale is known, we can use the token-level binary cross-entropy (BCE) cost function to train supervised rationalization. > **Comment2**: The authors use only one example ('received a lukewarm approach' in the film review) throughout the article. Doesn't such a solution reduce the proposal to a supervised approach? Please use another example of a shortcut. First, the shortcut does not reduce the proposal to a supervised approach. Specifically, the example we give in the paper is a real example from the Movie dataset, where the shortcut 'received a lukewarm approach' is obtained by our shortcut discovery strategy, not by a priori human annotation. Besides, it is noted that our shortcut discovery strategy relies on the rationale of the true annotation. However, since the rationale annotation is difficult to obtain for most tasks, shortcuts can not reduce the proposal to a supervised approach in most cases. Therefore, in our SSR, we use a semi-supervised approach. Finally, we also visualize some of the shortcuts obtained by our shortcut discovery strategy in Appendix C.5, which we further illustrate one of them here: We visualize another example on Movies (the label is positive), where the italic tokens represent the real rationales, and the bolded ones are the predicted rationales.: | Model | Visualized example | Predicted label | | - | - | --| | Vanilla Un-RAT | **Mozart is a famous musician** and amadeus is a biographical film about him , ***amadeus is a true work of art*** . it is one of those few movies of the 80 ' s that *will be known for its class , its style , and its intelligence. why is this **such a good film***... | positive | | ${SSR}\_{unif}$ | Mozart is a famous musician and amadeus is a biographical film about him , ***amadeus is a true work of art*** . it is one of those few movies of the 80 ' s that ***will be known for its class*** , *its style , and its intelligence. why is this **such a good film***... | positive | From the results, we can find although both Vanilla Un-RAT and ${SSR}\_{unif}$ predict the label as positive correctly, Vanilla Un-RAT still extracts shortcuts as rationales. Specifically, ""Mozart is a famous musician"" is the shortcuts. Although Mozart was a great musician, it has no relevance to how good his biographical film is. ${SSR}\_{unif}$ avoids these shortcuts, but Vanilla Un-RAT extracts these as rationales. > **Comment3**: Could you clearly state your hypothesis in the introduction? Thank you very much for your suggestion, putting our assumptions in the introduction is really beneficial for readers to read. Therefore, we have revised the introduction (the blue text) in the revised version and uploaded it to ICLR. Please review it, and if there are any problems, please let us know. > **Comment4**: Is the whole of section 2 your proposition, or the definition of possible solutions used now? It is not clear. Thank you again for your suggestions. Based on your suggestions, we have organized section 2 and updated it in the revised version.

> **Comment7**:Lack of human evaluation Specifically, we randomly select 100 samples from the Movie dataset by comparing ${SSR}\_{virt}$ with Inter_RAT and WSEE. From the observation in Table, we can ﬁnd ${SSR}\_{virt}$ outperforms Inter_RAT and WSEE in all metrics, illustrating the effectiveness of ${SSR}\_{virt}$. Besides, in our original manuscript, we used ChatGPT for the subjective evaluation (Appendix C.3). From the results, we find that our model achieves a similar partial order relationship between human evaluation and ChatGPT evaluation (Appendix C.3). This further illustrates the effectiveness of our method. | | Usefulness | Completeness | Fluency | | -------------- | ---------- | ------------ | ------- | | Inter_RAT | 3.69 | 3.53 | 3.88 | | WSEE | 3.82 | 3.78 | 4.05 | | ${SSR}_{virt}$ | 3.90 | 3.88 | 4.20 | Detailed standards for human evaluation： Usefulness Q: Do you think the selected rationales can be useful for explaining the predicted labels? • 5: Exactly. Selected rationales are useful for me to get the correct label. • 4: Highly useful. Although several tokens have no relevance to correct label, most selected tokens are useful to explain the labels. • 3: Half of them are useful. About half of the tokens are useful for getting labels. • 2: Almost useless. Almost all of the tokens are useless. • 1: No Use. The selected rationales are useless for identifying labels. Completeness Q: Do you think the selected rationales are enough for explaining the predicted labels? • 5: Exactly. Selected rationales are enough for me to get the correct label. • 4: Highly complete. Several tokens related to the label are missing. • 3: Half complete. There are still some important tokens that have not been selected, and they are in nearly the same number as the selected tokens. • 2: Somewhat complete. The selected tokens are not enough. • 1: Nonsense. None of the important tokens is selected Fluency Q: Do you think the selected rationales are fluent? • 5: Very fluent. • 4: Highly fluent. • 3: Partial fluent. • 2: Very unfluent. • 1: Nonsense. > **Comment8**: Missing related work Thank you for your suggestion, we add the mentioned related work to the revised version of the paper."				
6.200	AZGIwqCyYY__r02	Towards Cross Domain Generalization of Hamiltonian Representation via Meta Learning	6: marginally above the acceptance threshold	3: You are fairly confident in your assessment. It is possible that you did not understand some parts of the submission or that you are unfamiliar with some pieces of related work. Math/other details were not carefully checked.	partially_fixed	priority_secondary_structured	structured=partially_fixed; issue_ledger=fixed		fixed	partially_fixed	partially_fixed	fixed	fixed	partially_fixed	"[weaknesses] The limitation of meta-learning for (Hamiltonian) dynamics is not clearly investigated. This makes it difficult to assess the range where the claims made in the paper should be valid. In other words, the claims are rather weak because their applicability seems unbounded with the current set of experiments. When the meta-learning approaches for dynamics may not be beneficial? For example, what happens if you meta-train a model only with conservative systems and try to adapt it to a dissipative system? Such experiments to investigate the limitations of the empirical findings would strengthen the paper. The paper only reports the performance of a well-known method (MAML) merely applied to a particular setting. This could certainly be a kind of contribution in which ICLR audience may be interested, but I think that in such a paper, with a purely experimental point of view, the claims should be made more carefully. Specifically, as stated above, the cases where meta-learning is not necessarily beneficial should also be revealed, with which the claims would become more falsifiable and convincing.

[questions] I don't have particular questions. It would be great if the authors could additionally report the results of some experiments to investigate the limitation of meta-learning in this context, although this is not a question.

[summary] The paper reports the performance of MAML applied to domain generalization over different Hamiltonian dynamics. The performance gain by MAML is analyzed with multiple indices over different combinations of meta-training and meta-test data. The key findings include the superiority of the meta-trained models compared to the pre-trained and randomly initialized models and an implication that by meta-learning, the representations obtained by the models tend to be more specific to each system."	Thank you for your efforts in providing valuable comments on our work. We appreciate the reviewer's comment about the points that should be further considered from the aspect of our experimental point of view. We have thoroughly considered the concerns raised by the reviewer and revised our manuscript as follows (we also recommend the reviewer check the global response). **_List of changes in the manuscript_**: > 1. Section 4.5 and SM C.4 are revised to add additional experiments according to W1 **W1** I don't have particular questions. It would be great if the authors could additionally report the results of some experiments to investigate the limitation of meta-learning in this context, although this is not a question. > **A1** > It should be noted that, in an attempt to provide further insight beyond the experimental results for the generalized model, we have provided the CKA analysis of the learned representations for each of the models. This was also the reason why we only compared the meta-trained model with the pre-trained and randomly initialized model, and not with the existing baselines in the first place. Nevertheless, we strongly agree with the reviewer that our resu...	"Thank you for your efforts in providing valuable comments on our work. We appreciate the reviewer's comment about the points that should be further considered from the aspect of our experimental point of view. We have thoroughly considered the concerns raised by the reviewer and revised our manuscript as follows (we also recommend the reviewer check the global response). **_List of changes in the manuscript_**: > 1. Section 4.5 and SM C.4 are revised to add additional experiments according to W1 **W1** I don't have particular questions. It would be great if the authors could additionally report the results of some experiments to investigate the limitation of meta-learning in this context, although this is not a question. > **A1** > It should be noted that, in an attempt to provide further insight beyond the experimental results for the generalized model, we have provided the CKA analysis of the learned representations for each of the models. This was also the reason why we only compared the meta-trained model with the pre-trained and randomly initialized model, and not with the existing baselines in the first place. Nevertheless, we strongly agree with the reviewer that our results and claims should be made more carefully from our paper’s experimental point of view, and we appreciate the suggestion to make our claims more thorough by exploring the limitations of meta-learning for learning a unified representation of Hamiltonian dynamics. Consequently, we consider the example suggested by the reviewer (meta-training the model with conservative systems and adapting it to a dissipative system), which we believe is a good way to explore this. As expected, the meta-trained model (as well as the pre-trained and randomly initialized model) failed to adapt to a dissipative system, showing a clear limitation of our approach. We discuss the reason why, for the case of a dissipative system, Hamilton's equation (Equation 1 in the manuscript) does not hold, and thus the HNN loss (Equation 2 in the manuscript) is not appropriate for dissipative systems. We argue that to make use of our method, both the system in the data distribution for meta-training and adaptation should share the same nature so that both satisfy the given loss of the implementation. We have added the corresponding experimental results and discussions in Section 4.5 and SM C.4.

We sincerely appreciate your efforts in reviewing our paper. We are pleased that the reviewer noticed the strengths regarding the CKA analysis of the learned representations. We have carefully reviewed the weaknesses pointed out by the reviewer and have revised our manuscript as follows (we also recommend the reviewer review the overall response). **_List of changes in the manuscript_**: > 1. Section 2.3 is revised to add clarity to the paper based on W1, and W2. > 2. Section 4.4 and SM C.3 are revised to add existing baseline results following W3. > 3. The titles of Sections 4.1, and 4.2 and the caption of Fig. 3 are updated based on W3. **W1** The main contribution of the paper seems to be utilizing meta-learning to efficiently adapt to new systems. However, it is not clear from the paper if it is as simple as just using off-the-shelf implementation or if there are some challenges to doing this. **W2** Also, I would like to see some discussion around why meta-learning is preferred over other representation learning methods e.g. Domain Generalization, and why optimization-based methods surpass other approaches in meta-learning. > **A1, A2** > We presume that weaknesses 1 and 2 arise from the lack of clarity that we have written in the paper. Existing previous methods have clear limitations; 1) they do not guarantee generalization across diverse systems, and 2) to do so, they need to be flexible with respect to the varying degrees of freedom of the systems. Our approach aims at resolving these challenges by jointly using GNNs and meta-learning. Accordingly, we have revised section 2.3 to clearly state the points mentioned by the reviewer in Q1 and Q2. **W3** The experiments are not sufficient. First, there is no comparison with existing baseline models in domain generalization or meta-learning. Second, the comparison of the meta-model and pre-trained model is not fair, and I would suggest the author fine-tune the pre-trained model on the K-shot support set. Third, no visual comparison of the predicted dynamics and the ground truth, making the conclusion less convincing. > **A3** > - First, we acknowledge the insufficient comparison with existing baselines. Originally, we considered it to be hard to directly compare our method with other prior baselines due to the different definitions of the scope of generalization, we added a baseline experiment with CoDA ([Kerchmeyer et al. 2022](https://arxiv.org/abs/2202.01889)) which is considered a representative method for domain generalization in learning physical dynamics (as it is reported to be superior among other related methods according to the CoDA authors). As expected, CoDA failed to adapt to an unseen system with the same number of steps, even for sufficient steps up to 10000. We have revised Section 4.4 and SM C.3 of our manuscript with the CoDA baseline results and discussion. > - Second, while we appreciate the reviewer's perspective, our work is at the cornerstone in our scope of the problem definition, and thus to show both the possibility and the effectiveness of the unified representation of Hamiltonian dynamics, we chose as baselines the 1) pre-trained model that used the same total number of gradient steps during meta-training, and the 2) randomly initialized model, following the approach of the prior work of [Finn et al. 2017](https://arxiv.org/abs/1703.03400) and [Lee et al. 2021](https://arxiv.org/abs/2102.11544). > - Third, we respectfully ask the reviewer to check Section 4.2, where the dynamics of the predicted systems are discussed using Figure 3. However, we acknowledge that the presentation of the predicted dynamics written in the paper should be more explicit and accordingly we have updated the title of Sections 4.1, 4.2 and the caption of Figure 3.

Thank you for your efforts in providing insightful feedback on our work. We appreciate the reviewer's recognition of the originality of our work compared to other related works. We have thoroughly examined the weaknesses and questions and revised our manuscript as follows (we also recommend the reviewer check the overall response). **_List of changes in the manuscript_**: > 1. Section 4.4 and SM C.3 are revised to add existing baseline results according to Q1 **Q1** Can the authors provide additional ablation studies following the weaknesses presented above? Specifically, it will be beneficial to present the performance as a function of the number of systems used in training (see weaknesses 1.) and add additional baselines (see weaknesses 2.) > **A1** > We appreciate the reviewer for suggesting additional experiments to strengthen our paper. > Regarding weakness 1, it's important to clarify that our primary objective was to explore the generalization of Hamiltonian dynamics for predicting a single, unknown held-out system, underpinned by ample data. While the experiment proposed by the reviewer is indeed beneficial, it aligns more closely with further challenging scenarios involving adaptation to multiple unknown systems. Such situations extend beyond the current scope of our research, which focuses on a singular system context. > For weakness 2, we originally thought that it was hard to directly compare our method with other prior baselines as the definition of the scope of generalization is different. However, we agree that adding such baselines would be beneficial. As such, we choose CoDA ([Kerchmeyer et al. 2022](https://arxiv.org/abs/2202.01889)) as a representative method for domain generalization in learning the physical dynamics (as it is reported to be superior among other related methods according to the CoDA authors). As expected, CoDA failed to adapt to an unseen system with the same number of steps, even for sufficient steps up to 10000. We have revised Section 4.4 and SM C.3 of our manuscript with the CoDA baseline results and included the corresponding discussion. **Q2** Judging from the presented results the current framework is not suitable for larger systems, could the authors suggest possible extensions that may allow? What would be the necessary refinements that could be incorporated in the meta-learning configuration to allow for that? > **A2** > Although the results for the large systems are quite poor in the reported results, we want to mention that our approach can handle the problem when the degree of freedom of the prepared data is not consistent throughout the system, noting that the previous methods discussed in Section 2.2 and 2.3 cannot be used in such scenarios. Although we cannot give the exact refinements in our preliminary results, possible ways could be 1) tune the update method in meta-learning, e.g. [Lee et al. 2021](https://arxiv.org/abs/2102.11544) report that using ANIL variation gives more accuracy compared to vanilla MAML, and 2) strictly search the hyperparameter space."	"We would like to thank all of the reviewers for their constructive and valuable feedback on our work, and furthermore recognizing the strengths of our paper as follows; - the originality of our work in contrast to previous studies; learning the unified representation across diverse Hamiltonian system domains (**Reviewer xLig** and **Reviewer GtBu**) - the importance of the experimental aspects of our work; analysis of the unified representation of Hamiltonian dynamics using CKA (**Reviewer hDu2 and Reviewer jozM**) We rigorously addressed and incorporated the feedback to strengthen our work. Below are the main points of the revised manuscript (the changes in the manuscript are indicated as **bold**). 1. Most reviewers suggested a comparison with the baseline of the existing methods described in sections 2.2, and 2.3. The reason we did not include the previous generalization methods was that it was rather difficult to make a direct comparison with our model. Our model aims to learn a unified representation of the Hamiltonian dynamics across the types of physical systems, while the previous studies focus on the scenario of generalizing the dynamics across multiple environments within a fixed system situation. However, we agree with the reviewers that adding the existing baselines would give more concreteness to our result, and added the CoDA ([Kerchmeyer et al. 2022](https://arxiv.org/abs/2202.01889)) (which showed a significantly high performance among various generalization methods across environments within a system, according to the CoDA authors) baseline experiment. **We updated Section 4.4 and SM C.3 with the CoDA baseline and again verified the originality and superiority of our approach.** 2. We have added experiment to further discuss the limitation of our method, which is indeed a crucial point to make an argument from our experimental point of view. The added experiment is an adaptation task to the dissipative mass-spring system with the meta-trained model with conservative other systems. The meta-trained model fails to adapt to the dissipative system, indicating a possible limitation of our approach. **We updated Section 4.5 and SM C.4 with the corresponding additional experiments and discussions to explore the limitations of our work.** 3. Although all reviewers commented that the motivation and presentation of our paper are clearly written, there were some missing points regarding the implementation challenges solved. Although the existing generalization methods (as noted in the first numbered point above) propose new frameworks to learn the generalized dynamics across environments, their applications are limited when we want to generalize across the system type itself, and especially when the degree of freedom of the system changes in the data distribution. **We updated Section 2.3 to clearly state that our approach straightened out the challenges.** 4. Some of the text, such as section titles and figure captions, has been updated to reflect the comments made by reviewers. **We fixed the title of Section 2.2, 2.3, the caption of Figure 3, and moved Table 1. to SM A.3** Our manuscript has been revised accordingly (blue; major updates, red; minor updates such as typos) and we kindly ask all reviewers to check the updated part of the paper. We hope that our revised manuscript and responses will have a positive impact on the final evaluation. Once again, we thank all reviewers for their efforts in this review and look forward to further discussions.

We sincerely appreciate your efforts in reviewing our paper. We are pleased that the reviewer noticed the strengths regarding the CKA analysis of the learned representations. We have carefully reviewed the weaknesses pointed out by the reviewer and have revised our manuscript as follows (we also recommend the reviewer review the overall response). **_List of changes in the manuscript_**: > 1. Section 2.3 is revised to add clarity to the paper based on W1, and W2. > 2. Section 4.4 and SM C.3 are revised to add existing baseline results following W3. > 3. The titles of Sections 4.1, and 4.2 and the caption of Fig. 3 are updated based on W3. **W1** The main contribution of the paper seems to be utilizing meta-learning to efficiently adapt to new systems. However, it is not clear from the paper if it is as simple as just using off-the-shelf implementation or if there are some challenges to doing this. **W2** Also, I would like to see some discussion around why meta-learning is preferred over other representation learning methods e.g. Domain Generalization, and why optimization-based methods surpass other approaches in meta-learning. > **A1, A2** > We presume that weaknesses 1 and 2 arise from the lack of clarity that we have written in the paper. Existing previous methods have clear limitations; 1) they do not guarantee generalization across diverse systems, and 2) to do so, they need to be flexible with respect to the varying degrees of freedom of the systems. Our approach aims at resolving these challenges by jointly using GNNs and meta-learning. Accordingly, we have revised section 2.3 to clearly state the points mentioned by the reviewer in Q1 and Q2. **W3** The experiments are not sufficient. First, there is no comparison with existing baseline models in domain generalization or meta-learning. Second, the comparison of the meta-model and pre-trained model is not fair, and I would suggest the author fine-tune the pre-trained model on the K-shot support set. Third, no visual comparison of the predicted dynamics and the ground truth, making the conclusion less convincing. > **A3** > - First, we acknowledge the insufficient comparison with existing baselines. Originally, we considered it to be hard to directly compare our method with other prior baselines due to the different definitions of the scope of generalization, we added a baseline experiment with CoDA ([Kerchmeyer et al. 2022](https://arxiv.org/abs/2202.01889)) which is considered a representative method for domain generalization in learning physical dynamics (as it is reported to be superior among other related methods according to the CoDA authors). As expected, CoDA failed to adapt to an unseen system with the same number of steps, even for sufficient steps up to 10000. We have revised Section 4.4 and SM C.3 of our manuscript with the CoDA baseline results and discussion. > - Second, while we appreciate the reviewer's perspective, our work is at the cornerstone in our scope of the problem definition, and thus to show both the possibility and the effectiveness of the unified representation of Hamiltonian dynamics, we chose as baselines the 1) pre-trained model that used the same total number of gradient steps during meta-training, and the 2) randomly initialized model, following the approach of the prior work of [Finn et al. 2017](https://arxiv.org/abs/1703.03400) and [Lee et al. 2021](https://arxiv.org/abs/2102.11544). > - Third, we respectfully ask the reviewer to check Section 4.2, where the dynamics of the predicted systems are discussed using Figure 3. However, we acknowledge that the presentation of the predicted dynamics written in the paper should be more explicit and accordingly we have updated the title of Sections 4.1, 4.2 and the caption of Figure 3.

We appreciate your thoughtful effort in reviewing this work. We are delighted to hear that the reviewer has recognized the contribution of our work in contrast to many existing works. We have carefully considered the points raised by the reviewer and have revised our manuscript as follows (we also recommend that the reviewer check the overall response). **_List of changes in the manuscript_**: > 1. Section 4.4 and SM C.3 are revised to add existing baseline results according to W1 **W1** The evaluation can be strengthened by considering comparing the proposed methods with other Few-shot Learning and Physics-informed Neural Networks methods for system domain generalization under both ""consistent"" and ""different"" physical laws. > **A1** > We first thought that it would be difficult to directly compare our method with other previous baselines, as the definition of the scope of generalization is different. However, we strongly agree with the reviewer that our evaluation can be strengthened by comparing the proposed approach with other existing methods. We added a baseline experiment with CoDA ([Kerchmeyer et al. 2022](https://arxiv.org/abs/2202.01889)) which is considered a representative method for domain generalization in learning physical dynamics (as it is reported to be superior to other related methods according to the CoDA authors). As expected, CoDA failed to adapt to an unseen system with the same number of steps, even for sufficient steps up to 10000. We have revised section 4.4 of our manuscript with the CoDA baseline results and discussion. **Q1** In Figure 4, why does a lower CKA value of the meta-trained model suggest it learned more similar representations during adaptation? As the authors mentioned, should a low CKA value indicate different representations? > **A1** > We acknowledge that our label notation in Figure 4 could be quite misleading. The y-axis represents the 1-CKA (1 minus CKA) value, not the raw CKA value. Therefore, the lower y-axis in Figure 4 indicates a high CKA value, which leads to more similar representations during adaptation."				
6.200	KTtEICH4TO__r02	CORN: Contact-based Object Representation for Nonprehensile Manipulation of General Unseen Objects	5: marginally below the acceptance threshold	3: You are fairly confident in your assessment. It is possible that you did not understand some parts of the submission or that you are unfamiliar with some pieces of related work. Math/other details were not carefully checked.	fixed	priority_secondary_structured	structured=fixed; issue_ledger=unresolved		fixed	fixed	fixed	fixed	unresolved	fixed	"[weaknesses] - Lack of Unique Design for Complex Operations: The paper emphasizes in the introduction that its approach can execute more complex robotic arm operations than prior grasping work. However, in the method description, there appears to be no clear unique design to directly support this motivation, raising doubts about the novelty and effectiveness of the method. - Overemphasis on ""Contact"": While the authors place particular emphasis on the importance of ""contact"" in nonprehensile operations, it seems that the equally vital role of ""contact"" in grasping tasks has not been adequately considered. This imbalanced emphasis may impact the comprehensiveness of the method and its practical applicability. - Questioning the Novelty of Point Cloud Processing: The paper utilizes a Transformer-based architecture to process point cloud data, but this approach does not appear groundbreaking, emphasizing the need for a more detailed description of the policy network design. - Insufficient Description of the Policy Network: The paper provides a relatively concise description of the policy network, lacking in-depth details, which might hinder readers from fully understanding the workings of the method and its potential advantages. - Inadequate Experimental Setup: The paper does not offer detailed information related to actions and reward settings in the experiments, which is crucial for evaluating the effectiveness of the reinforcement learning portion. In summary, these points highlight potential shortcomings in the paper concerning method description, evidence of novelty, and experimental setup. They offer specific directions for improvement to the authors, aiming to enhance the persuasiveness of the paper and provide a clearer conveyance of their research outcomes.

[questions] - The paper strongly emphasizes the role of ""contact"" in nonprehensile manipulation. How does this emphasis differ in importance from its role in grasping tasks? - The description of the policy network is relatively concise. Could the authors provide more details on its design and working principles?

[summary] The paper introduces CORN, a Contact-based Object Representation for Nonprehensile Manipulation of General Unseen Objects. The system combines deep reinforcement learning with a novel contact-based object representation to effectively manipulate a variety of shapes and sizes of objects. The key innovation lies in the use of a lightweight patch-based Transformer architecture to process point clouds, enabling large-scale parallel training across thousands of environments. The efficacy of CORN is validated through a series of experiments, demonstrating zero-shot transferability to novel real-world objects."	Thank you for your thoughtful comments and suggestions. We addressed your comments, and would like to provide additional details regarding your questions as follows: > (W1) Lack of Unique Design for Complex Operations: The paper emphasizes in the introduction that its approach can execute more complex robotic arm operations than prior grasping work. However, in the method description, there appears to be no clear unique design to directly support this motivation, raising doubts about the novelty and effectiveness of the method. - We’d like to highlight two unique design choices made to address the complexity of the non-prehensile manipulation task: the model architecture and object representation learning. - The complexity of contact dynamics of non-prehensile manipulation necessitates closed-loop feedback control. However, training such a dense, closed-loop policy is expensive in terms of both time and compute cost. To address this, we first adopt a patch-based transformer architecture, for the first time among works in point-cloud-based robot manipulation. This accelerates the training process and reduces the training time remarkably, as shown in Figure 7. - Secondly, we obser...	"Thank you for your thoughtful comments and suggestions. We addressed your comments, and would like to provide additional details regarding your questions as follows: > (W1) Lack of Unique Design for Complex Operations: The paper emphasizes in the introduction that its approach can execute more complex robotic arm operations than prior grasping work. However, in the method description, there appears to be no clear unique design to directly support this motivation, raising doubts about the novelty and effectiveness of the method. - We’d like to highlight two unique design choices made to address the complexity of the non-prehensile manipulation task: the model architecture and object representation learning. - The complexity of contact dynamics of non-prehensile manipulation necessitates closed-loop feedback control. However, training such a dense, closed-loop policy is expensive in terms of both time and compute cost. To address this, we first adopt a patch-based transformer architecture, for the first time among works in point-cloud-based robot manipulation. This accelerates the training process and reduces the training time remarkably, as shown in Figure 7. - Secondly, we observe that non-prehensile manipulation is highly sensitive to the knowledge of contact between the object and the robot. To reflect this, we adopt a novel contact-based pretraining task. Together with our model architecture, we demonstrate significant efficiency gains as a result of adopting our pretraining scheme. > (W2) Overemphasis on ""Contact"": While the authors place particular emphasis on the importance of ""contact"" in nonprehensile operations, it seems that the equally vital role of ""contact"" in grasping tasks has not been adequately considered. This imbalanced emphasis may impact the comprehensiveness of the method and its practical applicability. > > (Q1) The paper strongly emphasizes the role of ""contact"" in nonprehensile manipulation. How does this emphasis differ in importance from its role in grasping tasks? - Non-prehensile manipulation requires careful choice of contacts, i.e. sequence of contact mode switches which defines what forces the robot can apply to the object. We strongly encourage the reviewer to check out the video of our method operating in the real world[[https://sites.google.com/view/contact-non-prehensile](https://sites.google.com/view/contact-non-prehensile/)]: this is in stark contrast with grasping with a parallel jaw gripper, which typically only involves approaching an object and closing the gripper. > (W3) Questioning the Novelty of Point Cloud Processing: The paper utilizes a Transformer-based architecture to process point cloud data, but this approach does not appear groundbreaking, emphasizing the need for a more detailed description of the policy network design. - Most prior works in robot manipulation actually only use PointNet-based architectures. We explore the choice of point cloud processing architecture, and show that patch-based transformer greatly improves computational efficiency in our domain, by about 8x in terms of model inference time and more than 20x in terms of policy training. To our knowledge, we are the first ones to demonstrate the efficacy of patch-based transformer in point-cloud based robot manipulation. > (W4) Insufficient Description of the Policy Network: The paper provides a relatively concise description of the policy network, lacking in-depth details, which might hinder readers from fully understanding the workings of the method and its potential advantages. > > (Q2) The description of the policy network is relatively concise. Could the authors provide more details on its design and working principles? - We apologize for missing the details, and updated the paper to include additional details. The policy starts with an initial cross-attention layer against the tokens of the current task context(joint state, previous action, goal, and physics parameters) to extract task-relevant information from the patch-level embeddings. The resulting features are concatenated again with the task context, which are then processed by an MLP(multi-layer perception) before being fed to actor and critic networks. Given that our focus is on the point-cloud processing representation model, we placed less emphasis on the policy network architecture when describing our model. We have now added extra details about the policy network to facilitate the reader’s understanding of our model. (Figure 5. & Section 3.1)

> (W5) Inadequate Experimental Setup: The paper does not offer detailed information related to actions and reward settings in the experiments, which is crucial for evaluating the effectiveness of the reinforcement learning portion. In summary, these points highlight potential shortcomings in the paper concerning method description, evidence of novelty, and experimental setup. They offer specific directions for improvement to the authors, aiming to enhance the persuasiveness of the paper and provide a clearer conveyance of their research outcomes. - We appreciate the reviewer’s feedback regarding the necessity of additional details on the action-space. We have added a paragraph in the appendix that describes the structure of the action-space for the robot (Appendix A.2). However, we already provide a detailed breakdown of the reward function in section 4.1, and include relevant hyperparameters in Table A.1 (Appendix A.7), and we’d appreciate it if the reviewer could clarify which part of the reward function requires further clarification.

We appreciate the reviewer’s effort in providing the review. Unfortunately, the reviewer seems to have a major misunderstanding about our paper and raised concerns based on this misunderstanding. First, our goal is not to learn a “collision-free policy” that computes a collision-free motion. As the title of our paper and Figure 1 on page 2 suggest, our problem is that of non-prehensile manipulation, and object manipulation cannot be done without making contact with an object (We suggest the reviewer to checkout the video of our robot performing the task of interest: [https://sites.google.com/view/contact-non-prehensile](https://sites.google.com/view/contact-non-prehensile)). In particular, our problem involves learning where to contact the object and how to apply forces to an object, which involves deliberately colliding with the object. The key aspect of this problem, therefore, is knowing where the robot has contacted the object because that tells us what forces the robot can apply to the object. Our contribution is the design of pretext task and neural network architecture tailored to detect such contacts. The reviewer raised two concerns based on this misunderstanding. The first was the naming of our method (it has “contact-based” in it). We hope the reasoning above tells you why contact-based representation is important. The second is whether our contact predictor generalizes to novel objects, because even a small mistake would make the robot collide with the object. We hope the reviewer now has a better understanding of the task, and how this would not be an issue. > (W1) The novelty of this work is marginal. basically, it just applies point-cloud-based reinforcement learning to non-prehensile manipulation tasks. - While there have been approaches that consider point-cloud-based RL in robot manipulation, no prior work has solved closed-loop non-prehensile manipulation of general objects. The inherent complexity in contact dynamics between the object, robot and the environment in non-prehensile manipulation renders naive RL application to be prohibitively expensive in our domain without nontrivial design choices, as seen in our results (Figure 7). As such, no prior work has demonstrated the generalization over diverse object geometries with closed-loop feedback control in this domain. > (W2) The generation of the collision label is questionable with the coverage of the collision states, i.e., if this work truly aims for generalization on unseen objects, I wonder how the collision prediction network be generalized to the unseen geometry. Besides, if the contact network is trained as a guide for the encoder, how does it guarantee to generate a collision-free policy? The collision decoder itself is not perfect (due to the coverage issue and neural network prediction), and the influence on the encoder is indirect (leads to less perfect), not to mention the policy is distilled from the teacher network to the student network (even less perfect). > Can collision network generalize to unseen object geometry? How can we ensure that the policy can precisely avoid collision despite errors coming from factors like (indirect guidance, limited coverage and approximation error from distillation)? - Yes. Our network generalizes to unseen geometry, as evident in our experimental results. All except one of real-world objects are unseen, and the simulation test setting involves novel objects as well. We kindly encourage the reviewer to give a read of our experiment section. > (W3) Then, though the authors have conducted extensive baseline methods on the encoder side, in my opinion, they should also discuss different decoder schemes to justify the ""contact-based"" name. For example: > > (a). the encoder is directly trained by the policy network? That is, no contact decoder to pretrain the encoder. > > (b). the decoder is a geometry reconstruction network. In this sense, the encoder can capture the geometry information of the object point cloud and hand. I see no apparent reason why the ""action and rewards"" cannot be done with such kinds of decoders. - The baselines you mentioned have already been implemented in the experiment section. - In Section 4.2, the End-to-end (E2E) baseline is the one that the encoder is directly trained by the policy network i.e. RL objective. This corresponds to option (a) from your recommendation. - In Section 4.2, the Point2Vec (P2V) baseline represents the pretraining scheme where the encoder is trained on shape-reconstruction objectives. Point2Vec learns shape representation by reconstructing the latent shape embeddings (similar to data2vec[1]). This corresponds to option (b) from your recommendation. - Ours outperform these both in terms of data and computational efficiency. (Figure 7) [1] Baevski, Alexei, et al. ""Data2vec: A general framework for self-supervised learning in speech, vision and language."" *International Conference on Machine Learning*. PMLR, 2022"	"We thank the reviewer for the effort and positive assessment of our work. > (W1) The model takes the difference between current object pose and target object pose as input. This can bring significant engineering challenge since object segmentation and pose tracking in the real world can be difficult. However, the authors documented their approach very well in Sec. A.3. > > (W2) The method only works on object well separated from clutter on a tabletop. This is related to the above assumption for the object pose, since having more than one object in close contact will make object segmentation and pose tracking even more challenging. We agree that segmentation and pose tracking are significant engineering challenges, and we appreciate the reviewer for recognizing the documentation of our approach. We are also hopeful that recent advances in foundational vision models, such as SAM[1] or POPE[2] can facilitate object pose tracking and segmentation to be more generally accessible for robot manipulation in the future, particularly for the challenges such as segmenting non-singulated objects. > (Q1) What is the coordinate frame of the hand pose input? Since the hand pose is sampled near the object to ensure good data balance for contact/no contact during pre-training, will the hand pose go out of distribution during policy learning? The hand pose is represented in the world frame. Since the poses are sampled from the workspace during pre-training, it does not actually go out of distribution during policy learning. > (Q2) In Figure 7, is the scale of the success rate the same for the two plots? It seems that the final success rate doesn’t match up for the green, red, purple and brown curves. There was a small bug in the plotting code, which has been now addressed. We updated Figure 7 and made minor adjustments on reported metrics in Section 4.2. Thank you for catching that! > (Q3) Which simulator is used? I didn’t find it in the paper. We used Isaac Gym. We added the reference to the simulation in Section 3.1. [1] Kirillov, Alexander, et al. ""Segment anything.”, ****Proceedings of the IEEE/CVF International Conference on Computer Vision (ICCV), 2023, pp. 4015-4026 [2] Fan, Zhiwen, et al. ""POPE: 6-DoF Promptable Pose Estimation of Any Object, in Any Scene, with One Reference."" *arXiv preprint arXiv:2305.15727* (2023).

> (W5) Inadequate Experimental Setup: The paper does not offer detailed information related to actions and reward settings in the experiments, which is crucial for evaluating the effectiveness of the reinforcement learning portion. In summary, these points highlight potential shortcomings in the paper concerning method description, evidence of novelty, and experimental setup. They offer specific directions for improvement to the authors, aiming to enhance the persuasiveness of the paper and provide a clearer conveyance of their research outcomes. - We appreciate the reviewer’s feedback regarding the necessity of additional details on the action-space. We have added a paragraph in the appendix that describes the structure of the action-space for the robot (Appendix A.2). However, we already provide a detailed breakdown of the reward function in section 4.1, and include relevant hyperparameters in Table A.1 (Appendix A.7), and we’d appreciate it if the reviewer could clarify which part of the reward function requires further clarification.

> Let me explain why I think the contact-based is not proper, or at least not clear. > > First, contact is a kind of state when the robot gripper/hand touches the surface of the objects. It is not a state where the gripper is away from the object's surface or inside the object's surface. We can distinguish these states with the term ""collision"". ""contact"" is surely in ""collision"", but ""collision"" is not ""contact"". ""contact"" is an intermediate state between ""in-collision"" and ""collision-free"". In my view, the author misuses these two terms. I suggest the author refer to Springer Handbook of Robotics, Contact Modeling and Manipulation, and check related sections. ([https://link.springer.com/referenceworkentry/10.1007/978-3-540-30301-5_28](https://link.springer.com/referenceworkentry/10.1007/978-3-540-30301-5_28)) > > In the domain of robotics, the term ""contact"" has a special meaning. It refers to the contact interface. If the authors only use the word ""contact"" as a normal verb, as they did at the end of Sec. 3.2, ""A patch is labeled as 'collision' if any point within it contacts the gripper"", and use contact/collision interchangeably, I can accept that, but please make it clear. > > I have a feeling it is the same reason why reviewer LafH thinks this term usage is problematic. But I will only speak for myself. * The main point raised by the reviewer here is to disambiguate the use of “contact” (for signed distance d == 0) and “in-collision” (d≤0). We agree that this disambiguation is important in collision-free motion planning, where the penetration depth is used to define the cost function for trajectory optimization, for instance. We use the two terms interchangeably in our setup, since there’s little point in discriminating the two conditions in our task. * As we train an RL agent, the training process occurs primarily through robot-object interaction. In real-world interactions, penetration between objects cannot occur; and in a simulation, the momentary penetrations are handled by the physics engine itself during contact resolution. Thus, from the perspective of the agent, there’s no need to disambiguate the two conditions (d==0, d≤0). * That being said, we appreciate the reviewer’s suggestions on clarity. We have updated Section 3.2 to communicate that the pre-training labels primarily consider penetration between objects. > Another way to interpret this is that the contact surface is indirectly determined by in-collision/collision-free, just like how SDF indirectly defines the surface by inside/outside indicators. In this sense, it will raise the issue of generalization to unseen geometry, which happens to SDF-based 3D reconstruction tasks. Of course, I noticed the claim of generalization to unseen geometry in the main paper, but the objects used are quite similar to trained objects. I just don't think it will generalize to a larger object set (it already does not perform well on slightly complex objects, Table 1). * We appreciate the reviewer’s concern that SDF-based 3D reconstruction tasks often suffer from generalization. Of course, it’s only natural that representations learned through neural nets would be bound to generalize within the distribution of objects similar to the training set. However, we’d like to clarify that our objective is to predict the collision between *local* patches and the robot gripper, rather than the much harder task of predicting the *global* implicit shape. This type of *locality* is often utilized in prior works[1,2] as a key ingredient to generalizing across diverse shapes, as the geometry of local parts tends to be quite commonly shared across different objects in a combinatorial manner, thus boosting the generalization over different shapes. * While the reviewer wonders whether the performance drop on “complex” objects is due to the difficulty of generalizing to objects of complex shapes — which could be partly true — we believe that this has more to do with the severe occlusion and dynamic instability of objects rather than the difficulty of our representation to generalize to complex geometry, as discussed in Limitations (Section 4.2)."				
6.200	5JWAOLBxwp__r04	An Intuitive Multi-Frequency Feature Representation for SO(3)-Equivariant Networks	6: marginally above the acceptance threshold	4: You are confident in your assessment, but not absolutely certain. It is unlikely, but not impossible, that you did not understand some parts of the submission or that you are unfamiliar with some pieces of related work.	partially_fixed	priority_secondary_structured	structured=partially_fixed; issue_ledger=unresolved		regressed	partially_fixed	fixed	partially_fixed	unresolved	partially_fixed	"[weaknesses] There are some minor questions. 1. The proposed component is always applied together with the existing VN module. Is it possible to work by its alone? If so, how to extend it? 2. Since the construction of transformation function D is related to different frequencies. However, in the evaluation, there is a lack of concrete experiments to deeply analyse how such frequency-based function can help the network to learn more discriminative features. Although most of downstream tasks have excellent performance, it is unclear what type of features are learned while keeping the SO(3) equivariance. 3. All experiments are conducted on very small-scale point clouds like objects. Is it possible to scale up the proposed method on larger scale 3D point clouds such as room-level ScanNet/S3DIS datasets or even urban-level SensatUrban dataset? If not, what are the potential reasons? 4. In Section 2.2, the last line states that ""Our feature representation can xxxx, which is not equivariant, so that it is equivariant"". It's suggested to clarify the point? 5. In page 4, the section ""Theorem 1."", you may need to remove the word ""theorem""?

[questions] Details in weaknesses.

[summary] The paper introduces an equivariant feature representation to map per 3D point to a high-dimensional feature vector, which is supposed to be more capable to represent rich point information. Extensive experiments are conducted to verify the effectiveness in multiple tasks: point cloud completion, 3D shape compression, normal estimation, point cloud registration, and point cloud classification and segmentation. The results are very positive."	**Weaknesses:** > **Weakness 1.** The proposed component is always applied together with the existing VN module. Is it possible to work by its alone? If so, how to extend it? > --- Yes, the proposed component can operate without VN module. For instance, in our spherical shape regression experiment (see Appendix G.2), we demonstrated this capability without relying on the VN module. > **Weakness 2.** Since the construction of transformation function D is related to different frequencies. However, in the evaluation, there is a lack of concrete experiments to deeply analyse how such frequency-based function can help the network to learn more discriminative features. Although most of downstream tasks have excellent performance, it is unclear what type of features are learned while keeping the SO(3) equivariance. > --- Thank you for pointing this out. I think this is an important analysis that we have missed. To do this, we have an additional experiment on shape completion that compares which features are responsible for completing which part of the shape. We would expect that the low-frequency features would pick up on low-frequency regions of the shape (i.e. regions where shape doe...	"**Weaknesses:** > **Weakness 1.** The proposed component is always applied together with the existing VN module. Is it possible to work by its alone? If so, how to extend it? > --- Yes, the proposed component can operate without VN module. For instance, in our spherical shape regression experiment (see Appendix G.2), we demonstrated this capability without relying on the VN module. > **Weakness 2.** Since the construction of transformation function D is related to different frequencies. However, in the evaluation, there is a lack of concrete experiments to deeply analyse how such frequency-based function can help the network to learn more discriminative features. Although most of downstream tasks have excellent performance, it is unclear what type of features are learned while keeping the SO(3) equivariance. > --- Thank you for pointing this out. I think this is an important analysis that we have missed. To do this, we have an additional experiment on shape completion that compares which features are responsible for completing which part of the shape. We would expect that the low-frequency features would pick up on low-frequency regions of the shape (i.e. regions where shape does not change much), and vice-versa. Our composite feature is a concatenation of $n=3,5,7,9$ dimensional features (See Appendix E.1.1 for how we make the concatenation). The composite feature is then processed through a three-layer MLP to predict occupancy values in an occupancy network. To visualize the contribution of each feature dimension on the completed shape, we compute the gradient magnitude of the occupancy predictions with respect to our feature representation of the surface points on the reconstructed mesh for each $n$. More concretely, we have $\psi_3(x), \psi_5(x), \psi_7(x), \psi_9(x)$ where $x \in R^3$ is a surface point and $\psi_n(x)$ ($R^3→R^n$) is our feature presentation with $n$ number of dimensions. These four features are concatenated and processed by MLP to predict occupancy $o=f(\phi_3,\phi_5,\phi_7,\phi_9)$ where $f$ is MLP. Then, gradient used for visualization is $\partial o/ \partial \phi_3$, $\partial o / \partial \psi_5$, $\partial o / \partial \psi_7$, $\partial o / \partial \psi_9$. This visualization was performed individually for each feature. The greater the magnitude of the gradient, the more yellow it is. [Anonymous link for the visualization 1](https://drive.google.com/file/d/16AMhfh-776A3xWXtOntDNGE73i7gBhUu/view?usp=sharing) [Anonymous link for the visualization 2](https://drive.google.com/file/d/1sGpR5L6kGF0DvLsdGDJCJyfe4TdlUvGb/view?usp=sharing) [Anonymous link for the visualization 3](https://drive.google.com/file/d/1NzoRLiLpYIshvFQwZKD-EY2ExDIulm71/view?usp=sharing) Our findings indicate that the lower-dimensional features, particularly for *n*=3 and *n*=5, predominantly capture the more expansive and volumetric components of the meshes, such as the torso and back of these objects. In contrast, the higher-dimensional features at *n*=7 and *n*=9 tend to focus on finer and more intricate details, such as facial features. These results offer valuable insights into the network's ability to differentiate between broad structural elements and detailed features of the meshes, reinforcing the effectiveness of frequency-based feature mappings in an SO(3) equivariant learning context. [1] The Stanford 3D Scanning Repository, https://graphics.stanford.edu/data/3Dscanrep/ > **Weakness 3.** All experiments are conducted on very small-scale point clouds like objects. Is it possible to scale up the proposed method on larger scale 3D point clouds such as room-level ScanNet/S3DIS datasets or even urban-level SensatUrban dataset? If not, what are the potential reasons? > --- While our method is applicable to scene-level tasks, we focused on object orientations because rotating the entire scene is less common in practice — you typically have oriented objects, not scenes. This is because in most cases the floor orientation defines the canonical orientation for scenes, and you can simply detect the floor and correct it to the canonical orientation. > **Weakness 4.** In Section 2.2, the last line states that ""Our feature representation can xxxx, which is not equivariant, so that it is equivariant"". It's suggested to clarify the point? > --- We have clarified it as “However, conventional Fourier basis is not SO(3) equivariant. Our feature representation guarantees equivariance, **and** captures multiple frequencies“

> **Weakness 2-2.** Instead, what is known to cause issues with capturing fine details in neural fields is global representations. To fight this, many methods focus on partitioning the shape or scene into smaller regions and representing each of them with a local function, like switching from occnet to conv-occnet. In fact, there have been several follow up works to VN that try to do that. Other works tried to improve the encoder too. These works are not mentioned in the submission but should be discussed and compared with: [1,2,3,4]. > --- Our feature representation, FER, can be integrated into any one of the methods you cited. We applied our method to one of the recent VN-based methods you referenced, GraphONet [1], and observed enhanced performance, reinforcing the effectiveness of our approach. The result for GraphONet is 56.0% and 57.6% for FER-GraphONet, which shows 1.6% improvement. The results demonstrated that our proposed feature representation further improves performance when used with the state-of-the-art methods you cited. The code for this experiment is also publicly available, and we will include this result in the paper. Details of this experiment: We select 5 meshes from Stanford 3D scanning repository [2], and generate a dataset with 300 surface points and 1024 query points to evaluate occupancy. All meshes are normalized in scale, and we use query points generated by adding small Gaussian noise to the surface points. We train GraphONet baseline and FER-GraphONet, which is a variant of GraphONet by integrating our proposed feature representation (FER). We apply a feature dimension of 8 (3+5). To evaluate representation power, we have adopted a test setting of the occupancy network, where reconstruction quality is evaluated on the meshes used in training. For the evaluation metric, we use volumetric intersection over union (IoU). [1] Chen, Yunlu, et al. ""3d equivariant graph implicit functions."" *European Conference on Computer Vision*. Cham: Springer Nature Switzerland, 2022. [2] The Stanford 3D Scanning Repository, https://graphics.stanford.edu/data/3Dscanrep/ > **Weakness 3.** It is perhaps my misunderstanding, but it seems the lifting to R^N replaces the principal axes in R^3 with a 3-dim subspace in R^N. Why then is this helpful? > --- In our response to Weakness 2-1, we explained why multi-frequency features such as ours are important. In this context, our method's approach of “lifting to R^N replaces the principal axes in R^3 with a 3-dim subspace in R^N” is not just mapping vectors to higher-dimensional subspace, but doing it in a way that captures multiple frequencies, as evident in Theorem 2, all the while guarantee equivariance. > **Weakness 4.** The compression experiment is a bit unclear to me. There’s no report of the compression ratio — how much is the original pointcloud compressed wrt the embedding? It seems to measure reconstruction on the train set rather than compression. > --- Thank you for pointing this out. We acknowledge the confusion stemming from the use of the term ""compression"" and appreciate the opportunity for clarification. In our context, we were primarily interested in measuring the representation capability of different networks, which can be measured using the reconstruction performance. To address your concern regarding compression ratio, we have conducted an additional experiment where we match the embedding size of all the methods, thus having the same compression ratio, and try to evaluate their reconstruction (i.e. decompression) performance. In the result, we observe that our method achieves the highest IoU while having the same compression ratio. | Model type | Input size | Embedding size | Compression ratio | IoU (%) | | --- | --- | --- | --- | --- | | OccNet | 300 x 3 = 900 | 513 | 57% | 67.5 | | VN-OccNet | 300 x 3 = 900 | 171 x 3 = 513 | 57% | 73.4 | | FER-OccNet (n=3+5) | 300 x 3 = 900 | 64 x 8 = 512 | 57% | 77.3 | > **Minor weakness 1.** The presentation should be more accurate. Sentences like “Equivariant neural networks (NN) change the output accordingly when the point cloud input is rotated without additional training.” are not accurate. Equivariant NN are more general than that. Here the authors refer specifically to point cloud networks that are rotation equivariant. > --- You are correct. Not all equivariance is about rotations. We will correct these. > **Minor weakness 2.** why is z/z not shown for part segmentation? > --- Because the purpose is to demonstrate SO(3)-equivariant capability of different models, which can only be assessed in z/SO(3) and SO(3)/SO(3).

**Weaknesses:** > **Weakness 1.** The paper's presentation is one of the main reasons for my low rating. It is possible that I did not understand some important insights, but given my relatively broad background in the field, this suggests that the authors did not do an adequate job of presenting and conveying their ideas to the reader. Key issues include the lack of a clear motivation, insufficient highlighting of limitations in existing solutions, inadequate consideration of the suggested design choices, and—most importantly—an outdated comparison with relevant literature > --- We apologize for the confusion. Let us explain our motivation and limitations of existing methods: - Previous SO(3) equivariant networks either use - (1) an expressive high-dimensional frequency-based feature representation but a specific architecture to guarantee equivariance (TFN, SE(3)-transformers). This makes it difficult to utilize the state-of-the-art architectures. - (2) a flexible architecture (Vector neurons) but must be used with low-dimensional feature representation that cannot capture details in 3D shapes (explained in depth in subsequent questions). - It is possible to use the feature representation used in TFN or SE(3)-transformers together with Vector Neurons. Another alternative is to use Fourier basis features, which is another frequency-based feature representation, with Vector Neurons. - However, we found it is difficult to take certain components from methods referenced in (1) without a background in representation theory and quantum mechanics (e.g. the use of Wigner-D matrix and Clebsch-Gordan (CG) product in particular). Fourier features, on the other hand, are intuitive but do not guarantee equivariance. - Our contribution is an intuitive and expressive frequency-based feature representation that is provably equivariant and can be used with a flexible architecture, namely Vector Neurons. For the outdated comparison, we have conducted additional comparison experiments which is described in the response to Weakness 2-2. > **Weakness 2-1.** The description of the limitation of VN is not clear. VN embeds features in a high dimensional space. But instead of using a n-dim vector, they use a nx3 matrix to keep the rotation operation in its same form as in the input space. It is thus my understanding that the representation capacity shouldn’t be smaller than any other global-embedding network which maps inputs to a high n-dim space. Therefore, i couldn’t quite understand the authors claim about VN having “3dim” features. First, I don’t think this is an accurate description of the dimensionality of VN, but more importantly i don’t understand how the fact that the vectors in the list live in 3 dimensions is causing issues with representing geometric details. I’ll try to give an intuitive example. Imagine a very dense pointcloud that captures fine details of the shape. Such a pointcloud may have 10^6 points and these points may live in 3D. My point is, the fact that the points live in R^3 isn’t itself a problem for capturing these details. > --- What we meant by 3-dimensional feature is that the feature representation of ***each point in the point cloud*** has 3 dimensions. Indeed, because you have $n$ number of points, the total input may have size $n*3$. However, the fact that the feature of each point is limited to 3 is a problem, as it limits the expressivity especially when we are describing 3D shapes. This is a well-known issue and is referred to as *spectral bias,* which states that neural networks tend to favor low-frequency functions, making the approximation of high-frequency details challenging [1]. One solution to this problem is to map the 3D input to a higher dimensional space using a Fourier basis as done in several papers, including NeRF [2]. However, this mapping does not guarantee equivariance. Our approach can be seen as feature mapping that enables capturing multiple frequencies, with an equivariance guarantee. We have a more in-depth explanation below on why 3-dimensional input is a problem. Please read on if you think this rather short explanation is unsatisfying."	"**Questions:** > **Question 1.** What is meant by “$R^z(\hat{u})$ is a rotation matrix defining the orientation measured from the $z$-axis to $\hat{u}$.” Is it the 2D rotation about the axis $z \times \hat{u}$ that aligns the $z$-axis and $\hat{u}$? > --- Correct. Sorry for the confusion. In the axis-angle representation of $R^z(\hat{u})$, the axis is a unit vector aligned with $\hat{z} \times \hat{u}$ where $\hat{z}=[0,0,1]$ is unit vector for z-axis, and the angle is the one between $\hat{z}$ and $\hat{u}$. > **Question 2.** It seems like the map is from SO(3) to a subspace of SO(n) is that right? > --- The map is indeed from the SO(3) group to a subgroup of SO(n). > **Question 3.** Is the axis arbitrarily selected? > --- Yes. Axes in high-dimensional space are determined by $J_1, J_2$ and $J_3$, which are arbitrarily sampled from Algorithm 1 $ConstructJ_1,J_2,J_3$. > **Question 4.** Createsearchspace from Algo 2 is not described in the text, how does this work? > --- Thank you for pointing out the lack of clarity regarding the ""Createsearchspace"" function in Algorithm 2. We have described this in Appendix F, but we acknowledge that it was not as clear. In essence, the ""Createsearchspace"" function operates as follows: 1. **Selection of Constraints**: We begin by selecting a subset of constraints from Theorem 1 that can be represented as linear relations concerning $J_1$ and $J_2$. This relation is described in Equation 15 in our paper. 2. **Construction of Search Space**: With these linear constraints, we then proceed to construct the search space for $J_1$ and $J_2$. This involves identifying the null space of the linear system formed by these constraints. The null space provides us with a range of possible values for $J_1$ and $J_2$ that satisfy the constraints. In the revised version of our manuscript, we will elaborate on this process to ensure that the methodology behind the ""Createsearchspace"" function is transparent and easily understandable. > **Question 5.** In section D, readers are referred to the proof of Thm 1 for the proof of Prop 1, but the proof of Thm 1 does not prove Prop 1. > --- We apologize for the confusion. This has been fixed in the updated paper. We separately wrote the proof of Prop 1 in section D. > **Question 6.** Are $\hat{u}$ and $\vec{u}$ used interchangeably in section 3? It would be clearer if the notation were consistent > --- They are not interchangeable. $\vec{u} \in \mathbb{R}^3$ is a input point, and $\hat{u} = \vec{u} / ||\vec{u} ||$ is a unit vector of $\vec{u}$, so they are different. However, they both can be applicable for $\psi$. So, for example, given the definition of $\psi(\vec{u})=||\vec{u}||D(R^z(\hat{u}))\hat{e}$, $\psi(\hat{u})=||\hat{u}||D(R^z(\hat{u}))\hat{e} = D(R^z(\hat{u}))\hat{e}$ since $||\hat{x}||$ is 1. > **Question 7.** Should “axes ψ(ˆx), ψ(ˆy), and ψ(ˆz)” be “axes ψ(F_1), ψ(F_2), and ψ(F_3)”? If not what does .^ mean here? > --- $\hat{x} = [1, 0, 0]$ is a unit vector for the x-axis. And $\psi(\hat{x})= D(R^z(\hat{x}))\hat{e}$ is a unit vector in $\mathbb{R}^n$. Also, $F_i \in \mathbb{R}^{3 \times 3}$ is a matrix and cannot be an input for $\psi(\cdot)$, and as far as we know, we have never used such notation.

**Weaknesses:** > **Weakness 1.** The proposed component is always applied together with the existing VN module. Is it possible to work by its alone? If so, how to extend it? > --- Yes, the proposed component can operate without VN module. For instance, in our spherical shape regression experiment (see Appendix G.2), we demonstrated this capability without relying on the VN module. > **Weakness 2.** Since the construction of transformation function D is related to different frequencies. However, in the evaluation, there is a lack of concrete experiments to deeply analyse how such frequency-based function can help the network to learn more discriminative features. Although most of downstream tasks have excellent performance, it is unclear what type of features are learned while keeping the SO(3) equivariance. > --- Thank you for pointing this out. I think this is an important analysis that we have missed. To do this, we have an additional experiment on shape completion that compares which features are responsible for completing which part of the shape. We would expect that the low-frequency features would pick up on low-frequency regions of the shape (i.e. regions where shape does not change much), and vice-versa. Our composite feature is a concatenation of $n=3,5,7,9$ dimensional features (See Appendix E.1.1 for how we make the concatenation). The composite feature is then processed through a three-layer MLP to predict occupancy values in an occupancy network. To visualize the contribution of each feature dimension on the completed shape, we compute the gradient magnitude of the occupancy predictions with respect to our feature representation of the surface points on the reconstructed mesh for each $n$. More concretely, we have $\psi_3(x), \psi_5(x), \psi_7(x), \psi_9(x)$ where $x \in R^3$ is a surface point and $\psi_n(x)$ ($R^3→R^n$) is our feature presentation with $n$ number of dimensions. These four features are concatenated and processed by MLP to predict occupancy $o=f(\phi_3,\phi_5,\phi_7,\phi_9)$ where $f$ is MLP. Then, gradient used for visualization is $\partial o/ \partial \phi_3$, $\partial o / \partial \psi_5$, $\partial o / \partial \psi_7$, $\partial o / \partial \psi_9$. This visualization was performed individually for each feature. The greater the magnitude of the gradient, the more yellow it is. [Anonymous link for the visualization 1](https://drive.google.com/file/d/16AMhfh-776A3xWXtOntDNGE73i7gBhUu/view?usp=sharing) [Anonymous link for the visualization 2](https://drive.google.com/file/d/1sGpR5L6kGF0DvLsdGDJCJyfe4TdlUvGb/view?usp=sharing) [Anonymous link for the visualization 3](https://drive.google.com/file/d/1NzoRLiLpYIshvFQwZKD-EY2ExDIulm71/view?usp=sharing) Our findings indicate that the lower-dimensional features, particularly for *n*=3 and *n*=5, predominantly capture the more expansive and volumetric components of the meshes, such as the torso and back of these objects. In contrast, the higher-dimensional features at *n*=7 and *n*=9 tend to focus on finer and more intricate details, such as facial features. These results offer valuable insights into the network's ability to differentiate between broad structural elements and detailed features of the meshes, reinforcing the effectiveness of frequency-based feature mappings in an SO(3) equivariant learning context. [1] The Stanford 3D Scanning Repository, https://graphics.stanford.edu/data/3Dscanrep/ > **Weakness 3.** All experiments are conducted on very small-scale point clouds like objects. Is it possible to scale up the proposed method on larger scale 3D point clouds such as room-level ScanNet/S3DIS datasets or even urban-level SensatUrban dataset? If not, what are the potential reasons? > --- While our method is applicable to scene-level tasks, we focused on object orientations because rotating the entire scene is less common in practice — you typically have oriented objects, not scenes. This is because in most cases the floor orientation defines the canonical orientation for scenes, and you can simply detect the floor and correct it to the canonical orientation. > **Weakness 4.** In Section 2.2, the last line states that ""Our feature representation can xxxx, which is not equivariant, so that it is equivariant"". It's suggested to clarify the point? > --- We have clarified it as “However, conventional Fourier basis is not SO(3) equivariant. Our feature representation guarantees equivariance, **and** captures multiple frequencies“

> **Weakness 2-2.** Instead, what is known to cause issues with capturing fine details in neural fields is global representations. To fight this, many methods focus on partitioning the shape or scene into smaller regions and representing each of them with a local function, like switching from occnet to conv-occnet. In fact, there have been several follow up works to VN that try to do that. Other works tried to improve the encoder too. These works are not mentioned in the submission but should be discussed and compared with: [1,2,3,4]. > --- Our feature representation, FER, can be integrated into any one of the methods you cited. We applied our method to one of the recent VN-based methods you referenced, GraphONet [1], and observed enhanced performance, reinforcing the effectiveness of our approach. The result for GraphONet is 56.0% and 57.6% for FER-GraphONet, which shows 1.6% improvement. The results demonstrated that our proposed feature representation further improves performance when used with the state-of-the-art methods you cited. The code for this experiment is also publicly available, and we will include this result in the paper. Details of this experiment: We select 5 meshes from Stanford 3D scanning repository [2], and generate a dataset with 300 surface points and 1024 query points to evaluate occupancy. All meshes are normalized in scale, and we use query points generated by adding small Gaussian noise to the surface points. We train GraphONet baseline and FER-GraphONet, which is a variant of GraphONet by integrating our proposed feature representation (FER). We apply a feature dimension of 8 (3+5). To evaluate representation power, we have adopted a test setting of the occupancy network, where reconstruction quality is evaluated on the meshes used in training. For the evaluation metric, we use volumetric intersection over union (IoU). [1] Chen, Yunlu, et al. ""3d equivariant graph implicit functions."" *European Conference on Computer Vision*. Cham: Springer Nature Switzerland, 2022. [2] The Stanford 3D Scanning Repository, https://graphics.stanford.edu/data/3Dscanrep/ > **Weakness 3.** It is perhaps my misunderstanding, but it seems the lifting to R^N replaces the principal axes in R^3 with a 3-dim subspace in R^N. Why then is this helpful? > --- In our response to Weakness 2-1, we explained why multi-frequency features such as ours are important. In this context, our method's approach of “lifting to R^N replaces the principal axes in R^3 with a 3-dim subspace in R^N” is not just mapping vectors to higher-dimensional subspace, but doing it in a way that captures multiple frequencies, as evident in Theorem 2, all the while guarantee equivariance. > **Weakness 4.** The compression experiment is a bit unclear to me. There’s no report of the compression ratio — how much is the original pointcloud compressed wrt the embedding? It seems to measure reconstruction on the train set rather than compression. > --- Thank you for pointing this out. We acknowledge the confusion stemming from the use of the term ""compression"" and appreciate the opportunity for clarification. In our context, we were primarily interested in measuring the representation capability of different networks, which can be measured using the reconstruction performance. To address your concern regarding compression ratio, we have conducted an additional experiment where we match the embedding size of all the methods, thus having the same compression ratio, and try to evaluate their reconstruction (i.e. decompression) performance. In the result, we observe that our method achieves the highest IoU while having the same compression ratio. | Model type | Input size | Embedding size | Compression ratio | IoU (%) | | --- | --- | --- | --- | --- | | OccNet | 300 x 3 = 900 | 513 | 57% | 67.5 | | VN-OccNet | 300 x 3 = 900 | 171 x 3 = 513 | 57% | 73.4 | | FER-OccNet (n=3+5) | 300 x 3 = 900 | 64 x 8 = 512 | 57% | 77.3 | > **Minor weakness 1.** The presentation should be more accurate. Sentences like “Equivariant neural networks (NN) change the output accordingly when the point cloud input is rotated without additional training.” are not accurate. Equivariant NN are more general than that. Here the authors refer specifically to point cloud networks that are rotation equivariant. > --- You are correct. Not all equivariance is about rotations. We will correct these. > **Minor weakness 2.** why is z/z not shown for part segmentation? > --- Because the purpose is to demonstrate SO(3)-equivariant capability of different models, which can only be assessed in z/SO(3) and SO(3)/SO(3)."				
6.200	hv3SklibkL__r01	Graph Parsing Networks	3: reject, not good enough	4: You are confident in your assessment, but not absolutely certain. It is unlikely, but not impossible, that you did not understand some parts of the submission or that you are unfamiliar with some pieces of related work.	partially_fixed	priority_secondary_structured	structured=partially_fixed; issue_ledger=fixed		regressed	partially_fixed	partially_fixed	fixed	fixed	partially_fixed	"[weaknesses] Graph pooling can elegantly be cast into a compression framework and would hence benefit from an analysis of its fundamental limits based on information theory. The pooling of a graph structure (potentially with some side information as considered) here is a classical information-theoretic problem, i.e., how to best store all the information characterizing the graph in a vector of finite length or even better a bitstring of finite length. It may well be that the entire field of graph pooling as currently considered in the ML literature does not take this perspective, but reading this paper makes it clear that many of the questions asked here would benefit from such a perspective. Generally, this reviewer finds the paper to be quite ad-hoc and also it uses a lot of jargon, not always defined or consistently used. The language is also confusing in many places.

[questions] none

[summary] This paper deals with graph pooling, i.e., compressing graph information into compact representations. The paper contains a mostly experimental study of various methods. The proposed graph parsing network constitutes a novel contribution, it adaptively learns personalized pooling structures. Experimental results show that the method outperforms state of the art graph pooling methods."	"Thank you for your comments. Here is our response. > (Weakness 1) Graph pooling can elegantly be cast into a compression framework and would hence benefit from an analysis of its fundamental limits based on information theory. The pooling of a graph structure (potentially with some side information as considered) here is a classical information-theoretic problem, i.e., how to best store all the information characterizing the graph in a vector of finite length or even better a bitstring of finite length. It may well be that the entire field of graph pooling as currently considered in the ML literature does not take this perspective, but reading this paper makes it clear that many of the questions asked here would benefit from such a perspective. We didn't mention the ""information theory"" in our paper, and the graph pooling problem we studied is not close to it. > (Weakness 2) Generally, this reviewer finds the paper to be quite ad-hoc and also it uses a lot of jargon, not always defined or consistently used. The language is also confusing in many places. Our paper is not ad-hoc. We didn't use jargon in our paper, and we have defined the symbols we used. We didn't use confusing la..."	"Thank you for your comments. Here is our response. > (Weakness 1) Graph pooling can elegantly be cast into a compression framework and would hence benefit from an analysis of its fundamental limits based on information theory. The pooling of a graph structure (potentially with some side information as considered) here is a classical information-theoretic problem, i.e., how to best store all the information characterizing the graph in a vector of finite length or even better a bitstring of finite length. It may well be that the entire field of graph pooling as currently considered in the ML literature does not take this perspective, but reading this paper makes it clear that many of the questions asked here would benefit from such a perspective. We didn't mention the ""information theory"" in our paper, and the graph pooling problem we studied is not close to it. > (Weakness 2) Generally, this reviewer finds the paper to be quite ad-hoc and also it uses a lot of jargon, not always defined or consistently used. The language is also confusing in many places. Our paper is not ad-hoc. We didn't use jargon in our paper, and we have defined the symbols we used. We didn't use confusing language in our paper.

We sincerely appreciate the reviewer's considerate feedback. Here, we provide detailed responses to your concerns. > (Weakness 1) This work may be similar to the idea of [1] which considers and manipulates edges during graph pooling (i.e., making the cluster assignment matrix with edges), since this work also performs edge-centric graph pooling with the cluster assignment matrix that is generated from edges. Thank you for mentioning this work. In our updated submission (please refer to the red-colored text), we have introduced it in Introduction (paragraph 3 in Section 1) and Related Works (paragraph 1 in Appendix B). > (Weakness 2) Equation (4) lacks details on motivation. I understand that, in order to perform backpropagation with edge scores, edge scores should be added or multiplied with other learnable variables. On the other hand, it is unclear why the edge scores should be multiplied in this way (Equation (4)) and what may be the effect of this multiplication on node features. - Yes, the multiplication is for backpropagation, this approach is similar to [1] (see the last equation in Equation 2). - In this way (adding the score and then multiplying), the output cluster from graph pooling can be aware of the number of edges assigned to it through its features. - Here, we present the details of Equation 4 to enhance understanding: - Induce subgraph $\hat{G}_i^{(k)} \subseteq G^{(k)}$ from node $v_i$ means: each node $v_i$ in graph $G^{(k+1)}$ is a cluster generated by the $k$-th pooling layer, thus it corresponds to a connected subgraph $\hat{G}_i^{(k)}$ in $G^{(k)}$. - In order to allow gradients to flow into the MLP used for calculating edge scores, we aggregate the scores of all the edges $\hat{\mathcal{E}}\_i^{(k)}$ in each subgraph $\hat{G}\_i^{(k)}$. We then obtain a vector $\mathbf{y}^{(k)}\_{i} \in \mathbb{R}^{n^{(k+1)}}$ represents the score of clusters. - This vector is then replicated into a mask matrix $\mathbf{y}^{(k)} \mathbf{1}^{\mathrm{T}} \in \mathbb{R}^{n^{(k+1)} \times d}$, which matches the shape of the node feature matrix $\mathbf{\hat{X}}^{(k+1)}$. Finally, this mask is element-wise multiplied with the node feature matrix. > (Weakness 3) The authors may further perform the statistical test on the main results (Table 1 and Table 2) since the performance of the proposed GPN is comparable against other performant baselines when considering mean and standard deviations together. Following you suggestion, we performed t-tests and report the best model and its comparable models (p > 0.05) here: - Table 1: | **Dataset** | **Best model** | **Comparable models** | |---------------|----------------|-------------------------------------| | **NCI1** | **GPN** | - | | **NCI109** | **GPN** | - | | **FRANKENSTEIN** | **GPN** | EdgePool | | **PROTEINS** | **GPN** | GMT, SPGP, MinCutPool, HoscPool, SEP | | **DD** | GMT | SPGP | - Table 2: | **Dataset** | **Best model** | **Comparable models** | |-------------|----------------|--------------------------------| | **Film** | **GPN** | GCNII, GGCN, NSD | | **Cora** | GCNII | **GPN**, MixHop, H2GCN, GPRGNN, GGCN, NSD | | **CiteSeer**| Geom-GCN | **GPN**, GCNII, H2GCN, GPRGNN, GGCN, NSD | | **PubMed** | GCNII | Geom-GCN | --- > (Question 1) In Equation (10), it may be better to represent the superscript on GNN' according to its layer index, since GNN' is different across different layers. The GNN' in Equation 10 is shared across the pooling layers, thus we omitted the superscript. > (Question 2) In Figure 5, the proposed GPN is memory efficient compared to the baseline that uses the cluster assignment matrix for graph pooling. However, the GPN also uses the cluster assignment matrix for graph pooling. In this vein, I am wondering why there exists a significant difference in efficiency while both methods are similar in using the cluster assignment matrix. This is because the clustering-based methods need to store a dense assignment matrix with quadratic memory complexity (see Section 1 and Figure 1), while our model ensures linear memory complexity through the graph parsing algorithm (see paragraph 5 in Section 2.2). --- [1] Graph U-Nets, ICML 2019

Thank you for the thoughtful feedback on our manuscript. We provide the following detailed responses to your major concerns. > (Weakness 1) Time complexity. Though the paragraph above Proposition 4 claims that the time complexity of each pooling layer is $O(n^{(k)})$, the computation of edge score $C$ still takes $O(m^{(k)})$ time. The computation of the edge score $C$ indeed has complexity $\mathcal{O}(m^{(k)})$. However, it occurs before Algorithm 1, and in the paragraph above Proposition 4, we specifically focused on the time complexity of Algorithm 1 as $\mathcal{O}(n^{(k)})$. The computation of $C$ is dominated by message passing, which can be computed in parallel on GPU. On the other hand, the parsing algorithm must be executed sequentially. That's why, in our time efficiency tests, even EdgePool with $\mathcal{O}(m^{(k)})$ complexity runs very slowly when dealing with densely connected graphs. > (Weakness 2) Proposition 5 is doubtful. The argmax operator may not produce unique output when the multiset has several equal maximum elements. Thank you for pointing this out! Yes, if there are two nodes with common neighbors and their node features are exactly the same, then the output of the argmax operator cannot guarantee uniqueness. Based on your suggestion, we edited Proposition 5 and it's corresponding proof (paragraph 2 in Appendix A.2) in the updated submission, please refer to the red-colored text. Specifically, we suppose the row-wise non-zero entries in $C$ are distinct. In practice, we find that the potential violation of the permutation invariance caused by the argmax operator has a limited impact on model performance. > (Weakness 3) The performance gain in ablation study is not significant. In Table 4, the performance difference between the origin model and the model with Mean pool is smaller than the score deviation. In our ablation study, we aim to verify that the performance improvement is primarily due to the parsing algorithm we proposed and to show that our model is robust to changes in the backbone. After replacing the DeepSets module with a simpler Mean pool, the model continues to deliver strong performance, confirming its robustness to the choice of backbone and supporting our claim. --- > (Question) The argmax operator in DOM is not differentiable. How to train the whole model end-to-end? Here we describe the forward and backward passes of our model to clarify the training process: - During the forward pass, we first use GNN and MLP to compute the edge scores (Equation 1). Then we run Algorithm 1 to obtain the assignment matrix (Equation 2) and performs the multiset computation to obtain the coarsened graph (Equation 3). The final step is to compute the edge score mask (Equation 4) to ensure the gradients can flow into GNN and MLP. - Here, we further present the details of Equation 4 to enhance understanding: - Induce subgraph $\hat{G}_i^{(k)} \subseteq G^{(k)}$ from node $v_i$ means: each node $v_i$ in graph $G^{(k+1)}$ is a cluster generated by the $k$-th pooling layer, thus it corresponds to a connected subgraph $\hat{G}_i^{(k)}$ in $G^{(k)}$. - In order to allow gradients to flow into the MLP used for calculating edge scores, we aggregate the scores of all the edges $\hat{\mathcal{E}}\_i^{(k)}$ in each subgraph $\hat{G}\_i^{(k)}$. We then obtain a vector $\mathbf{y}^{(k)}\_{i} \in \mathbb{R}^{n^{(k+1)}}$ represents the score of clusters. - This vector is then replicated into a mask matrix $\mathbf{y}^{(k)} \mathbf{1}^{\mathrm{T}} \in \mathbb{R}^{n^{(k+1)} \times d}$, which matches the shape of the node feature matrix $\mathbf{\hat{X}}^{(k+1)}$. Finally, this mask is element-wise multiplied with the node feature matrix. - During the backward pass, Algorithm 1 does not run. Instead, the gradient backpropagation is performed directly. The GNN and MLP can be updated through the gradients of the edge score mask."	"We sincerely appreciate the reviewer's considerate feedback. Here, we provide detailed responses to your concerns. > (Weakness 1) This work may be similar to the idea of [1] which considers and manipulates edges during graph pooling (i.e., making the cluster assignment matrix with edges), since this work also performs edge-centric graph pooling with the cluster assignment matrix that is generated from edges. Thank you for mentioning this work. In our updated submission (please refer to the red-colored text), we have introduced it in Introduction (paragraph 3 in Section 1) and Related Works (paragraph 1 in Appendix B). > (Weakness 2) Equation (4) lacks details on motivation. I understand that, in order to perform backpropagation with edge scores, edge scores should be added or multiplied with other learnable variables. On the other hand, it is unclear why the edge scores should be multiplied in this way (Equation (4)) and what may be the effect of this multiplication on node features. - Yes, the multiplication is for backpropagation, this approach is similar to [1] (see the last equation in Equation 2). - In this way (adding the score and then multiplying), the output cluster from graph pooling can be aware of the number of edges assigned to it through its features. - Here, we present the details of Equation 4 to enhance understanding: - Induce subgraph $\hat{G}_i^{(k)} \subseteq G^{(k)}$ from node $v_i$ means: each node $v_i$ in graph $G^{(k+1)}$ is a cluster generated by the $k$-th pooling layer, thus it corresponds to a connected subgraph $\hat{G}_i^{(k)}$ in $G^{(k)}$. - In order to allow gradients to flow into the MLP used for calculating edge scores, we aggregate the scores of all the edges $\hat{\mathcal{E}}\_i^{(k)}$ in each subgraph $\hat{G}\_i^{(k)}$. We then obtain a vector $\mathbf{y}^{(k)}\_{i} \in \mathbb{R}^{n^{(k+1)}}$ represents the score of clusters. - This vector is then replicated into a mask matrix $\mathbf{y}^{(k)} \mathbf{1}^{\mathrm{T}} \in \mathbb{R}^{n^{(k+1)} \times d}$, which matches the shape of the node feature matrix $\mathbf{\hat{X}}^{(k+1)}$. Finally, this mask is element-wise multiplied with the node feature matrix. > (Weakness 3) The authors may further perform the statistical test on the main results (Table 1 and Table 2) since the performance of the proposed GPN is comparable against other performant baselines when considering mean and standard deviations together. Following you suggestion, we performed t-tests and report the best model and its comparable models (p > 0.05) here: - Table 1: | **Dataset** | **Best model** | **Comparable models** | |---------------|----------------|-------------------------------------| | **NCI1** | **GPN** | - | | **NCI109** | **GPN** | - | | **FRANKENSTEIN** | **GPN** | EdgePool | | **PROTEINS** | **GPN** | GMT, SPGP, MinCutPool, HoscPool, SEP | | **DD** | GMT | SPGP | - Table 2: | **Dataset** | **Best model** | **Comparable models** | |-------------|----------------|--------------------------------| | **Film** | **GPN** | GCNII, GGCN, NSD | | **Cora** | GCNII | **GPN**, MixHop, H2GCN, GPRGNN, GGCN, NSD | | **CiteSeer**| Geom-GCN | **GPN**, GCNII, H2GCN, GPRGNN, GGCN, NSD | | **PubMed** | GCNII | Geom-GCN | --- > (Question 1) In Equation (10), it may be better to represent the superscript on GNN' according to its layer index, since GNN' is different across different layers. The GNN' in Equation 10 is shared across the pooling layers, thus we omitted the superscript. > (Question 2) In Figure 5, the proposed GPN is memory efficient compared to the baseline that uses the cluster assignment matrix for graph pooling. However, the GPN also uses the cluster assignment matrix for graph pooling. In this vein, I am wondering why there exists a significant difference in efficiency while both methods are similar in using the cluster assignment matrix. This is because the clustering-based methods need to store a dense assignment matrix with quadratic memory complexity (see Section 1 and Figure 1), while our model ensures linear memory complexity through the graph parsing algorithm (see paragraph 5 in Section 2.2). --- [1] Graph U-Nets, ICML 2019

We sincerely appreciate the reviewer's constructive feedback and positive remarks on our work. We provide the following detailed responses to your major concerns. > (Weakness 1) It seems that GPN works well on small-sized graphs from the experimental results. Discussion on large-sized graphs is expected to be included in the paper. > (Weakness 2) If the tree is high for some large-sized graph, the performance might be worse due to over-smoothing. It is worth noting that, the PubMed dataset we tested already contains 18,717 nodes, which is not that small-sized. Following your suggestion, in the updated submission (please refer to the red-colored text), we further strengthen the discussion on large graphs in Appendix E. In short, our node classification model architecture already includes residual connections from the encoder to the decoder (see Section 2.3 and Figure 3), which can help mitigate potential over-smoothing issues on large graphs by preserving local information. > (Weakness 3) For the model itself involving GNNs, it is not clear how you train this model. Since the Reviewer UKss raised the same question, we kindly request that you refer to *Response to Reviewer UKss - Question*. --- > (Question) What does a different GNN mean in node classification? $\mathbf{H}^{(k)}$ in Eq. 3 is the same as $GNN^\prime(\mathbf{X}^{(k)}, \mathbf{A}^{(k)})$ in eq. 10. In Equation 3, the multiset computation module directly use the node feature $\mathbf{H}^{(k)}$, which is encoded by the GNN in Equation 1. While in Equation 10, the input node feature is $\mathbf{X}^{(k)}$, and we use another GNN' (different from the GNN in Equation 1) to encode it.

Thank you for the thoughtful feedback on our manuscript. We provide the following detailed responses to your major concerns. > (Weakness 1) Time complexity. Though the paragraph above Proposition 4 claims that the time complexity of each pooling layer is $O(n^{(k)})$, the computation of edge score $C$ still takes $O(m^{(k)})$ time. The computation of the edge score $C$ indeed has complexity $\mathcal{O}(m^{(k)})$. However, it occurs before Algorithm 1, and in the paragraph above Proposition 4, we specifically focused on the time complexity of Algorithm 1 as $\mathcal{O}(n^{(k)})$. The computation of $C$ is dominated by message passing, which can be computed in parallel on GPU. On the other hand, the parsing algorithm must be executed sequentially. That's why, in our time efficiency tests, even EdgePool with $\mathcal{O}(m^{(k)})$ complexity runs very slowly when dealing with densely connected graphs. > (Weakness 2) Proposition 5 is doubtful. The argmax operator may not produce unique output when the multiset has several equal maximum elements. Thank you for pointing this out! Yes, if there are two nodes with common neighbors and their node features are exactly the same, then the output of the argmax operator cannot guarantee uniqueness. Based on your suggestion, we edited Proposition 5 and it's corresponding proof (paragraph 2 in Appendix A.2) in the updated submission, please refer to the red-colored text. Specifically, we suppose the row-wise non-zero entries in $C$ are distinct. In practice, we find that the potential violation of the permutation invariance caused by the argmax operator has a limited impact on model performance. > (Weakness 3) The performance gain in ablation study is not significant. In Table 4, the performance difference between the origin model and the model with Mean pool is smaller than the score deviation. In our ablation study, we aim to verify that the performance improvement is primarily due to the parsing algorithm we proposed and to show that our model is robust to changes in the backbone. After replacing the DeepSets module with a simpler Mean pool, the model continues to deliver strong performance, confirming its robustness to the choice of backbone and supporting our claim. --- > (Question) The argmax operator in DOM is not differentiable. How to train the whole model end-to-end? Here we describe the forward and backward passes of our model to clarify the training process: - During the forward pass, we first use GNN and MLP to compute the edge scores (Equation 1). Then we run Algorithm 1 to obtain the assignment matrix (Equation 2) and performs the multiset computation to obtain the coarsened graph (Equation 3). The final step is to compute the edge score mask (Equation 4) to ensure the gradients can flow into GNN and MLP. - Here, we further present the details of Equation 4 to enhance understanding: - Induce subgraph $\hat{G}_i^{(k)} \subseteq G^{(k)}$ from node $v_i$ means: each node $v_i$ in graph $G^{(k+1)}$ is a cluster generated by the $k$-th pooling layer, thus it corresponds to a connected subgraph $\hat{G}_i^{(k)}$ in $G^{(k)}$. - In order to allow gradients to flow into the MLP used for calculating edge scores, we aggregate the scores of all the edges $\hat{\mathcal{E}}\_i^{(k)}$ in each subgraph $\hat{G}\_i^{(k)}$. We then obtain a vector $\mathbf{y}^{(k)}\_{i} \in \mathbb{R}^{n^{(k+1)}}$ represents the score of clusters. - This vector is then replicated into a mask matrix $\mathbf{y}^{(k)} \mathbf{1}^{\mathrm{T}} \in \mathbb{R}^{n^{(k+1)} \times d}$, which matches the shape of the node feature matrix $\mathbf{\hat{X}}^{(k+1)}$. Finally, this mask is element-wise multiplied with the node feature matrix. - During the backward pass, Algorithm 1 does not run. Instead, the gradient backpropagation is performed directly. The GNN and MLP can be updated through the gradients of the edge score mask."				
6.200	KTtEICH4TO__r03	CORN: Contact-based Object Representation for Nonprehensile Manipulation of General Unseen Objects	5: marginally below the acceptance threshold	4: You are confident in your assessment, but not absolutely certain. It is unlikely, but not impossible, that you did not understand some parts of the submission or that you are unfamiliar with some pieces of related work.	fixed	priority_secondary_structured	structured=fixed; issue_ledger=unresolved		fixed	fixed	fixed	fixed	unresolved	fixed	"[weaknesses] 1. The novelty of this work is marginal. basically, it just applies point-cloud-based reinforcement learning to nonprehensile manipulation tasks. 2. The generation of the collision label is questionable with the coverage of the collision states, i.e., if this work truly aims for generalization on unseen objects, I wonder how the collision prediction network be generalized to the unseen geometry. 3. Besides, if the contact network is trained as a guide for the encoder, how does it guarantee to generate a collision-free policy? The collision decoder itself is not perfect (due to the coverage issue and neural network prediction), and the influence on the encoder is indirect (leads to less perfect), not to mention the policy is distilled from the teacher network to the student network (even less perfect). 4. Since this method is ""contact-based""? In a broad sense, all the manipulation is contact-based, but I assume the word choice here is for the embedding induced by the contact network. Then, though the authors have conducted extensive baseline methods on the encoder side, in my opinion, they should also discuss different decoder schemes to justify the ""contact-based"" name. For example: (a). the encoder is directly trained by the policy network? That is, no contact decoder to pretrain the encoder. (b). the decoder is a geometry reconstruction network. In this sense, the encoder can capture the geometry information of the object point cloud and hand. I see no apparent reason why the ""action and rewards"" cannot be done with such kinds of decoders. 5. Another possibility of the naming is due to the r_contact in the reward, but the contact potential is not given exactly, since the essential d_h,o is built upon the distance from the CoM of the object to the tip. Which does not prevent collision/intersection between the gripper and hand. Therefore, if the contact is not necessarily determinant or explicitly modeled for policy training in both network design and reward shaping, the only sane way to interpret the contact-based would be in the broadest sense, i.e., all the manipulation is contact-based. In this sense, I would suggest removing the ""contact-based"" in the title, which would give wrong expectations to the readers. Or the paper can present stronger relevance of ""contact"" to the object representation.

[questions] See the weakness section above.

[summary] The paper presents a novel method for nonprehensile manipulation using reinforcement learning (RL). Traditional RL struggles with diverse object shapes and high-dimensional sensory inputs. The authors introduce a contact-based object representation and pretraining pipeline, using a patch-based transformer encoder for point clouds, enabling scalable training. Their approach offers time- and data-efficient learning, with successful zero-shot transfers to real-world objects."	We appreciate the reviewer’s effort in providing the review. Unfortunately, the reviewer seems to have a major misunderstanding about our paper and raised concerns based on this misunderstanding. First, our goal is not to learn a “collision-free policy” that computes a collision-free motion. As the title of our paper and Figure 1 on page 2 suggest, our problem is that of non-prehensile manipulation, and object manipulation cannot be done without making contact with an object (We suggest the reviewer to checkout the video of our robot performing the task of interest: [https://sites.google.com/view/contact-non-prehensile](https://sites.google.com/view/contact-non-prehensile)). In particular, our problem involves learning where to contact the object and how to apply forces to an object, which involves deliberately colliding with the object. The key aspect of this problem, therefore, is knowing where the robot has contacted the object because that tells us what forces the robot can apply to the object. Our contribution is the design of pretext task and neural network architecture tailored to detect such contacts. The reviewer raised two concerns based on this misunderstanding. The f...	"We appreciate the reviewer’s effort in providing the review. Unfortunately, the reviewer seems to have a major misunderstanding about our paper and raised concerns based on this misunderstanding. First, our goal is not to learn a “collision-free policy” that computes a collision-free motion. As the title of our paper and Figure 1 on page 2 suggest, our problem is that of non-prehensile manipulation, and object manipulation cannot be done without making contact with an object (We suggest the reviewer to checkout the video of our robot performing the task of interest: [https://sites.google.com/view/contact-non-prehensile](https://sites.google.com/view/contact-non-prehensile)). In particular, our problem involves learning where to contact the object and how to apply forces to an object, which involves deliberately colliding with the object. The key aspect of this problem, therefore, is knowing where the robot has contacted the object because that tells us what forces the robot can apply to the object. Our contribution is the design of pretext task and neural network architecture tailored to detect such contacts. The reviewer raised two concerns based on this misunderstanding. The first was the naming of our method (it has “contact-based” in it). We hope the reasoning above tells you why contact-based representation is important. The second is whether our contact predictor generalizes to novel objects, because even a small mistake would make the robot collide with the object. We hope the reviewer now has a better understanding of the task, and how this would not be an issue. > (W1) The novelty of this work is marginal. basically, it just applies point-cloud-based reinforcement learning to non-prehensile manipulation tasks. - While there have been approaches that consider point-cloud-based RL in robot manipulation, no prior work has solved closed-loop non-prehensile manipulation of general objects. The inherent complexity in contact dynamics between the object, robot and the environment in non-prehensile manipulation renders naive RL application to be prohibitively expensive in our domain without nontrivial design choices, as seen in our results (Figure 7). As such, no prior work has demonstrated the generalization over diverse object geometries with closed-loop feedback control in this domain. > (W2) The generation of the collision label is questionable with the coverage of the collision states, i.e., if this work truly aims for generalization on unseen objects, I wonder how the collision prediction network be generalized to the unseen geometry. Besides, if the contact network is trained as a guide for the encoder, how does it guarantee to generate a collision-free policy? The collision decoder itself is not perfect (due to the coverage issue and neural network prediction), and the influence on the encoder is indirect (leads to less perfect), not to mention the policy is distilled from the teacher network to the student network (even less perfect). > Can collision network generalize to unseen object geometry? How can we ensure that the policy can precisely avoid collision despite errors coming from factors like (indirect guidance, limited coverage and approximation error from distillation)? - Yes. Our network generalizes to unseen geometry, as evident in our experimental results. All except one of real-world objects are unseen, and the simulation test setting involves novel objects as well. We kindly encourage the reviewer to give a read of our experiment section. > (W3) Then, though the authors have conducted extensive baseline methods on the encoder side, in my opinion, they should also discuss different decoder schemes to justify the ""contact-based"" name. For example: > > (a). the encoder is directly trained by the policy network? That is, no contact decoder to pretrain the encoder. > > (b). the decoder is a geometry reconstruction network. In this sense, the encoder can capture the geometry information of the object point cloud and hand. I see no apparent reason why the ""action and rewards"" cannot be done with such kinds of decoders. - The baselines you mentioned have already been implemented in the experiment section. - In Section 4.2, the End-to-end (E2E) baseline is the one that the encoder is directly trained by the policy network i.e. RL objective. This corresponds to option (a) from your recommendation. - In Section 4.2, the Point2Vec (P2V) baseline represents the pretraining scheme where the encoder is trained on shape-reconstruction objectives. Point2Vec learns shape representation by reconstructing the latent shape embeddings (similar to data2vec[1]). This corresponds to option (b) from your recommendation. - Ours outperform these both in terms of data and computational efficiency. (Figure 7) [1] Baevski, Alexei, et al. ""Data2vec: A general framework for self-supervised learning in speech, vision and language."" *International Conference on Machine Learning*. PMLR, 2022

> Let me explain why I think the contact-based is not proper, or at least not clear. > > First, contact is a kind of state when the robot gripper/hand touches the surface of the objects. It is not a state where the gripper is away from the object's surface or inside the object's surface. We can distinguish these states with the term ""collision"". ""contact"" is surely in ""collision"", but ""collision"" is not ""contact"". ""contact"" is an intermediate state between ""in-collision"" and ""collision-free"". In my view, the author misuses these two terms. I suggest the author refer to Springer Handbook of Robotics, Contact Modeling and Manipulation, and check related sections. ([https://link.springer.com/referenceworkentry/10.1007/978-3-540-30301-5_28](https://link.springer.com/referenceworkentry/10.1007/978-3-540-30301-5_28)) > > In the domain of robotics, the term ""contact"" has a special meaning. It refers to the contact interface. If the authors only use the word ""contact"" as a normal verb, as they did at the end of Sec. 3.2, ""A patch is labeled as 'collision' if any point within it contacts the gripper"", and use contact/collision interchangeably, I can accept that, but please make it clear. > > I have a feeling it is the same reason why reviewer LafH thinks this term usage is problematic. But I will only speak for myself. * The main point raised by the reviewer here is to disambiguate the use of “contact” (for signed distance d == 0) and “in-collision” (d≤0). We agree that this disambiguation is important in collision-free motion planning, where the penetration depth is used to define the cost function for trajectory optimization, for instance. We use the two terms interchangeably in our setup, since there’s little point in discriminating the two conditions in our task. * As we train an RL agent, the training process occurs primarily through robot-object interaction. In real-world interactions, penetration between objects cannot occur; and in a simulation, the momentary penetrations are handled by the physics engine itself during contact resolution. Thus, from the perspective of the agent, there’s no need to disambiguate the two conditions (d==0, d≤0). * That being said, we appreciate the reviewer’s suggestions on clarity. We have updated Section 3.2 to communicate that the pre-training labels primarily consider penetration between objects. > Another way to interpret this is that the contact surface is indirectly determined by in-collision/collision-free, just like how SDF indirectly defines the surface by inside/outside indicators. In this sense, it will raise the issue of generalization to unseen geometry, which happens to SDF-based 3D reconstruction tasks. Of course, I noticed the claim of generalization to unseen geometry in the main paper, but the objects used are quite similar to trained objects. I just don't think it will generalize to a larger object set (it already does not perform well on slightly complex objects, Table 1). * We appreciate the reviewer’s concern that SDF-based 3D reconstruction tasks often suffer from generalization. Of course, it’s only natural that representations learned through neural nets would be bound to generalize within the distribution of objects similar to the training set. However, we’d like to clarify that our objective is to predict the collision between *local* patches and the robot gripper, rather than the much harder task of predicting the *global* implicit shape. This type of *locality* is often utilized in prior works[1,2] as a key ingredient to generalizing across diverse shapes, as the geometry of local parts tends to be quite commonly shared across different objects in a combinatorial manner, thus boosting the generalization over different shapes. * While the reviewer wonders whether the performance drop on “complex” objects is due to the difficulty of generalizing to objects of complex shapes — which could be partly true — we believe that this has more to do with the severe occlusion and dynamic instability of objects rather than the difficulty of our representation to generalize to complex geometry, as discussed in Limitations (Section 4.2).

> As for the collision-free policy. First, obviously, there will never be an intersection between a gripper and an object in the real world. Thus, the discussion on in-collision/collision-free is based on the training, which takes place in simulation. My question is, how is the collision in simulation avoided when the contact reward is defined on the distance between the object's CoM to the gripper tip, not the object's surface? Will the possible collision make the object move unexpectedly? Could the bad performance on concave objects (irregular place of CoM) and unstable objects (changing CoM) be because of such contact reward design? I assume the interpenetration is handled by the collision detection methods implemented natively in the simulator. If so, the contact reward is just a usable reward, not a meticulous design. - We want to note that the purpose of the contact-inducing reward $r_{contact}$ is not to prevent collision, but to guide initial exploration. This strategy is commonly adopted in contact-rich manipulation tasks [3,4] to facilitate policy training: during initial exploration, the robot is prone to make meaningless actions (i.e. move in thin air) without making significant progress. To prevent this, the contact-inducing reward encourages the policy to reduce the distance between the gripper and the object, hence increasing the probability of the robot interacting with the object during initial exploration. - How does the policy learn to avoid spurious collision that might result in undesired motion of the object? Since the policy is primarily driven to maximize task success (which is the dominant reward), and the contact-inducing reward just serves as guidance, the policy is incentivized to avoid collision if it reduces the likelihood of success. - As for the specific implementation of the contact-inducing reward, we’d like to note that during our early investigation, we also tried the surface-to-surface distance (rather than CoM distance) based contact reward but this did not make a significant difference in policy training. This is only natural, as approximately guiding the robot towards the general region of the object is sufficient to encourage interaction during initial exploration, which is the purpose of the contact-inducing reward. > Finally, let's look at the technical contribution. I think the core contribution here is the learning of hand-object features and applying them to teacher-student learning. The problem is, there's really no necessity of this hand-object representation to non-prehensile manipulation tasks. The learning framework can perfectly work with grasping tasks by slightly changing the reward function. The point raised by the reviewer is worded ambiguously, so we respond to two possible interpretations of the statement. (Interpretation 1) There’s no reason to *limit* this hand-object representation to non-prehensile manipulation tasks; it seems it could work equally as well for prehensile manipulation. - While our representation can also be technically applied to grasping, we believe that the main benefit is on non-prehensile manipulation tasks. The primary purpose of adopting representation learning is to stabilize and expedite the process of training an RL policy, since jointly learning the representation of high-dimensional data and the behavior tends to be unstable [5,6]. - On the other hand, a grasp policy is typically directly learned via supervised training by leveraging large-scale offline datasets, such as ACRONYM [7] or Graspnet-1billion [8]. As such, learning an object representation a priori is typically not necessary in grasping. (Interpretation 2) There's no necessity to use this hand-object representation on non-prehensile manipulation tasks. *Even without this representation*, the policy can be trained just like grasping tasks by slightly changing the reward function. - We show that training with our representation drastically improves the training efficiency (Figure 7), which is otherwise prohibitively expensive. While it’s perhaps true that tuning the reward function may improve the training efficiency by some amount, we’d like to emphasize that it is quite crucial to adopt the proper representation, which results in an order-of-magnitude speedup in terms of training time. - While the reviewer suggests that slightly changing the reward function may suffice for learning (as proposed in earlier comments), we comment on this in our discussion above. During our early investigations, modifying the contact-inducing reward to more closely model the true inter-object distance (as suggested by the reviewer), has yielded similar training performance. Rather than the specific choice of the reward, we believe that the proper choice of representation is quite central in our domain. We’re not sure which of the two interpretations is consistent with the reviewer’s intent, but hope that either response addresses the point raised by the reviewer."	"We thank the reviewer for the effort and positive assessment of our work. > (W1) The model takes the difference between current object pose and target object pose as input. This can bring significant engineering challenge since object segmentation and pose tracking in the real world can be difficult. However, the authors documented their approach very well in Sec. A.3. > > (W2) The method only works on object well separated from clutter on a tabletop. This is related to the above assumption for the object pose, since having more than one object in close contact will make object segmentation and pose tracking even more challenging. We agree that segmentation and pose tracking are significant engineering challenges, and we appreciate the reviewer for recognizing the documentation of our approach. We are also hopeful that recent advances in foundational vision models, such as SAM[1] or POPE[2] can facilitate object pose tracking and segmentation to be more generally accessible for robot manipulation in the future, particularly for the challenges such as segmenting non-singulated objects. > (Q1) What is the coordinate frame of the hand pose input? Since the hand pose is sampled near the object to ensure good data balance for contact/no contact during pre-training, will the hand pose go out of distribution during policy learning? The hand pose is represented in the world frame. Since the poses are sampled from the workspace during pre-training, it does not actually go out of distribution during policy learning. > (Q2) In Figure 7, is the scale of the success rate the same for the two plots? It seems that the final success rate doesn’t match up for the green, red, purple and brown curves. There was a small bug in the plotting code, which has been now addressed. We updated Figure 7 and made minor adjustments on reported metrics in Section 4.2. Thank you for catching that! > (Q3) Which simulator is used? I didn’t find it in the paper. We used Isaac Gym. We added the reference to the simulation in Section 3.1. [1] Kirillov, Alexander, et al. ""Segment anything.”, ****Proceedings of the IEEE/CVF International Conference on Computer Vision (ICCV), 2023, pp. 4015-4026 [2] Fan, Zhiwen, et al. ""POPE: 6-DoF Promptable Pose Estimation of Any Object, in Any Scene, with One Reference."" *arXiv preprint arXiv:2305.15727* (2023).

> (W5) Inadequate Experimental Setup: The paper does not offer detailed information related to actions and reward settings in the experiments, which is crucial for evaluating the effectiveness of the reinforcement learning portion. In summary, these points highlight potential shortcomings in the paper concerning method description, evidence of novelty, and experimental setup. They offer specific directions for improvement to the authors, aiming to enhance the persuasiveness of the paper and provide a clearer conveyance of their research outcomes. - We appreciate the reviewer’s feedback regarding the necessity of additional details on the action-space. We have added a paragraph in the appendix that describes the structure of the action-space for the robot (Appendix A.2). However, we already provide a detailed breakdown of the reward function in section 4.1, and include relevant hyperparameters in Table A.1 (Appendix A.7), and we’d appreciate it if the reviewer could clarify which part of the reward function requires further clarification.

> Let me explain why I think the contact-based is not proper, or at least not clear. > > First, contact is a kind of state when the robot gripper/hand touches the surface of the objects. It is not a state where the gripper is away from the object's surface or inside the object's surface. We can distinguish these states with the term ""collision"". ""contact"" is surely in ""collision"", but ""collision"" is not ""contact"". ""contact"" is an intermediate state between ""in-collision"" and ""collision-free"". In my view, the author misuses these two terms. I suggest the author refer to Springer Handbook of Robotics, Contact Modeling and Manipulation, and check related sections. ([https://link.springer.com/referenceworkentry/10.1007/978-3-540-30301-5_28](https://link.springer.com/referenceworkentry/10.1007/978-3-540-30301-5_28)) > > In the domain of robotics, the term ""contact"" has a special meaning. It refers to the contact interface. If the authors only use the word ""contact"" as a normal verb, as they did at the end of Sec. 3.2, ""A patch is labeled as 'collision' if any point within it contacts the gripper"", and use contact/collision interchangeably, I can accept that, but please make it clear. > > I have a feeling it is the same reason why reviewer LafH thinks this term usage is problematic. But I will only speak for myself. * The main point raised by the reviewer here is to disambiguate the use of “contact” (for signed distance d == 0) and “in-collision” (d≤0). We agree that this disambiguation is important in collision-free motion planning, where the penetration depth is used to define the cost function for trajectory optimization, for instance. We use the two terms interchangeably in our setup, since there’s little point in discriminating the two conditions in our task. * As we train an RL agent, the training process occurs primarily through robot-object interaction. In real-world interactions, penetration between objects cannot occur; and in a simulation, the momentary penetrations are handled by the physics engine itself during contact resolution. Thus, from the perspective of the agent, there’s no need to disambiguate the two conditions (d==0, d≤0). * That being said, we appreciate the reviewer’s suggestions on clarity. We have updated Section 3.2 to communicate that the pre-training labels primarily consider penetration between objects. > Another way to interpret this is that the contact surface is indirectly determined by in-collision/collision-free, just like how SDF indirectly defines the surface by inside/outside indicators. In this sense, it will raise the issue of generalization to unseen geometry, which happens to SDF-based 3D reconstruction tasks. Of course, I noticed the claim of generalization to unseen geometry in the main paper, but the objects used are quite similar to trained objects. I just don't think it will generalize to a larger object set (it already does not perform well on slightly complex objects, Table 1). * We appreciate the reviewer’s concern that SDF-based 3D reconstruction tasks often suffer from generalization. Of course, it’s only natural that representations learned through neural nets would be bound to generalize within the distribution of objects similar to the training set. However, we’d like to clarify that our objective is to predict the collision between *local* patches and the robot gripper, rather than the much harder task of predicting the *global* implicit shape. This type of *locality* is often utilized in prior works[1,2] as a key ingredient to generalizing across diverse shapes, as the geometry of local parts tends to be quite commonly shared across different objects in a combinatorial manner, thus boosting the generalization over different shapes. * While the reviewer wonders whether the performance drop on “complex” objects is due to the difficulty of generalizing to objects of complex shapes — which could be partly true — we believe that this has more to do with the severe occlusion and dynamic instability of objects rather than the difficulty of our representation to generalize to complex geometry, as discussed in Limitations (Section 4.2)."				
6.200	OsGUnYOzii__r03	Learning From Simplicial Data Based on Random Walks and 1D Convolutions	5: marginally below the acceptance threshold	4: You are confident in your assessment, but not absolutely certain. It is unlikely, but not impossible, that you did not understand some parts of the submission or that you are unfamiliar with some pieces of related work.	partially_fixed	priority_secondary_structured	structured=partially_fixed; issue_ledger=unresolved		fixed	fixed	partially_fixed	fixed	unresolved	partially_fixed	"[weaknesses] The paper has missed some important related studies or detailed discussions about them. As an example, there are several random walk-based methods [1, 2] in a simple graph, which uses a similar idea. While they have been briefly mentioned, there are some important questions about them that are not discussed in the paper. Is there any connection between SCRaWl and these methods? Or is SCRaWl the extended version of these studies to higher-order data? A very similar study on higher-order graphs is CATWALK [3], which is a hypergraph learning method that similarly uses higher-order random walks to learn higher-order patterns. I think, given the fact that hypergraphs can be seen as a general case of simplicial complexes, their walk sampling is exactly the same as this work, which limits the novelty of this paper's idea and its model design. The proposed method is simple, which is a desirable property **if** the effectiveness of the method is theoretically or experimentally shown. That is, the novelty of the model architecture is limited, so it is expected that extensive experimental or theoretical results will support the method's performance. However, in the paper, the experimental study is very limited, e.g.: 1. There are only three datasets from two different domains. Please note that co-authorship networks and social networks usually have similar properties so it would be much better if the authors could provide more datasets with different domains, specifically in drug-drug or chemical networks (NDC, and/or NDC Substances), and communication networks (Email Enron). 2. There is a lack of ablation study on the method architecture. Accordingly, it is not clear what is the contribution of each component of SCRaWl. How using a simple random walk instead of a higher-order random walk can affect the performance? How does each of the six features contribute to the performance of SCRaWl? 3. The main motivations and claims in the paper are not supported by experiments. For example, when the main motivation is to address the inefficiency of the existing methods, I think it is needed to see how SCRaWl performs compared to existing methods in terms of time and how proposed components are improving the efficiency. 4. Hypergraphs are another paradigm to represent higher-order interactions. There is a lack of comparison with state-of-the-art hypergraph learning methods [3, 4, 5]. In addition to the above points, as discussed in the ""Introduction"" section, there is a trade-off between computational cost and the power of SCRaWl. It would be great if you could show this trade-off in the experiments as well. $$ $$ [1] Random walk graph neural networks. NeurIPS 2020. [2] Walking out of the Weisfeiler Leman hierarchy: Graph learning beyond message passing. TMLR 2023. [3] CAT-Walk: Inductive Hypergraph Learning via Set Walks. NeurIPS 2023. [4] Teasing out missing reactions in genome-scale metabolic networks through hypergraph learning. Nature Communications 2023. [5] You are allset: A multiset function framework for hypergraph neural networks. ICLR 2022. $ $ $ $ --- --- ``Post Rebuttal`` --- --- --- I thank the authors for their response. My concerns remain unaddressed in the rebuttal phase. Specifically, * There is a lack of discussion with very similar works (e.g., [2]). As mentioned in my initial review, the existing discussion, which briefly mentioned that ``here we take inspiration from random walk-based graph neural networks on graphs (Tönshoff et al., 2023)`` is not enough. To my understanding, the idea of using 1D Convolutions is previously discussed in [2], and the only remaining contribution in this paper is to design higher-order random walks on simplicial data. The proposed walk also is similar to the walk that is previously discussed in [3]. The only difference is that the random walk in [3] is temporal, which can be simply adjusted and so be restricted to a single timestamp. The authors claim that [3] has been published after the submission deadline, while as far as I understood [3] has been available from Jun 2023 (almost 3-4 months before the deadline). * I understand that the novelty is subjective and coming up with a model that combines existing studies but provides new insights is significant. However, I couldn’t find enough experimental evaluations to support the paper, and my request to perform experiments on more datasets remains unaddressed. More specifically, **(1)** The current experimental evaluation is limited to only three datasets (two of which come from the same domain). There are several benchmark datasets that are publicly available and are suitable for the experimental settings used in this paper. **The authors didn’t respond to this comment.** **(2)** There is a lack of comparison with some important baselines (e.g., [3, 5]). The authors reported the results provided in [3], but it is not clear to me that the experimental setting used in [3] is the same as this paper. Is the hyperparameter tunning procedure for all the methods the same? Is the preprocessing step on the datasets the same? I think reporting the results from another work is unfair due to different experimental setups, data splitting, etc. **(3)** The provided results in the appendix show the sensitivity of the method to hyperparameters. The authors' response did not address the concern about the lack of an ablation study. Specifically, my two questions in the initial review remain unaddressed: (i) How can using a simple random walk instead of a higher-order random walk affect performance? (ii) How does each of the features contribute to the performance of SCRaWl? (iii) What is the contribution of 1D Convolutions? What would happen if we use a simple linear layer? * As I mentioned in the initial review, the main motivations and claims in the paper are not supported by experiments. **The authors didn’t respond to this comment.** More specifically, when the main motivation is to address the inefficiency of the existing methods, I think it is necessary to see how SCRaWl performs compared to existing methods in terms of time and how proposed components are improving efficiency. --- $$ $$ **After the rebuttal phase and also discussion with other reviewers, I raised my score to 5.** $$ $$

[questions] Please see the Weaknesses. In summary, my suggestions are here: Please add 1. more discussions about existing methods [1, 2]. Also please discuss [3] and its differences with your method. 2. more datasets, different experimental settings, and hypergraph learning-based baselines. 3. ablation studies to show the contribution of each component. 4. scalability and efficiency evaluation.

[summary] The paper presents SCRaWI, a neural network model to encode simplicial complexes based on higher-order random walks on simplices. SCRaWI samples several higher-order random walks followed by fast 1D convolutions to learn the structural properties of the Simplicial Data."	"**References** We incorporated the suggested references into our work. References [1] and [2] have already been cited in our related work section before. In particular, [2] is the primary work we built upon by extending their approach to simplicial complexes. We believe this is made clear in the current version of the paper already, e.g. in the introduction: ""[...] here we take inspiration from random walk-based graph neural networks on graphs (Tönshoff et al., 2023) and explore the use of a random walk-based learning architecture for simplicial complexes."" It is our understanding that [4] focuses on hyperedge link prediction and their proposed method is therefore not (directly) applicable to the tasks considered in our paper. Similarly, [3] deals with temporal data, which is not the focus of our paper, though they also explain how their approach can be applied to node classification on static hypergraphs. We however want to point out that this work was published after the submission deadline of our paper. We added a paragraph to our related works section that mentions hypergraphs as another paradigm to represent higher-order interactions and reference to some noticeable hypergr..."	"**References** We incorporated the suggested references into our work. References [1] and [2] have already been cited in our related work section before. In particular, [2] is the primary work we built upon by extending their approach to simplicial complexes. We believe this is made clear in the current version of the paper already, e.g. in the introduction: ""[...] here we take inspiration from random walk-based graph neural networks on graphs (Tönshoff et al., 2023) and explore the use of a random walk-based learning architecture for simplicial complexes."" It is our understanding that [4] focuses on hyperedge link prediction and their proposed method is therefore not (directly) applicable to the tasks considered in our paper. Similarly, [3] deals with temporal data, which is not the focus of our paper, though they also explain how their approach can be applied to node classification on static hypergraphs. We however want to point out that this work was published after the submission deadline of our paper. We added a paragraph to our related works section that mentions hypergraphs as another paradigm to represent higher-order interactions and reference to some noticeable hypergraph neural networks, including the proposed references [3] and [5]. We further extended the comparison on the social contact datasets with hypergraph neural networks (Table 3 in the appendix). **Ablation Study** We added an ablation study on the social contact datasets to the appendix where we compare the influence of the window size $s$, the walk length $\ell$, and of lower and upper adjacency when sampling the walks.

1. We agree that the memory footprint is considerable, especially for large datasets. However, this is generally the case for simplicial complexes as the simplicial property forces exponentially many sub-simplices for any higher order simplex. The feature matrices themselves can be computed on the fly and are very sparse in the later columns (containing the structural information about connectivity and identity). The first columns contain features that any reasonable approach needs to store as well. An advantage of our approach is, however, that we can vary the scalability, e.g., by selecting the window sizes and walk lengths, which is not possible for classical message passing architectures. Investigating such trade-offs in more detail (more broadly: how to optimally leverage higher-order information, while keeping computations tractable) is an interesting topic we intend to explore in future work in more detail. 2. In our experiments, we sampled one random walk per simplex. Walk lengths are set to 5 for the semantic scholar dataset and 50 for the other datasets. These parameters are mention in the text of section 5 and Table 1 in the appendix. These parameters are of course hyperparameters and can be tuned for the respective dataset. 3. The feature matrices change in every layer (because the hidden states are updated), thus the random walks are passed to every layer. 4. This depends on the dataset at hand and the considered targets. For the semantic scholar dataset, the outputs $y_0, ..., y_5$ are compared as is with the targets. For the social contact dataset, only the outputs $y_0$ are considered. 5. For the semantic scholar dataset, the results of SCRaWl and MPSN are close to perfect, so we cannot expect any strong improvement beyond MPSN. The social contact datasets show that SCRaWl is able to outperform MPSN. Regarding your questions: Yes, the walks can be precomputed as well. This is actually also implemented in our code. However, this does not have any influence on imputation accuracy, but only on training time, which is why we did not include it in the paper. Notice that the same random walks should not be reused in every epoch to avoid overfitting to these specific walks.

Thank you for your detailed response. Let us address each point separately: **Parameter Choice** We added an ablation study to the paper that explores the influence of considered adjacency, the size of the local window, and the length of the random walks on the performance on the social contact datasets. **Utility of Simplicial Perspective** We agree that highlighting the importance a simplicial perspective on datasets would be benefitial. However due to space constraints we considered this outside the scope of our paper. The comparison between SCRaWl and CRaWl (Figure 7) provides an initial indication towards this topic and other authors considered this comparison as well, e.g. Bodnar et al, 2021. We argue that this topic should be dealt with in a more dedicated work and on a more abstract level not focused on one particular neural network architecture but rather with different graph neural networks and simplicial neural networks in mind. **Application to other Complexes** The approach should also work on combinatorial complexes, provided an analogous notion of a random walk is defined. This is similar to the case of cell complexes as explained in the conclusion. For hypergraphs, the notion of upper and lower adjacency is not well defined, which is why we did not consider them in our work. Of course, ignoring this (e.g., by merging the respective columns into one) would yield a valid approach, but we did not investigate the performance of such a method in detail here. **Dataset Size** For larger datasets, reducing the number of random walks is a viable option to reduce complexity. Choosing one random walk per simplex makes is very likely to cover each simplex sufficiently often as a center simplex in a local window, but this property is neither ensured nor necessary. It is also worth considering to use smaller parameters during training and larger parameters during inference. **Minor Things** We added the suggested survey paper as reference for expressivity in context with WL and fixed the minor style issues."	"**References** We incorporated the suggested references into our work. References [1] and [2] have already been cited in our related work section before. In particular, [2] is the primary work we built upon by extending their approach to simplicial complexes. We believe this is made clear in the current version of the paper already, e.g. in the introduction: ""[...] here we take inspiration from random walk-based graph neural networks on graphs (Tönshoff et al., 2023) and explore the use of a random walk-based learning architecture for simplicial complexes."" It is our understanding that [4] focuses on hyperedge link prediction and their proposed method is therefore not (directly) applicable to the tasks considered in our paper. Similarly, [3] deals with temporal data, which is not the focus of our paper, though they also explain how their approach can be applied to node classification on static hypergraphs. We however want to point out that this work was published after the submission deadline of our paper. We added a paragraph to our related works section that mentions hypergraphs as another paradigm to represent higher-order interactions and reference to some noticeable hypergraph neural networks, including the proposed references [3] and [5]. We further extended the comparison on the social contact datasets with hypergraph neural networks (Table 3 in the appendix). **Ablation Study** We added an ablation study on the social contact datasets to the appendix where we compare the influence of the window size $s$, the walk length $\ell$, and of lower and upper adjacency when sampling the walks.

1. We agree that the memory footprint is considerable, especially for large datasets. However, this is generally the case for simplicial complexes as the simplicial property forces exponentially many sub-simplices for any higher order simplex. The feature matrices themselves can be computed on the fly and are very sparse in the later columns (containing the structural information about connectivity and identity). The first columns contain features that any reasonable approach needs to store as well. An advantage of our approach is, however, that we can vary the scalability, e.g., by selecting the window sizes and walk lengths, which is not possible for classical message passing architectures. Investigating such trade-offs in more detail (more broadly: how to optimally leverage higher-order information, while keeping computations tractable) is an interesting topic we intend to explore in future work in more detail. 2. In our experiments, we sampled one random walk per simplex. Walk lengths are set to 5 for the semantic scholar dataset and 50 for the other datasets. These parameters are mention in the text of section 5 and Table 1 in the appendix. These parameters are of course hyperparameters and can be tuned for the respective dataset. 3. The feature matrices change in every layer (because the hidden states are updated), thus the random walks are passed to every layer. 4. This depends on the dataset at hand and the considered targets. For the semantic scholar dataset, the outputs $y_0, ..., y_5$ are compared as is with the targets. For the social contact dataset, only the outputs $y_0$ are considered. 5. For the semantic scholar dataset, the results of SCRaWl and MPSN are close to perfect, so we cannot expect any strong improvement beyond MPSN. The social contact datasets show that SCRaWl is able to outperform MPSN. Regarding your questions: Yes, the walks can be precomputed as well. This is actually also implemented in our code. However, this does not have any influence on imputation accuracy, but only on training time, which is why we did not include it in the paper. Notice that the same random walks should not be reused in every epoch to avoid overfitting to these specific walks.

Thank you for your detailed response. Let us address each point separately: **Parameter Choice** We added an ablation study to the paper that explores the influence of considered adjacency, the size of the local window, and the length of the random walks on the performance on the social contact datasets. **Utility of Simplicial Perspective** We agree that highlighting the importance a simplicial perspective on datasets would be benefitial. However due to space constraints we considered this outside the scope of our paper. The comparison between SCRaWl and CRaWl (Figure 7) provides an initial indication towards this topic and other authors considered this comparison as well, e.g. Bodnar et al, 2021. We argue that this topic should be dealt with in a more dedicated work and on a more abstract level not focused on one particular neural network architecture but rather with different graph neural networks and simplicial neural networks in mind. **Application to other Complexes** The approach should also work on combinatorial complexes, provided an analogous notion of a random walk is defined. This is similar to the case of cell complexes as explained in the conclusion. For hypergraphs, the notion of upper and lower adjacency is not well defined, which is why we did not consider them in our work. Of course, ignoring this (e.g., by merging the respective columns into one) would yield a valid approach, but we did not investigate the performance of such a method in detail here. **Dataset Size** For larger datasets, reducing the number of random walks is a viable option to reduce complexity. Choosing one random walk per simplex makes is very likely to cover each simplex sufficiently often as a center simplex in a local window, but this property is neither ensured nor necessary. It is also worth considering to use smaller parameters during training and larger parameters during inference. **Minor Things** We added the suggested survey paper as reference for expressivity in context with WL and fixed the minor style issues."				
6.200	uREj4ZuGJE__r01	In-context Autoencoder for Context Compression in a Large Language Model	8: accept, good paper	4: You are confident in your assessment, but not absolutely certain. It is unlikely, but not impossible, that you did not understand some parts of the submission or that you are unfamiliar with some pieces of related work.	partially_fixed	priority_secondary_structured	structured=partially_fixed; issue_ledger=fixed		fixed	partially_fixed	partially_fixed	fixed	fixed	partially_fixed	"[weaknesses] One drawback is that ICAE should be anyway pre-trained, despite few additional parameters and fewer training steps than LLM pre-trainings. Compression will be extremely beneficial if we use the same context multiple times. However, otherwise, it might only incur overhead.

[questions] What is the format of memory slots, and how are they generated from the model? I could not find where it is described, but they should be vectors on the embedding space to be fed into the decoder as input. Are they representations before the final softmax layer to get the next word probability distribution? It might be meaningless, but what will we see if we map each memory slot vector to the most likely word? If I understand correctly, since memory tokens are fixed for any context input, memory slots can be generated in parallel. What memory tokens e_m have learned? Is it correct that memory slots are order-dependent because they use the same causal attention of language models? If yes, is it optimal because we have access to all information when we create memory slots? Based on the fact that the amount of information varies depending on the content of the context, not solely depending on its length, is it possible to have an adaptive size of memory slots for more compact compression? I agree that AE and LM objectives are straightforward for pre-training ICAE. I wonder if you have tried different objectives. Assuming we can pre-train ICAE from scratch instead of further pre-training from a pre-trained LLM, what will be the best way? Still the same objectives? In Section 3.3.1, you mentioned the scalability in terms of context length. Are models trained separately for the sequence lengths? How does ICAE generalize well to different (L, k) combinations that are different from the one used for training? You mentioned that the maximal token length is 512 in the Data paragraph in Section 3.1. However, most samples are longer than 512 tokens, according to Figure 10. Did you truncate them by 512? In Table 5, do you have the result of System 1 - Llama2-7b-chat (without ICAE) and System 2 - GPT-4 for reference? What value of N did you use for the text continuation training? Training requires 8 A100 GPUs with 80GB. Can you describe the approximate training cost (time and money)? (minor) the first paragraph in Section 3.3.3: Table 6(Right) -> Figure 6 (Right)

[summary] This paper proposes the in-context autoencoder (ICAE) to compress a long context into memory slots and use them for shorter prompts. ICAE requires only a small number of additional parameters by the LoRA approach with a fixed LLM. ICAE is first pre-trained with autoencoding and language modeling objectives on unsupervised text corpus, and then instruction fine-tuned with the Prompt-with-Context (PwC) dataset, newly introduced in the paper."	We greatly appreciate your recognition and constructive feedback on our work. We hope our responses below can address your concerns and answer your questions. > One drawback is that ICAE should be anyway pre-trained, despite few additional parameters and fewer training steps than LLM pre-trainings. Compression will be extremely beneficial if we use the same context multiple times. However, otherwise, it might only incur overhead. > When we use the same context (i.e., cached in advance), we can significantly save on latency/memory overhead (over 7x speedup, as we discussed in Section 3.3.2). This scenario is **common and practical**: For example, a customized ChatGPT for a specific user can compress the user's chat history in advance and use the compressed memory during inference to maintain the long-term memory without online latency overhead for compression. Regarding your concern about the need to recompress for different contexts, different contexts indeed require an additional compression step. However, **as we show in Table 8, this additional compression still brings significant end-to-end speedup compared to using the original context when generating a long sequence**, mak...	"We greatly appreciate your recognition and constructive feedback on our work. We hope our responses below can address your concerns and answer your questions. > One drawback is that ICAE should be anyway pre-trained, despite few additional parameters and fewer training steps than LLM pre-trainings. Compression will be extremely beneficial if we use the same context multiple times. However, otherwise, it might only incur overhead. > When we use the same context (i.e., cached in advance), we can significantly save on latency/memory overhead (over 7x speedup, as we discussed in Section 3.3.2). This scenario is **common and practical**: For example, a customized ChatGPT for a specific user can compress the user's chat history in advance and use the compressed memory during inference to maintain the long-term memory without online latency overhead for compression. Regarding your concern about the need to recompress for different contexts, different contexts indeed require an additional compression step. However, **as we show in Table 8, this additional compression still brings significant end-to-end speedup compared to using the original context when generating a long sequence**, making it still a highly practical method. > What is the format of memory slots, and how are they generated from the model? I could not find where it is described, but they should be vectors on the embedding space to be fed into the decoder as input. Are they representations before the final softmax layer to get the next word probability distribution? It might be meaningless, but what will we see if we map each memory slot vector to the most likely word? > Memory slots are indeed vectors in the embedding space that are fed into the decoder as input. They are the final output of the ICAE encoder (before softmax) in the positions of memory tokens. When we map the memory slot vector to the vocabulary space, we find that memory slots tend to retain some keyword information from the original context and are relatively concentrated in the front part of the original context. This can be explained by the memorization intuition we discussed in our paper, where the model will only remember keywords that provide crucial hints. > If I understand correctly, since memory tokens are fixed for any context input, memory slots can be generated in parallel. What memory tokens e_m have learned? Is it correct that memory slots are order-dependent because they use the same causal attention of language models? If yes, is it optimal because we have access to all information when we create memory slots? > Yes, you’re exactly correct. They are generated in parallel. They are order-dependent and use causal attention. We think it is an appropriate way to create memory slots just as people memorize in their working memory. > Based on the fact that the amount of information varies depending on the content of the context, not solely depending on its length, is it possible to have an adaptive size of memory slots for more compact compression? > As shown in Table 3, texts with lower PPL have greater compression potential. This is because lower PPL mean higher certainty and less difficulty to memorize. Your suggestion is very correct. We are working on adaptive memory slots to dynamically adjust the compression rate according to the difficulty of the text (PPL), in order to achieve the best compression performance without affecting the results.

> Pretraining ICAE from scractch? > We have tried pretraining an ICAE with the same objective using a GPT-style model from scratch with a similar number of parameters as we used in this paper. However, its results are weaker than the ICAE based on a pretrained LLM. Although we have not found a more efficient and scalable objective than AE/LM, we do not deny that there may be a better training objective to pretrain ICAE, as you suggested. > In Section 3.3.1, you mentioned the scalability in terms of context length. Are models trained separately for the sequence lengths? How does ICAE generalize well to different (L, k) combinations that are different from the one used for training? > How well ICAE generalizes to different (L, k) combinations depends on how we train the ICAE. If we only use L→k to train the ICAE, it will not generalize well to different length combinations. However, if we mix different lengths during the pretraining phase, the model can generalize well to different lengths. > You mentioned that the maximal token length is 512 in the Data paragraph in Section 3.1. However, most samples are longer than 512 tokens, according to Figure 10. Did you truncate them by 512? > Yes, in the 512 fixed-length experiment group, we truncate to 512 and then compare the results fairly. As most samples are longer than 512 tokens, it is reliable to say ICAE is performing a 4x compression for the majority of test cases. > In Table 5, do you have the result of System 1 - Llama2-7b-chat (without ICAE) and System 2 - GPT-4 for reference? > We do have the result of System 1 - Llama2-7b-chat (without ICAE) and System 2 - GPT-4 for reference as follows. We’ll include this result in the next version. | System 1 | System 2 | Win | Lose | Tie | |:---------------:|:--------:|:----:|:----:|:----:| | Llama-2-7b-chat | GPT-4 | 19.3 | 24.5 | 56.2 | > What value of N did you use for the text continuation training? > Do you mean Figure 6(Left)? In our experiments for text continuation training, N ranges from 1 to 4. > Training requires 8 A100 GPUs with 80GB. Can you describe the approximate training cost (time and money)? > Training does not require 8 A100 GPUs with 80GB, it can be done with just 1 A100 (because we use LoRA, there is no need to control the GPU memory with parallelism techniques). We used 8 A100 GPUs just for speeding up the pretraining process, which takes about 4 days on 26.2 billion tokens. > (minor) the first paragraph in Section 3.3.3: Table 6(Right) -> Figure 6 (Right) > Thank you very much for pointing out the error in Section 3.3.3. We will correct it in the next version.

We greatly appreciate your recognition and constructive suggestions for this work. We hope our following responses can clarify some details and address your concerns, thereby improving your evaluation of this work. > Weakness: I found the baseline somewhat lacking. There are a few other papers targeting the exact or adjacent problems, such as Gisting, Recurrent memory transformer, compressive transformer, auto compressor. As you can see in our references, we have properly cited these papers. The Recurrent Memory Transformer (RMT) and Compressive Transformer primarily focus on exploring a new network architecture or learning method to address the long context issue, as introduced in Section 1. Their methods, however, are not readily applicable to compress long text for an existing Language Model (LLM) such as Llama-2. This is the fundamental difference between these papers and our work -- our motivation and focus is to compress long context for an existing LLM to use the compressed context to replace the original context during inference. As for Gisting and Autocompressor, although they also study context compression, they do not compress context for an existing LLM in the same way we do: Gisting's compression is limited to transform a task description into a few compressed (task) vectors (i.e., gist tokens). It does not involve content compression. Its 26x compression is regarding compressing task description prompt which is usually not very long, as we discussed in Section 5. Moreover, Gisting itself requires fine-tuning the LLM to compress, and its produced gist tokens is not intended for the original LLM but for its fine-tuned LLM, which is not what we aim for. As for Autocompressor, it does not compress context for the original LLM either. Its motivation and focus are more akin to the Compressive Transformer. In contrast, our work is designed to compress a long context for an existing LLM. The LLM can directly use the compressed memory slots as the (conditional) context to perform various tasks or goals. This is a more practical scenario **as we don't need to modify anything on a hosted LLM. We only need to pass the memory slots to the LLM in the same way as word embeddings**. **Clearly, none of these four previous papers can be directly applied for this goal, which is the reason why we do not compared with them in this scenario.** > Q1. I likely have missed something in the paper. It's unclear to me whether the authors initialized the encoder LLM from the same checkpoint as the decoder LLM? If that's the case, how did the author address the difference in autoregressive attention in the decoder (and the base LLM, such as LLAMA) and bidirectional attention potentially used for the encoder. > The encoder in our paper refers to the encoder in the autoencoder terminology, which is used for encoding text into memory slots. It is not the same as the encoder in the encoder-decoder architecture. As illustrated in Figure 3, the encoder of ICAE is a frozen LLM (specifically Llama in this paper) + a learnable LoRA + a learnable embedding for memory tokens. The decoder of ICAE is the frozen LLM. Therefore, the encoder does not use bidirectional attention; instead, it uses causal attention, as in the decoder. We apologize for the confusion. We'll make it clearer in the revised version. > Q2. Why not use an encoder-decoder language model such as T5 for this? > As we mentioned in our response to Q1, our encoder and decoder refer to the encoding and decoding modules of the autoencoder (i.e., ICAE), which are totally different from the encoder/decoder in the encoder-decoder architecture. Our goal is to compress contexts for an existing Large Language Model (LLM), specifically Llama in our experiments. Building the ICAE on the same LLM (Llama) allows us to better align with the LLM to generate a more compressed context. > Q3. As mentioned above, does it matter for the encoder's input embeddings to be in the same space as the decoder's input embeddings? > As we previously mentioned in our response to Q1, the encoder's input embeddings and the decoder's input embeddings are indeed in the same space. > Q4. What's the actual size of each of the pretraining tasks, in terms of number of examples or number of tokens consumed. > We have included these details in Appendix A. For pretraining, our batch size and training steps are listed in Table 9. The number of training tokens can be calculated as 256 * 512 * 200k = 26.2 billion tokens. > Q5. I would imagine the autoencoding task to be relatively easy to ""learn"". How many steps or number of examples does it take for the model to converge? > You’re exactly right. Autoencoding is easier to learn than Language Modeling. However, our setting is 4x compression (e.g., using 128 tokens to restore 512 tokens). According to our observations, the validation loss still keeps decreasing even after 150k training steps."	"We greatly appreciate your recognition and constructive suggestions for this work. We hope our following responses can clarify some details and address your concerns, thereby improving your evaluation of this work. > Weakness: I found the baseline somewhat lacking. There are a few other papers targeting the exact or adjacent problems, such as Gisting, Recurrent memory transformer, compressive transformer, auto compressor. As you can see in our references, we have properly cited these papers. The Recurrent Memory Transformer (RMT) and Compressive Transformer primarily focus on exploring a new network architecture or learning method to address the long context issue, as introduced in Section 1. Their methods, however, are not readily applicable to compress long text for an existing Language Model (LLM) such as Llama-2. This is the fundamental difference between these papers and our work -- our motivation and focus is to compress long context for an existing LLM to use the compressed context to replace the original context during inference. As for Gisting and Autocompressor, although they also study context compression, they do not compress context for an existing LLM in the same way we do: Gisting's compression is limited to transform a task description into a few compressed (task) vectors (i.e., gist tokens). It does not involve content compression. Its 26x compression is regarding compressing task description prompt which is usually not very long, as we discussed in Section 5. Moreover, Gisting itself requires fine-tuning the LLM to compress, and its produced gist tokens is not intended for the original LLM but for its fine-tuned LLM, which is not what we aim for. As for Autocompressor, it does not compress context for the original LLM either. Its motivation and focus are more akin to the Compressive Transformer. In contrast, our work is designed to compress a long context for an existing LLM. The LLM can directly use the compressed memory slots as the (conditional) context to perform various tasks or goals. This is a more practical scenario **as we don't need to modify anything on a hosted LLM. We only need to pass the memory slots to the LLM in the same way as word embeddings**. **Clearly, none of these four previous papers can be directly applied for this goal, which is the reason why we do not compared with them in this scenario.** > Q1. I likely have missed something in the paper. It's unclear to me whether the authors initialized the encoder LLM from the same checkpoint as the decoder LLM? If that's the case, how did the author address the difference in autoregressive attention in the decoder (and the base LLM, such as LLAMA) and bidirectional attention potentially used for the encoder. > The encoder in our paper refers to the encoder in the autoencoder terminology, which is used for encoding text into memory slots. It is not the same as the encoder in the encoder-decoder architecture. As illustrated in Figure 3, the encoder of ICAE is a frozen LLM (specifically Llama in this paper) + a learnable LoRA + a learnable embedding for memory tokens. The decoder of ICAE is the frozen LLM. Therefore, the encoder does not use bidirectional attention; instead, it uses causal attention, as in the decoder. We apologize for the confusion. We'll make it clearer in the revised version. > Q2. Why not use an encoder-decoder language model such as T5 for this? > As we mentioned in our response to Q1, our encoder and decoder refer to the encoding and decoding modules of the autoencoder (i.e., ICAE), which are totally different from the encoder/decoder in the encoder-decoder architecture. Our goal is to compress contexts for an existing Large Language Model (LLM), specifically Llama in our experiments. Building the ICAE on the same LLM (Llama) allows us to better align with the LLM to generate a more compressed context. > Q3. As mentioned above, does it matter for the encoder's input embeddings to be in the same space as the decoder's input embeddings? > As we previously mentioned in our response to Q1, the encoder's input embeddings and the decoder's input embeddings are indeed in the same space. > Q4. What's the actual size of each of the pretraining tasks, in terms of number of examples or number of tokens consumed. > We have included these details in Appendix A. For pretraining, our batch size and training steps are listed in Table 9. The number of training tokens can be calculated as 256 * 512 * 200k = 26.2 billion tokens. > Q5. I would imagine the autoencoding task to be relatively easy to ""learn"". How many steps or number of examples does it take for the model to converge? > You’re exactly right. Autoencoding is easier to learn than Language Modeling. However, our setting is 4x compression (e.g., using 128 tokens to restore 512 tokens). According to our observations, the validation loss still keeps decreasing even after 150k training steps.

We greatly appreciate your recognition and praise for this work, as well as the constructive suggestions you have provided to help us improve it. We hope our following responses can clarify some details and address your concerns, thereby improving your evaluation of this work. > Weakness 1: The paper compresses the contexts into black-box memories. Instead, one can simply apply a summarization model (e.g., GPT-4) to summarize the context and feed it to the model. While Figure 2 claims that black-box memory can be more compressive than words, this claim is not supported by the experiments. Besides, summarization has a merit in that it can be applied to black-box API models, unlike this method, which is only applicable to open-source white-box models. > We have experimental results to show that black-box memories can be more compressive than a summary. Firstly, both Figure 4 and 5 demonstrate that using 128-length black-box memories can almost losslessly restore the original 512-length context (with BLEU>99%), which cannot be achieved using a 128-length summary. Secondly, in the last row of Table 6, we compared 128 black-box memory and 128-token summary, which also confirmed that black-box memory is more compact and informative than a summary with the equal length. > Weakness 2: Still need quadratic complexity > Our motivation is not to improve quadratic complexity, but to effectively reduce the context length to make the context more compact and informative. You are correct that a divide-and-conquer strategy can make this method applicable to super-long contexts. We appreciate the references you recommended and will extend our discussion on this in the revised version to make this paper's position and contribution more clear. > Weakness 3: Other long context works > Thank you for your reminder and recommendations. We will include and extend the discussion of these contemporary papers in the revised version. > Weakness 4: Editorial comments > We appreciate your suggestions on the presentation of this paper. We will fix these issues in the next version according to your advice. > Q1: Additional validation of the multiple-span approach. Especially, checking the generated examples and practical benchmarks, such as QA, instead of relying solely on perplexity. I wonder if this multiple-span approach would work really well, even though the model is fine-tuned with only a single span. > Thank you for your suggestion. As we respond to Weakness 2, we will extend the discussion on the multiple span approach. > Q2: Comparison with the summarization baseline, which simply compresses the context into words instead of black-box memories. > As we respond to Weakness 1, we have the experiment results in Figure 4/5 and Table 6 to demonstrate that the memory slots are more compact and informative than the summary with the equal length.

We greatly appreciate your recognition and constructive feedback on our work. We hope our responses below can address your concerns and answer your questions. > One drawback is that ICAE should be anyway pre-trained, despite few additional parameters and fewer training steps than LLM pre-trainings. Compression will be extremely beneficial if we use the same context multiple times. However, otherwise, it might only incur overhead. > When we use the same context (i.e., cached in advance), we can significantly save on latency/memory overhead (over 7x speedup, as we discussed in Section 3.3.2). This scenario is **common and practical**: For example, a customized ChatGPT for a specific user can compress the user's chat history in advance and use the compressed memory during inference to maintain the long-term memory without online latency overhead for compression. Regarding your concern about the need to recompress for different contexts, different contexts indeed require an additional compression step. However, **as we show in Table 8, this additional compression still brings significant end-to-end speedup compared to using the original context when generating a long sequence**, making it still a highly practical method. > What is the format of memory slots, and how are they generated from the model? I could not find where it is described, but they should be vectors on the embedding space to be fed into the decoder as input. Are they representations before the final softmax layer to get the next word probability distribution? It might be meaningless, but what will we see if we map each memory slot vector to the most likely word? > Memory slots are indeed vectors in the embedding space that are fed into the decoder as input. They are the final output of the ICAE encoder (before softmax) in the positions of memory tokens. When we map the memory slot vector to the vocabulary space, we find that memory slots tend to retain some keyword information from the original context and are relatively concentrated in the front part of the original context. This can be explained by the memorization intuition we discussed in our paper, where the model will only remember keywords that provide crucial hints. > If I understand correctly, since memory tokens are fixed for any context input, memory slots can be generated in parallel. What memory tokens e_m have learned? Is it correct that memory slots are order-dependent because they use the same causal attention of language models? If yes, is it optimal because we have access to all information when we create memory slots? > Yes, you’re exactly correct. They are generated in parallel. They are order-dependent and use causal attention. We think it is an appropriate way to create memory slots just as people memorize in their working memory. > Based on the fact that the amount of information varies depending on the content of the context, not solely depending on its length, is it possible to have an adaptive size of memory slots for more compact compression? > As shown in Table 3, texts with lower PPL have greater compression potential. This is because lower PPL mean higher certainty and less difficulty to memorize. Your suggestion is very correct. We are working on adaptive memory slots to dynamically adjust the compression rate according to the difficulty of the text (PPL), in order to achieve the best compression performance without affecting the results."				
6.200	AqN23oqraW__r01	KoLA: Carefully Benchmarking World Knowledge of Large Language Models	8: accept, good paper	4: You are confident in your assessment, but not absolutely certain. It is unlikely, but not impossible, that you did not understand some parts of the submission or that you are unfamiliar with some pieces of related work.	fixed	priority_secondary_structured	structured=fixed; issue_ledger=unresolved		fixed	partially_fixed	fixed	fixed	unresolved	fixed	"[weaknesses] I don’t see any major weaknesses in the paper. One could argue that it is just an analysis paper, some of the insights that were drawn here might not be novel. But I feel that the presented framework will be valuable to the community. The authors have done a very good job explaining the framework in detail.

[questions] I would have liked to see the human evaluation results in the main part of the paper. It would strengthen the analysis. Do authors discuss the costs involved with these studies for both seasons?

[summary] The paper presents KoLA, an interesting Knowledge-oriented LLM Assessment benchmark. It assesses LLMs on four-level knowledge-related abilities: knowledge memorization, knowledge understanding, knowledge applying and knowledge creating, with known and evolving data sources. The authors plan to make available their data, leaderboard, participation information, and supporting tools upon acceptance. They plan to host a new competition season every three months, updating their evolving data sources, inviting participations from both open and commercial LLMs. The paper reports analysis of two searsons run comparing 28 open-source and commercial LLMs. I found the framework to be very interesting and insightful. The community will benefit from such a large scale analysis over knowledge-related abilities with known and evolving sources. The paper is very well written."	"Thank you for investing your time and expertise in reviewing our work. We are grateful for your recognition of our efforts in the design of framework and the evolving tests, and we are delighted to clarify the concerns and answer the questions you raised. - *The paper said that ""Comparing the second-season results with the first season, the rankings of most open-source models have declined"" but Table 2 and Table 3 seem to show results of four levels of the same season.* Due to space constraints, we placed the complete results of the first season in Appendix E.2. In the content, we primarily present the results of the second season (the latest season at the time of submission) and its comparison to the first season, which is reflected in the Rank column for each level. - *Why COPEN and 2wikiMultiQA are also considered as exclusive?* To ensure the reliability of our evaluation, we reached out to the authors of several works, including COPEN and 2WikiMutiQA, at the very beginning of our project. We obtained their **unpublished held-out test sets** for evaluation in KoLA. As explained in the caption of Table 1, “Exclusive tasks mean their test sets are newly developed or sponsored b..."	"Thank you for investing your time and expertise in reviewing our work. We are grateful for your recognition of our efforts in the design of framework and the evolving tests, and we are delighted to clarify the concerns and answer the questions you raised. - *The paper said that ""Comparing the second-season results with the first season, the rankings of most open-source models have declined"" but Table 2 and Table 3 seem to show results of four levels of the same season.* Due to space constraints, we placed the complete results of the first season in Appendix E.2. In the content, we primarily present the results of the second season (the latest season at the time of submission) and its comparison to the first season, which is reflected in the Rank column for each level. - *Why COPEN and 2wikiMultiQA are also considered as exclusive?* To ensure the reliability of our evaluation, we reached out to the authors of several works, including COPEN and 2WikiMutiQA, at the very beginning of our project. We obtained their **unpublished held-out test sets** for evaluation in KoLA. As explained in the caption of Table 1, “Exclusive tasks mean their test sets are newly developed or sponsored by the original authors and were not publicly disclosed.” Based on this criterion, we labeled these tasks as “Exclusive.” - *How the knowledge is designed in Figure 2 to apply self contrast metric please?* To more clearly demonstrate the evaluation process of the knowledge creation task, here we use the example in Figure 2 for a detailed explanation. The process can be divided into three main steps: First, the model to be evaluated generates a completion $T$ using only the context $C$ (The Battle of Evesham marked the defeat of Simon de Montfort...), allowing it to freely create content. Second, the model uses both the context $C$ and event knowledge $K$ (i.e., the structured content in the middle part of the figure) as inputs, to generate the other completion $T_{k}$. Third, by contrasting the model's generated results $T$ and $T_{k}$ under these two conditions, we can calculate the rationality of the model's event knowledge creation, $\partial \left( T, T_{k} \right)$ (its ability to freely create subsequent event knowledge, e.g., *Prince Edward’s Escape*). Together with the other two contrast metrics, this comparison ultimately leads to the scoring of the knowledge creation level. We hope this explanation can further aid your understanding of the paper. - *One of the potential strength of the paper is to analyse the results on the fresh data of each season that the paper claims; however, we don't find such results in the current version.* We analyzed the results on evolving tasks compared with known tasks in Section 3 (the second point of “Design Analysis”), which shows that the known-evolving performance gap is closer at the higher levels, indicating that the high-level abilities are more generalizable. We totally agree that a thorough analysis on evolving data is essential. We plan to execute a retrospective diachronic analysis after completing the first phase (six seasons as planned) and hope to have intriguing findings. - *Meanwhile, the paper draws some conclusions (the ones related to knowledge) that don't seem to be part of the contributions of this particular paper.* We believe that the experimental conclusions of this paper can provide contributions in two key aspects. First, the analysis upon a Bloom’s cognitive taxonomy, a rather unique aspect of this paper, offers a new perspective in analyzing the knowledge capabilities of LLMs. Second, although some speculations about model performance, such as the alignment tax, have been widely discussed, our results provide new experimental support for these speculations. As other reviewers have mentioned, although some conclusions might not be novel, the evaluation results provided by this framework are valuable. Additionally, KoLA, as a long-term maintained benchmark, can be utilized to observe whether these issues show improvement in the future. **[Final Remark]** Thank you again for reviewing our paper and for the pleased comments. We hope that our response and clarification have addressed your questions and concerns. We sincerely invite you to engage with us if you have more questions.

Thank you for dedicating your time and effort to review our work, and for acknowledging our overall design, experimental analysis, and writing. We are glad to answer the questions you've raised. - Q1: *The paper identified four knowledge capabilities. It is clear on knowledge memorization and knowledge creation. However, it is vague to distinguish knowledge understanding and knowledge application. Take knowledge understanding as an example, would reading comprehension a task of knowledge understanding or knowledge attention? Why knowledge understanding only has extraction tasks?* This is a valuable question, and we are pleased to discuss it with you. In Bloom's Cognitive Taxonomy [1], *Understanding* can be described as ”Determining the meaning of instructional messages“, typically involving actions like “Explain, Summarize.” *Applying* is described as “Carrying out or using a procedure in a given situation”, generally including actions such as 'Implement, Execute’. Indeed, since the revision of Bloom's theory [2], there has been considerable debate about the demarcation between these two cognitive levels. Despite ongoing discussions, one consensus principle to differentiate them is whether it involves information and abilities beyond the given content [3]. Consequently, we categorize tasks involving information extraction (which ensures that the output information is faithfully extracted from the input text) as Understanding. It is worth noting that the Knowledge Understanding (KU) level is not limited to information extraction; it also includes the ability of conceptual abstraction, as seen in our investigated task COPEN. Under this criterion, if a reading comprehension question requires only knowledge from the text, we would classify it as a KU task. Once it involves more complex background knowledge and reasoning, it might lean more towards a Knowledge Application (KA) task. Ref: [1] Krathwohl D R. A revision of Bloom's taxonomy: An overview[J]. Theory into practice, 2002, 41(4): 212-218. [2] Forehand M. Bloom's taxonomy: Original and revised[J]. Emerging perspectives on learning, teaching, and technology, 2005, 8: 41-44. [3] Wilson L O. Anderson and Krathwohl Bloom’s taxonomy revised understanding the new version of Bloom’s taxonomy[J]. The Second Principle, 2016, 1(1): 1-8. - Q2: *Benchmark on emerging corpora is a great idea and it is quite encouraging to see the authors promised to refresh the benchmark regularly. However, it is not clear how to maintain such benchmark in the long term. As the time goes by, some evolving benchmark is no longer most up-to-date, how to handle the benchmark data? How would this evolving benchmark interact with the known dataset?* As stated in Section 2 of our paper, we are committed to updating our evaluation for at least six seasons. After this, we will further extend tasks to introduce new versions of KoLA. The data for every new season will be up-to-date to ensure the test data is not leaked, maintaining the relative fairness of the evaluation. For the ended seasons, we do not plan to add them to the known set immediately. Instead, they will be publicly released after the completion of six seasons, and a retrospective analysis of all past seasons will be conducted. The primary workload for running a new season includes collecting and annotating new data, constructing a new list of models, and publishing evaluation results. To host these tasks, we have established a maintenance team and carefully controlled costs. This includes adding a large amount of automated pre-annotation (as described in Appendix B) and controlling the size of the evaluation set. As mentioned in our discussion with reviewer 1m8m, we expect the cost of every season will be under USD 2,000. Therefore, we are confident to fulfill the committed maintenance and we also welcome contributions from the community.

Thank you for your valuable feedback. We are greatly delighted to note your recognition of the contributions our paper makes in terms of data, evaluation design, and results analysis. We are happy to address the questions you’ve raised. - *I would have liked to see the human evaluation results in the main part of the paper. It would strengthen the analysis.* Adding the human evaluation to the main text is indeed a good suggestion. However, due to the constraints of length, we attempted but failed to include the results of human evaluation and its background in the content. In our revised paper, we have further highlighted this part (in Section 3), with the aim of directing readers' attention to the corresponding appendix. - *Do authors discuss the costs involved with these studies for both seasons?* This is a valuable concern. To sustain the project over the long term, we have kept the budget for each season below USD 2,000. Generally, each season’s expenditure comprises two main parts: 1) the cost of data annotation, and 2) the expenses for model deployment and API calls. The data annotation includes labeling knowledge triples and event arguments. As introduced in Appendix B, to reduce the difficulty and cost of annotation, we have pre-labeled the collected text automatically, allowing annotators to focus on the core tasks. Overall, each season requires approximately USD 660-700 for triple annotation and USD 400-420 for event annotation. Due to the scale of the KoLA test sets, the costs for model deployment and API calls have been kept within an acceptable range. The deployment expenses, estimated from GPU usage time, are approximately USD 200-240, while the API incurs an additional cost of USD 150-180. Overall, for the two seasons completed thus far, the costs have not exceeded USD 1,600 per season. With the anticipated increase in the number of models in future seasons, we believe that a budget of USD 2,000 per season should be sufficient to maintain the normal operation of the project. **[Final Remark]** Thank you once again for recognizing our work and offering invaluable suggestions for improvement. Please feel invited to leave more comments in case you have additional questions."	"Thank you for your valuable feedback. We are greatly delighted to note your recognition of the contributions our paper makes in terms of data, evaluation design, and results analysis. We are happy to address the questions you’ve raised. - *I would have liked to see the human evaluation results in the main part of the paper. It would strengthen the analysis.* Adding the human evaluation to the main text is indeed a good suggestion. However, due to the constraints of length, we attempted but failed to include the results of human evaluation and its background in the content. In our revised paper, we have further highlighted this part (in Section 3), with the aim of directing readers' attention to the corresponding appendix. - *Do authors discuss the costs involved with these studies for both seasons?* This is a valuable concern. To sustain the project over the long term, we have kept the budget for each season below USD 2,000. Generally, each season’s expenditure comprises two main parts: 1) the cost of data annotation, and 2) the expenses for model deployment and API calls. The data annotation includes labeling knowledge triples and event arguments. As introduced in Appendix B, to reduce the difficulty and cost of annotation, we have pre-labeled the collected text automatically, allowing annotators to focus on the core tasks. Overall, each season requires approximately USD 660-700 for triple annotation and USD 400-420 for event annotation. Due to the scale of the KoLA test sets, the costs for model deployment and API calls have been kept within an acceptable range. The deployment expenses, estimated from GPU usage time, are approximately USD 200-240, while the API incurs an additional cost of USD 150-180. Overall, for the two seasons completed thus far, the costs have not exceeded USD 1,600 per season. With the anticipated increase in the number of models in future seasons, we believe that a budget of USD 2,000 per season should be sufficient to maintain the normal operation of the project. **[Final Remark]** Thank you once again for recognizing our work and offering invaluable suggestions for improvement. Please feel invited to leave more comments in case you have additional questions.

Thank you for investing your time and expertise in reviewing our work. We are grateful for your recognition of our efforts in the design of framework and the evolving tests, and we are delighted to clarify the concerns and answer the questions you raised. - *The paper said that ""Comparing the second-season results with the first season, the rankings of most open-source models have declined"" but Table 2 and Table 3 seem to show results of four levels of the same season.* Due to space constraints, we placed the complete results of the first season in Appendix E.2. In the content, we primarily present the results of the second season (the latest season at the time of submission) and its comparison to the first season, which is reflected in the Rank column for each level. - *Why COPEN and 2wikiMultiQA are also considered as exclusive?* To ensure the reliability of our evaluation, we reached out to the authors of several works, including COPEN and 2WikiMutiQA, at the very beginning of our project. We obtained their **unpublished held-out test sets** for evaluation in KoLA. As explained in the caption of Table 1, “Exclusive tasks mean their test sets are newly developed or sponsored by the original authors and were not publicly disclosed.” Based on this criterion, we labeled these tasks as “Exclusive.” - *How the knowledge is designed in Figure 2 to apply self contrast metric please?* To more clearly demonstrate the evaluation process of the knowledge creation task, here we use the example in Figure 2 for a detailed explanation. The process can be divided into three main steps: First, the model to be evaluated generates a completion $T$ using only the context $C$ (The Battle of Evesham marked the defeat of Simon de Montfort...), allowing it to freely create content. Second, the model uses both the context $C$ and event knowledge $K$ (i.e., the structured content in the middle part of the figure) as inputs, to generate the other completion $T_{k}$. Third, by contrasting the model's generated results $T$ and $T_{k}$ under these two conditions, we can calculate the rationality of the model's event knowledge creation, $\partial \left( T, T_{k} \right)$ (its ability to freely create subsequent event knowledge, e.g., *Prince Edward’s Escape*). Together with the other two contrast metrics, this comparison ultimately leads to the scoring of the knowledge creation level. We hope this explanation can further aid your understanding of the paper. - *One of the potential strength of the paper is to analyse the results on the fresh data of each season that the paper claims; however, we don't find such results in the current version.* We analyzed the results on evolving tasks compared with known tasks in Section 3 (the second point of “Design Analysis”), which shows that the known-evolving performance gap is closer at the higher levels, indicating that the high-level abilities are more generalizable. We totally agree that a thorough analysis on evolving data is essential. We plan to execute a retrospective diachronic analysis after completing the first phase (six seasons as planned) and hope to have intriguing findings. - *Meanwhile, the paper draws some conclusions (the ones related to knowledge) that don't seem to be part of the contributions of this particular paper.* We believe that the experimental conclusions of this paper can provide contributions in two key aspects. First, the analysis upon a Bloom’s cognitive taxonomy, a rather unique aspect of this paper, offers a new perspective in analyzing the knowledge capabilities of LLMs. Second, although some speculations about model performance, such as the alignment tax, have been widely discussed, our results provide new experimental support for these speculations. As other reviewers have mentioned, although some conclusions might not be novel, the evaluation results provided by this framework are valuable. Additionally, KoLA, as a long-term maintained benchmark, can be utilized to observe whether these issues show improvement in the future. **[Final Remark]** Thank you again for reviewing our paper and for the pleased comments. We hope that our response and clarification have addressed your questions and concerns. We sincerely invite you to engage with us if you have more questions.

Thank you for dedicating your time and effort to review our work, and for acknowledging our overall design, experimental analysis, and writing. We are glad to answer the questions you've raised. - Q1: *The paper identified four knowledge capabilities. It is clear on knowledge memorization and knowledge creation. However, it is vague to distinguish knowledge understanding and knowledge application. Take knowledge understanding as an example, would reading comprehension a task of knowledge understanding or knowledge attention? Why knowledge understanding only has extraction tasks?* This is a valuable question, and we are pleased to discuss it with you. In Bloom's Cognitive Taxonomy [1], *Understanding* can be described as ”Determining the meaning of instructional messages“, typically involving actions like “Explain, Summarize.” *Applying* is described as “Carrying out or using a procedure in a given situation”, generally including actions such as 'Implement, Execute’. Indeed, since the revision of Bloom's theory [2], there has been considerable debate about the demarcation between these two cognitive levels. Despite ongoing discussions, one consensus principle to differentiate them is whether it involves information and abilities beyond the given content [3]. Consequently, we categorize tasks involving information extraction (which ensures that the output information is faithfully extracted from the input text) as Understanding. It is worth noting that the Knowledge Understanding (KU) level is not limited to information extraction; it also includes the ability of conceptual abstraction, as seen in our investigated task COPEN. Under this criterion, if a reading comprehension question requires only knowledge from the text, we would classify it as a KU task. Once it involves more complex background knowledge and reasoning, it might lean more towards a Knowledge Application (KA) task. Ref: [1] Krathwohl D R. A revision of Bloom's taxonomy: An overview[J]. Theory into practice, 2002, 41(4): 212-218. [2] Forehand M. Bloom's taxonomy: Original and revised[J]. Emerging perspectives on learning, teaching, and technology, 2005, 8: 41-44. [3] Wilson L O. Anderson and Krathwohl Bloom’s taxonomy revised understanding the new version of Bloom’s taxonomy[J]. The Second Principle, 2016, 1(1): 1-8. - Q2: *Benchmark on emerging corpora is a great idea and it is quite encouraging to see the authors promised to refresh the benchmark regularly. However, it is not clear how to maintain such benchmark in the long term. As the time goes by, some evolving benchmark is no longer most up-to-date, how to handle the benchmark data? How would this evolving benchmark interact with the known dataset?* As stated in Section 2 of our paper, we are committed to updating our evaluation for at least six seasons. After this, we will further extend tasks to introduce new versions of KoLA. The data for every new season will be up-to-date to ensure the test data is not leaked, maintaining the relative fairness of the evaluation. For the ended seasons, we do not plan to add them to the known set immediately. Instead, they will be publicly released after the completion of six seasons, and a retrospective analysis of all past seasons will be conducted. The primary workload for running a new season includes collecting and annotating new data, constructing a new list of models, and publishing evaluation results. To host these tasks, we have established a maintenance team and carefully controlled costs. This includes adding a large amount of automated pre-annotation (as described in Appendix B) and controlling the size of the evaluation set. As mentioned in our discussion with reviewer 1m8m, we expect the cost of every season will be under USD 2,000. Therefore, we are confident to fulfill the committed maintenance and we also welcome contributions from the community."				
6.200	SQpnEfv9WH__r02	Social-Transmotion: Promptable Human Trajectory Prediction	5: marginally below the acceptance threshold	5: You are absolutely certain about your assessment. You are very familiar with the related work and checked the math/other details carefully.	partially_fixed	priority_secondary_structured	structured=partially_fixed; issue_ledger=unresolved		fixed	partially_fixed	partially_fixed	partially_fixed	unresolved	partially_fixed	"[weaknesses] - In the introduction, it was mentioned that ""traditional predictors have limited performance, as they typically rely on a single data point per person (i.e., their x-y coordinates on the ground) as input."" This can not be a general statement as works such as [1] and following ones do tackle the point using such cues. Also, it seems this work is not mentioned in the related work section. - In the related work section there need to be a balance between the 3 modes supported in the work, where there is a literatures for each mode with different directions. - Figure 2 doesn't show the path for the visual cues mentioned in 3.2. Or there is a confusion between the word ""visual"" and ""spatial"" cue? Did the authors mean spatial cues such as pose, bounding box or visual cues such as the partial image of the scene beside the spatial cues? [1] SoPhie: An Attentive GAN for Predicting Paths Compliant to Social and Physical Constraints

[questions] - I'm strongly wondering about the ADE/FDE results. The proposed model output is deterministic where most of the method reported in the table are probabilistic except Social-LSTM. I'm only aware of [[1]-appendix c] where there is an approach to compare deterministic and probabilistic models. What is the authors comment on this? - Another suggestive study, the impact of training data amount on the model performance. It seems from section 3.2 that data imperfection might impact the performance. What about the impact of data quantity? like using 10%, 20% ... etc on the results? - The confusion between naming ""visual"" and ""spatial"" cues is impacting the readability/expectations of the article and need to be addressed. [1]Social-Implicit: Rethinking Trajectory Prediction Evaluation and The Effectiveness of Implicit Maximum Likelihood Estimation

[summary] The paper presents a transformer based approach for motion prediction. It focus on using visual cues alongside agent location to predict the future. The future can be position, pose or bounding box. The future is made into a prompt along side the visual cues. A cross modality transformer is used to combine the different modalities the another transformer is used for motion prediction. The reported results are good in comparison with previous work."	Thank you for your helpful input. Please find our answers to the raised points below: > Ensuring a balanced related work section for all supported prediction modes. We would like to clarify that our work does not encompass multiple prediction modes; rather, it is exclusively focused on trajectory prediction. Consequently, in our related works section, we have a subsection dedicated to the human trajectory prediction task and another subsection addressing the ways in which the utilization of visual cues can enhance it. These input modalities are not predicted but utilized to augment trajectory prediction accuracy. We have endeavored to cite all relevant studies on the use of each input modalities and are grateful for any additional references we may have overlooked. > Deterministic vs. probabilistic ADE/FDE? Indeed, as you pointed out, some of the models in the main table had a probabilistic approach and some deterministic. Notably, some of the probabilistic models have implemented a deterministic scenario and have reported ADE/FDE metrics for both deterministic and probabilistic results (e.g., EqMotion, Trajectory Transformer). To facilitate consistency in reporting, we have adj...	"Thank you for your helpful input. Please find our answers to the raised points below: > Ensuring a balanced related work section for all supported prediction modes. We would like to clarify that our work does not encompass multiple prediction modes; rather, it is exclusively focused on trajectory prediction. Consequently, in our related works section, we have a subsection dedicated to the human trajectory prediction task and another subsection addressing the ways in which the utilization of visual cues can enhance it. These input modalities are not predicted but utilized to augment trajectory prediction accuracy. We have endeavored to cite all relevant studies on the use of each input modalities and are grateful for any additional references we may have overlooked. > Deterministic vs. probabilistic ADE/FDE? Indeed, as you pointed out, some of the models in the main table had a probabilistic approach and some deterministic. Notably, some of the probabilistic models have implemented a deterministic scenario and have reported ADE/FDE metrics for both deterministic and probabilistic results (e.g., EqMotion, Trajectory Transformer). To facilitate consistency in reporting, we have adjusted the prediction mode to 1 for probabilistic models (as they provided in their opensource public codes), asking them to predict the most reliable trajectory as the deterministic scenario and report deterministic ADE/FDE metrics. > Performance changes with different data quantity in training. We appreciate your recommendation to investigate the impact of varying amount of data in training on the performance. Following your suggestion, we conducted experiments with models trained on incrementally increasing data quantities. The outcomes of these experiments, as detailed below, indicate a marked performance enhancement up to the 40\% data volume threshold. Post this threshold, we observe steady improvements up until the 80\% data mark. Post-80\%, there is a noticeable plateau in performance enhancement. | Training data quantity | 10\% | 20\% | 40\% | 60\% | 80\% | 100\% | |------------------------|-----------|-----------|-----------|-----------|-----------|-----------| | ADE/FDE | 1.20/2.41 | 1.14/2.32 | 1.01/2.06 | 0.95/1.95 | 0.90/1.85 | 0.88/1.80 | We added this experiment to the paper. > Visual cues or spatial cues? In our manuscript, we used the term ""visual cues"" to refer to information extracted visually, such as the coordinates of 2D pose keypoints appear within the image frames or . Explicitly in this paper we refer to visual cues, whether they are poses, bounding boxes, or a combination thereof. We recognize the potential for ambiguity and have therefore added the definition in the manuscript. The exploration of additional input cues, including but not limited to scene context, is put for future research. > Not all traditional predictors have limited performance, because of reliance on a single data point per person as input. Thanks for pointing it out. We wanted to express that single-modality input is a limitation for predictors that relies solely on x-y coordinates, not for all of them. We updated the manuscript and added the missed citation.

Thank you for your comments. Our responses to each point are outlined below. > Using transformers for trajectory prediction lacks novelty, echoing established studies like Wayformer. As we mentioned in the paper, transformers have been widely utilized recently in trajectory prediction. However, it is essential to emphasize a distinctive contribution in our study. Our primary innovation lies in the introduction of a generic model with our modality-masking technique. This technique enhances the generality and robustness of the model, enabling flexible utilization of visual cues (we train **only one** model with all the available cues and at test time generate predictions only based on a subset of these cues), as demonstrated in Table 1 of our manuscript. Regarding the architecture, our proposed dual-transformer is modified from the language model BERT, which is different from the encoder-decoder structure used in Wayformer. The main similarity of our model and Wayformer for example, is that we both use latent queries to encode features from different modalities. However, in the case of Wayformer and most trajectory prediction architectures, the modalities represent only the locations of agents and map information. Our model differs in its focus on broader visual cues beyond that, leading to distinct learning processes for agent interactions. In Wayformer, the model learns the agent-agent interaction based on the location. In contrast, our model, designed for the task of human trajectory prediction, necessitates learning not only location-wise interactions but also pose interactions across agents. This distinction becomes particularly crucial in complex, crowded scenes where each agent may exhibit multiple modalities. Consequently, to address the challenge of modeling these intricate interactions, we employ distinct transformers for cross-modal feature extraction and social interactions, which enables the model to learn how neighbours' poses, bounding boxes and trajectories affect the agent's future trajectory. > Additional datasets like Argoverse and Waymo for benchmarking against other transformer-based models. In addition to the JTA dataset, our paper incorporated various common datasets in human trajectory prediction, including multi-person multi-modal robotic scenarios (JRDB), multi-person single-modal traffic scenarios (ETH-UCY), and single-person multi-modal traffic scenarios (Pedestrians and Cyclists in Road Traffic dataset). To enhance our analysis of multi-person multi-modal traffic scenarios and following your suggestion, we added the Waymo Perception dataset. This dataset was chosen for its extensive multi-modal annotations, including 2D/3D bounding boxes and 2D/3D pose keypoints of humans, as well as frame conversions and 2D-3D label associations. Due to the substantial size of the dataset and the time constraints, we conducted training and evaluation on selected subsets (25,000 random samples from the training set and 5,000 random samples from the validation set). Our model leverages the various visual labels and their associations provided by this dataset whenever they are available, and masks them out when not. For comparison, we selected two recent top-performing models based on the results presented in Table 1 of our paper: EqMotion (from CVPR 2023) and the transformer-based Autobots (from ICLR 2022). The detailed results can be found here: | | ADE/FDE | |--------------------|-----------| | Autobots | 0.40/0.85 | | EqMotion | 0.44/0.88 | | Social-Transmotion | 0.39/0.82 | It shows that our model exhibits better performance compared to previous works. We acknowledge that with further hyperparameter tuning, optimization, and training on the entire dataset, our model's performance could be further enhanced. We have added this experiment to the paper.

Thank you for your insightful review. The following are our responses to the points you have raised. > The performance on other datasets: Argoverse, Waymo. In addition to the JTA dataset, our paper incorporated various common datasets in human trajectory prediction, including multi-person multi-modal robotic scenarios (JRDB), multi-person single-modal traffic scenarios (ETH-UCY), and single-person multi-modal traffic scenarios (Pedestrians and Cyclists in Road Traffic dataset). To enhance our analysis of multi-person multi-modal traffic scenarios and following your suggestion, we added the Waymo Perception dataset. This dataset was chosen for its extensive multi-modal annotations, including 2D/3D bounding boxes and 2D/3D pose keypoints of humans, as well as frame conversions and 2D-3D label associations. Due to the substantial size of the dataset and the time constraints, we conducted training and evaluation on selected subsets (25,000 random samples from the training set and 5,000 random samples from the validation set). Our model leverages the various visual labels and their associations provided by this dataset whenever they are available, and masks them out when not. For comparison, we selected two recent top-performing models based on the results presented in Table 1 of our paper: EqMotion (from CVPR 2023) and the transformer-based Autobots (from ICLR 2022). The detailed results can be found here: | | ADE/FDE | |--------------------|-----------| | Autobots | 0.40/0.85 | | EqMotion | 0.44/0.88 | | Social-Transmotion | 0.39/0.82 | It shows that our model exhibits better performance compared to previous works. We acknowledge that with further hyperparameter tuning, optimization, and training on the entire dataset, our model's performance could be further enhanced. We have added this experiment to the paper. > Computational costs comparison. Thank you for the suggestion. We have analyzed the computational costs of our model with various visual cues in Appendix A4. Upon your recommendation, we now include a comparison with the Eqmotion and Autobots baselines in the table below, detailing inference times based on over 5000 samples using a Tesla V100 GPU. Notably, our dual-transformer model achieves faster inference speeds than these baselines, even when processing 3D Pose data, which is advantageous for resource-limited environments. This efficiency gain is partly due to our use of CMT for encoding modalities and information compression, allowing the subsequent transformer, ST, to operate on a compacted learned representation. | | EqMotion | Autobots | Social-Transmotion (T) | Social-Transmotion (T+3d P) | |---------------------|----------|----------|------------------------|-----------------------------| | Inference time (ms) | 8.28 | 7.50 | 5.74 | 6.73 | It is important to acknowledge that our approach relies on additional estimation methods within its pipeline. Hence, when considering the complete processing time, especially for potential real-world deployments, these factors should be taken into account. However, these estimation methods have significantly improved in speed recently, enabling real-time usage without substantial concerns. > How's the model's performance with inaccurate or noisy pose estimations? Regarding the performance with less accurate or noisy pose estimations, we refer to the first part of the Discussions in Section 4.4, titled ""What if we have imperfect input?"". There, in table 2 of the paper, we evaluated the performance using different percentages of available cues and noisy pose, providing an analysis of the model's robustness under various conditions. In response to you and another reviewer, we conducted another complementary experiment involving an off-the-shelf pose estimator [1], on the JRDB dataset (ground-truth 3D pose is not available). The obtained estimated 3D poses were then used as input cues for evaluating our model without re-training. As demonstrated in the table below, our model exhibits a notable capacity to leverage even imperfect pose estimations, resulting in a performance improvement. | | T | T + estimated 3d P | |--------------------|-----------|---------------------------| | Social-Transmotion | 0.40/0.77 | 0.36/0.72 (8.70\%/6.80\%) | Note that while the gain achieved with pseudo-ground-truth pose (here on the JRDB dataset) is slightly lower compared to utilizing ground-truth pose (as showcased in the main paper with a gain of about 10.1\% and 8.58\% on the JTA dataset), our generic model's adaptability to real-world pose estimators underscores its robustness and practical utility in scenarios where accurate ground-truth information may be challenging to obtain. One way to lower this gap is to train the model with the estimated/inaccurate poses."	"Thank you for your insightful review. The following are our responses to the points you have raised. > The performance on other datasets: Argoverse, Waymo. In addition to the JTA dataset, our paper incorporated various common datasets in human trajectory prediction, including multi-person multi-modal robotic scenarios (JRDB), multi-person single-modal traffic scenarios (ETH-UCY), and single-person multi-modal traffic scenarios (Pedestrians and Cyclists in Road Traffic dataset). To enhance our analysis of multi-person multi-modal traffic scenarios and following your suggestion, we added the Waymo Perception dataset. This dataset was chosen for its extensive multi-modal annotations, including 2D/3D bounding boxes and 2D/3D pose keypoints of humans, as well as frame conversions and 2D-3D label associations. Due to the substantial size of the dataset and the time constraints, we conducted training and evaluation on selected subsets (25,000 random samples from the training set and 5,000 random samples from the validation set). Our model leverages the various visual labels and their associations provided by this dataset whenever they are available, and masks them out when not. For comparison, we selected two recent top-performing models based on the results presented in Table 1 of our paper: EqMotion (from CVPR 2023) and the transformer-based Autobots (from ICLR 2022). The detailed results can be found here: | | ADE/FDE | |--------------------|-----------| | Autobots | 0.40/0.85 | | EqMotion | 0.44/0.88 | | Social-Transmotion | 0.39/0.82 | It shows that our model exhibits better performance compared to previous works. We acknowledge that with further hyperparameter tuning, optimization, and training on the entire dataset, our model's performance could be further enhanced. We have added this experiment to the paper. > Computational costs comparison. Thank you for the suggestion. We have analyzed the computational costs of our model with various visual cues in Appendix A4. Upon your recommendation, we now include a comparison with the Eqmotion and Autobots baselines in the table below, detailing inference times based on over 5000 samples using a Tesla V100 GPU. Notably, our dual-transformer model achieves faster inference speeds than these baselines, even when processing 3D Pose data, which is advantageous for resource-limited environments. This efficiency gain is partly due to our use of CMT for encoding modalities and information compression, allowing the subsequent transformer, ST, to operate on a compacted learned representation. | | EqMotion | Autobots | Social-Transmotion (T) | Social-Transmotion (T+3d P) | |---------------------|----------|----------|------------------------|-----------------------------| | Inference time (ms) | 8.28 | 7.50 | 5.74 | 6.73 | It is important to acknowledge that our approach relies on additional estimation methods within its pipeline. Hence, when considering the complete processing time, especially for potential real-world deployments, these factors should be taken into account. However, these estimation methods have significantly improved in speed recently, enabling real-time usage without substantial concerns. > How's the model's performance with inaccurate or noisy pose estimations? Regarding the performance with less accurate or noisy pose estimations, we refer to the first part of the Discussions in Section 4.4, titled ""What if we have imperfect input?"". There, in table 2 of the paper, we evaluated the performance using different percentages of available cues and noisy pose, providing an analysis of the model's robustness under various conditions. In response to you and another reviewer, we conducted another complementary experiment involving an off-the-shelf pose estimator [1], on the JRDB dataset (ground-truth 3D pose is not available). The obtained estimated 3D poses were then used as input cues for evaluating our model without re-training. As demonstrated in the table below, our model exhibits a notable capacity to leverage even imperfect pose estimations, resulting in a performance improvement. | | T | T + estimated 3d P | |--------------------|-----------|---------------------------| | Social-Transmotion | 0.40/0.77 | 0.36/0.72 (8.70\%/6.80\%) | Note that while the gain achieved with pseudo-ground-truth pose (here on the JRDB dataset) is slightly lower compared to utilizing ground-truth pose (as showcased in the main paper with a gain of about 10.1\% and 8.58\% on the JTA dataset), our generic model's adaptability to real-world pose estimators underscores its robustness and practical utility in scenarios where accurate ground-truth information may be challenging to obtain. One way to lower this gap is to train the model with the estimated/inaccurate poses.

Thank you for your helpful input. Please find our answers to the raised points below: > Ensuring a balanced related work section for all supported prediction modes. We would like to clarify that our work does not encompass multiple prediction modes; rather, it is exclusively focused on trajectory prediction. Consequently, in our related works section, we have a subsection dedicated to the human trajectory prediction task and another subsection addressing the ways in which the utilization of visual cues can enhance it. These input modalities are not predicted but utilized to augment trajectory prediction accuracy. We have endeavored to cite all relevant studies on the use of each input modalities and are grateful for any additional references we may have overlooked. > Deterministic vs. probabilistic ADE/FDE? Indeed, as you pointed out, some of the models in the main table had a probabilistic approach and some deterministic. Notably, some of the probabilistic models have implemented a deterministic scenario and have reported ADE/FDE metrics for both deterministic and probabilistic results (e.g., EqMotion, Trajectory Transformer). To facilitate consistency in reporting, we have adjusted the prediction mode to 1 for probabilistic models (as they provided in their opensource public codes), asking them to predict the most reliable trajectory as the deterministic scenario and report deterministic ADE/FDE metrics. > Performance changes with different data quantity in training. We appreciate your recommendation to investigate the impact of varying amount of data in training on the performance. Following your suggestion, we conducted experiments with models trained on incrementally increasing data quantities. The outcomes of these experiments, as detailed below, indicate a marked performance enhancement up to the 40\% data volume threshold. Post this threshold, we observe steady improvements up until the 80\% data mark. Post-80\%, there is a noticeable plateau in performance enhancement. | Training data quantity | 10\% | 20\% | 40\% | 60\% | 80\% | 100\% | |------------------------|-----------|-----------|-----------|-----------|-----------|-----------| | ADE/FDE | 1.20/2.41 | 1.14/2.32 | 1.01/2.06 | 0.95/1.95 | 0.90/1.85 | 0.88/1.80 | We added this experiment to the paper. > Visual cues or spatial cues? In our manuscript, we used the term ""visual cues"" to refer to information extracted visually, such as the coordinates of 2D pose keypoints appear within the image frames or . Explicitly in this paper we refer to visual cues, whether they are poses, bounding boxes, or a combination thereof. We recognize the potential for ambiguity and have therefore added the definition in the manuscript. The exploration of additional input cues, including but not limited to scene context, is put for future research. > Not all traditional predictors have limited performance, because of reliance on a single data point per person as input. Thanks for pointing it out. We wanted to express that single-modality input is a limitation for predictors that relies solely on x-y coordinates, not for all of them. We updated the manuscript and added the missed citation.

> The model's performance with partially or fully-occluded pose In Table 3 of the paper, we have highlighted the significance of individual poses, such as the head pose, in comparison to the full-body pose. Additionally, in the previous paragraph of the response, we've considered the impact of employing a real-world pose estimator that may encounter occlusions. Following your suggestion, we conducted experiments to assess our model's performance under occlusions by masking keypoints in specific temporal or spatial areas. These experiments included these scenarios: 1) Random leg and arm occluded 3d P: leg and arm joints are randomly occluded with the same probability of $50\%$; 2) Structurally occluded 3d P: the right leg joints for all frames are missing; 3) Whole frame missing 3d P: the pose in some frames are completely missing with a dedicated probability; Our findings in the table below demonstrate that our model maintains robustness against both temporal and spatial occlusions, with diminishing performance only at very high occlusion rates. | Occlusion in temporal and spatial space | ADE/FDE | |------------------------------------------------------|-----------| | T + Complete 3d P | 0.89/1.81 | | T + Random leg and arm occluded 3d P | 0.90/1.83 | | T + Structurally occluded 3d P | 0.90/1.82 | | T + Whole frame missing 3D P (with 50\% probability) | 0.93/1.89 | | T + Whole frame missing 3D P (with 80\% probability) | 0.98/1.96 | | T + Fully occluded pose (no 3d P) | 0.99/1.98 | Furthermore, in the appendix we showed one qualitative example on how inputting all keypoints yields similar results compared to giving only occluded keypoints. > More discussions on successful and failure cases. As shown in the main paper (successful cases), Social-Transmotion, engineered for adaptability, underlines that integrating visual cues are never harmful and, in most cases helpful (free win) but still there are some limitations to be addressed in the future. For instance the failure cases in the appendix have shown that limited set of visual cues do not consistently enhance trajectory prediction performance. In the future, one can study the potential of alternative visual cues such as gaze direction, actions, and other attributes, taking into account their presence in datasets. These cues could potentially provide a more comprehensive understanding of human mobility patterns, leading to more precise predictions of human trajectories. Another intriguing avenue for research that we mentioned in the paper involves benefiting directly from images. This could facilitate the transformation of images into optimized prompts, enabling the direct utilization of visual information. The experiments also revealed that imperfect observation such as excessive noise in pose data (e.g., Gaussian noise with a standard deviation of 50) could misguide the model, pointing to a possible limitation. To mitigate this, one option is to do data augmentation techniques, which might improve robustness at the expense of accuracy on clean data. The choice would be application-dependent. Alternatively, selecting and developing a more reliable pose estimator could address this issue. This expanded discussion has been included in the manuscript. > Adding four relevant works. Thanks. We have added a section in our manuscript discussing vehicle trajectory prediction and have cited the works you mentioned."				
6.200	uREj4ZuGJE__r03	In-context Autoencoder for Context Compression in a Large Language Model	5: marginally below the acceptance threshold	4: You are confident in your assessment, but not absolutely certain. It is unlikely, but not impossible, that you did not understand some parts of the submission or that you are unfamiliar with some pieces of related work.	partially_fixed	priority_secondary_structured	structured=partially_fixed; issue_ledger=fixed		fixed	partially_fixed	partially_fixed	fixed	fixed	partially_fixed	"[weaknesses] I found the baseline somewhat lacking. There are a few other papers targeting the exact or adjacent problems, such as Gisting, Recurrent memory transformer, compressive transformer, auto compressor. However, the paper did not compare with any of them, making it hard to judge the tradeoffs between different methods. It'll be nice to at least compare to one of the existing methods, such as gisting, especially as it claims to achieve up to 26x compression. Further, it'll be nice to have ablation studies on various design choices, such as embedding the input tokens into the same space as the decoder for the encoder. More details on weakness will be in the ""Questions"" section. I'm willing to increase the score if the aforementioned weaknesses are addressed.

[questions] 1. I likely have missed something in the paper. It's unclear to me whether the authors initialized the encoder LLM from the same checkpoint as the decoder LLM? If that's the case, how did the author address the difference in autoregressive attention in the decoder (and the base LLM, such as LLAMA) and bidirectional attention potentially used for the encoder. 2. Why not use an encoder-decoder language model such as T5 for this? 3. As mentioned above, does it matter for the encoder's input embeddings to be in the same space as the decoder's input embeddings? 4. What's the actual size of each of the pretraining tasks, in terms of number of examples or number of tokens consumed. 5. I would imagine the autoencoding task to be relatively easy to ""learn"". How many steps or number of examples does it take for the model to converge? 6. Are the two pretraining tasks interleaved or done in a sequential order? 7. For the instruction fine-tuning, have you tried passing the prompt to the encoder instead of the decoder, and what's the effect? 8. Do you initialize the encoder from the same LLM checkpoint as the decoder? 9. Could you provide some intuition on why the loss in the rightmost image in Figure 4 shows a U shaped trend. 10. Could you also provide some explanation on why the first row of table 1 shows a PPLX increase even though there's no compression going on. 11. Regarding the claim that pretrained ICAE suffers less from hallucination than non-pretrained model, I would like to clarify that both variants are trained on the same instruction fine-tuning set right? 12. Have you tried full model fine-tuning? In other words, what's the impact of lora on the final quality?

[summary] In this paper, the authors propose a new approach for compressing the context of LLMs: * The architecture involves an encoder, based on existing LLMs, and a decoder which is also a LLM. The encoder takes in the context, and a set of special memory tokens. The output embeddings of the memory tokens are used as the compressed representation of the context. This representation is passed to the decoder before the target token embeddings. * The paper proposes three training schemes: the autoencoding pretraining, text continuation pretraining and instruction fine-tuning. The autoencoding pretraining trains the decoder to reconstruct the encoder inputs, with only the compressed memory as the conditioning. The text continuation involves continuing the context passed to the encoder. Finally the model is fine-tuned for instruction following using the Prompt-with-Context dataset also proposed in the paper. * Finally there are series of analyses on how compression ratio affects the performance, and memory encoding behavior of this autoencoder."	We greatly appreciate your recognition and constructive suggestions for this work. We hope our following responses can clarify some details and address your concerns, thereby improving your evaluation of this work. > Weakness: I found the baseline somewhat lacking. There are a few other papers targeting the exact or adjacent problems, such as Gisting, Recurrent memory transformer, compressive transformer, auto compressor. As you can see in our references, we have properly cited these papers. The Recurrent Memory Transformer (RMT) and Compressive Transformer primarily focus on exploring a new network architecture or learning method to address the long context issue, as introduced in Section 1. Their methods, however, are not readily applicable to compress long text for an existing Language Model (LLM) such as Llama-2. This is the fundamental difference between these papers and our work -- our motivation and focus is to compress long context for an existing LLM to use the compressed context to replace the original context during inference. As for Gisting and Autocompressor, although they also study context compression, they do not compress context for an existing LLM in the same w...	"We greatly appreciate your recognition and constructive suggestions for this work. We hope our following responses can clarify some details and address your concerns, thereby improving your evaluation of this work. > Weakness: I found the baseline somewhat lacking. There are a few other papers targeting the exact or adjacent problems, such as Gisting, Recurrent memory transformer, compressive transformer, auto compressor. As you can see in our references, we have properly cited these papers. The Recurrent Memory Transformer (RMT) and Compressive Transformer primarily focus on exploring a new network architecture or learning method to address the long context issue, as introduced in Section 1. Their methods, however, are not readily applicable to compress long text for an existing Language Model (LLM) such as Llama-2. This is the fundamental difference between these papers and our work -- our motivation and focus is to compress long context for an existing LLM to use the compressed context to replace the original context during inference. As for Gisting and Autocompressor, although they also study context compression, they do not compress context for an existing LLM in the same way we do: Gisting's compression is limited to transform a task description into a few compressed (task) vectors (i.e., gist tokens). It does not involve content compression. Its 26x compression is regarding compressing task description prompt which is usually not very long, as we discussed in Section 5. Moreover, Gisting itself requires fine-tuning the LLM to compress, and its produced gist tokens is not intended for the original LLM but for its fine-tuned LLM, which is not what we aim for. As for Autocompressor, it does not compress context for the original LLM either. Its motivation and focus are more akin to the Compressive Transformer. In contrast, our work is designed to compress a long context for an existing LLM. The LLM can directly use the compressed memory slots as the (conditional) context to perform various tasks or goals. This is a more practical scenario **as we don't need to modify anything on a hosted LLM. We only need to pass the memory slots to the LLM in the same way as word embeddings**. **Clearly, none of these four previous papers can be directly applied for this goal, which is the reason why we do not compared with them in this scenario.** > Q1. I likely have missed something in the paper. It's unclear to me whether the authors initialized the encoder LLM from the same checkpoint as the decoder LLM? If that's the case, how did the author address the difference in autoregressive attention in the decoder (and the base LLM, such as LLAMA) and bidirectional attention potentially used for the encoder. > The encoder in our paper refers to the encoder in the autoencoder terminology, which is used for encoding text into memory slots. It is not the same as the encoder in the encoder-decoder architecture. As illustrated in Figure 3, the encoder of ICAE is a frozen LLM (specifically Llama in this paper) + a learnable LoRA + a learnable embedding for memory tokens. The decoder of ICAE is the frozen LLM. Therefore, the encoder does not use bidirectional attention; instead, it uses causal attention, as in the decoder. We apologize for the confusion. We'll make it clearer in the revised version. > Q2. Why not use an encoder-decoder language model such as T5 for this? > As we mentioned in our response to Q1, our encoder and decoder refer to the encoding and decoding modules of the autoencoder (i.e., ICAE), which are totally different from the encoder/decoder in the encoder-decoder architecture. Our goal is to compress contexts for an existing Large Language Model (LLM), specifically Llama in our experiments. Building the ICAE on the same LLM (Llama) allows us to better align with the LLM to generate a more compressed context. > Q3. As mentioned above, does it matter for the encoder's input embeddings to be in the same space as the decoder's input embeddings? > As we previously mentioned in our response to Q1, the encoder's input embeddings and the decoder's input embeddings are indeed in the same space. > Q4. What's the actual size of each of the pretraining tasks, in terms of number of examples or number of tokens consumed. > We have included these details in Appendix A. For pretraining, our batch size and training steps are listed in Table 9. The number of training tokens can be calculated as 256 * 512 * 200k = 26.2 billion tokens. > Q5. I would imagine the autoencoding task to be relatively easy to ""learn"". How many steps or number of examples does it take for the model to converge? > You’re exactly right. Autoencoding is easier to learn than Language Modeling. However, our setting is 4x compression (e.g., using 128 tokens to restore 512 tokens). According to our observations, the validation loss still keeps decreasing even after 150k training steps.

> Q6. Are the two pretraining tasks interleaved or done in a sequential order? > They are interleaved. Sequential training is not good in our setting due to the catastrophic forgetting issue. > Q7. For the instruction fine-tuning, have you tried passing the prompt to the encoder instead of the decoder, and what's the effect? > Yes, we tried. As long as we mixed such data in our instruction fine-tuning, the ICAE could still perform well because compressing task description prompt is not hard. > Q8. Do you initialize the encoder from the same LLM checkpoint as the decoder? > Yes, they are the same — they are both Llama. The only difference is that the ICAE encoder adds a learnable LoRA module and a learnable embedding for memory tokens (see Figure 3). > Q9. Could you provide some intuition on why the loss in the rightmost image in Figure 4 shows a U shaped trend. > Very good question. We internally discussed this observation and we think there are two reasons. First, our pretraining samples are usually long (~500 tokens). Short sequences like 100, 200 are less common in the training data, leading to higher loss. Second, the loss tends to be higher for earlier context — for example, for the 10th word, there are only 9 words to condition on, so its loss tends to be higher. But for the 300th word, there are 299 words to condition on (i.e., richer context), making its prediction easier (i.e., lower loss) > Q10. Could you also provide some explanation on why the first row of table 1 shows a PPLX increase even though there's no compression going on. > This is because we replaced the original natural language tokens with compressed memory slots, which inevitably causes some loss (even without compression). This is understandable as our memory slots are pretrained on 26.2 billion tokens, while natural language tokens are pretrained on trillions of tokens by Llama. > Q11. Regarding the claim that pretrained ICAE suffers less from hallucination than non-pretrained model, I would like to clarify that both variants are trained on the same instruction fine-tuning set right? > Yes, the only difference is that one is pretrained with AE+LM before instruction fine-tuning, while the other is not pretrained and is directly trained on the instruction fine-tuning data. > Q12. Have you tried full model fine-tuning? In other words, what's the impact of lora on the final quality? > We have tried it on a small scale, but due to computational resource limitations, we have not done it on a large scale. However, under the same training steps (10k), we found that the results of full model fine-tuning are better than LoRA. But the advantage of LoRA is that it only adds 1% extra memory when used, which is important for practical applications.

We greatly appreciate your recognition and constructive feedback on our work. We hope our responses below can address your concerns and answer your questions. > One drawback is that ICAE should be anyway pre-trained, despite few additional parameters and fewer training steps than LLM pre-trainings. Compression will be extremely beneficial if we use the same context multiple times. However, otherwise, it might only incur overhead. > When we use the same context (i.e., cached in advance), we can significantly save on latency/memory overhead (over 7x speedup, as we discussed in Section 3.3.2). This scenario is **common and practical**: For example, a customized ChatGPT for a specific user can compress the user's chat history in advance and use the compressed memory during inference to maintain the long-term memory without online latency overhead for compression. Regarding your concern about the need to recompress for different contexts, different contexts indeed require an additional compression step. However, **as we show in Table 8, this additional compression still brings significant end-to-end speedup compared to using the original context when generating a long sequence**, making it still a highly practical method. > What is the format of memory slots, and how are they generated from the model? I could not find where it is described, but they should be vectors on the embedding space to be fed into the decoder as input. Are they representations before the final softmax layer to get the next word probability distribution? It might be meaningless, but what will we see if we map each memory slot vector to the most likely word? > Memory slots are indeed vectors in the embedding space that are fed into the decoder as input. They are the final output of the ICAE encoder (before softmax) in the positions of memory tokens. When we map the memory slot vector to the vocabulary space, we find that memory slots tend to retain some keyword information from the original context and are relatively concentrated in the front part of the original context. This can be explained by the memorization intuition we discussed in our paper, where the model will only remember keywords that provide crucial hints. > If I understand correctly, since memory tokens are fixed for any context input, memory slots can be generated in parallel. What memory tokens e_m have learned? Is it correct that memory slots are order-dependent because they use the same causal attention of language models? If yes, is it optimal because we have access to all information when we create memory slots? > Yes, you’re exactly correct. They are generated in parallel. They are order-dependent and use causal attention. We think it is an appropriate way to create memory slots just as people memorize in their working memory. > Based on the fact that the amount of information varies depending on the content of the context, not solely depending on its length, is it possible to have an adaptive size of memory slots for more compact compression? > As shown in Table 3, texts with lower PPL have greater compression potential. This is because lower PPL mean higher certainty and less difficulty to memorize. Your suggestion is very correct. We are working on adaptive memory slots to dynamically adjust the compression rate according to the difficulty of the text (PPL), in order to achieve the best compression performance without affecting the results."	"We greatly appreciate your recognition and constructive suggestions for this work. We hope our following responses can clarify some details and address your concerns, thereby improving your evaluation of this work. > Weakness: I found the baseline somewhat lacking. There are a few other papers targeting the exact or adjacent problems, such as Gisting, Recurrent memory transformer, compressive transformer, auto compressor. As you can see in our references, we have properly cited these papers. The Recurrent Memory Transformer (RMT) and Compressive Transformer primarily focus on exploring a new network architecture or learning method to address the long context issue, as introduced in Section 1. Their methods, however, are not readily applicable to compress long text for an existing Language Model (LLM) such as Llama-2. This is the fundamental difference between these papers and our work -- our motivation and focus is to compress long context for an existing LLM to use the compressed context to replace the original context during inference. As for Gisting and Autocompressor, although they also study context compression, they do not compress context for an existing LLM in the same way we do: Gisting's compression is limited to transform a task description into a few compressed (task) vectors (i.e., gist tokens). It does not involve content compression. Its 26x compression is regarding compressing task description prompt which is usually not very long, as we discussed in Section 5. Moreover, Gisting itself requires fine-tuning the LLM to compress, and its produced gist tokens is not intended for the original LLM but for its fine-tuned LLM, which is not what we aim for. As for Autocompressor, it does not compress context for the original LLM either. Its motivation and focus are more akin to the Compressive Transformer. In contrast, our work is designed to compress a long context for an existing LLM. The LLM can directly use the compressed memory slots as the (conditional) context to perform various tasks or goals. This is a more practical scenario **as we don't need to modify anything on a hosted LLM. We only need to pass the memory slots to the LLM in the same way as word embeddings**. **Clearly, none of these four previous papers can be directly applied for this goal, which is the reason why we do not compared with them in this scenario.** > Q1. I likely have missed something in the paper. It's unclear to me whether the authors initialized the encoder LLM from the same checkpoint as the decoder LLM? If that's the case, how did the author address the difference in autoregressive attention in the decoder (and the base LLM, such as LLAMA) and bidirectional attention potentially used for the encoder. > The encoder in our paper refers to the encoder in the autoencoder terminology, which is used for encoding text into memory slots. It is not the same as the encoder in the encoder-decoder architecture. As illustrated in Figure 3, the encoder of ICAE is a frozen LLM (specifically Llama in this paper) + a learnable LoRA + a learnable embedding for memory tokens. The decoder of ICAE is the frozen LLM. Therefore, the encoder does not use bidirectional attention; instead, it uses causal attention, as in the decoder. We apologize for the confusion. We'll make it clearer in the revised version. > Q2. Why not use an encoder-decoder language model such as T5 for this? > As we mentioned in our response to Q1, our encoder and decoder refer to the encoding and decoding modules of the autoencoder (i.e., ICAE), which are totally different from the encoder/decoder in the encoder-decoder architecture. Our goal is to compress contexts for an existing Large Language Model (LLM), specifically Llama in our experiments. Building the ICAE on the same LLM (Llama) allows us to better align with the LLM to generate a more compressed context. > Q3. As mentioned above, does it matter for the encoder's input embeddings to be in the same space as the decoder's input embeddings? > As we previously mentioned in our response to Q1, the encoder's input embeddings and the decoder's input embeddings are indeed in the same space. > Q4. What's the actual size of each of the pretraining tasks, in terms of number of examples or number of tokens consumed. > We have included these details in Appendix A. For pretraining, our batch size and training steps are listed in Table 9. The number of training tokens can be calculated as 256 * 512 * 200k = 26.2 billion tokens. > Q5. I would imagine the autoencoding task to be relatively easy to ""learn"". How many steps or number of examples does it take for the model to converge? > You’re exactly right. Autoencoding is easier to learn than Language Modeling. However, our setting is 4x compression (e.g., using 128 tokens to restore 512 tokens). According to our observations, the validation loss still keeps decreasing even after 150k training steps.

We greatly appreciate your recognition and praise for this work, as well as the constructive suggestions you have provided to help us improve it. We hope our following responses can clarify some details and address your concerns, thereby improving your evaluation of this work. > Weakness 1: The paper compresses the contexts into black-box memories. Instead, one can simply apply a summarization model (e.g., GPT-4) to summarize the context and feed it to the model. While Figure 2 claims that black-box memory can be more compressive than words, this claim is not supported by the experiments. Besides, summarization has a merit in that it can be applied to black-box API models, unlike this method, which is only applicable to open-source white-box models. > We have experimental results to show that black-box memories can be more compressive than a summary. Firstly, both Figure 4 and 5 demonstrate that using 128-length black-box memories can almost losslessly restore the original 512-length context (with BLEU>99%), which cannot be achieved using a 128-length summary. Secondly, in the last row of Table 6, we compared 128 black-box memory and 128-token summary, which also confirmed that black-box memory is more compact and informative than a summary with the equal length. > Weakness 2: Still need quadratic complexity > Our motivation is not to improve quadratic complexity, but to effectively reduce the context length to make the context more compact and informative. You are correct that a divide-and-conquer strategy can make this method applicable to super-long contexts. We appreciate the references you recommended and will extend our discussion on this in the revised version to make this paper's position and contribution more clear. > Weakness 3: Other long context works > Thank you for your reminder and recommendations. We will include and extend the discussion of these contemporary papers in the revised version. > Weakness 4: Editorial comments > We appreciate your suggestions on the presentation of this paper. We will fix these issues in the next version according to your advice. > Q1: Additional validation of the multiple-span approach. Especially, checking the generated examples and practical benchmarks, such as QA, instead of relying solely on perplexity. I wonder if this multiple-span approach would work really well, even though the model is fine-tuned with only a single span. > Thank you for your suggestion. As we respond to Weakness 2, we will extend the discussion on the multiple span approach. > Q2: Comparison with the summarization baseline, which simply compresses the context into words instead of black-box memories. > As we respond to Weakness 1, we have the experiment results in Figure 4/5 and Table 6 to demonstrate that the memory slots are more compact and informative than the summary with the equal length.

We greatly appreciate your recognition and constructive feedback on our work. We hope our responses below can address your concerns and answer your questions. > One drawback is that ICAE should be anyway pre-trained, despite few additional parameters and fewer training steps than LLM pre-trainings. Compression will be extremely beneficial if we use the same context multiple times. However, otherwise, it might only incur overhead. > When we use the same context (i.e., cached in advance), we can significantly save on latency/memory overhead (over 7x speedup, as we discussed in Section 3.3.2). This scenario is **common and practical**: For example, a customized ChatGPT for a specific user can compress the user's chat history in advance and use the compressed memory during inference to maintain the long-term memory without online latency overhead for compression. Regarding your concern about the need to recompress for different contexts, different contexts indeed require an additional compression step. However, **as we show in Table 8, this additional compression still brings significant end-to-end speedup compared to using the original context when generating a long sequence**, making it still a highly practical method. > What is the format of memory slots, and how are they generated from the model? I could not find where it is described, but they should be vectors on the embedding space to be fed into the decoder as input. Are they representations before the final softmax layer to get the next word probability distribution? It might be meaningless, but what will we see if we map each memory slot vector to the most likely word? > Memory slots are indeed vectors in the embedding space that are fed into the decoder as input. They are the final output of the ICAE encoder (before softmax) in the positions of memory tokens. When we map the memory slot vector to the vocabulary space, we find that memory slots tend to retain some keyword information from the original context and are relatively concentrated in the front part of the original context. This can be explained by the memorization intuition we discussed in our paper, where the model will only remember keywords that provide crucial hints. > If I understand correctly, since memory tokens are fixed for any context input, memory slots can be generated in parallel. What memory tokens e_m have learned? Is it correct that memory slots are order-dependent because they use the same causal attention of language models? If yes, is it optimal because we have access to all information when we create memory slots? > Yes, you’re exactly correct. They are generated in parallel. They are order-dependent and use causal attention. We think it is an appropriate way to create memory slots just as people memorize in their working memory. > Based on the fact that the amount of information varies depending on the content of the context, not solely depending on its length, is it possible to have an adaptive size of memory slots for more compact compression? > As shown in Table 3, texts with lower PPL have greater compression potential. This is because lower PPL mean higher certainty and less difficulty to memorize. Your suggestion is very correct. We are working on adaptive memory slots to dynamically adjust the compression rate according to the difficulty of the text (PPL), in order to achieve the best compression performance without affecting the results."				
6.200	OsGUnYOzii__r04	Learning From Simplicial Data Based on Random Walks and 1D Convolutions	8: accept, good paper	5: You are absolutely certain about your assessment. You are very familiar with the related work and checked the math/other details carefully.	fixed	priority_secondary_structured	structured=fixed; issue_ledger=unresolved		fixed	fixed	fixed	fixed	unresolved	fixed	"[weaknesses] Only minor weaknesses cropped up, which can be easily addressed in a revision (please also see my questions below). - The impact of parameter choices could be studied more carefully. - A discussion on the utility of a simplicial perspective might enrich the paper. As it stands now, the experiments deal with simplicial data. The scope of the paper could be improved substantially if the simplicial perspective was shown to be *crucial* for good performance. I want to stress that I consider this to be a minor weakness since the paper as such already makes a strong contribution under the assumption that simplicial complexes are the 'right' thing to model the data. Showing this empirically would just be a cherry on top of this cake. (the experiment on social contact networks is a good start for this, but I would appreciate a more in-depth discussion **if possible**) - Unless I am mistaken, the proper verb form should be 'convolved' as a opposed to 'convoluted' (in Figure 2). - As a minor style issue: please use `\citep` and `\citet` (when using `natbib`) consistently. The former is meant for parenthetical citations, the latter for in-text citations. - There are some inconsistencies (mostly capitalisation / venues) in the references. - When it comes to explaining expressivity in the context of WL, a [recent survey](https://arxiv.org/abs/2112.09992) might be useful as an additional reference. (The related work covered at the moment is sufficient; this is just a suggestion. The review form unfortunately lacks a field for 'additional comments')

[questions] 1. How are the random walk parameters (length / number of walks) affecting performance? Could you show predictive performance as a function of these parameters (or, even better, provide theoretical guarantees)? 2. Would the proposed method also extend to *hypergraphs* or other combinatorial complexes? This seems to be the case, given that merely a notion of a random walk is required. 3. Given the performance considerations, are there any practical limitations in terms of data set size that could be given? This might be useful to assess the suitability for certain data sets in advance.

[summary] This paper presents a novel algorithm for learning on simplicial complexes, i.e. generalisations of graphs. As opposed to relying on the message passing paradigm, the paper uses random walks (or rather, *sampled* random walks) to featurise the input data, subsequently employing 1D convolutions as a type of local update mechanism. Experiments on several data sets demonstrate the efficacy of the method."	Thank you for your detailed response. Let us address each point separately: **Parameter Choice** We added an ablation study to the paper that explores the influence of considered adjacency, the size of the local window, and the length of the random walks on the performance on the social contact datasets. **Utility of Simplicial Perspective** We agree that highlighting the importance a simplicial perspective on datasets would be benefitial. However due to space constraints we considered this outside the scope of our paper. The comparison between SCRaWl and CRaWl (Figure 7) provides an initial indication towards this topic and other authors considered this comparison as well, e.g. Bodnar et al, 2021. We argue that this topic should be dealt with in a more dedicated work and on a more abstract level not focused on one particular neural network architecture but rather with different graph neural networks and simplicial neural networks in mind. **Application to other Complexes** The approach should also work on combinatorial complexes, provided an analogous notion of a random walk is defined. This is similar to the case of cell complexes as explained in the conclusion. For hypergraph...	"Thank you for your detailed response. Let us address each point separately: **Parameter Choice** We added an ablation study to the paper that explores the influence of considered adjacency, the size of the local window, and the length of the random walks on the performance on the social contact datasets. **Utility of Simplicial Perspective** We agree that highlighting the importance a simplicial perspective on datasets would be benefitial. However due to space constraints we considered this outside the scope of our paper. The comparison between SCRaWl and CRaWl (Figure 7) provides an initial indication towards this topic and other authors considered this comparison as well, e.g. Bodnar et al, 2021. We argue that this topic should be dealt with in a more dedicated work and on a more abstract level not focused on one particular neural network architecture but rather with different graph neural networks and simplicial neural networks in mind. **Application to other Complexes** The approach should also work on combinatorial complexes, provided an analogous notion of a random walk is defined. This is similar to the case of cell complexes as explained in the conclusion. For hypergraphs, the notion of upper and lower adjacency is not well defined, which is why we did not consider them in our work. Of course, ignoring this (e.g., by merging the respective columns into one) would yield a valid approach, but we did not investigate the performance of such a method in detail here. **Dataset Size** For larger datasets, reducing the number of random walks is a viable option to reduce complexity. Choosing one random walk per simplex makes is very likely to cover each simplex sufficiently often as a center simplex in a local window, but this property is neither ensured nor necessary. It is also worth considering to use smaller parameters during training and larger parameters during inference. **Minor Things** We added the suggested survey paper as reference for expressivity in context with WL and fixed the minor style issues.

1. We agree that the memory footprint is considerable, especially for large datasets. However, this is generally the case for simplicial complexes as the simplicial property forces exponentially many sub-simplices for any higher order simplex. The feature matrices themselves can be computed on the fly and are very sparse in the later columns (containing the structural information about connectivity and identity). The first columns contain features that any reasonable approach needs to store as well. An advantage of our approach is, however, that we can vary the scalability, e.g., by selecting the window sizes and walk lengths, which is not possible for classical message passing architectures. Investigating such trade-offs in more detail (more broadly: how to optimally leverage higher-order information, while keeping computations tractable) is an interesting topic we intend to explore in future work in more detail. 2. In our experiments, we sampled one random walk per simplex. Walk lengths are set to 5 for the semantic scholar dataset and 50 for the other datasets. These parameters are mention in the text of section 5 and Table 1 in the appendix. These parameters are of course hyperparameters and can be tuned for the respective dataset. 3. The feature matrices change in every layer (because the hidden states are updated), thus the random walks are passed to every layer. 4. This depends on the dataset at hand and the considered targets. For the semantic scholar dataset, the outputs $y_0, ..., y_5$ are compared as is with the targets. For the social contact dataset, only the outputs $y_0$ are considered. 5. For the semantic scholar dataset, the results of SCRaWl and MPSN are close to perfect, so we cannot expect any strong improvement beyond MPSN. The social contact datasets show that SCRaWl is able to outperform MPSN. Regarding your questions: Yes, the walks can be precomputed as well. This is actually also implemented in our code. However, this does not have any influence on imputation accuracy, but only on training time, which is why we did not include it in the paper. Notice that the same random walks should not be reused in every epoch to avoid overfitting to these specific walks.

**References** We incorporated the suggested references into our work. References [1] and [2] have already been cited in our related work section before. In particular, [2] is the primary work we built upon by extending their approach to simplicial complexes. We believe this is made clear in the current version of the paper already, e.g. in the introduction: ""[...] here we take inspiration from random walk-based graph neural networks on graphs (Tönshoff et al., 2023) and explore the use of a random walk-based learning architecture for simplicial complexes."" It is our understanding that [4] focuses on hyperedge link prediction and their proposed method is therefore not (directly) applicable to the tasks considered in our paper. Similarly, [3] deals with temporal data, which is not the focus of our paper, though they also explain how their approach can be applied to node classification on static hypergraphs. We however want to point out that this work was published after the submission deadline of our paper. We added a paragraph to our related works section that mentions hypergraphs as another paradigm to represent higher-order interactions and reference to some noticeable hypergraph neural networks, including the proposed references [3] and [5]. We further extended the comparison on the social contact datasets with hypergraph neural networks (Table 3 in the appendix). **Ablation Study** We added an ablation study on the social contact datasets to the appendix where we compare the influence of the window size $s$, the walk length $\ell$, and of lower and upper adjacency when sampling the walks."	"**References** We incorporated the suggested references into our work. References [1] and [2] have already been cited in our related work section before. In particular, [2] is the primary work we built upon by extending their approach to simplicial complexes. We believe this is made clear in the current version of the paper already, e.g. in the introduction: ""[...] here we take inspiration from random walk-based graph neural networks on graphs (Tönshoff et al., 2023) and explore the use of a random walk-based learning architecture for simplicial complexes."" It is our understanding that [4] focuses on hyperedge link prediction and their proposed method is therefore not (directly) applicable to the tasks considered in our paper. Similarly, [3] deals with temporal data, which is not the focus of our paper, though they also explain how their approach can be applied to node classification on static hypergraphs. We however want to point out that this work was published after the submission deadline of our paper. We added a paragraph to our related works section that mentions hypergraphs as another paradigm to represent higher-order interactions and reference to some noticeable hypergraph neural networks, including the proposed references [3] and [5]. We further extended the comparison on the social contact datasets with hypergraph neural networks (Table 3 in the appendix). **Ablation Study** We added an ablation study on the social contact datasets to the appendix where we compare the influence of the window size $s$, the walk length $\ell$, and of lower and upper adjacency when sampling the walks.

1. We agree that the memory footprint is considerable, especially for large datasets. However, this is generally the case for simplicial complexes as the simplicial property forces exponentially many sub-simplices for any higher order simplex. The feature matrices themselves can be computed on the fly and are very sparse in the later columns (containing the structural information about connectivity and identity). The first columns contain features that any reasonable approach needs to store as well. An advantage of our approach is, however, that we can vary the scalability, e.g., by selecting the window sizes and walk lengths, which is not possible for classical message passing architectures. Investigating such trade-offs in more detail (more broadly: how to optimally leverage higher-order information, while keeping computations tractable) is an interesting topic we intend to explore in future work in more detail. 2. In our experiments, we sampled one random walk per simplex. Walk lengths are set to 5 for the semantic scholar dataset and 50 for the other datasets. These parameters are mention in the text of section 5 and Table 1 in the appendix. These parameters are of course hyperparameters and can be tuned for the respective dataset. 3. The feature matrices change in every layer (because the hidden states are updated), thus the random walks are passed to every layer. 4. This depends on the dataset at hand and the considered targets. For the semantic scholar dataset, the outputs $y_0, ..., y_5$ are compared as is with the targets. For the social contact dataset, only the outputs $y_0$ are considered. 5. For the semantic scholar dataset, the results of SCRaWl and MPSN are close to perfect, so we cannot expect any strong improvement beyond MPSN. The social contact datasets show that SCRaWl is able to outperform MPSN. Regarding your questions: Yes, the walks can be precomputed as well. This is actually also implemented in our code. However, this does not have any influence on imputation accuracy, but only on training time, which is why we did not include it in the paper. Notice that the same random walks should not be reused in every epoch to avoid overfitting to these specific walks.

Thank you for your detailed response. Let us address each point separately: **Parameter Choice** We added an ablation study to the paper that explores the influence of considered adjacency, the size of the local window, and the length of the random walks on the performance on the social contact datasets. **Utility of Simplicial Perspective** We agree that highlighting the importance a simplicial perspective on datasets would be benefitial. However due to space constraints we considered this outside the scope of our paper. The comparison between SCRaWl and CRaWl (Figure 7) provides an initial indication towards this topic and other authors considered this comparison as well, e.g. Bodnar et al, 2021. We argue that this topic should be dealt with in a more dedicated work and on a more abstract level not focused on one particular neural network architecture but rather with different graph neural networks and simplicial neural networks in mind. **Application to other Complexes** The approach should also work on combinatorial complexes, provided an analogous notion of a random walk is defined. This is similar to the case of cell complexes as explained in the conclusion. For hypergraphs, the notion of upper and lower adjacency is not well defined, which is why we did not consider them in our work. Of course, ignoring this (e.g., by merging the respective columns into one) would yield a valid approach, but we did not investigate the performance of such a method in detail here. **Dataset Size** For larger datasets, reducing the number of random walks is a viable option to reduce complexity. Choosing one random walk per simplex makes is very likely to cover each simplex sufficiently often as a center simplex in a local window, but this property is neither ensured nor necessary. It is also worth considering to use smaller parameters during training and larger parameters during inference. **Minor Things** We added the suggested survey paper as reference for expressivity in context with WL and fixed the minor style issues."				
6.200	wfgZc3IMqo__r04	Robust Classification via Regression for Learning with Noisy Labels	5: marginally below the acceptance threshold	4: You are confident in your assessment, but not absolutely certain. It is unlikely, but not impossible, that you did not understand some parts of the submission or that you are unfamiliar with some pieces of related work.	partially_fixed	priority_secondary_structured	structured=partially_fixed; issue_ledger=unresolved		regressed	partially_fixed	partially_fixed	partially_fixed	unresolved	partially_fixed	"[weaknesses] - The primary limitation of the paper is the absence of a clear rationale behind the decision to transform the classification problem into a regression problem. The paper would significantly benefit from a more in-depth analysis of why this transformation is considered a ""better"" approach for handling noisy labels. Currently, the proposed method appears to be a compilation of established techniques, and addressing this aspect could enhance the quality and impact of the paper. - The reviewer has a general impression that some key details are missing in the description of the method and the experiments, the reviewer will point them out below. - Method description - P4: The use of an equal weight vector $u$ in (4) for label smoothing should be clarified. What would be the effect of using a vector of all 1s scaled by other factors? Is this equivalent to adjust $\gamma""? The authors are encouraged to provide further clarification on this matter. - P4: Regarding loss reweighting via a Gaussian noise model, there may be a computational challenge with evaluating the density function of a multivariate normal due to the inversion of covariance matrices, especially in high-dimensional cases. It appears that the matrix inversion lemma might have been employed as a workaround. Can the authors please confirm and elaborate on this technique? Additionally, it is not entirely clear how $\mu_{\theta}$ and $r_{\theta}$ correspond to the output of the neural network. Are they concatenated as a long vector, or are they separate outputs with distinct final linear layers? - Experiments: - In Table 1, it is unclear why the symmetric and asymmetric noise rates are different. Moreover, it does not make sense to the reviewer that a noise rate is more than 50%, please clarify. - While Table 1 presents interesting results, there remains a degree of skepticism regarding its persuasiveness. As the authors pointed out that ""SGN significantly outperforms CE when there is no added label noise."" This prompts a reasonable inquiry into whether the relatively good performance of the proposed method is contingent on the suboptimal performance of the baselines. The authors posit that the EMA framework may contribute to this observed improvement. Consequently, the reviewer suggests conducting an additional experiment similar to the one presented in Table 4 under a noise-free setting to validate this conjecture and bolster the credibility of the results. Such an addition would further fortify the paper's empirical foundation. - The description of the experiments could benefit from more clarity. While the reviewer understands there is a space limit for conference paper, providing essential details in the appendix, especially for a paper predominantly reliant on empirical results, is advisable. For instance: - A brief overview of the datasets would greatly assist readers who are new to the field of noisy label classification. - The authors should point out aggregate, random, worst corresponding to three sets of noisy labels in Table 2. Otherwise, the table is difficult to understand for people who does not know the dataset well. - Minor issues: - P2: The last two sentences in the ""compositional data"" paragraph lack clarity regarding what ""several problems"" and ""this problem"" refer to. - P2: The final sentence in the ""transforms"" paragraph could be more informative. Instead of stating that ""several solutions exist,"" the authors could refer to the specific technique employed later in the paper for a more insightful description. - The expression in (2) on P3 is statistically incorrect. The conditional distribution of the transformed continuous label given features is a normal distribution rather than the mariginal distribution of the label itself. - P5: The first sentence ""we describe our experimental setup of our experiments"" in Section 4, appears redundant. - The LaTeX formatting for quotes, as exemplified by ""worst"" on P7, may require adjustment.

[questions] Please refer to the questions in the previous section.

[summary] This paper proposes an approach for the task of classification with noisy labeled training data. The proposed method first uses a bijective function $f$ to map the discrete labels into a continuous label space. With continuous labels, the method can be naturally formulated as a regression problem, the loss reweighting and label correction techniques are used for the regression task to uncover the true continuous label. Lastly, the inverse of bijective function $f$ is used to transform the predicted true label to true discrete label. Empirical experiments are conducted to show the effectiveness of the proposed method in comparison to existing approaches."	**Clarifications on synthetic noises** The reviewer wonders why the noise rates are different between the symmetric and asymmetric noise types, and how the noise rate can be higher than 50% in the symmetric case. To clarify this, we need to describe the different noise types. Symmetric noise of X% means that there is a X% risk for each example that their label is replaced by a uniformly random new label. Similarly, for asymmetric noise, there is a risk the label is replaced, but now to a perceptually similar class, e.g., images with cat labels are replaced with a dog label. In the symmetric case, even after applying noise with a noise rate above 50%, out of all examples with a particular label, the majority of them will still be correctly labelled. An example will make this clearer, consider the case with three classes, A, B and C, with 50% noise. Then, out of the examples that originally had a label of A, after the noise process, 50% are still As, 25% now are Bs, and 25% are Cs. With a similar argument for other classes, we find that out of all examples with a label of A after the noise process, 50% of the examples were originally As, 25% Bs, 25% Cs. In fact, as long as the noi...	"**Clarifications on synthetic noises** The reviewer wonders why the noise rates are different between the symmetric and asymmetric noise types, and how the noise rate can be higher than 50% in the symmetric case. To clarify this, we need to describe the different noise types. Symmetric noise of X% means that there is a X% risk for each example that their label is replaced by a uniformly random new label. Similarly, for asymmetric noise, there is a risk the label is replaced, but now to a perceptually similar class, e.g., images with cat labels are replaced with a dog label. In the symmetric case, even after applying noise with a noise rate above 50%, out of all examples with a particular label, the majority of them will still be correctly labelled. An example will make this clearer, consider the case with three classes, A, B and C, with 50% noise. Then, out of the examples that originally had a label of A, after the noise process, 50% are still As, 25% now are Bs, and 25% are Cs. With a similar argument for other classes, we find that out of all examples with a label of A after the noise process, 50% of the examples were originally As, 25% Bs, 25% Cs. In fact, as long as the noise rate is below (K-1)/K, the true class will still be in majority after the noise process, so there is still a signal to learn from. The asymmetric noise case is different. As some classes are only changed to a particular other class (e.g., cat to dog), for the true class to still be in majority after the noise process, the noise rate must be below 50%. We hope the explanations of the different noise types above makes it clear that methods can be evaluated on higher symmetric noise rates (< (K-1)/K) than the asymmetric noise (< 50%). **Why does SGN outperform CE when there is no added label noise?** Thanks for pointing out our intuitive argument for why SGN outperforms CE in the no noise case. Indeed, we should have performed an experiment to have concrete evidence instead. We have now done this ablation and added it in Section A.9. The experimental results indicate that EMA predictions are the main reason for SGN outperforming CE when no label noise is added. With this additional experiment, we hope the reviewer is convinced that the baselines do not have suboptimal performance. In fact, we have gone to great lengths to achieve the best possible results for the baselines. In the literature, it is common to directly use the optimal hyperparameters reported in the original paper, but we do a search over hyperparameter values (including the optimal) to find what works best in our training setup. **Clarification on the datasets used in experiments** The reviewer suggests adding a brief overview of the datasets in the appendix to assist readers that are new to the noisy labels field. We wholeheartedly agree, and in fact, we provided such a section in Section A.4, which was referred to in the first paragraph of the experiments section (Section 4). As suggested by the reviewer, we will clarify that, e.g., “Random 1” and “Worst” correspond to different label sets of CIFAR-10N to reduce confusion for readers unfamiliar with the dataset. **Minor comments** We appreciate the minor comments, we will incorporate them in the final version of the paper. Thank you! **Final Remarks** We would like to thank you again for your detailed review, and appreciate the feedback on how to improve the clarity of the paper for readers that are new to the noisy labels field and deep learning methods like label smoothing. We hope the clarifications regarding the synthetic noise types, how to efficiently evaluate the loss, the uniform distribution in label smoothing, and the investigation into SGNs performance on no noise, all help to improve the understanding of our paper. According to the initial review, the primary limitation of our work was a lack of motivation for converting classification into a regression problem. As we have now provided a detailed motivation for this in Section A.7, we hope the reviewer will recommend our work to be accepted. We look forward to discussing any remaining concerns you may have. **References** [1] Szegedy C, Vanhoucke V, Ioffe S, Shlens J, Wojna Z. Rethinking the inception architecture for computer vision.

**Optimization in transformed space** We find it unclear what “consistent” and “usual methods” refers to in the last question: “When optimizing, the gradient is computed in the transformed space instead of the origin space. Under this condition, is the optimization still consistent with usual methods where no such transformation is used?”. We assume “consistent” refers to the same class predictions, and that “usual methods” include the standard cross-entropy loss, but we encourage the reviewer to please clarify if we are mistaken. The optimization in terms of gradients are not the same for LN and CE. In fact, that’s one of the main reasons we transform the labels to be able to use the Gaussian likelihood that has a natural way to scale gradients based on the covariance (resulting in the loss reweighting behaviour) and model shifted label noise (resulting in label correction). To simplify the analysis, we consider maximum likelihood estimation. In this case, CE completely overfits to the noisy one-hot labels and therefore confidently predicts all the labels it was given, including noise ones. In contrast, the SGN method can converge to a solution that does not overfit the noisy labels due to the gradient scaling (loss reweighting) delaying overfitting to noisy labels, so that our estimation of the shift of the Gaussian noise model (correcting labels) has enough time to achieve accurate estimates. Therefore, maximum likelihood estimates for CE overfits to the noisy labels, while SGN fits the estimated targets that we have empirically shown is closer to the true targets. Therefore, the optimizations are not consistent, which is a desired property of SGN. **Empirical Performance on Clothing1M and WebVision** We are glad the reviewer recognized the effectiveness of our method on the CIFAR datasets on synthetic and real noise. The reviewer claims SGN “fails” compared to NAL on Clothing1M and WebVision. This is incorrect, as on Clothing1M, SGN (73.9) outperforms/matches NAL (73.6). Furthermore, on WebVision, NAL has a different evaluation setup to all other methods, as mentioned in the text and the caption, and is why their results are marked with a star. All other methods evaluate the top 5 validation and top 1 and 5 test accuracies at the time of highest top 1 _validation_ accuracy. In contrast, NAL keeps track of the highest top 1 and 5 validation and test accuracies ever seen during training separately. That is, all results could come from different epochs (and even different training runs). Although it leads to higher reported results, we believe it is bad practice. With this in mind, the only valid comparison is on top 1 accuracy on the validation set, as there the evaluation setups are the same. There, NAL achieves 77.4, while SGN achieves 77.2. Is “fail” a fair description of SGN having 0.2 percentage points lower validation accuracy (i.e. having 5 fewer samples correctly predicted)? **Clarification on potential issue of overfitting** The reviewer requests an investigation into any potential overfitting problem. To this end, we study the clean validation accuracy during training for various synthetic noise types and rates on CIFAR-10 and CIFAR-100, see Section A.8 in the appendix. Our results conclusively show that there are no signs of overfitting in any of these 16 cases. **Clarification on network architecture** We use a standard neural network (WideResNet 28-2, ResNet 50, and InceptionResNetV2) and replace the last linear layer with two separate linear layers (heads), one for predicting $\mu$ and one for predicting the rank-one factor $r$ of the scale matrix. The parameters of the networks are learnt exactly as in a standard classification with the cross-entropy loss, i.e., with backpropagation and SGD. We will make this clearer in the paper. **Clarification on the choice of basis for the ilr transform** Any orthonormal basis can be chosen for the ilr transform, and we agree with the feedback that our particular choice could have been clearer. The rationale for choosing to extract the basis vectors from a Helmert matrix is that it corresponds to the basis used in the original ilr paper [1], and that it is also the default choice in the statistical R programming language [2]. Furthermore, we found that this basis worked well in practice, and therefore we did not see any reason to look for alternatives. We will clarify this in the paper as well.

Thank you for dedicating your time and effort to review our work. We appreciate your thoughtful feedback and the recognition of our approach as a fresh adaptation of the well-established log-ratio transform approach, applied innovatively to classification with label noise. As we carefully wrote our paper, we greatly appreciate the positive comments on our paper being well-written and easy to follow. We are excited that you believe our work should inspire new research directions in the area of label noise robustness in classification. Once again, thank you for your time and support. Next, we address your concerns, questions, and suggestions. **Training and Evaluation Setup** Indeed, to have fair and conclusive experiments, we _reimplement all baseline methods_ into a shared code base where we have full control over the training and evaluation setup. This is mentioned in the first sentence in Section 4.1 and in the captions of Tables 1 & 2, but unfortunately the reviewer missed this. We have gone to great lengths to achieve the best possible results for the baselines. For example, in the literature, it is common to directly use the optimal hyperparameters reported in the baselines’ original papers. Instead, for our method and all baselines, we do a method-specific hyperparameter search (that includes the reported optimal HP) to find what works best in our training setup. Furthermore, to have conclusive results, we report the mean and standard deviation of five runs with different random seeds, and do statistical significance tests when comparing results. Due to the shared code base, all methods are equally affected by the random seed, leading to using the same weight initialization, data order in SGD, data augmentation, synthetic noisy labels, etc. Although we believe this setup leads to fair and conclusive results, training and evaluating all these methods require a lot of computational resources, which leads us to limit our studies to a smaller WideResNet 28-2 on the CIFAR datasets. As all methods use this network, our results are still fair and conclusive, but at the expense of a higher test error. Achieving excellent empirical performance is important for practitioners, but this was not the goal in this work. Our goal is to develop a simple well-founded statistical method that is still easy to implement, understand, extend, debug, and use in practice, and to compare this with existing related methods in an as fair and conclusive way as possible. **Rationale for chosen baselines** We agree that justifying the choice of baselines is important, we will add discussion similar to the one below to the final submission. Thanks for letting us clarify our rationale for choosing baselines. _Methods that build on similar ideas._ We have tried our hardest to find relevant and recent baselines that are related to loss reweighting and label correction from top conferences and journals. For example, in Section A.6, we argue there are clear connections between our work and methods like ELR, SOP, LN, and NAL, that can either be seen as loss reweighting and or label correction methods. We argue this is the most important comparison, as we see how our method currently compares with the methods that have taken a similar approach. _Other noisy labels methods._ Furthermore, we compare with many strong and commonly used baselines outside the loss reweighting and label correction categories, e.g., GCE from the robust loss functions category, and LS and NAN from the regularizations methods. This is informative to understand how our categories currently compare in terms of performance to other categories of algorithms to improve robustness against label noise. In our view, performing worse than baselines from other categories is not necessarily negative, as the research is in different stages of development, and categories of methods performing poorly today could achieve SOTA performance in the future. Therefore, these comparisons are intended for laying out context, and we believe it is important to consider and spread a diverse set of ideas and not limit the research field to what currently achieves the best performance. _SOTA methods._ Our goal in this work is to adapt the well-founded log-ratio transform approach to classification and apply it to the problem of label noise robustness by proposing a simple and unified method for loss reweighting and label correction. If our goal instead had been to achieve the current SOTA performance (a different but also important goal), we would have taken a different empirical direction. In general, the current SOTA methods are complex and compute-intensive that typically combine several methods. For example, in our training setup, our method has comparable training time to ELR, while ELR is twice and five times faster to train compared to ELR+ and DivideMix (Table I.1 in the appendix of the ELR paper), respectively."	"We greatly appreciate your active participation during the discussion period. We are happy to hear that the rebuttal addressed most of the concerns, and that the reviewer considers increasing their score if the paper is improved according to their feedback. Below, we describe how our revised submission incorporates the feedback: _Method description_ 1. Above Equation 4, we now make it clearer that we use the standard label smoothing technique. 2. In Section A.1, we now have a discussion on how to efficiently evaluate the loss, and that we use two distinct linear layers to predict the mean and variance. _Experiments_ 1. In Section A.11, we now have details about the symmetric and asymmetric noise types. 2. In Section A.9, we now perform an ablation study to better understand why SGN outperforms CE when there is no added label noise, and discuss the results. 3. In Appendix A.4, we give a brief overview of all the datasets used in the experiments. 4. In Section 4.3’s result paragraph, we now mention that aggregate, random 1-3, and worst are label sets of CIFAR-10N. Due to layout constraints, we were not able to fit this detail into the table caption. _Minor issues_ 1. We have now reformulated the last sentences in Section 2’s compositional data paragraph. 2. The transforms paragraph in Section 2 now has a more informative last sentence, as it introduces our label smoothing solution. 3. We have now made the dependence on the input x explicit in Equation 2. 4. The first sentence in Section 4 no longer includes “of our experiments”. 5. We now adopt proper quotation marks throughout the manuscript. We believe that these modifications meet your expectations. If any aspect falls short, kindly specify the areas in need of improvement. Thanks again for your initial review, and response to our rebuttal.

Thank you for dedicating your time and effort to review our work. We appreciate your thoughtful feedback and the recognition of our approach as a fresh adaptation of the well-established log-ratio transform approach, applied innovatively to classification with label noise. As we carefully wrote our paper, we greatly appreciate the positive comments on our paper being well-written and easy to follow. We are excited that you believe our work should inspire new research directions in the area of label noise robustness in classification. Once again, thank you for your time and support. Next, we address your concerns, questions, and suggestions. **Training and Evaluation Setup** Indeed, to have fair and conclusive experiments, we _reimplement all baseline methods_ into a shared code base where we have full control over the training and evaluation setup. This is mentioned in the first sentence in Section 4.1 and in the captions of Tables 1 & 2, but unfortunately the reviewer missed this. We have gone to great lengths to achieve the best possible results for the baselines. For example, in the literature, it is common to directly use the optimal hyperparameters reported in the baselines’ original papers. Instead, for our method and all baselines, we do a method-specific hyperparameter search (that includes the reported optimal HP) to find what works best in our training setup. Furthermore, to have conclusive results, we report the mean and standard deviation of five runs with different random seeds, and do statistical significance tests when comparing results. Due to the shared code base, all methods are equally affected by the random seed, leading to using the same weight initialization, data order in SGD, data augmentation, synthetic noisy labels, etc. Although we believe this setup leads to fair and conclusive results, training and evaluating all these methods require a lot of computational resources, which leads us to limit our studies to a smaller WideResNet 28-2 on the CIFAR datasets. As all methods use this network, our results are still fair and conclusive, but at the expense of a higher test error. Achieving excellent empirical performance is important for practitioners, but this was not the goal in this work. Our goal is to develop a simple well-founded statistical method that is still easy to implement, understand, extend, debug, and use in practice, and to compare this with existing related methods in an as fair and conclusive way as possible. **Rationale for chosen baselines** We agree that justifying the choice of baselines is important, we will add discussion similar to the one below to the final submission. Thanks for letting us clarify our rationale for choosing baselines. _Methods that build on similar ideas._ We have tried our hardest to find relevant and recent baselines that are related to loss reweighting and label correction from top conferences and journals. For example, in Section A.6, we argue there are clear connections between our work and methods like ELR, SOP, LN, and NAL, that can either be seen as loss reweighting and or label correction methods. We argue this is the most important comparison, as we see how our method currently compares with the methods that have taken a similar approach. _Other noisy labels methods._ Furthermore, we compare with many strong and commonly used baselines outside the loss reweighting and label correction categories, e.g., GCE from the robust loss functions category, and LS and NAN from the regularizations methods. This is informative to understand how our categories currently compare in terms of performance to other categories of algorithms to improve robustness against label noise. In our view, performing worse than baselines from other categories is not necessarily negative, as the research is in different stages of development, and categories of methods performing poorly today could achieve SOTA performance in the future. Therefore, these comparisons are intended for laying out context, and we believe it is important to consider and spread a diverse set of ideas and not limit the research field to what currently achieves the best performance. _SOTA methods._ Our goal in this work is to adapt the well-founded log-ratio transform approach to classification and apply it to the problem of label noise robustness by proposing a simple and unified method for loss reweighting and label correction. If our goal instead had been to achieve the current SOTA performance (a different but also important goal), we would have taken a different empirical direction. In general, the current SOTA methods are complex and compute-intensive that typically combine several methods. For example, in our training setup, our method has comparable training time to ELR, while ELR is twice and five times faster to train compared to ELR+ and DivideMix (Table I.1 in the appendix of the ELR paper), respectively.

We greatly appreciate your time and effort in reviewing our work. We are glad you find our approach of using regression to solve classification tasks to be novel. We are happy the reviewer recognizes that our proposed shifted Gaussian noise model directly leads to a unified method for loss reweighting and label correction, and that the experiments are deemed relatively sufficient. Thanks again, and next we address your concerns and questions. **State-of-the-art Performance** Our goal with this work is to introduce an adaptation of the well-founded log-ratio transform approach to the classification with noisy labels literature, and show the promise of the direction by devising a method unifying the ideas of loss reweighting and label correction from classification. Despite its simple design, our method empirically performs well against many strong and recent baselines, such as GCE, ELR, SOP, NAL, etc. The reviewer claims a weakness of our paper is that our method has lower performance compared to SOTA methods, and gives the example of DivideMix and ELR. In fact, we do compare with ELR, and our method achieves as good or better performance on CIFAR-10 and CIFAR-100 with synthetic noise, and on natural noise on the CIFAR-N datasets, Clothing1M, and WebVision, see Tables 1, 2, and 3. We believe comparing SGN with DivideMix is unfair as it is a significantly more complex method as it combines ideas from sample selection GMMs to identify noisy labels (e.g., [1]), with a semi-supervised learning method [2], with co-training of two networks at the same time (e.g., [3]), and also use stronger data augmentation like mixup. Please see the “Rationale for chosen baselines” paragraph in the response to Reviewer QVE6 for a longer discussion. We believe achieving strong performance is one important point of comparison, but does not take into account other possible empirical/practical advantages. Although DivideMix achieves excellent empirical performance, which is incredibly important for practitioners, we argue it is hard to fully understand due to all the different components. Our method is simpler in that it follows directly from a Gaussian noise model, leading to an interpretable robustness mechanism in terms of loss reweighting and label correction. Furthermore, DivideMIx was specifically created to be excellent at this particular task, but due to its complexity we believe it can be hard to extend/generalize to other problems. We believe our well-founded probabilistic method is easier to extend, e.g., it can naturally incorporate epistemic uncertainty (e.g., through Monte-Carlo Dropout [4] or Gaussian Processes [5]), making it interesting to both the noisy labels and the uncertainty communities. Finally, we would like to point out that the reviewing guidelines (https://iclr.cc/Conferences/2024/ReviewerGuide) are clear that a lack of state-of-the-art results does not by itself constitute grounds for rejection, see the FAQ. **Missing related work** We performed a thorough literature study to select relevant baselines from the loss reweighting and or label correction categories of methods from top conferences and journals. Unfortunately, we missed this very recent work proposing the meta-learning based CMW-Net method. CMW-Net is motivated in the context of the exciting research direction into learning loss weights using meta learning. Based on the title, abstract, introduction, and most of the method section, the main novelty seems to extend the meta-learned weight network of MW-Net [6] to also consider extra (task/class) information, leading to more flexibility in learning weighting schemes. However, in the last subsection of the method section (Section 3.6), CMW-Net is enhanced with label correction (denoted CMW-Net-SL). Instead of learning a loss weight, the CMW-Net now learns an interpolation parameter between the original one-hot label and a soft label estimate (Equation 14 can be rewritten to the form in Equation 13, in the same way as Equation 12 was), and the new interpolated label is then used in a standard CE loss (no loss reweighting). Therefore, although the proposed approaches are interesting and novel, we argue neither CMW-Net (loss reweighting) nor CMW-Net-SL (label correction) unifies loss reweighting and label correction. In future work, it would be interesting to explore ideas from CWM-Net-SL to learn $\Delta$ in SGN. Thank you for bringing our attention to this recent related work, which we will describe and reference as there are clear connections."				
6.200	uREj4ZuGJE__r04	In-context Autoencoder for Context Compression in a Large Language Model	6: marginally above the acceptance threshold	4: You are confident in your assessment, but not absolutely certain. It is unlikely, but not impossible, that you did not understand some parts of the submission or that you are unfamiliar with some pieces of related work.	partially_fixed	priority_secondary_structured	structured=partially_fixed; issue_ledger=fixed		fixed	partially_fixed	partially_fixed	fixed	fixed	partially_fixed	"[weaknesses] **Comparison with summarization** The paper compresses the contexts into black-box memories. Instead, one can simply apply a summarization model (e.g., GPT-4) to summarize the context and feed it to the model. While Figure 2 claims that black-box memory can be more compressive than words, this claim is not supported by the experiments. Besides, summarization has a merit in that it can be applied to black-box API models, unlike this method, which is only applicable to open-source white-box models. --- **Still need quadratic complexity** The model still needs to forward the entire context to compress the memories, which requires quadratic complexity over the context length. The paper partly addresses this issue using multiple spans of memories in Figure 6, but the results are preliminary. Presenting this divide-and-conquer approach as the primary method and providing a deeper analysis would extend the method to be applied for extremely long contexts. Additionally, it's worth noting that there are several concurrent submissions considering the divide-and-conquer concept [1-3]. [1] Unlimiformer: Long-Range Transformers with Unlimited Length Input\ [2] Walking Down the Memory Maze: Beyond Context Limit through Interactive Reading\ [3] Hierarchical Context Merging: Better Long Context Understanding for Pre-trained LLMs --- **Ohter long context works** Though concurrent, discussing other techniques for long context LLM in the related work section would help readers grasp the positioning of this paper. I can see many works on OpenReview and arXiv, such as [4-5], to name a few. [4] LongLoRA: Efficient Fine-tuning of Long-Context Large Language Models\ [5] Functional Interpolation for Relative Positions improves Long Context Transformers --- **Editorial comments** - Using a different color for linkcolor would help readers better recognizing the link to the tables. - Putting tables/figures at top instead of here would help readers to better skim the experiments.

[questions] My main concerns/questions are: 1. Additional validation of the multiple-span approach. Especially, checking the generated examples and practical benchmarks, such as QA, instead of relying solely on perplexity. I wonder if this multiple-span approach would work really well, even though the model is fine-tuned with only a single span. 2. Comparison with the summarization baseline, which simply compresses the context into words instead of black-box memories.

[summary] This paper enables LLM to handle long contexts by compressing the context into shorter memories. To achieve this, another encoder LLM (in addition to the original decoder LLM) is fine-tuned. The memories compressed by the encoder LLM are used to reconstruct the original context and generate future sentences."	We greatly appreciate your recognition and praise for this work, as well as the constructive suggestions you have provided to help us improve it. We hope our following responses can clarify some details and address your concerns, thereby improving your evaluation of this work. > Weakness 1: The paper compresses the contexts into black-box memories. Instead, one can simply apply a summarization model (e.g., GPT-4) to summarize the context and feed it to the model. While Figure 2 claims that black-box memory can be more compressive than words, this claim is not supported by the experiments. Besides, summarization has a merit in that it can be applied to black-box API models, unlike this method, which is only applicable to open-source white-box models. > We have experimental results to show that black-box memories can be more compressive than a summary. Firstly, both Figure 4 and 5 demonstrate that using 128-length black-box memories can almost losslessly restore the original 512-length context (with BLEU>99%), which cannot be achieved using a 128-length summary. Secondly, in the last row of Table 6, we compared 128 black-box memory and 128-token summary, which also confirmed that ...	"We greatly appreciate your recognition and praise for this work, as well as the constructive suggestions you have provided to help us improve it. We hope our following responses can clarify some details and address your concerns, thereby improving your evaluation of this work. > Weakness 1: The paper compresses the contexts into black-box memories. Instead, one can simply apply a summarization model (e.g., GPT-4) to summarize the context and feed it to the model. While Figure 2 claims that black-box memory can be more compressive than words, this claim is not supported by the experiments. Besides, summarization has a merit in that it can be applied to black-box API models, unlike this method, which is only applicable to open-source white-box models. > We have experimental results to show that black-box memories can be more compressive than a summary. Firstly, both Figure 4 and 5 demonstrate that using 128-length black-box memories can almost losslessly restore the original 512-length context (with BLEU>99%), which cannot be achieved using a 128-length summary. Secondly, in the last row of Table 6, we compared 128 black-box memory and 128-token summary, which also confirmed that black-box memory is more compact and informative than a summary with the equal length. > Weakness 2: Still need quadratic complexity > Our motivation is not to improve quadratic complexity, but to effectively reduce the context length to make the context more compact and informative. You are correct that a divide-and-conquer strategy can make this method applicable to super-long contexts. We appreciate the references you recommended and will extend our discussion on this in the revised version to make this paper's position and contribution more clear. > Weakness 3: Other long context works > Thank you for your reminder and recommendations. We will include and extend the discussion of these contemporary papers in the revised version. > Weakness 4: Editorial comments > We appreciate your suggestions on the presentation of this paper. We will fix these issues in the next version according to your advice. > Q1: Additional validation of the multiple-span approach. Especially, checking the generated examples and practical benchmarks, such as QA, instead of relying solely on perplexity. I wonder if this multiple-span approach would work really well, even though the model is fine-tuned with only a single span. > Thank you for your suggestion. As we respond to Weakness 2, we will extend the discussion on the multiple span approach. > Q2: Comparison with the summarization baseline, which simply compresses the context into words instead of black-box memories. > As we respond to Weakness 1, we have the experiment results in Figure 4/5 and Table 6 to demonstrate that the memory slots are more compact and informative than the summary with the equal length.

We greatly appreciate your recognition and constructive suggestions for this work. We hope our following responses can clarify some details and address your concerns, thereby improving your evaluation of this work. > Weakness: I found the baseline somewhat lacking. There are a few other papers targeting the exact or adjacent problems, such as Gisting, Recurrent memory transformer, compressive transformer, auto compressor. As you can see in our references, we have properly cited these papers. The Recurrent Memory Transformer (RMT) and Compressive Transformer primarily focus on exploring a new network architecture or learning method to address the long context issue, as introduced in Section 1. Their methods, however, are not readily applicable to compress long text for an existing Language Model (LLM) such as Llama-2. This is the fundamental difference between these papers and our work -- our motivation and focus is to compress long context for an existing LLM to use the compressed context to replace the original context during inference. As for Gisting and Autocompressor, although they also study context compression, they do not compress context for an existing LLM in the same way we do: Gisting's compression is limited to transform a task description into a few compressed (task) vectors (i.e., gist tokens). It does not involve content compression. Its 26x compression is regarding compressing task description prompt which is usually not very long, as we discussed in Section 5. Moreover, Gisting itself requires fine-tuning the LLM to compress, and its produced gist tokens is not intended for the original LLM but for its fine-tuned LLM, which is not what we aim for. As for Autocompressor, it does not compress context for the original LLM either. Its motivation and focus are more akin to the Compressive Transformer. In contrast, our work is designed to compress a long context for an existing LLM. The LLM can directly use the compressed memory slots as the (conditional) context to perform various tasks or goals. This is a more practical scenario **as we don't need to modify anything on a hosted LLM. We only need to pass the memory slots to the LLM in the same way as word embeddings**. **Clearly, none of these four previous papers can be directly applied for this goal, which is the reason why we do not compared with them in this scenario.** > Q1. I likely have missed something in the paper. It's unclear to me whether the authors initialized the encoder LLM from the same checkpoint as the decoder LLM? If that's the case, how did the author address the difference in autoregressive attention in the decoder (and the base LLM, such as LLAMA) and bidirectional attention potentially used for the encoder. > The encoder in our paper refers to the encoder in the autoencoder terminology, which is used for encoding text into memory slots. It is not the same as the encoder in the encoder-decoder architecture. As illustrated in Figure 3, the encoder of ICAE is a frozen LLM (specifically Llama in this paper) + a learnable LoRA + a learnable embedding for memory tokens. The decoder of ICAE is the frozen LLM. Therefore, the encoder does not use bidirectional attention; instead, it uses causal attention, as in the decoder. We apologize for the confusion. We'll make it clearer in the revised version. > Q2. Why not use an encoder-decoder language model such as T5 for this? > As we mentioned in our response to Q1, our encoder and decoder refer to the encoding and decoding modules of the autoencoder (i.e., ICAE), which are totally different from the encoder/decoder in the encoder-decoder architecture. Our goal is to compress contexts for an existing Large Language Model (LLM), specifically Llama in our experiments. Building the ICAE on the same LLM (Llama) allows us to better align with the LLM to generate a more compressed context. > Q3. As mentioned above, does it matter for the encoder's input embeddings to be in the same space as the decoder's input embeddings? > As we previously mentioned in our response to Q1, the encoder's input embeddings and the decoder's input embeddings are indeed in the same space. > Q4. What's the actual size of each of the pretraining tasks, in terms of number of examples or number of tokens consumed. > We have included these details in Appendix A. For pretraining, our batch size and training steps are listed in Table 9. The number of training tokens can be calculated as 256 * 512 * 200k = 26.2 billion tokens. > Q5. I would imagine the autoencoding task to be relatively easy to ""learn"". How many steps or number of examples does it take for the model to converge? > You’re exactly right. Autoencoding is easier to learn than Language Modeling. However, our setting is 4x compression (e.g., using 128 tokens to restore 512 tokens). According to our observations, the validation loss still keeps decreasing even after 150k training steps.

We greatly appreciate your recognition and constructive feedback on our work. We hope our responses below can address your concerns and answer your questions. > One drawback is that ICAE should be anyway pre-trained, despite few additional parameters and fewer training steps than LLM pre-trainings. Compression will be extremely beneficial if we use the same context multiple times. However, otherwise, it might only incur overhead. > When we use the same context (i.e., cached in advance), we can significantly save on latency/memory overhead (over 7x speedup, as we discussed in Section 3.3.2). This scenario is **common and practical**: For example, a customized ChatGPT for a specific user can compress the user's chat history in advance and use the compressed memory during inference to maintain the long-term memory without online latency overhead for compression. Regarding your concern about the need to recompress for different contexts, different contexts indeed require an additional compression step. However, **as we show in Table 8, this additional compression still brings significant end-to-end speedup compared to using the original context when generating a long sequence**, making it still a highly practical method. > What is the format of memory slots, and how are they generated from the model? I could not find where it is described, but they should be vectors on the embedding space to be fed into the decoder as input. Are they representations before the final softmax layer to get the next word probability distribution? It might be meaningless, but what will we see if we map each memory slot vector to the most likely word? > Memory slots are indeed vectors in the embedding space that are fed into the decoder as input. They are the final output of the ICAE encoder (before softmax) in the positions of memory tokens. When we map the memory slot vector to the vocabulary space, we find that memory slots tend to retain some keyword information from the original context and are relatively concentrated in the front part of the original context. This can be explained by the memorization intuition we discussed in our paper, where the model will only remember keywords that provide crucial hints. > If I understand correctly, since memory tokens are fixed for any context input, memory slots can be generated in parallel. What memory tokens e_m have learned? Is it correct that memory slots are order-dependent because they use the same causal attention of language models? If yes, is it optimal because we have access to all information when we create memory slots? > Yes, you’re exactly correct. They are generated in parallel. They are order-dependent and use causal attention. We think it is an appropriate way to create memory slots just as people memorize in their working memory. > Based on the fact that the amount of information varies depending on the content of the context, not solely depending on its length, is it possible to have an adaptive size of memory slots for more compact compression? > As shown in Table 3, texts with lower PPL have greater compression potential. This is because lower PPL mean higher certainty and less difficulty to memorize. Your suggestion is very correct. We are working on adaptive memory slots to dynamically adjust the compression rate according to the difficulty of the text (PPL), in order to achieve the best compression performance without affecting the results."	"We greatly appreciate your recognition and constructive suggestions for this work. We hope our following responses can clarify some details and address your concerns, thereby improving your evaluation of this work. > Weakness: I found the baseline somewhat lacking. There are a few other papers targeting the exact or adjacent problems, such as Gisting, Recurrent memory transformer, compressive transformer, auto compressor. As you can see in our references, we have properly cited these papers. The Recurrent Memory Transformer (RMT) and Compressive Transformer primarily focus on exploring a new network architecture or learning method to address the long context issue, as introduced in Section 1. Their methods, however, are not readily applicable to compress long text for an existing Language Model (LLM) such as Llama-2. This is the fundamental difference between these papers and our work -- our motivation and focus is to compress long context for an existing LLM to use the compressed context to replace the original context during inference. As for Gisting and Autocompressor, although they also study context compression, they do not compress context for an existing LLM in the same way we do: Gisting's compression is limited to transform a task description into a few compressed (task) vectors (i.e., gist tokens). It does not involve content compression. Its 26x compression is regarding compressing task description prompt which is usually not very long, as we discussed in Section 5. Moreover, Gisting itself requires fine-tuning the LLM to compress, and its produced gist tokens is not intended for the original LLM but for its fine-tuned LLM, which is not what we aim for. As for Autocompressor, it does not compress context for the original LLM either. Its motivation and focus are more akin to the Compressive Transformer. In contrast, our work is designed to compress a long context for an existing LLM. The LLM can directly use the compressed memory slots as the (conditional) context to perform various tasks or goals. This is a more practical scenario **as we don't need to modify anything on a hosted LLM. We only need to pass the memory slots to the LLM in the same way as word embeddings**. **Clearly, none of these four previous papers can be directly applied for this goal, which is the reason why we do not compared with them in this scenario.** > Q1. I likely have missed something in the paper. It's unclear to me whether the authors initialized the encoder LLM from the same checkpoint as the decoder LLM? If that's the case, how did the author address the difference in autoregressive attention in the decoder (and the base LLM, such as LLAMA) and bidirectional attention potentially used for the encoder. > The encoder in our paper refers to the encoder in the autoencoder terminology, which is used for encoding text into memory slots. It is not the same as the encoder in the encoder-decoder architecture. As illustrated in Figure 3, the encoder of ICAE is a frozen LLM (specifically Llama in this paper) + a learnable LoRA + a learnable embedding for memory tokens. The decoder of ICAE is the frozen LLM. Therefore, the encoder does not use bidirectional attention; instead, it uses causal attention, as in the decoder. We apologize for the confusion. We'll make it clearer in the revised version. > Q2. Why not use an encoder-decoder language model such as T5 for this? > As we mentioned in our response to Q1, our encoder and decoder refer to the encoding and decoding modules of the autoencoder (i.e., ICAE), which are totally different from the encoder/decoder in the encoder-decoder architecture. Our goal is to compress contexts for an existing Large Language Model (LLM), specifically Llama in our experiments. Building the ICAE on the same LLM (Llama) allows us to better align with the LLM to generate a more compressed context. > Q3. As mentioned above, does it matter for the encoder's input embeddings to be in the same space as the decoder's input embeddings? > As we previously mentioned in our response to Q1, the encoder's input embeddings and the decoder's input embeddings are indeed in the same space. > Q4. What's the actual size of each of the pretraining tasks, in terms of number of examples or number of tokens consumed. > We have included these details in Appendix A. For pretraining, our batch size and training steps are listed in Table 9. The number of training tokens can be calculated as 256 * 512 * 200k = 26.2 billion tokens. > Q5. I would imagine the autoencoding task to be relatively easy to ""learn"". How many steps or number of examples does it take for the model to converge? > You’re exactly right. Autoencoding is easier to learn than Language Modeling. However, our setting is 4x compression (e.g., using 128 tokens to restore 512 tokens). According to our observations, the validation loss still keeps decreasing even after 150k training steps.

We greatly appreciate your recognition and praise for this work, as well as the constructive suggestions you have provided to help us improve it. We hope our following responses can clarify some details and address your concerns, thereby improving your evaluation of this work. > Weakness 1: The paper compresses the contexts into black-box memories. Instead, one can simply apply a summarization model (e.g., GPT-4) to summarize the context and feed it to the model. While Figure 2 claims that black-box memory can be more compressive than words, this claim is not supported by the experiments. Besides, summarization has a merit in that it can be applied to black-box API models, unlike this method, which is only applicable to open-source white-box models. > We have experimental results to show that black-box memories can be more compressive than a summary. Firstly, both Figure 4 and 5 demonstrate that using 128-length black-box memories can almost losslessly restore the original 512-length context (with BLEU>99%), which cannot be achieved using a 128-length summary. Secondly, in the last row of Table 6, we compared 128 black-box memory and 128-token summary, which also confirmed that black-box memory is more compact and informative than a summary with the equal length. > Weakness 2: Still need quadratic complexity > Our motivation is not to improve quadratic complexity, but to effectively reduce the context length to make the context more compact and informative. You are correct that a divide-and-conquer strategy can make this method applicable to super-long contexts. We appreciate the references you recommended and will extend our discussion on this in the revised version to make this paper's position and contribution more clear. > Weakness 3: Other long context works > Thank you for your reminder and recommendations. We will include and extend the discussion of these contemporary papers in the revised version. > Weakness 4: Editorial comments > We appreciate your suggestions on the presentation of this paper. We will fix these issues in the next version according to your advice. > Q1: Additional validation of the multiple-span approach. Especially, checking the generated examples and practical benchmarks, such as QA, instead of relying solely on perplexity. I wonder if this multiple-span approach would work really well, even though the model is fine-tuned with only a single span. > Thank you for your suggestion. As we respond to Weakness 2, we will extend the discussion on the multiple span approach. > Q2: Comparison with the summarization baseline, which simply compresses the context into words instead of black-box memories. > As we respond to Weakness 1, we have the experiment results in Figure 4/5 and Table 6 to demonstrate that the memory slots are more compact and informative than the summary with the equal length.

We greatly appreciate your recognition and constructive feedback on our work. We hope our responses below can address your concerns and answer your questions. > One drawback is that ICAE should be anyway pre-trained, despite few additional parameters and fewer training steps than LLM pre-trainings. Compression will be extremely beneficial if we use the same context multiple times. However, otherwise, it might only incur overhead. > When we use the same context (i.e., cached in advance), we can significantly save on latency/memory overhead (over 7x speedup, as we discussed in Section 3.3.2). This scenario is **common and practical**: For example, a customized ChatGPT for a specific user can compress the user's chat history in advance and use the compressed memory during inference to maintain the long-term memory without online latency overhead for compression. Regarding your concern about the need to recompress for different contexts, different contexts indeed require an additional compression step. However, **as we show in Table 8, this additional compression still brings significant end-to-end speedup compared to using the original context when generating a long sequence**, making it still a highly practical method. > What is the format of memory slots, and how are they generated from the model? I could not find where it is described, but they should be vectors on the embedding space to be fed into the decoder as input. Are they representations before the final softmax layer to get the next word probability distribution? It might be meaningless, but what will we see if we map each memory slot vector to the most likely word? > Memory slots are indeed vectors in the embedding space that are fed into the decoder as input. They are the final output of the ICAE encoder (before softmax) in the positions of memory tokens. When we map the memory slot vector to the vocabulary space, we find that memory slots tend to retain some keyword information from the original context and are relatively concentrated in the front part of the original context. This can be explained by the memorization intuition we discussed in our paper, where the model will only remember keywords that provide crucial hints. > If I understand correctly, since memory tokens are fixed for any context input, memory slots can be generated in parallel. What memory tokens e_m have learned? Is it correct that memory slots are order-dependent because they use the same causal attention of language models? If yes, is it optimal because we have access to all information when we create memory slots? > Yes, you’re exactly correct. They are generated in parallel. They are order-dependent and use causal attention. We think it is an appropriate way to create memory slots just as people memorize in their working memory. > Based on the fact that the amount of information varies depending on the content of the context, not solely depending on its length, is it possible to have an adaptive size of memory slots for more compact compression? > As shown in Table 3, texts with lower PPL have greater compression potential. This is because lower PPL mean higher certainty and less difficulty to memorize. Your suggestion is very correct. We are working on adaptive memory slots to dynamically adjust the compression rate according to the difficulty of the text (PPL), in order to achieve the best compression performance without affecting the results."				
6.200	dCHbFDsCZz__r01	Learning to Reject with a Fixed Predictor: Application to Decontextualization	6: marginally above the acceptance threshold	3: You are fairly confident in your assessment. It is possible that you did not understand some parts of the submission or that you are unfamiliar with some pieces of related work. Math/other details were not carefully checked.	fixed	priority_secondary_structured	structured=fixed; issue_ledger=unresolved		fixed	partially_fixed	fixed	fixed	unresolved	fixed	"[weaknesses] - Although GitHub repo links and other identifying information cannot be written in a paper under review, I did not see any indication of the intention to make the code public, nor is it provided in supplementary materials - Page 4. First equation/inequality. - $c$ is positive. indicator functions are either 0 or 1, so: $\mathbb{I}\_{a\leq 0} \mathbb{I}\_{r(x)>0} + c \mathbb{I}\_{r(x)\leq 0} \geq max(\mathbb{I}\_{a\leq 0}\mathbb{I}\_{-r(x)<0}, c \mathbb{I}\_{r(x)\leq 0})$ max of two different terms that are positive should be less than or equal to the sum. - And second comparison should be equal. As the first term in the first max is saying: ""Both $a$ and $-r$ should be less than zero for the indicator product to be one"". And the the first term in the second max is saying ""the max of both $a$ and $-r$ should be less than zero for the indicator to be one"". Both of these statements imply each other and therefore the last relation should be of equality. - The bound becomes a lower bound, not an upper bound. - I did not check the last relation. That might still hold despite this, but need to know why. - There is no test set. Only train and validation, where cross-validation is used so training algorithm sees all data.

[questions] - page 5. it is said that ""underlying scores are not favourable for that precision level"". Why is that? - These are possibly standard deviation bars in figures 4 and 5. How were they generated? Is it from different folds of cross-validation? - Are Maxprob and cross-entropy trained on different models? Why is that? **Minor Typing / Formatting / Clarity issues** - page 4. last equation ""<=0"" should be in the subscript - please recheck format for citations: some citations use et al while other list all authors. **Comment**: I chose ""good"" in soundness, presentation and contribution, but ""3: reject"" in the overall rating. That's mainly because of the mathematical inconsistency, which I hope can be resolved.

[summary] For the purpose of letting a model 'reject' or 'abstain' from classifying some samples, a technique of using a rejection loss is proposed; from which a surrogate loss is derived and used. This is in contrast to either using the 'confidence' output or training for an (n+1)-th class in the sense that the predictor can be fixed. Theoretical guarantees for this surrogate loss are provided, and this framework is evaluated on real-world decontextualization tasks, and also for image classification. The results show promise and seem to perform better than other methods studied."	Thank you for your appreciation of our contribution. We have carefully addressed all the questions raised, especially regarding the consistency of our mathematical results. Please find our responses below, and we respectfully request the reviewer to reconsider the overall rating. **Weaknesses:** **1. Although GitHub repo links and other identifying information cannot be written in a paper under review, I did not see any indication of the intention to make the code public, nor is it provided in supplementary materials.** **Response:** We are hoping to release code for the final version and are waiting for approval. **2. Page 4. First equation/inequality.** **Response:** As pointed out by reviewer KRjg, the first inequality indeed holds. Thus, we are still giving an upper bound. We will replace the second inequality with equality (we were simply staying consistent with Cortes et al.). The last relation in the derivation holds because a max of two positive real numbers is upper-bounded by their sum. **3. There is no test set. Only train and validation, where cross-validation is used so training algorithm sees all data.** **Response:** We perform k-fold cross validation, and thus th...	"Thank you for your appreciation of our contribution. We have carefully addressed all the questions raised, especially regarding the consistency of our mathematical results. Please find our responses below, and we respectfully request the reviewer to reconsider the overall rating. **Weaknesses:** **1. Although GitHub repo links and other identifying information cannot be written in a paper under review, I did not see any indication of the intention to make the code public, nor is it provided in supplementary materials.** **Response:** We are hoping to release code for the final version and are waiting for approval. **2. Page 4. First equation/inequality.** **Response:** As pointed out by reviewer KRjg, the first inequality indeed holds. Thus, we are still giving an upper bound. We will replace the second inequality with equality (we were simply staying consistent with Cortes et al.). The last relation in the derivation holds because a max of two positive real numbers is upper-bounded by their sum. **3. There is no test set. Only train and validation, where cross-validation is used so training algorithm sees all data.** **Response:** We perform k-fold cross validation, and thus the training algorithm does not see the data it is tested on. Additionally, in the decontextualization experiment with LLMs, we do not tune any hyper-parameters for our proposed method. **Questions:** **1. page 5. it is said that ""underlying scores are not favourable for that precision level"". Why is that?** **Response:** We would like to point out that we have instead written “not *necessarily* favorable.” This is because the same scores are used for each precision level; the learning algorithm was not trained to target a specific precision level. On the other hand, in our surrogate loss, we are targeting a specific precision level through the value of $c$. **2. These are possibly standard deviation bars in figures 4 and 5. How were they generated? Is it from different folds of cross-validation?** **Response:** As described in their respective captions, the standard deviations in Figure 4 are from the different cross-validation splits, and the standard deviations in Figure 5 are from different training runs. **3. Are Maxprob and cross-entropy trained on different models? Why is that?** **Response:** These are very slightly different - Maxprob was derived from an existing decontextualization model, and we chose to use T5X for all of our fine-tuning as it was the closest model available to us. **Minor Typing / Formatting / Clarity issues:** **1. page 4. last equation ""<=0"" should be in the subscript** **2. please recheck format for citations: some citations use et al while other list all authors.** **Response:** Thank you, we will fix these in the final version.

Thank you for your encouraging review. We will take your suggestions into account when preparing the final version. Below please find responses to specific questions. **1. The method is only applied to the decontextualization problem when it actually seems to have much more broad applicability. I can think of several LLM applications where the ability to increase precision by rejecting would be useful. For example, we could try to learn a rejector that cuts down on hallucinations in summarization or text simplification. More exploration of this technique beyond the decontextualization problem would make it more impactful.** **Response:** As discussed in the conclusion, annotation for the LLM setting is expensive and this limits our empirical evaluation. We therefore provided additional experimental evaluation on image classification tasks, where checking the correctness of the predictor is easy. We leave further experimental evaluation for future work, but observe very strong results on our current LLM experiments. **2. When $\mathcal{R} = R_{\mathrm{all}}$, can't we use a cost-sensitive surrogate loss plus usual (Bayes) consistency results? I.e., I don't understand the following claim in Appendix C given that the paper's results only consider $\mathcal{R} = \mathcal{R}_{\mathrm{all}}$.** **In general, I think the paper could use more presentation on why the naive approach of directly training the rejector to predict the labels $a$ using a standard cost-sensitive surrogate loss doesn't work, since the results only consider the $\mathcal{R} = \mathcal{R}_{\mathrm{all}}$ case. That, or some results for linear or 1-layer-NN rejectors, as in Awasthi et al. (2022), would strengthen the theoretical part of the paper.** **Question 1. Why do we care about $\mathcal{H}$-consistency even though we only consider the space $\mathcal{R}_{\mathrm{all}}$ of all measurable functions? It would be helpful to further emphasize this earlier in the paper as a major difference / novelty / reason why more naive baselines don't work (see earlier comment under weaknesses).** **Response:** Our surrogate losses benefit from $\mathcal{R}$-consistency bounds with the hypothesis set $\mathcal{R}$ extending beyond the family of all measurable functions $\mathcal{R}_{\mathrm{all}}$. This includes, for example, the family of linear models and one-hidden-layer neural networks considered by Awasthi et al. (2022). For simplicity, we presented results only for the family of all measurable functions. However, our proofs and results can be directly extended to other hypothesis sets. In the final version, we will include these $\mathcal{R}$-consistency bounds. While the cost-sensitive surrogate loss benefits from Bayes-consistency, it does not benefit from $\mathcal{R}$-consistency bounds. As pointed out by Awasthi et al. (2022), Bayes-consistency does not supply any information about learning with a typically restricted hypothesis set, which of course would not contain all measurable functions. Furthermore, it provides no guarantee for approximate minimizers since the rate of that asymptotic convergence could be arbitrarily slow. **3. No ablation on $\alpha$ even though it's important in the bound (Thm 5), and different experiments use different values (e.g., 4 in main text experiments, 3.5 in appendix vision experiments).** **Response:** In our experiments on image classification, the value of $\alpha$ is selected using cross-validation, a method typically applicable in practice. In our future work, we aim to explore a more principled approach for choosing $\alpha$. A promising direction involves establishing data-dependent bounds, which would act as a useful guide for selecting $\alpha$ across different datasets. **4. Small typo in display at bottom of pg4; $\leq 0$ should be in the subscript of $\mathbb{I}$.** **Response:** Thank you, we will fix this in the final version. **5. Small typo in display at bottom of pg4; not enough parentheses.** **Response:** Thank you, we will fix this in the final version. **6. Minor semantics/notation: $r(x, f(x))$ reads like a score for rejecting, so the notation reads like $r > 0$ $ \implies $ reject, when it's actually being used in the opposite sense. This tripped me up several times. I know this notation is inherited from Cortes et al. but I think it's a bit confusing.** **Response:** We are indeed staying consistent with the notation from the literature.

Thank you for your thoughtful feedback. We have carefully addressed all the questions raised. Please find our responses below. **Weaknesses:** **1. The experiment setting is not well explained and the settings are not comprehensive. As the authors mentioned, the LLM predictors are their main focus but in the experiments, there is only one type of LLM. As T5X is a family of models, there are other choices and more architectures from other families will be more comprehensive for evaluating the proposed loss.** **Response:** We kindly ask the reviewer to elaborate on which part of the experiment setting was not sufficiently well explained. While it is true that there generally exist many LLM architectures, it would not be feasible to evaluate all of them. By showing very strong results on T5X XXL, a standard model, we demonstrate that there is at least one architecture for which our surrogate loss is very useful. **2. The loss function is tested on image classification but on a tiny setting and this pure classification task does not really relate to the LLM setting.** **Response:** Since annotation is expensive for the LLM setting, we chose to provide additional experimental evaluation of our proposed surrogate loss on image classification. For the LLM setting, please see our experiments on decontextualization. **3. To train the rejector still required to label new information, it is hard to distinguish whether the improvement is from the additional information or the loss function.** **Response:** Since the baseline using the cross-entropy loss had access to these new labels as well, the improvement is necessarily from the loss function. **Questions:** **1. According to my understanding, applying the surrogate loss requires labeling the output from the given model. Then the model is further trained by the learned surrogate loss. Thus some extra information is introduced. Can the Cross entropy loss and Maxprob have the same information?** **Response:** The cross entropy baseline did have the same information - we finetuned a model using the cross-entropy loss *on the annotations*. However, it would not be possible for Maxprob to also benefit from this information because the annotations form a binary classification task, while the predictor (from which Maxprob is derived) is trained to generate decontexualizations. **2. What is the format of the rejector?** **Response:** The format for the rejector is described in section 7.2 (surrogate loss), and it is trained on the decontextualization rejection task described in section 7.1. At a high level, its input is a sentence and a candidate decontextualization, and its output is a real number whose sign corresponds to acceptance or rejection. **3. Why is the F1 score not applied for clear comparison?** **Response:** The F1 score relates to precision versus recall, while instead we are interested in precision versus coverage. We believe that it is very natural and easy to compare the methods by plotting precision versus coverage (which we do in Figures 4, 5, and 6). **4. For the std comparison it is not very clear whether rejection loss is much better than Maxprob in Figure 4 and in Figure 5.** **Response:** We respectfully disagree with the reviewer. The curve for the rejection loss lies above that of Maxprob in both figures, and in Figure 4, it lies *significantly* above that of Maxprob."	"We have uploaded a revised version with a newly added Appendix D. The main results (on p.18), Theorem 7 and Corollary 8, demonstrate that our surrogate losses benefit from $\mathcal{R}$-consistency bounds with any bounded hypothesis set, including the family of linear models and one-hidden-layer ReLU networks considered in (Awasthi et al., 2022) as special cases. In the initial version, we mentioned before Section 5.5 ""Similar results can be derived for other families of functions $\mathcal{R}$, such as that of linear functions or neural networks with one hidden-layer as in (Awasthi et al., 2022)"", but did not include them for simplicity. We believe these newly added results will further strengthen the theoretical part of the paper and address the reviewer's concerns. Note that there is a lack of similar guarantees for cost-sensitive surrogate losses with respect to the induced rejection loss. Furthermore, our surrogate loss outperforms the cost-sensitive baseline in our image classification experiments.

Thank you for your thoughtful feedback. We have carefully addressed all the questions raised. Please find our responses below. **Weaknesses:** **1. The experiment setting is not well explained and the settings are not comprehensive. As the authors mentioned, the LLM predictors are their main focus but in the experiments, there is only one type of LLM. As T5X is a family of models, there are other choices and more architectures from other families will be more comprehensive for evaluating the proposed loss.** **Response:** We kindly ask the reviewer to elaborate on which part of the experiment setting was not sufficiently well explained. While it is true that there generally exist many LLM architectures, it would not be feasible to evaluate all of them. By showing very strong results on T5X XXL, a standard model, we demonstrate that there is at least one architecture for which our surrogate loss is very useful. **2. The loss function is tested on image classification but on a tiny setting and this pure classification task does not really relate to the LLM setting.** **Response:** Since annotation is expensive for the LLM setting, we chose to provide additional experimental evaluation of our proposed surrogate loss on image classification. For the LLM setting, please see our experiments on decontextualization. **3. To train the rejector still required to label new information, it is hard to distinguish whether the improvement is from the additional information or the loss function.** **Response:** Since the baseline using the cross-entropy loss had access to these new labels as well, the improvement is necessarily from the loss function. **Questions:** **1. According to my understanding, applying the surrogate loss requires labeling the output from the given model. Then the model is further trained by the learned surrogate loss. Thus some extra information is introduced. Can the Cross entropy loss and Maxprob have the same information?** **Response:** The cross entropy baseline did have the same information - we finetuned a model using the cross-entropy loss *on the annotations*. However, it would not be possible for Maxprob to also benefit from this information because the annotations form a binary classification task, while the predictor (from which Maxprob is derived) is trained to generate decontexualizations. **2. What is the format of the rejector?** **Response:** The format for the rejector is described in section 7.2 (surrogate loss), and it is trained on the decontextualization rejection task described in section 7.1. At a high level, its input is a sentence and a candidate decontextualization, and its output is a real number whose sign corresponds to acceptance or rejection. **3. Why is the F1 score not applied for clear comparison?** **Response:** The F1 score relates to precision versus recall, while instead we are interested in precision versus coverage. We believe that it is very natural and easy to compare the methods by plotting precision versus coverage (which we do in Figures 4, 5, and 6). **4. For the std comparison it is not very clear whether rejection loss is much better than Maxprob in Figure 4 and in Figure 5.** **Response:** We respectfully disagree with the reviewer. The curve for the rejection loss lies above that of Maxprob in both figures, and in Figure 4, it lies *significantly* above that of Maxprob.

Thank you for your encouraging review. We will take your suggestions into account when preparing the final version. Below please find responses to specific questions. **1. The method is only applied to the decontextualization problem when it actually seems to have much more broad applicability. I can think of several LLM applications where the ability to increase precision by rejecting would be useful. For example, we could try to learn a rejector that cuts down on hallucinations in summarization or text simplification. More exploration of this technique beyond the decontextualization problem would make it more impactful.** **Response:** As discussed in the conclusion, annotation for the LLM setting is expensive and this limits our empirical evaluation. We therefore provided additional experimental evaluation on image classification tasks, where checking the correctness of the predictor is easy. We leave further experimental evaluation for future work, but observe very strong results on our current LLM experiments. **2. When $\mathcal{R} = R_{\mathrm{all}}$, can't we use a cost-sensitive surrogate loss plus usual (Bayes) consistency results? I.e., I don't understand the following claim in Appendix C given that the paper's results only consider $\mathcal{R} = \mathcal{R}_{\mathrm{all}}$.** **In general, I think the paper could use more presentation on why the naive approach of directly training the rejector to predict the labels $a$ using a standard cost-sensitive surrogate loss doesn't work, since the results only consider the $\mathcal{R} = \mathcal{R}_{\mathrm{all}}$ case. That, or some results for linear or 1-layer-NN rejectors, as in Awasthi et al. (2022), would strengthen the theoretical part of the paper.** **Question 1. Why do we care about $\mathcal{H}$-consistency even though we only consider the space $\mathcal{R}_{\mathrm{all}}$ of all measurable functions? It would be helpful to further emphasize this earlier in the paper as a major difference / novelty / reason why more naive baselines don't work (see earlier comment under weaknesses).** **Response:** Our surrogate losses benefit from $\mathcal{R}$-consistency bounds with the hypothesis set $\mathcal{R}$ extending beyond the family of all measurable functions $\mathcal{R}_{\mathrm{all}}$. This includes, for example, the family of linear models and one-hidden-layer neural networks considered by Awasthi et al. (2022). For simplicity, we presented results only for the family of all measurable functions. However, our proofs and results can be directly extended to other hypothesis sets. In the final version, we will include these $\mathcal{R}$-consistency bounds. While the cost-sensitive surrogate loss benefits from Bayes-consistency, it does not benefit from $\mathcal{R}$-consistency bounds. As pointed out by Awasthi et al. (2022), Bayes-consistency does not supply any information about learning with a typically restricted hypothesis set, which of course would not contain all measurable functions. Furthermore, it provides no guarantee for approximate minimizers since the rate of that asymptotic convergence could be arbitrarily slow. **3. No ablation on $\alpha$ even though it's important in the bound (Thm 5), and different experiments use different values (e.g., 4 in main text experiments, 3.5 in appendix vision experiments).** **Response:** In our experiments on image classification, the value of $\alpha$ is selected using cross-validation, a method typically applicable in practice. In our future work, we aim to explore a more principled approach for choosing $\alpha$. A promising direction involves establishing data-dependent bounds, which would act as a useful guide for selecting $\alpha$ across different datasets. **4. Small typo in display at bottom of pg4; $\leq 0$ should be in the subscript of $\mathbb{I}$.** **Response:** Thank you, we will fix this in the final version. **5. Small typo in display at bottom of pg4; not enough parentheses.** **Response:** Thank you, we will fix this in the final version. **6. Minor semantics/notation: $r(x, f(x))$ reads like a score for rejecting, so the notation reads like $r > 0$ $ \implies $ reject, when it's actually being used in the opposite sense. This tripped me up several times. I know this notation is inherited from Cortes et al. but I think it's a bit confusing.** **Response:** We are indeed staying consistent with the notation from the literature."				
6.200	tEgrUrUuwA__r01	Partitioning Message Passing for Graph Fraud Detection	6: marginally above the acceptance threshold	3: You are fairly confident in your assessment. It is possible that you did not understand some parts of the submission or that you are unfamiliar with some pieces of related work. Math/other details were not carefully checked.	partially_fixed	priority_secondary_structured	structured=partially_fixed; issue_ledger=unresolved		regressed	partially_fixed	partially_fixed	partially_fixed	unresolved	partially_fixed	"[weaknesses] I did not find any glaring weaknesses. I would just mention that it would be easier for a reader to follow if the same notation would not be used for different purposes. h (page 15) - class homophili metric h_{i}^{(l)} (page 3) - l-th layer hidden representation of v_i

[questions] On page 4, equation 4: Shouldn't a small \alpha^{(l)}_{i} indicate that the model should treat unlabeled neighbors more similarly to benign nodes (instead of fraud nodes as written in the paper)? On Figure 4 (page 8): Influence distribution: why GCN (and not R-GCN) was chosen as one of the methods for comparison? My understanding is that GCN cannot distinguish between diffenent relations and both Yelp and Amazon datasets include multiple relationship types. May be that is why GCN did better at T-Finance (with only one relation type)

[summary] This paper describes a variant of GNN trained for graph fraud detection tasks. Apparently, previously existing GNN's efficacy suffer due to label imbalance (a common occurrence with fraud data). The authors' solution to this problem was in label-aware partitioning of aggregated contributions during message passing stage. Instead of aggregating contribution from all nodes from a given root node's neighborhood the proposed method would aggregate label-aware contributions separately which would include separate weight matrices for benign nodes and for fraud-related nodes. The algorithm's theoretical examination shows that it independently learns an adaptive spectral filter for each node in the graph. The model also proved to outperform existing state-of-art solutions on publicly available datasets."	We appreciate your detailed suggestions for our work. We provide the response to your concerns point by point as follows: **Q1: It would be easier for a reader to follow if the same notation would not be used for different purposes. $h$ (page 15) - class homophily metric $h_{i}^{(l)}$ (page 3) - $l$-th layer hidden representation of $v_i$.** **A1:** Thank you for pointing out the confusion caused by the overlapping use of the notation $h$. To address this, we have revised the notation to eliminate any ambiguity. The class homophily metric previously denoted by $h$ on page 15 will now be denoted by $\eta$ throughout the paper. We have marked these changes in blue in the revised manuscript. **Q2: On page 4, equation 4: Shouldn't a small $\alpha^{(l)}\_{i}$ indicate that the model should treat unlabeled neighbors more similarly to benign nodes (instead of fraud nodes as written in the paper)?** **A2:** Thank you for pointing out the inconsistency regarding the interpretation of the parameter $\alpha^{(l)}\_{i}$ in equation 4 on page 4. Upon re-examination, we agree that there was an error in our description of how $\alpha^{(l)}\_{i}$ influences the treatment of unlabeled neighbors ...	"We appreciate your detailed suggestions for our work. We provide the response to your concerns point by point as follows: **Q1: It would be easier for a reader to follow if the same notation would not be used for different purposes. $h$ (page 15) - class homophily metric $h_{i}^{(l)}$ (page 3) - $l$-th layer hidden representation of $v_i$.** **A1:** Thank you for pointing out the confusion caused by the overlapping use of the notation $h$. To address this, we have revised the notation to eliminate any ambiguity. The class homophily metric previously denoted by $h$ on page 15 will now be denoted by $\eta$ throughout the paper. We have marked these changes in blue in the revised manuscript. **Q2: On page 4, equation 4: Shouldn't a small $\alpha^{(l)}\_{i}$ indicate that the model should treat unlabeled neighbors more similarly to benign nodes (instead of fraud nodes as written in the paper)?** **A2:** Thank you for pointing out the inconsistency regarding the interpretation of the parameter $\alpha^{(l)}\_{i}$ in equation 4 on page 4. Upon re-examination, we agree that there was an error in our description of how $\alpha^{(l)}\_{i}$ influences the treatment of unlabeled neighbors in our model. As you correctly noted, a small $\alpha^{(l)}\_{i}$ should indeed indicate that the model treats unlabeled neighbors more similarly to benign nodes due to the larger weight placed on $\mathbf{W}\_{\text{be}}^{(l)}$. We have corrected the text in the manuscript to accurately reflect this relationship. **Q3: On Figure 4 (page 8): Influence distribution: why GCN (and not R-GCN) was chosen as one of the methods for comparison? My understanding is that GCN cannot distinguish between diffenent relations and both Yelp and Amazon datasets include multiple relationship types. May be that is why GCN did better at T-Finance (with only one relation type)** **A3:** Thanks for your deep insights. Our aim is to provide a comprehensive comparison across a spectrum of GNNs, ranging from the most basic GCN to the more advanced and fraud-specific model, BWGNN. These methods are selected as the most representative baselines for different classes of GNNs. We agree that the Yelp and Amazon datasets contain multiple relationship types and that GCN’s inability to differentiate between these may impact its performance. In the single-relational dataset T-Finance, the disadvantages of GCN are reduced because other methods no longer have the advantage of handling multiple relations, which is a logical result. We appreciate the suggestion that including R-GCN, which is designed to handle multiple types of relationships, could provide a more direct comparison for datasets with such complexity. To address this, we have conducted additional experiments with R-GCN, which we have included in the **Appendix E.3** of the revised manuscript. From the extended experiments with R-GCN in **Appendix E.3**, we include R-GCN due to its ability to handle multiple types of relationships within a graph. R-GCN extends the GCN model to account for different types of relations in the graph. Results illustrate the influence distributions for the multi-relational Yelp and Amazon datasets. It is evident that accounting for multiple relationships results in a rightward (positive) shift in the influence distributions.

We thank you for your time and effort in reviewing our paper. Below, we respond to address your concerns. **Q1: The primary innovation in the PMP method lies in the use of different weighting matrices for aggregating nodes of various classes. While effective, this focus may be perceived as lacking in breadth in terms of overall innovativeness.** **A1:** We understand that our embarrassingly simple model may give rise to concerns about its innovativeness. We respectfully argue that our work is novel, and we highlight our technical novelty as follows: 1. **[High-level insight]** We propose that the key to successfully applying GNNs for GFD relies not on excluding which used in most prior work, but on distinctly recognizing and processing neighbors with different labels during message passing. Thus, our approach is a fundamental departure from existing methodologies. 2. **[Strong practical implications in applying GNN to GFD Applications]** Graph fraud detection is a practical problem, especially in the industrial application. Thus, it is crucial to capture the essence of the problem, and design a simple and easy-to-deploy model. Our PMP method is designed with these requirements in mind. Through the motivation study, theoretical analysis and strong empirical results, we demonstrate PMP's effectiveness. The simplicity of our model does not diminish its impact; rather, it enhances its practical utility, making it a valuable tool in real-world applications. While PMP's design is straightforward in form, it represents a meaningful step forward in the field, offering both a novel perspective and a practical solution. We believe that PMP has a certain guiding role in future work. **Q2: The article would benefit from a more meticulous attention to the use of symbols and language. Ensuring consistent and clear terminology and notation would contribute to the paper's readability and accessibility.** **A2:** Thanks for your valuable feedback. We have undertaken a thorough review of our manuscript with a focus on standardizing the terminology and symbols used throughout the paper. The modifications have been highlighted in blue in the resvised manuscript. **Q3: On Page 2, in the penultimate line of ""where each node v_i is assigned a binary label $y_i\in Y$"", please confirm whether it is ""Y"" or ""fi""?** **A3:** In our paper, $\mathcal{Y} = \{y_1, y_2, \cdots, y_N\}$ represents the set of node labels, where $y_i \in \mathcal{Y}$ means the label of node $v_i$. $y_i$ has two possible values, i.e., $y_i = 1$ denotes $v_i$ is a fraud node $0$ denotes benign node. **Q4: In the description of Eq.(4) on page 4, it is mentioned that ""In other words, a small $\alpha_i^{(l)}$ means that the model treats unlabeled neighbors more similarly to fraud nodes"". In conjunction with Eq.(4), shouldn't it be the case that a smaller $\alpha_i^{(l)}$ makes unlabeled neighbors more biased to benign nodes?** **A4:** Thanks for pointing this out. Upon re-examination, we agree that there was an error in our description of how $\alpha^{(l)}\_{i}$ influences the treatment of unlabeled neighbors in our model. As you correctly noted, a small $\alpha^{(l)}\_{i}$ should indeed indicate that the model treats unlabeled neighbors more similarly to benign nodes due to the larger weight placed on $\mathbf{W}\_{\text{be}}^{(l)}$. We have corrected the text in the manuscript to accurately reflect this relationship. **Q5: Throughout the paper, sections 2, 3, and 7 are more similar to one part of the content, related work, could they be synthesized into one section?** **A5:** We agree your suggestion that enhances the readability. We have merged Sections 2, 3, and 7 into a single cohesive section titled ""Background and Motivation"" in new Section 2. **Q6: When introducing PMP, the article mentions the use of one layer of MLP in the generation of $\alpha^{(l)}_{i}$. Still, it does not note how many layers of MLP are used in the subsequent ""Root-specific weight matrices generation"".** **A6:** To maintain simplicity in the model design, we also apply the single-layer MLP in the ""Root-specific weight matrices generation"" to define the weight generators $\Psi_{\text{fr}}$ and $\Psi_{\text{be}}$. We have clarified this point in the revised manuscript. Moreover, we show influence of the number of MLP layers on the final results (AUC). We can find that the number of MLP layers does not drastically affect the performance of the model. | #layers | Yelp | Amazon | | ------- | ----- | ------ | | 1 | 93.97 | 97.57 | | 2 | 93.95 | 97.51 |

Dear Reviewer wN2Y, Thank you very much for your reply and follow-up questions. We address your questions as follows: **Q1: The main concept of creating a spatial graph convolution as a high- and low-pass filter is intriguing, but the methodology appears somewhat rough. For instance, relying on the output of the $f_{self}$ function as input for an MLP to learn $\alpha_i^l$ lacks convincing rationale, particularly since the authors did not analyze the characteristics of node features for normal and abnormal nodes.** **A1:** To clarify, in the $(l+1)$-th layer, the weight matrix $\mathbf{W}\_{\text{un}}^{(l)} = \alpha^{(l)}\_i \mathbf{W}\_{\text{fr}}^{(l)} + (1 - \alpha^{(l)}\_i) \mathbf{W}\_{\text{be}}^{(l)}$ is employed to aggregate unlabeled neighbors of $\mathbf{h}\_i^{(l)}$ for generating the node representation $\mathbf{h}\_i^{(l+1)}$. $\alpha^{(l)}\_i = \Phi(\mathbf{h}^{(l)}_i)$ , as a function of the output representation of the previous layer. It is reasonable since nodes are typically categorized as either fraud or benign, this approach is deliberately designed to avoid treating unlabeled neighbors as a distinct, new class. Instead, it allows the model to interpret these unlabeled neighbors as a blend of the known classes (fraud and benign), reflecting the real-world ambiguity in their classification. Furthermore, setting $\alpha^{(l)}_i$ as a function of the center node is a strategic decision, because different center nodes should emphasize different kind of information from its neighborhoods. Thus the strategy for handling neighbors should be contingent on the characteristics of the center node. Here we provide the analysis for the characteristics of fraud and benign nodes to show that $\alpha^{(l)}\_i = \Phi(\mathbf{h}^{(l)}\_i)$ is different between the center fraud nodes to the center benign nodes. Since the function $\Phi(\cdot)$ is applied on the hidden feature of each node, for clear, here we show the $l_2$ distance between the average representation of the hidden fraud nodes $\mathbf{h}^{(l)}\_{\mathbf{fr}} = \sum_{\\{v_i | y_i =1\\}} \mathbf{h}^{(l)}\_{i}$ , and hidden benign nodes $\mathbf{h}^{(l)}\_{\mathbf{be}} = \sum_{\\{v_i | y_i =1\\}} \mathbf{h}^{(l)}_{i}$, and their distance is $D^{(l)} = \|\|\mathbf{h}^{(l)}\_{\mathbf{fr}} - \mathbf{h}^{(l)}\_{\mathbf{be}}\|\|_2$. | | Yelp | Amazon | | --------- | ------ | -------- | | $D^{(0)}$ | 0.3283 | 247.6826 | | $D^{(1)}$ | 5.7746 | 657.8542 | From the above table, we can find that no matter which layer of output it is, there is a big difference in the characteristics between fraud nodes and benign nodes. It indicates that $\alpha^{(l)}_i = \Phi(\mathbf{h}^{(l)}_i)$ can generate different values for the center nodes with different labels, thus the model handles the neighbors during message passing based on the center nodes. Besides, the difference between fraud nodes and benign nodes become greater from the $0$-th layer to the first layer, which shows that the distinguishability between nodes with different classes increase after PMP layer. **Q2: In the industry, treating fraud detection as a binary classification problem may lead to model failure, as fraud patterns are not static. The binary classification model can become invalid when the characteristics of new fraudsters differ significantly from those of old fraudsters.** **A2:** We recognize and agree with your concern. However, our approach to model fraud detection as a binary classification task is primarily driven by the current landscape of available datasets and the state-of-the-art methodologies in this domain. As you rightly pointed out, the characteristics of new fraudsters can significantly differ from those of historical ones, making the development of a robust multi-class fraud detection model more relevant and necessary. Unfortunately, the scarcity of publicly available, multi-class fraud detection datasets has been a major limiting factor. Since prior work such as BWGNN (ICML 2022), PC-GNN (WWW 2021), and GHRN (WWW 2023), which also model GFD as a binary classification problem, categorizing nodes simply as 'fraudulent' (label 1) or 'benign' (label 0), so we think our work aligns with recent advancements and standard practices in the field. We very much agree with your perspective on the importance and relevance of multi-class fraud detection. We acknowledge that this approach represents a more realistic and meaningful scenario in fraud detection. Moving forward, we are committed to exploring multi-class fraud detection in our future work."	"**Q2: The strategy of partitioning message passing is very similar to GNNs with adaptive channel mixing used in [1] although [1] is from the spectral perspective. It will be interesting to discuss the differences and relationships between your proposed method and [1].** **A2:** Thanks for your suggestions, which inspire us to rethink our Partitioning Message Passing (PMP) and Adaptive Channel Mixing (ACM) [1]. We agree that our work does indeed share similarities with ACM. However, the motivation, methodology, theoretical insights still differ. We provide a detailed comparison from these perspectives as follows: **[Motivation]** In our paper, we contend that the key to successfully applying GNNs for GFD task lies not in the exclusion of neighbors but in the ability to *distinguish* between them based on their labels during the neighborhood aggregation. This core belief is operationalized in our proposed PMP framework, which integrates this motivation into the traditional message passing paradigm. By partitioning neighbors during the aggregation phase using distinct transformation matrices, PMP effectively discriminates between different classes of neighbors, ensuring that the message passing mechanism is both simple and highly effective in addressing the unique challenges of GFD. Contrastingly, ACM is motivated by the concept of ""*Diversification Distinguishability*"", which primarily involves attributing negative weights to heterophilic neighbors through a spectral synthesis of low-pass and high-pass filters. This technique fundamentally differs from our PMP. It is because the use of negative weights in ACM is indicative of removing (or subtracting) the heterophilc components from the homophilic neighbors. This can be interpreted as a form of information '*forgetting*' where heterophilic features are de-emphasized in favor of homophilic features. It is different from PMP which preserves and utilizes all available information. **[Methodology]** ACM is rooted in spectral graph theory, while PMP is spatially oriented. This difference is not just theoretical but has practical implications. The spectral nature of ACM inherently influences its scalability, particularly in the context of large graphs. Typically, spectral-based models, including ACM, require the entire graph as input, which can pose challenges for mini-batch training and thereby limit scalability. In contrast, our PMP model, with its spatial-based framework, inherently supports mini-batch training and is thus more adaptable to large-scale graphs. Furthermore, considering the application of ACM in GFD tasks, its formulation, with removed nonlinearity for simplicity's sake, can be expressed as $H_{\textbf{ACM}}^{(l+1)} = \alpha F_{L}\begin{bmatrix}H^{(l)}\_{fr} \\\ H^{(l)}\_{be} \\\ H^{(l)}\_{un}\end{bmatrix} W_{1}^{(l)} + \beta F_{H}\begin{bmatrix}H^{(l)}\_{fr} \\\ H^{(l)}\_{be} \\\ H^{(l)}\_{un}\end{bmatrix} W_{2}^{(l)}$ where $F_L$ and $F_H$ are distinct spectral filters. We can observation that the trainable weight matrix $W_{L}^{(l)}$ and $W_{H}^{(l)}$ are both shared across all nodes. In contrast, our PMP model, when represented in matrix form, can be rewritten as $H_{\textbf{PMP}}^{(l+1)} = F \begin{bmatrix}H^{(l)}\_{fr} W_1\\\ H^{(l)}\_{be} W_2 \\\ H^{(l)}\_{un} (\alpha W_1 + (1-\alpha)W_2)\end{bmatrix}$ where $F$ is the normalized adjacency matrix. Unlike ACM, trainable weight matrices in PMP, $W_1$ and $W_2$ , are specifically applied to nodes with different labels, where $W_1$ and $W_2$ captures the information of fraud nodes and benign nodes respectively, reflecting a more label-aware and adaptive approach to message passing in the context of GFD. **[Theoretical Insights]** The theoretical insights of PMP and ACM reveal a significant divergence in their spectral capabilities, highlighting a fundamental difference in how they process graph signals. Specifically, ACM predominantly operates as a combination of low-pass and high-pass filters, which (de)emphasizing high or low frequency signal components can not control the information from other spectrum, i.e., ACM does not equate to the functionality of a band-pass filter. Differently, our theoretical analysis and visualization in Section.4 proves that our PMP operates as an adaptive graph filter which cover all frequencies in the spectral domain. We also think such comparisons are very meaningful for a deeper understanding of our work, thus we include them in **Appendix C** of the revised manuscript. **Q3: A minor issue: repeated references 2nd and 3rd articles.** **A3:** Thank you for pointing out the repeated references. We have carefully reviewed the manuscript and rectified the referencing. This correction has been reflected in the revised manuscript.

We thank the reviewer for providing insightful and constructive comments. We address the reviewer's comments/concerns as follows. **Q1.1: The issues of label imbalance and homophily-heterophily have been effectively addressed in the past. Notably, Tang et al. [1] offered a theoretical explanation for these concerns using spectral graph analysis.** **A1.1:** In our opinion, BWGNN proposed by Tang et al. [1] aims to preserve or emphasize information from certain frequencies based on the PDF of Beta distribution, so BWGNN acts as a band-pass spectral graph filter, which has been proved effective for graph with heterophily. However, BWGNN does not specifically cater to the label imbalance challenge. There are two key reasons for this. Firstly, BWGNN use Beta wavelets as propagation matrix, which is predefined and only related to the graph Laplacian, thus the propagation matrix of BWGNN is label-agnostic. Secondly, the feature transformation matrices of BWGNN is uniformly shared across all nodes, so it is also label-agnostic. These two factors indicate that the training process of BWGNN does not explicitly account for the label imbalance inherent in certain graphs. The empirical evidence presented in Table 4 of Section 5.3 illustrates that our approach more effectively mitigates problems arising from label imbalance compared to BWGNN. This is achieved by investigating the influence distribution from neighbors on minority class nodes and tailoring the message passing process accordingly. **Q1.2：Building upon the findings of [1], this paper makes incremental enhancements in the field of fraud detection while questioning the complexity of earlier algorithms. Nonetheless, This paper does not provide comprehensive comparison of time and space complexities with previous works.** **A1.2:** We first show a detailed comparison of the time and space complexities in the following table (PC-GNN is built upon Care-GNN, and GHRN is an extension of BWGNN. They share similar complexity profiles with their respective base models), where $|E| \ll N^2$ is the number of edges, $d$ is the feature dimension and $C$ is the number of spectral filter in BWGNN. Usually, $N > |E|$, thus our model demonstrates optimal time and space complexities compared to these baselines. We have updated it in the Appendix A of the revised manuscript. | | Time Complexity | Storage Cost | | ------------ | --------------- | ------------------- | | Care-GNN | $O(Nd + \|E\|)$ | $O(Nd + N^2 + \|E\|)$ | | H2-FDetector | $O(N^2)$ | $O(Nd + N^2)$ | | BWGNN | $O(C\|E\|)$ | $O(Nd + C\|E\|)$ | | PMP (Ours) | $O(\|E\| + N)$ | $O(Nd + \|E\|)$ | Besides, we would like to explain that our PMP is not built upon the findings of BWGNN. PMP and BWGNN have different motivation, methodology, and theoretical insights. So we think BWGNN cannot hide our contributions. The main differences between PMP and BWGNN are summarized as follows: **[Motivation]** PMP is motivated by investigating the influence propagation during message passing (Section 2.2 in the updated version), which leads us to propose a fundamental principle for the successful application of GNNs in GFD: distinguishing between neighbors with different labels during the message passing. However, BWGNN is motivated by the 'right-shift' phenomenon of the spectral energy distribution, which inspires the BWGNN to define a band-pass graph filter based on beta wavelet. **[Methodology]** （1）**Label Utilization**: PMP is spatial and label-aware, using distinct weight matrices for different labels. BWGNN, a spectral model, has shared, label-agnostic parameters.(2). **Weight Matrix Design**: PMP's weight matrices are root-specific (See Section 3), tailored for each node. BWGNN uses randomly initialized weights. (3) **Unlabeled Nodes Handling**: PMP treats unlabeled nodes as a mix of benign and fraud labels (See Section 3), while BWGNN treats all nodes uniformly, regardless of their labeled or unlabeled status.

We appreciate your detailed suggestions for our work. We provide the response to your concerns point by point as follows: **Q1: It would be easier for a reader to follow if the same notation would not be used for different purposes. $h$ (page 15) - class homophily metric $h_{i}^{(l)}$ (page 3) - $l$-th layer hidden representation of $v_i$.** **A1:** Thank you for pointing out the confusion caused by the overlapping use of the notation $h$. To address this, we have revised the notation to eliminate any ambiguity. The class homophily metric previously denoted by $h$ on page 15 will now be denoted by $\eta$ throughout the paper. We have marked these changes in blue in the revised manuscript. **Q2: On page 4, equation 4: Shouldn't a small $\alpha^{(l)}\_{i}$ indicate that the model should treat unlabeled neighbors more similarly to benign nodes (instead of fraud nodes as written in the paper)?** **A2:** Thank you for pointing out the inconsistency regarding the interpretation of the parameter $\alpha^{(l)}\_{i}$ in equation 4 on page 4. Upon re-examination, we agree that there was an error in our description of how $\alpha^{(l)}\_{i}$ influences the treatment of unlabeled neighbors in our model. As you correctly noted, a small $\alpha^{(l)}\_{i}$ should indeed indicate that the model treats unlabeled neighbors more similarly to benign nodes due to the larger weight placed on $\mathbf{W}\_{\text{be}}^{(l)}$. We have corrected the text in the manuscript to accurately reflect this relationship. **Q3: On Figure 4 (page 8): Influence distribution: why GCN (and not R-GCN) was chosen as one of the methods for comparison? My understanding is that GCN cannot distinguish between diffenent relations and both Yelp and Amazon datasets include multiple relationship types. May be that is why GCN did better at T-Finance (with only one relation type)** **A3:** Thanks for your deep insights. Our aim is to provide a comprehensive comparison across a spectrum of GNNs, ranging from the most basic GCN to the more advanced and fraud-specific model, BWGNN. These methods are selected as the most representative baselines for different classes of GNNs. We agree that the Yelp and Amazon datasets contain multiple relationship types and that GCN’s inability to differentiate between these may impact its performance. In the single-relational dataset T-Finance, the disadvantages of GCN are reduced because other methods no longer have the advantage of handling multiple relations, which is a logical result. We appreciate the suggestion that including R-GCN, which is designed to handle multiple types of relationships, could provide a more direct comparison for datasets with such complexity. To address this, we have conducted additional experiments with R-GCN, which we have included in the **Appendix E.3** of the revised manuscript. From the extended experiments with R-GCN in **Appendix E.3**, we include R-GCN due to its ability to handle multiple types of relationships within a graph. R-GCN extends the GCN model to account for different types of relations in the graph. Results illustrate the influence distributions for the multi-relational Yelp and Amazon datasets. It is evident that accounting for multiple relationships results in a rightward (positive) shift in the influence distributions."				
6.059	7vVWiCrFnd__r02	Rethinking and Extending the Probabilistic Inference Capacity of GNNs	6: marginally above the acceptance threshold	2: You are willing to defend your assessment, but it is quite likely that you did not understand the central parts of the submission or that you are unfamiliar with some pieces of related work. Math/other details were not carefully checked.	partially_fixed	priority_secondary_structured	structured=partially_fixed; issue_ledger=fixed		fixed	partially_fixed	partially_fixed	fixed	fixed	partially_fixed	"[weaknesses] - Do you have any ideas for the graph classification tasks? Generally, the papers about the expressiveness power of GNNs use graph classification tasks to demonstrate the effectiveness of their methods. - Could you apply your methods on large-scale graphs?

[questions] Please refer to the weaknesses.

[summary] The paper proposes a new approach to evaluate the expressive power of graph neural networks from a probabilistic perspective instead of Weisfeiler-Lehman (WL) tests, which are generally used for evaluating the expressiveness of GNNs. By introducing the central inference problems of probabilistic graphical models (PGMs), the authors analyze GNNs. In addition, the authors design two methods (phantom nodes and phantom edges) for the expressive power."	We thank the reviewer for the constructive comments! We have revised the manuscript to address the concerns. ## Weakness 1 `Do you have any ideas for the graph classification tasks? Generally, the papers about the expressiveness power of GNNs use graph classification tasks to demonstrate the effectiveness of their methods.` The inference of MRFs naturally results in node and edge marginals, which corresponds to node classification and link prediction tasks. To discuss graph-level expressive power from a probabilistic perspective, we need to first extend the MRFs to model the distribution of the whole graph. This can be done by adding an invented node that's connected to the rest of the nodes in the graph. For example, given a graph $G$, we manually add a node $v_0$ to the graph and connect it to the rest of the nodes. Suppose the graph classification task is modeled by $p(z_{v_0}~|~X)$, and GNNs compute the graph representation by aggregating all node representations. Then the results in Section 4.2.1 still holds for connected graphs. The proof is as follows. Recall that the two 1-WL variants with aggregation $c^{t+1}_u=hash(c^t_u,\{c^t_v ~ | ~ v\in N(u)\})$ and $c^{t+1}_u=hash(...	"We thank the reviewer for the constructive comments! We have revised the manuscript to address the concerns. ## Weakness 1 `Do you have any ideas for the graph classification tasks? Generally, the papers about the expressiveness power of GNNs use graph classification tasks to demonstrate the effectiveness of their methods.` The inference of MRFs naturally results in node and edge marginals, which corresponds to node classification and link prediction tasks. To discuss graph-level expressive power from a probabilistic perspective, we need to first extend the MRFs to model the distribution of the whole graph. This can be done by adding an invented node that's connected to the rest of the nodes in the graph. For example, given a graph $G$, we manually add a node $v_0$ to the graph and connect it to the rest of the nodes. Suppose the graph classification task is modeled by $p(z_{v_0}~|~X)$, and GNNs compute the graph representation by aggregating all node representations. Then the results in Section 4.2.1 still holds for connected graphs. The proof is as follows. Recall that the two 1-WL variants with aggregation $c^{t+1}_u=hash(c^t_u,\{c^t_v ~ | ~ v\in N(u)\})$ and $c^{t+1}_u=hash(c^t_u,\{c^t_v ~ | ~ v\in N(u)\},\{c^t_v ~ | ~ v\notin N(u)\})$ share the same expressiveness for connected graphs. Thus by adding a node $v_0$ connecting to all nodes in $G$ does not influence the expressiveness of MPNNs (messages over $v_0$ can be seen as the aggregation of all nodes). Therefore, the representation of $v_0$ shares the same discriminative power with the aggregation of all nodes in $G$. Therefore, we have: a GNN variant can capture $k$-order MRFs in node level $\Rightarrow$ a GNN variant can capture MPNNs with $k$-order phantom nodes in node level $\Rightarrow$ a GNN variant can capture MPNNs with $k$-order phantom nodes in graph level by aggregating all nodes $\Rightarrow$ a GNN variant can capture $k$-order MRFs in graph level when the graph is connected. ## Weakness 2 `Could you apply your methods on large-scale graphs?` By restricting the maximum order of cliques to be $k$ a fixed value, our methods can apply on large-scale graphs. We are trying our best to perform additional experiments on real-world datasets and the LDPC dataset, and will update the manuscript once we finished the experiments. We have conducted experiments on DBLP dataset, and the results are as follows. | GCN | GCN+PN | GraphSage | GraphSage+PN | |:--------| :---------:|:---------:|:---------:| | 76.60 | 84.43 | 73.81 | 83.67 | | GAT | SPN-GAT | GAT+PN | GCNII | SPN-GCNII | GCNII+PN | |:---------:|:---------:|:---------:|:---------:|:---------:|:---------:| | 79.16 | 84.84 | 86.34 | 81.79 | 83.57 | 85.08 |

We thank the reviewer for the constructive comments! We have revised the manuscript to address the concerns. ## Questions 1 `For link prediction tasks, how is the experiments done?` The experimental setup follows [1]. For all datasets, at training time the message passing links are equal to the supervision links, while at test and validation time, disjoint sets of links are held out for supervision that are never seen at training time. We randomly generate 70-10-20 percent train-val-test splits. `Why don't choose metric of link prediction to be HITS@10 like in the BUDDY paper.` To make the experiments more challenging we choose H@10 as our metrics. If we set the metrics to be H@100 we can see that the results are much close: | | Cora | Citeseer | |:--------| :---------:|--------:| | GCN | 0.853 | 0.892 | | GCN+PE | 0.883 | 0.907 | | GCNII | 0.868 | 0.911 | | GCNII + PE | 0.872 | 0.932 | | ELPH | 0.877 | 0.934 | | BUDDY | 0.880 | 0.929 | `Also, why not include other baselines in the BUDDY paper, especially the GNN ones? Also, maybe lack of other experiments on large link prediction datsets` We are sorry we did not test all baselines and did not conduct experiments on other datasets. Since this work mainly focus on theoretically analyse the probabilistic inference capacity of GNNs, our prior target is to ensure the theoretical results in this paper sound and clear. Nevertheless, we will keep trying our best to enhance the experiment sections in this manuscript. ## Questions 2 `For node classification task, why not choose traditional homogeneous datasets and heterogeneous datasets like previous works.` For node classification task we follow the setting in [2]. The PPI datasets in [2] have 121 distinct labels thus suit node property prediction tasks well, and have been shown to benefit well from PGMs. Therefore, we choose them for node classification tasks. `How will phantom nodes have impact when meeting graphs with different heterophily?` The phantom nodes play as ensemble for cliques, enabling MPNNs to directly model closely connected nodes as an ensemble. The influence is especially significant when the input graphs are made up of several closely connected clusters. `Also, why For GCNII it hardly work better than SPN?` We hypothesis three reasoning why our method hardly works better than SPN for GCNII. 1. SPN uses a node GNN to model node potentials and an edge GNN to model edge potentials. This framework might better aligns with the natural behavior of molecules. 2. We tried our best but we couldn't reproduce the results of baseline GNNs in [2]. Therefore although our methods can consistently improve the performance of GNNs, for some tasks it might not be better than SPN. 3. Better expressive power might not always lead to better empirical performance[3]. Our framework focuses on theoretically improving the expressiveness of GNNs, rather than designing an empirically effective GNN architecture. We only apply the most simple and intuitive design. ## Questions 3 `What's the complexity of GNNs with phantom nodes or phantom edges, for node classification and link prediction, respectively?` We have added discussions of complexity in Appendix C. Please refer to the paragraphs ""Algorithm complexities"" in Appendix C (colored blue) for detailed discussion. ## Weakness We are trying our best to perform additional experiments on real-world datasets and the LDPC dataset, and will update the manuscript once we finished the experiments. We did not include all GNN variants in the analysis because our methods focus on node classification and link prediction methods and aim to improve the expressiveness of MPNNs. Thus we mainly considers comparisons with MPNNs and other methods in the PGM-GNN literature. For hyperparameters, for node classification tasks we select the same hyperparameters in [1],[2] for fair comparision. When applying our phantom nodes / edges methods we keep the hyperparameters (learning rate, hidden dimension, etc.) unchanged. For link prediction tasks the hyperparameters are selected by performing search on validation data. Similarly, once we have chosen the hyperparameters of baseline MPNNs, we use the same hyperparameters for our PE-enhanced methods. We have conducted additional experiments on DBLP datasets in [2]. The results are as follows. | GCN | GCN+PN | GraphSage | GraphSage+PN | |:--------| :---------:|:---------:|:---------:| | 76.60 | 84.43 | 73.81 | 83.67 | | GAT | SPN-GAT | GAT+PN | GCNII | SPN-GCNII | GCNII+PN | |:---------:|:---------:|:---------:|:---------:|:---------:|:---------:| | 79.16 | 84.84 | 86.34 | 81.79 | 83.57 | 85.08 | [1] Chamberlain et al. Graph Neural Networks for Link Prediction with Subgraph Sketching. ICLR 2023. [2] Qu et al. NEURAL STRUCTURED PREDICTION FOR INDUCTIVE NODE CLASSIFICATION. ICLR 2022. [3] Morris et al. Weisfeiler and Leman Go Neural: Higher-order Graph Neural Networks. AAAI 2019.

We thank the reviewer for the constructive comments! We have revised the manuscript to address the concerns. We are sorry for the late response. ## Question 1 `In 3.1, while lemma 1 is straight-forward, I do not fully understand why the authors mention “in graph machine learning fields each instance corresponds to different graphs with possibly different structures”, as the paper does not address the case of graph classification? And what does “instance” present?` Our description follows the setting in [1] (Section 3), where each instance refers to a graph. The aim of this sentence is to point out the different assumptions in PGMs and graph machine learning. Traditionally, each individual instance in a graphical model shares the same conditional independence structure, that is, if $G_1$ and $G_2$ are two instances, $G_1$ and $G_2$ must share the same structure. However, in graph machine learning fields things are different. For example, the graphs for training and test often have different structures. In this case we say each instance has distinct structure. Therefore, we propose lemma1 to address the difference between traditional PGMs and the assumptions in graph machine learning. ## Question 2 `What is the complexity of the proposed method, and are there any ways to scale it to large graphs?` We have added discussion of the complexity in Appendix C. To summarize, in worst cases where the graphs are dense (suppose $N$ nodes and $O(N^2)$ edges), $k$-order PE takes $O(N^k)$ space and $O(kN^k)$ time ($k$-GNNs take $O(kN^{k+1}) time). For sparse graphs the major complexity comes from finding cliques. It's hard to theoretically estimate the complexity of finding cliques in sparse graphs, but many works (eg. [2]) have shown that there are empirically efficient algorithms for finding k-cliques, e.g. [2] can find cliques with order less than 10 in graphs with 68K nodes in seconds. ## Weakness 1 `Defining the discriminative power of potential function by WL test appears to be a somewhat contrived setup, whereby the problem still boils down to graph isomorphism. I am not sure how practically relevant this setting is, and whether it is truly “fundamentally different” with works on WL tests. A more comprehensive discussion about the connection may mitigate the issue.` The key point of our theory is to discuss whether various GNN models can capture the variational inference of PGMs, including: 1. Whether GNNs can simulate local extrema of Bethe approximation. 2. What distribution can GNNs capture. To answer the problem 2 we propose concept of permutation-invariant PGMs, which is described by a permutation-invariant function $\mathcal{A}$ introduced in section 3.1. Therefore, it's **necessary** to restrict the expressive power of $\mathcal{A}$: for example if $\mathcal{A}$ output different potential functions for all pairs of non-isomorphic graphs, no GNNs can capture it. Since it's necessary to restrict the expressive power of $\mathcal{A}$, we choose two metrics: the order of $\mathcal{A}$ and the most common k-WL tests for restricting the expressive power. However, the WL tests play different roles in our and previous works. Previous works focus on the relation between GNNs and WL tests, while in our work WL tests in fact only serve as a restriction of the space of the joint distribution. Thus we believe our perspective is fundamentally different with previous works. In fact, many works such as [1] simply assumed PGMs as $p(X,Z)=\frac{1}{Z}\prod_{i}\Phi(x_i,z_i)\prod_{(i,j)\in\mathcal{E}}\Psi(z_i,z_j)$ where the potential functions are exactly the same for different nodes and edges, thus they are special situations of our assumptions. In other words, if it's valuable to discuss whether GNNs can capture local extrema of the above PGMs, so is our work. ## Weakness 2 `Following the above point, the analysis does not take into account node features, whereas in many PGMs node and clique potentials are functions on node features. This further stresses the point that the setup might deviate from practice.` In our initial settings we believe regarding node features as observed random variables would provide a clear theoretical framework. Still, our results still hold when node and clique potentials are functions on node features. Recall that in Section 3.1 we introduce the permutation-invariant function $\mathcal{A}$ that describes PGMs, where $\mathcal{A}$ is a function on cliques and adjacency matrices $\mathcal{A}(C,\mathbf{A})$. If we let $\mathcal{A}$ further be a function on node features, i.e. $\mathcal{A}(C,G)$ where $G=(\mathbf{A},\mathbf{X})$ and $\mathbf{X}$ is the node feature matrix, the results still hold because GNN layers are also functions on $G$. Therefore, our results also hold when node and clique potentials are functions on node features."	"We thank the reviewer for the constructive comments! We have revised the manuscript to address the concerns. ## Weakness 1 `The first paragraph is problematic. “implicitly assume that node representations learnt by GNNs are independent conditioned on node features and edges, thereby ignoring the joint dependency among nodes...” does not represent the related works accurately. These works do not ignore dependency among the nodes, which is captured via multiple rounds of message passing similar to loopy belief propagation. I find the first paragraph could be phrased in a different way to make the distinctions accurate.` Thanks for pointing them out. We have rewrited the sentence to make the presentation more accurate. ## Weakness 2 `The introduction of phantom nodes and edges is not a novel development and closely resembles the other methods like CIN. However, the problem of inefficiency remains in such methods i.e. the computational complexity of finding maximal cliques which can be used for phantom nodes to guarantee the inferential capacity.` The introduction of phantom nodes does share spirits with CIN, that is to capture cliques in the graphs. We agree that finding cliques might be computational complex and this problem of inefficiency remains in our methods. But our method is more efficient than CIN: even if we only preserve the clique complex in CIN, CIN(CWL) needs to pass messages: - from nodes to nodes - between higher-order cliques and lower-order cliques (lower adjacent and higher adjacent) - between cliques of the same order (co-boundary cells) - between cliques and nodes (boundary cells) Our method, although share the same spirits, in fact point out the necessary component to capture higher-order dependencies and show that by adding messages between cliques and nodes in the cliques we can already extend MPNNs to capture higher-order PGMs without re-designing the WL scheme. We believe that the phantom edges are not similar to other methods like CIN. We focus on the link prediction scenarios, while CIN focuses on graph classification. ## Weakness 3 `Certain related works are missing in the paper. Recent works on Factor Graph Neural Networks (FGNN) [1] are highly related works in establishing connections between PGMs and GNNs. A small discussion on the relevance would be pertinent.` We are sorry that we did not discuss recent works that combine PGMs and GNNs. We have added a paragraph in Appendix A (colored blue) to discuss these related works in the revised manuscript. ## Weakness 4 `The experimental section could be more elaborate to study the effectiveness of GNNs in learning higher-order distributions. For example, comparison with Zhen et al. (2023) on inference of higher-order LDPC codes.` We are trying our best to perform additional experiments on more real-world datasets and the LDPC dataset, and will update the manuscript once we finished the experiments.

We thank the reviewer for the constructive comments! We have revised the manuscript to address the concerns. We are sorry for the late response. ## Question 1 `In 3.1, while lemma 1 is straight-forward, I do not fully understand why the authors mention “in graph machine learning fields each instance corresponds to different graphs with possibly different structures”, as the paper does not address the case of graph classification? And what does “instance” present?` Our description follows the setting in [1] (Section 3), where each instance refers to a graph. The aim of this sentence is to point out the different assumptions in PGMs and graph machine learning. Traditionally, each individual instance in a graphical model shares the same conditional independence structure, that is, if $G_1$ and $G_2$ are two instances, $G_1$ and $G_2$ must share the same structure. However, in graph machine learning fields things are different. For example, the graphs for training and test often have different structures. In this case we say each instance has distinct structure. Therefore, we propose lemma1 to address the difference between traditional PGMs and the assumptions in graph machine learning. ## Question 2 `What is the complexity of the proposed method, and are there any ways to scale it to large graphs?` We have added discussion of the complexity in Appendix C. To summarize, in worst cases where the graphs are dense (suppose $N$ nodes and $O(N^2)$ edges), $k$-order PE takes $O(N^k)$ space and $O(kN^k)$ time ($k$-GNNs take $O(kN^{k+1}) time). For sparse graphs the major complexity comes from finding cliques. It's hard to theoretically estimate the complexity of finding cliques in sparse graphs, but many works (eg. [2]) have shown that there are empirically efficient algorithms for finding k-cliques, e.g. [2] can find cliques with order less than 10 in graphs with 68K nodes in seconds. ## Weakness 1 `Defining the discriminative power of potential function by WL test appears to be a somewhat contrived setup, whereby the problem still boils down to graph isomorphism. I am not sure how practically relevant this setting is, and whether it is truly “fundamentally different” with works on WL tests. A more comprehensive discussion about the connection may mitigate the issue.` The key point of our theory is to discuss whether various GNN models can capture the variational inference of PGMs, including: 1. Whether GNNs can simulate local extrema of Bethe approximation. 2. What distribution can GNNs capture. To answer the problem 2 we propose concept of permutation-invariant PGMs, which is described by a permutation-invariant function $\mathcal{A}$ introduced in section 3.1. Therefore, it's **necessary** to restrict the expressive power of $\mathcal{A}$: for example if $\mathcal{A}$ output different potential functions for all pairs of non-isomorphic graphs, no GNNs can capture it. Since it's necessary to restrict the expressive power of $\mathcal{A}$, we choose two metrics: the order of $\mathcal{A}$ and the most common k-WL tests for restricting the expressive power. However, the WL tests play different roles in our and previous works. Previous works focus on the relation between GNNs and WL tests, while in our work WL tests in fact only serve as a restriction of the space of the joint distribution. Thus we believe our perspective is fundamentally different with previous works. In fact, many works such as [1] simply assumed PGMs as $p(X,Z)=\frac{1}{Z}\prod_{i}\Phi(x_i,z_i)\prod_{(i,j)\in\mathcal{E}}\Psi(z_i,z_j)$ where the potential functions are exactly the same for different nodes and edges, thus they are special situations of our assumptions. In other words, if it's valuable to discuss whether GNNs can capture local extrema of the above PGMs, so is our work. ## Weakness 2 `Following the above point, the analysis does not take into account node features, whereas in many PGMs node and clique potentials are functions on node features. This further stresses the point that the setup might deviate from practice.` In our initial settings we believe regarding node features as observed random variables would provide a clear theoretical framework. Still, our results still hold when node and clique potentials are functions on node features. Recall that in Section 3.1 we introduce the permutation-invariant function $\mathcal{A}$ that describes PGMs, where $\mathcal{A}$ is a function on cliques and adjacency matrices $\mathcal{A}(C,\mathbf{A})$. If we let $\mathcal{A}$ further be a function on node features, i.e. $\mathcal{A}(C,G)$ where $G=(\mathbf{A},\mathbf{X})$ and $\mathbf{X}$ is the node feature matrix, the results still hold because GNN layers are also functions on $G$. Therefore, our results also hold when node and clique potentials are functions on node features.

We thank the reviewer for the constructive comments! We have revised the manuscript to address the concerns. ## Questions 1 `For link prediction tasks, how is the experiments done?` The experimental setup follows [1]. For all datasets, at training time the message passing links are equal to the supervision links, while at test and validation time, disjoint sets of links are held out for supervision that are never seen at training time. We randomly generate 70-10-20 percent train-val-test splits. `Why don't choose metric of link prediction to be HITS@10 like in the BUDDY paper.` To make the experiments more challenging we choose H@10 as our metrics. If we set the metrics to be H@100 we can see that the results are much close: | | Cora | Citeseer | |:--------| :---------:|--------:| | GCN | 0.853 | 0.892 | | GCN+PE | 0.883 | 0.907 | | GCNII | 0.868 | 0.911 | | GCNII + PE | 0.872 | 0.932 | | ELPH | 0.877 | 0.934 | | BUDDY | 0.880 | 0.929 | `Also, why not include other baselines in the BUDDY paper, especially the GNN ones? Also, maybe lack of other experiments on large link prediction datsets` We are sorry we did not test all baselines and did not conduct experiments on other datasets. Since this work mainly focus on theoretically analyse the probabilistic inference capacity of GNNs, our prior target is to ensure the theoretical results in this paper sound and clear. Nevertheless, we will keep trying our best to enhance the experiment sections in this manuscript. ## Questions 2 `For node classification task, why not choose traditional homogeneous datasets and heterogeneous datasets like previous works.` For node classification task we follow the setting in [2]. The PPI datasets in [2] have 121 distinct labels thus suit node property prediction tasks well, and have been shown to benefit well from PGMs. Therefore, we choose them for node classification tasks. `How will phantom nodes have impact when meeting graphs with different heterophily?` The phantom nodes play as ensemble for cliques, enabling MPNNs to directly model closely connected nodes as an ensemble. The influence is especially significant when the input graphs are made up of several closely connected clusters. `Also, why For GCNII it hardly work better than SPN?` We hypothesis three reasoning why our method hardly works better than SPN for GCNII. 1. SPN uses a node GNN to model node potentials and an edge GNN to model edge potentials. This framework might better aligns with the natural behavior of molecules. 2. We tried our best but we couldn't reproduce the results of baseline GNNs in [2]. Therefore although our methods can consistently improve the performance of GNNs, for some tasks it might not be better than SPN. 3. Better expressive power might not always lead to better empirical performance[3]. Our framework focuses on theoretically improving the expressiveness of GNNs, rather than designing an empirically effective GNN architecture. We only apply the most simple and intuitive design. ## Questions 3 `What's the complexity of GNNs with phantom nodes or phantom edges, for node classification and link prediction, respectively?` We have added discussions of complexity in Appendix C. Please refer to the paragraphs ""Algorithm complexities"" in Appendix C (colored blue) for detailed discussion. ## Weakness We are trying our best to perform additional experiments on real-world datasets and the LDPC dataset, and will update the manuscript once we finished the experiments. We did not include all GNN variants in the analysis because our methods focus on node classification and link prediction methods and aim to improve the expressiveness of MPNNs. Thus we mainly considers comparisons with MPNNs and other methods in the PGM-GNN literature. For hyperparameters, for node classification tasks we select the same hyperparameters in [1],[2] for fair comparision. When applying our phantom nodes / edges methods we keep the hyperparameters (learning rate, hidden dimension, etc.) unchanged. For link prediction tasks the hyperparameters are selected by performing search on validation data. Similarly, once we have chosen the hyperparameters of baseline MPNNs, we use the same hyperparameters for our PE-enhanced methods. We have conducted additional experiments on DBLP datasets in [2]. The results are as follows. | GCN | GCN+PN | GraphSage | GraphSage+PN | |:--------| :---------:|:---------:|:---------:| | 76.60 | 84.43 | 73.81 | 83.67 | | GAT | SPN-GAT | GAT+PN | GCNII | SPN-GCNII | GCNII+PN | |:---------:|:---------:|:---------:|:---------:|:---------:|:---------:| | 79.16 | 84.84 | 86.34 | 81.79 | 83.57 | 85.08 | [1] Chamberlain et al. Graph Neural Networks for Link Prediction with Subgraph Sketching. ICLR 2023. [2] Qu et al. NEURAL STRUCTURED PREDICTION FOR INDUCTIVE NODE CLASSIFICATION. ICLR 2022. [3] Morris et al. Weisfeiler and Leman Go Neural: Higher-order Graph Neural Networks. AAAI 2019."				
6.200	AyXIDfvYg8__r02	Symmetric Neural-Collapse Representations with Supervised Contrastive Loss: The Impact of ReLU and Batching	5: marginally below the acceptance threshold	3: You are fairly confident in your assessment. It is possible that you did not understand some parts of the submission or that you are unfamiliar with some pieces of related work. Math/other details were not carefully checked.	fixed	priority_secondary_structured	structured=fixed; issue_ledger=unresolved		regressed	fixed	fixed	fixed	unresolved	fixed	"[weaknesses] Main issue - While the stated objective of the paper, i,e, embeddings that satisfy NC & OF properties, is clear, it not at all clear that it is a justified goal. For example, consider the simple case of binary classification. The optimal solution without ReLU will map two classes to some anti-parallel vectors $u$ and $v = -u$. This means that the hidden representations for one class will have the maximum degree of separation $\| u - v\| = 2$. Now, if we pass them through ReLU, forcing them to be element-wise positive, the solutions will be instead some $u$ and $v$ such that $u^\top v = 0$. Thus, the their mean-class distance will be $\| u - v\| = \sqrt{2}.$ Without any formalities, what doesn't seem to be a benefit in terms of distance, doesn't seem to be a good approach for generalization either. Even if we make the two classes here very unbalanced, still the anti-parallel geometry seems to be better than the orthogonal approach. Since the authors do not make any formal/theoretical comments on this topic, the only relevant evidence they provide in this direction is Table 1 test accuracy results. Because of the aforementioned reasons, I consider the results of table 1 to be particularly surprising. Thus, if the the main evidence to support utility of the approach is empirical, I would like much more substantive experiments. Some elaborate explanations or at least speculative comments by the authors will also go a long way to explain the benefits of the orthogonal mean-classes. - My second main issue is about the novelty and significance of the contributions. The theory, while stated clean and clearly, is rather thin. The main theorems are not very surprising, and are rather straightforward. As elaborated in the questions section, If I'm not mistaken, similar results can be replicated for the cross-entropy loss in a similar straightforward fashion. On the empirical front, while the results are definitely interesting (notably Table 1), they are not comprehensive to solidify that point. For example, if this approach has any benefits for improving test accuracy, there should be much broader experiments, covering different model architectures, datasets, and most importantly, competing methods, that deal with unbalanced classes. I am not advocating here for state-of-the-art performance. However, it is important to see the empirical results in the context of prior/similar work, so that the reader may assess the empirical benefits for themselves. That said, I am open to reconsidering my views (both on theory and empirical contributions) upon hearing authors responses. Minor issues: - I think there is a slightly overuse of abbreviations in this paper which make it slightly hard to read. For example, I had to go back several times to read what ETF is, or other notations. If possible, please keep the shorthands to a minimum. - There is a small discrepancy between eq(1) and eq(2) in the presence of (1+ ... ) within the logarithm and the summation is over $\ell\neq i, j$ while another is over $\ell \neq i$. Perhaps authors can comment on this? - In Figures 2 & 5 axes are not clearly defined, eg. caption can say x-axis ... y-axis ...

[questions] While the authors present the ideas for symmetrising non-balanced the contrastive loss, to me it seems like the cross-entropy loss will benefit from the same approach. For example, consider the CE loss for $c$-class classification for the full batch is given by: $$\mathcal{L} =\sum_{i=1}^n\log\left( \frac{\exp(h_i^\top w_{y_i} ) }{\sum_k^c \exp(h_i^\top w_k)}\right)$$ It is rather trivial to see that if we pass the last hidden layer through ReLU, since that elementwise condition $h_i\ge 0$ ensures that $w_k$'s are also positive, and the resulting inner products $h_i^\top w_i$ will be always non-negative, and the global optimum is achieved when neural collapse and orthognal frames are achieved. For example, if the hidden dimension is larger than number of classes $h,w_k\in R^d, d\ge c,$ then we can set $w_1,\dots, w_c$ to the standard basis $w_k := e_k$ and collapse hidden layers onto the corresponding vectors $h_i := e_{y_i}.$ Therefore, my questions are: - Do authors agree with my reasoning? Please correct me if my reasoning above is flawed. - If yes, why have authors left out cross entropy in their analysis, given that it's leading to the same result as the contrastive loss results? - Is there any pros/cons if we compare symmetrized CE loss, and contrastive loss, both by passing hidden layer through ReLU?

[summary] ## Background summary This paper focus on the issue of neural collapse (NC), when hidden features of sample class collapse into one another, and orthogonal framing (OF), when the mean vectors of hidden representation of each class, are orthogonal to one another. For the theoretical framework, the paper chooses the unconstrained features model (UFM), where the loss is minmized over the classification layer and last hidden layers, unconstrained from the other model parameters. - *UFM with cross entropy loss:* we have $\min_{w_c,h_i\in R^d}\mathcal{L}_{CE}(\\{w_c\\}, \\{h_i\\})$ - *UFM with supervised contrastive loss (SCL)* for full batch (for mini-batch, it is over $i\in [n]$): $\min_{h_i\in R^d} \sum_{i\in B} \frac{1}{n_{B,y_i} - 1} \sum_{j\in B, y_i=y_j, i\neq j} \log\left(1 + \sum_{\ell\neq i, j} \exp(h_i^\top h_\ell - h_i^\top h_j)\right)$ - *Symmetrical solutions under balanced classes.* Intuitively, when classes are balanced (same number of samples per class) both cross entropy & contrastive loss, repel the samples from seperate classes, while absorb the class within one class. This has the effect of the finding the geometry that is symemtric w.r.t. to the class identity, resulting in a equiangular tight frame (ETF). This attraction/repulsion can be seen in the logits $\sum_{\ell\neq i} \exp(h_i^\top h_\ell)$ - *Non-symmetrical solutions when classes are not balanced* When the classes are not balanced, the symmetry between class will be broken. For example, if one class completely dominates the training set, both cross-entropy and contrastive loss will lead to solutions, where the majority class is almost anti-parallel to other class means. ## Main contribution: symmetric solutions by passing last hidden layer through ReLU The main contribution of the paper is showing that if the spectral loss is optimised over the space of all-positive hidden layers, namely by passing it through a ReLU activation, denoted as UFM_+, the UFM leads to symmetrical solutions, i.e., NC & OF properties are held again. - Thm1 proves that for the full batch contrastive loss, if we additionally pass the hidden layers through a ReLU, ie, optimize last hidden layers over elementwise positive vectors $h_i\ge 0$, global minima is achieved when for all $i,j \in [n]$ we have $h_i^\top h_j = 1(i=j)$. - Thm2. proves a similar property for mini-batch contrastive loss, where the collapse and orthogonality property hold within each batch (for samples within each batch $B\in\mathcal{B}$ and pair within batch $i,j\in B$, we have $ h_i^\top h_j = 1(i = j)$. - Cor 2.1: shows a batching propery that if held, the neural collapse and orthgonal frame property hold across the full batch, which can be explained as 3 conditions: 1) every batch has a sample from each class 2) The batch connectivity graph is connected (nodes $u$ are samples $u\in [n]$, edges represent $u$ and $v$ appeared in the same batch $u,v\in B$) 3) The sub-graphs corresponding to each class are also connected - The paper validates the theories on various ResNet architectures. The experiments show two variations of unbalanced datasts (step and long-tailed) which seem to show that the proposed approach (passing last layer throgh ReLU) does indeed lead to symmetric solutions. The experiments also include a result (Table 1) that shows the proposed approach leads to a higher test accuracy."	We thank you for their detailed review and questions. We are pleased to see your recognition of our efforts in presentation. Please find our detailed response below, in addition to the comments in the global response. **For example, consider the simple case of binary classification...**: Thank you for prompting this discussion. The statement regarding antipodal features for binary SCL without ReLU is exactly correct. In fact, this holds in general for balanced multi-class setup as well: When the dataset is balanced Graf et al. (2020) shows that the embedding geometry will form an ETF in the absence of ReLU. In an ETF geometry, we have $\frac{\mu_c^\top\mu_{c'}}{\|\mu_c\|\|\mu_{c'}\|}=\frac{-1}{k-1}$ for the mean-embeddings of any two classes. As opposed to OF where $\frac{\mu_c^\top\mu_{c'}}{\|\mu_c\|\|\mu_{c'}\|}=0$. Therefore, for ETF, $\|\mu_c-\mu_{c'}\|^2 = \frac{2k}{\tau(k-1)}$ and in the case of OF $\|\mu_c-\mu_{c'}\|^2 = \frac{2}{\tau}$. $\tau$ is the temperature of the SCL loss. While the distance in the ETF geometry is larger for a fixed temperature parameter, we note that by simply scaling the temperature parameter $\tau$ by $\frac{k-1}{k}$, we can achieve an equivalen...	"We thank you for their detailed review and questions. We are pleased to see your recognition of our efforts in presentation. Please find our detailed response below, in addition to the comments in the global response. **For example, consider the simple case of binary classification...**: Thank you for prompting this discussion. The statement regarding antipodal features for binary SCL without ReLU is exactly correct. In fact, this holds in general for balanced multi-class setup as well: When the dataset is balanced Graf et al. (2020) shows that the embedding geometry will form an ETF in the absence of ReLU. In an ETF geometry, we have $\frac{\mu_c^\top\mu_{c'}}{\|\mu_c\|\|\mu_{c'}\|}=\frac{-1}{k-1}$ for the mean-embeddings of any two classes. As opposed to OF where $\frac{\mu_c^\top\mu_{c'}}{\|\mu_c\|\|\mu_{c'}\|}=0$. Therefore, for ETF, $\|\mu_c-\mu_{c'}\|^2 = \frac{2k}{\tau(k-1)}$ and in the case of OF $\|\mu_c-\mu_{c'}\|^2 = \frac{2}{\tau}$. $\tau$ is the temperature of the SCL loss. While the distance in the ETF geometry is larger for a fixed temperature parameter, we note that by simply scaling the temperature parameter $\tau$ by $\frac{k-1}{k}$, we can achieve an equivalent absolute distance in the learned geometry in the presence of ReLU. Thus, in terms of this measure, the addition of ReLU does not compromise the trained model. On the contrary, as shown in Fig. 1, in the imbalanced setup, without ReLU, the minority classes are drawn closer to each other, yielding a reduced absolute distance between classes. The introduction of ReLU, however, maintains an equal pairwise distance between classes. Hence, in terms of this measure, the addition of ReLU is in fact helpful. Finally, as noted in Section D.1.2, centering the OF by $\frac{1}{k}\sum_c\mu_c$ results in an ETF. So, in summary, the geometries learned in balanced or binary scenarios, with or without ReLU, can be considered equivalent, accounting for a shift and scaling. **Novelty and significance** Thank you for appreciating the originality of our work and ideas. We believe that solving for the global minimizer feature-classifier configuration with the SCL loss under is non-trivial and novel. We elaborate below: 1. Symmetric feature geometry: the first surprising observation that we support with theory is the fact that ReLU symmetrizes the feature geometry regardless of imbalances. To the best of our knowledge, such an outcome is unique to the SCL and stands out from several prior works considering class imbalance in CE and other losses. For e.g., Thrampoulidis et al. (2022), Fang et al. (2021) discuss that the feature and classifier geometry depends critically on the imbalance. We further identify the appropriate theoretical model for the observation, and solve for the exact geometry of the global optimizers and the optimal value of the loss function. 2. Batching matters: the first study of global optimizers of the SCL, Graf et al. (2020) only considers the setting of balanced data. In their words, the theoretical analysis is based on “a combinatorial argument which hinges on the balanced class assumption”. The analysis therein requires the specific batching case of all combinations of examples in the dataset of a given batch-size. On the other hand, our mini-batch analysis is applicable to arbitrary batching schemes. We discover the batching conditions under which a unique minimizer geometry exists- this condition allows for a large class of batching schemes, and includes the specific case of Graf et al. (2020) as a special case. We leverage our theoretical results to concretely explain geometry observations made in DNN experiments as a function of batching schemes. We discuss the question of possible extension to CE below, within the response to the specific question. Minor issues **overuse of abbreviations:** Thanks for the feedback. We have added a table defining all the important abbreviations used in the paper in one place at the beginning of the appendix. **eq(1) and eq(2):** Eq (1) and (2) are equivalent, in terms of the loss function. The apparent difference is only in presentation, in that in Eq (2), the sum over $l$ includes $j$, so that when $l = j$, the innermost exponential term becomes $\exp(\mathbf{h}_i^\top\mathbf{h}_l - \mathbf{h}_i^\top\mathbf{h}_j) = \exp(0) = 1$. ******** Continued below *********

We appreciate the reviewers for their positive and constructive feedback, as well as their detailed reviews. Their recognition of the surprising nature and originality of our findings (PL8u, BEvk, q7qd, ScWC), the solid theoretical analysis supporting our experiments (q7qd, ScWC), and the thorough discussion of related work (PL8u) is encouraging. We also thank them for noting the clarity and good organization of our paper (PL8u, BEvk, ScWC). We are particularly pleased that all reviewers acknowledge the surprising nature of our finding, demonstrating that the simple introduction of a minor architectural modification, such as the incorporation of ReLU at the last layer, results in a consistent geometry despite label imbalance (STEP/LT and imbalance ratio R). In response, we would like to address two specific points: (i) highlighting an additional distinctive feature of our result and (ii) providing a discussion on our interpretation of these findings. (i) The quality of convergence to the common geometry (OF) is consistently impressive, even for large imbalance ratios (R) and LT distributions. Notably, this convergence quality is further enhanced when implementing the proposed batch-binding scheme, especially evident in more complex datasets. We find the robust convergence quality as surprising as the convergence of geometries to a common structure (OF). To underscore this point, we remark that the convergence quality is far inferior for the cross-entropy (CE) loss under imbalances (e.g. see Thrampoulidis et al. (2022)). The high-quality convergence emphasizes the practical relevance of our neural-collapse geometry characterizations. (ii)We interpret the discovery of a simple and cross-situationally invariant structural property in complex deep learning models trained on complicated datasets as a step towards unraveling their underlying mechanisms, moving beyond the conventional perception of these models as black boxes. This perspective aligns with the seminal work on neural collapse of cross-entropy loss and balanced data by Papyan et al. (2020), and the subsequent extensive body of literature as cited in our submission. At the same time, our approach offers a rather unique perspective in the following manner: Acknowledging an inherent challenge on the task of unveiling the black-box nature of deep representations’ geometries of SCL (in its standard use), we identify the inclusion of ReLUs at the last layer as a minor network modification that significantly easens the task. Importantly, this comes without compromising test accuracy. This is revealed by Table 1 and extensive additional evaluations in Table 2 in the appendix. As a matter of fact, in specific instances such as CIFAR100-LT, the inclusion of ReLU even leads to an improvement in balanced accuracy. Our revised manuscript incorporates additional results showcasing more substantial enhancements, particularly in terms of worst-class accuracy. It might be tempting to attribute these (small) improvements in accuracy to the fact that OF geometry avoids the minority collapse that would otherwise occur (see Fig.1 for evidence of this being the case without ReLU). However, given the lack of any substantial and formal evidence (in the broader literature) of such a causal relationship between geometry of trained embeddings and accuracy, our submission refrains from making such a statement. Instead, we highlight that our finding yields a learning framework that is at least as accurate as the original one while being easier to understand in terms of the structure of its deep representations. While it may be tempting to attribute these modest accuracy improvements to the avoidance of minority collapse inherent in the absence of ReLU (as evidenced in Fig. 1), we exercise caution. Despite the observed evidence, we refrain from making definitive claims due to the lack of substantial and formal evidence within the broader literature establishing a causal relationship between the geometry of trained embeddings and accuracy. Rather than asserting causation, we emphasize that our findings result in a learning framework that, at a minimum, matches the accuracy of the original model while offering enhanced interpretability regarding the structural aspects of its deep representations.

Thank you for your supportive comments and useful feedback. We reply to the questions below in addition to the global response: **UFM assumption:** We would like first to emphasize that our work addresses the problem for highly overparameterized models and training beyond the zero-training error. This is a setting considered in the majority of previous works on neural collapse [Mixon et al. (2020); Fang et al. (2021); Graf et al. (2021);Lu & Steinerberger (2020)]. The UFM-inspired theoretical analysis in the literature is also motivated by this overparameterization assumption. In fact, UFM assumes that overparameterized models are capable of representing any function mapping the input to the embedding space. As pointed out by the reviewer, this indeed is a strong assumption, although one that has proved to be very effective. Our findings alongside the results in a series of previous related works confirm this model's efficacy in predicting the properties of the embeddings learned at the final layer for large enough models. In other words, the high expressivity of overparameterized models makes the UFM a useful tool for identifying the global minimizer feature configuration, so that the impact of the loss function itself can be isolated from the role of the network architecture. Our work shows that the UFM remains a useful mathematical model even with the non-linear activation function of ReLU. On the optimization aspect, we believe that studying the optimization effects on the UFM has scope for future work. Our experiments provide evidence for consistent convergence towards the global minimizer (OF geometry) despite the non-convexity of the network optimization. **Empirical:** We appreciate the reviewer's recommendation regarding experiments on large-scale datasets and consider adding these experiments to the final version of the paper. Along these lines, we are excited to report new experimental findings in support of our hypothesis of OF geometry on transformer architecture. We have included additional experiments on vision transformers (see Fig.22). Based on our current observations, our hypothesis of OF geometry holds here as well, thus solidifying the claim of the generality of our results across various architectures. In summary, we would like to note that our current findings are backed up by experiments spanning various architectures and datasets, including MLP, ResNet, and DenseNet applied to MNIST, CIFAR10, CIFAR100, and TinyImageNet. Across this range of tasks, from simpler and smaller ones like MNIST (10 classes) to more complex and larger tasks like TinyImageNet (200 classes), we have not observed significant changes in the convergence behavior or the communication of our key message (see Fig 2) as long as the network and dimension of output features are large enough. The observations from all of the above experiments provides us with the confidence to believe that the core message of our paper remains largely unchanged. This is the case for both our main findings: convergence to OF and the efficacy of the new batch-binding scheme. **Missing Citation:** Thank you for pointing this out. We agree that Wang, Isola (2020) is a relevant work. It appears that not mentioning the same was an editing oversight on our part. We have included the reference and commented on the relationship. **Empirical differences:** At the moment the main empirical differences observed are the following : the test accuracies (Tab. 1) and new analysis on worst-class accuracies between with and without ReLU. We discuss this in the global response as well. We are not aware of differences in the batching aspects. In fact, the observation in Fig. 21 suggests that the batch-binding scheme is beneficial even when training without ReLU, for convergence to the final feature geometry."	"We thank you for their detailed review and questions. We are pleased to see your recognition of our efforts in presentation. Please find our detailed response below, in addition to the comments in the global response. **For example, consider the simple case of binary classification...**: Thank you for prompting this discussion. The statement regarding antipodal features for binary SCL without ReLU is exactly correct. In fact, this holds in general for balanced multi-class setup as well: When the dataset is balanced Graf et al. (2020) shows that the embedding geometry will form an ETF in the absence of ReLU. In an ETF geometry, we have $\frac{\mu_c^\top\mu_{c'}}{\|\mu_c\|\|\mu_{c'}\|}=\frac{-1}{k-1}$ for the mean-embeddings of any two classes. As opposed to OF where $\frac{\mu_c^\top\mu_{c'}}{\|\mu_c\|\|\mu_{c'}\|}=0$. Therefore, for ETF, $\|\mu_c-\mu_{c'}\|^2 = \frac{2k}{\tau(k-1)}$ and in the case of OF $\|\mu_c-\mu_{c'}\|^2 = \frac{2}{\tau}$. $\tau$ is the temperature of the SCL loss. While the distance in the ETF geometry is larger for a fixed temperature parameter, we note that by simply scaling the temperature parameter $\tau$ by $\frac{k-1}{k}$, we can achieve an equivalent absolute distance in the learned geometry in the presence of ReLU. Thus, in terms of this measure, the addition of ReLU does not compromise the trained model. On the contrary, as shown in Fig. 1, in the imbalanced setup, without ReLU, the minority classes are drawn closer to each other, yielding a reduced absolute distance between classes. The introduction of ReLU, however, maintains an equal pairwise distance between classes. Hence, in terms of this measure, the addition of ReLU is in fact helpful. Finally, as noted in Section D.1.2, centering the OF by $\frac{1}{k}\sum_c\mu_c$ results in an ETF. So, in summary, the geometries learned in balanced or binary scenarios, with or without ReLU, can be considered equivalent, accounting for a shift and scaling. **Novelty and significance** Thank you for appreciating the originality of our work and ideas. We believe that solving for the global minimizer feature-classifier configuration with the SCL loss under is non-trivial and novel. We elaborate below: 1. Symmetric feature geometry: the first surprising observation that we support with theory is the fact that ReLU symmetrizes the feature geometry regardless of imbalances. To the best of our knowledge, such an outcome is unique to the SCL and stands out from several prior works considering class imbalance in CE and other losses. For e.g., Thrampoulidis et al. (2022), Fang et al. (2021) discuss that the feature and classifier geometry depends critically on the imbalance. We further identify the appropriate theoretical model for the observation, and solve for the exact geometry of the global optimizers and the optimal value of the loss function. 2. Batching matters: the first study of global optimizers of the SCL, Graf et al. (2020) only considers the setting of balanced data. In their words, the theoretical analysis is based on “a combinatorial argument which hinges on the balanced class assumption”. The analysis therein requires the specific batching case of all combinations of examples in the dataset of a given batch-size. On the other hand, our mini-batch analysis is applicable to arbitrary batching schemes. We discover the batching conditions under which a unique minimizer geometry exists- this condition allows for a large class of batching schemes, and includes the specific case of Graf et al. (2020) as a special case. We leverage our theoretical results to concretely explain geometry observations made in DNN experiments as a function of batching schemes. We discuss the question of possible extension to CE below, within the response to the specific question. Minor issues **overuse of abbreviations:** Thanks for the feedback. We have added a table defining all the important abbreviations used in the paper in one place at the beginning of the appendix. **eq(1) and eq(2):** Eq (1) and (2) are equivalent, in terms of the loss function. The apparent difference is only in presentation, in that in Eq (2), the sum over $l$ includes $j$, so that when $l = j$, the innermost exponential term becomes $\exp(\mathbf{h}_i^\top\mathbf{h}_l - \mathbf{h}_i^\top\mathbf{h}_j) = \exp(0) = 1$. ******** Continued below *********

We appreciate the reviewers for their positive and constructive feedback, as well as their detailed reviews. Their recognition of the surprising nature and originality of our findings (PL8u, BEvk, q7qd, ScWC), the solid theoretical analysis supporting our experiments (q7qd, ScWC), and the thorough discussion of related work (PL8u) is encouraging. We also thank them for noting the clarity and good organization of our paper (PL8u, BEvk, ScWC). We are particularly pleased that all reviewers acknowledge the surprising nature of our finding, demonstrating that the simple introduction of a minor architectural modification, such as the incorporation of ReLU at the last layer, results in a consistent geometry despite label imbalance (STEP/LT and imbalance ratio R). In response, we would like to address two specific points: (i) highlighting an additional distinctive feature of our result and (ii) providing a discussion on our interpretation of these findings. (i) The quality of convergence to the common geometry (OF) is consistently impressive, even for large imbalance ratios (R) and LT distributions. Notably, this convergence quality is further enhanced when implementing the proposed batch-binding scheme, especially evident in more complex datasets. We find the robust convergence quality as surprising as the convergence of geometries to a common structure (OF). To underscore this point, we remark that the convergence quality is far inferior for the cross-entropy (CE) loss under imbalances (e.g. see Thrampoulidis et al. (2022)). The high-quality convergence emphasizes the practical relevance of our neural-collapse geometry characterizations. (ii)We interpret the discovery of a simple and cross-situationally invariant structural property in complex deep learning models trained on complicated datasets as a step towards unraveling their underlying mechanisms, moving beyond the conventional perception of these models as black boxes. This perspective aligns with the seminal work on neural collapse of cross-entropy loss and balanced data by Papyan et al. (2020), and the subsequent extensive body of literature as cited in our submission. At the same time, our approach offers a rather unique perspective in the following manner: Acknowledging an inherent challenge on the task of unveiling the black-box nature of deep representations’ geometries of SCL (in its standard use), we identify the inclusion of ReLUs at the last layer as a minor network modification that significantly easens the task. Importantly, this comes without compromising test accuracy. This is revealed by Table 1 and extensive additional evaluations in Table 2 in the appendix. As a matter of fact, in specific instances such as CIFAR100-LT, the inclusion of ReLU even leads to an improvement in balanced accuracy. Our revised manuscript incorporates additional results showcasing more substantial enhancements, particularly in terms of worst-class accuracy. It might be tempting to attribute these (small) improvements in accuracy to the fact that OF geometry avoids the minority collapse that would otherwise occur (see Fig.1 for evidence of this being the case without ReLU). However, given the lack of any substantial and formal evidence (in the broader literature) of such a causal relationship between geometry of trained embeddings and accuracy, our submission refrains from making such a statement. Instead, we highlight that our finding yields a learning framework that is at least as accurate as the original one while being easier to understand in terms of the structure of its deep representations. While it may be tempting to attribute these modest accuracy improvements to the avoidance of minority collapse inherent in the absence of ReLU (as evidenced in Fig. 1), we exercise caution. Despite the observed evidence, we refrain from making definitive claims due to the lack of substantial and formal evidence within the broader literature establishing a causal relationship between the geometry of trained embeddings and accuracy. Rather than asserting causation, we emphasize that our findings result in a learning framework that, at a minimum, matches the accuracy of the original model while offering enhanced interpretability regarding the structural aspects of its deep representations.

Thank you for constructive feedback and insightful questions. Please find our response below in addition to the global response: **Batch size:** Thanks for highlighting the role of batch size. Indeed, for contrastive loss and in the analysis of our model, batch size plays an important role in defining the set of global solutions. This is the case as the batching scheme specifies the interactions among samples during training. Our theoretical framework outlines the necessary and sufficient conditions for the batching to achieve a unique minimizer for contrastive loss. Following your suggestion, we conducted additional experiments for varying batch sizes to empirically explore its impact on the final learned embeddings. The detailed results of these new experiments are presented in Section E.4.3 in the appendix of the revised draft. In these experiments, we examine the effect of batch size in two scenarios, depending on whether ReLU is applied on the final embedding layer or not. We compare the learned features with OF when ReLU is present at the final layer, and with ETF (as predicted by Graf et. al (2021)) when ReLU is removed. Our observations indicate that the presence of ReLU reduces the reliance on batch size, leading to consistent convergence to OF. In contrast, in the absence of ReLU, large batches are necessary to achieve the global optimizer ETF. We also note that Khosla et.al (2020) argue that increased batch sizes lead to improved performance. In particular, they typically use batch sizes extending up to 6144. Our findings suggest that with the addition of ReLU, one can potentially achieve comparable performance with smaller batch sizes, which offers venues for reducing the training computational cost. **Activation functions:** Thank you for bringing light to this subtle point. We considered ReLU as the primary focus of our study in terms of the activation function due to its simplicity and frequent use in practice. While it is interesting to study different activation functions, our motivation was to identify that a simple and commonly used activation function can significantly alter the implicit geometry of features. That said, we agree that this is indeed an interesting question. The theoretical analysis only assumes that the post-activation features are non-negative and span the region $[0, \infty]$. It is reasonable to anticipate that activation functions satisfying this requirement lead to the same result. However, the non-linearity of the activation function is likely to play a role in the optimization dynamics and needs further investigation. We have planned to conduct specific experiments and report our findings in the paper."				
6.200	tEgrUrUuwA__r04	Partitioning Message Passing for Graph Fraud Detection	5: marginally below the acceptance threshold	4: You are confident in your assessment, but not absolutely certain. It is unlikely, but not impossible, that you did not understand some parts of the submission or that you are unfamiliar with some pieces of related work.	partially_fixed	priority_secondary_structured	structured=partially_fixed; issue_ledger=unresolved		regressed	partially_fixed	partially_fixed	partially_fixed	unresolved	partially_fixed	"[weaknesses] 1. There are some reservations regarding the novelty of this paper for the following reasons: a) The issues of label imbalance and homophily-heterophily have been effectively addressed in the past. Notably, Tang et al. [1] offered a theoretical explanation for these concerns using spectral graph analysis. b) Building upon the findings of [1], this paper makes incremental enhancements in the field of fraud detection while questioning the complexity of earlier algorithms. Nonetheless, this paper does not provide comprehensive comparison of time and space complexities with previous works. 2. The approach of treating fraud detection as a binary classification problem has inherent limitations. Real-world scenarios often involve anomalies that cannot be neatly classified into a single class and that do not adhere to clustering assumptions. Given the multitude of existing papers that have already presented effective solutions to address the challenges of imbalance and homophily-heterophily by binary classification algorithms, it raises questions about the need for publishing similar articles at the cutting-edge conference ICLR. 3. An analysis about the labeled neighborhoods’ label distributions of central nodes in the training dataset is necessary. This is crucial as the proposed method relies heavily on the labels of neighboring nodes. Furthermore, it is important to emphasize the ratio of normal nodes to anomaly nodes in the training data. 4. Concerns have been raised about the correctness of equation (7). [1] Tang, Jianheng, et al. Rethinking graph neural networks for anomaly detection. ICML, 2022.

[questions] Please refer to the weakness.

[summary] This paper discusses the challenges in applying Graph Neural Networks (GNNs) to Graph Fraud Detection (GFD) tasks, specifically the issues of label imbalance and the mixture of homophily and heterophily. While existing GNN-based GFD models typically exclude heterophilic neighbors during message passing, the authors argue for distinguishing neighbors with different labels instead of exclusion. They introduce a new approach called Partitioning Message Passing (PMP), which adapts the information aggregated from heterophilic and homophilic neighbors, preventing the model gradient from being dominated by benign nodes. Theoretical connections and extensive experiments demonstrate that PMP significantly enhances GFD task performance, effectively addressing these challenges."	We thank the reviewer for providing insightful and constructive comments. We address the reviewer's comments/concerns as follows. **Q1.1: The issues of label imbalance and homophily-heterophily have been effectively addressed in the past. Notably, Tang et al. [1] offered a theoretical explanation for these concerns using spectral graph analysis.** **A1.1:** In our opinion, BWGNN proposed by Tang et al. [1] aims to preserve or emphasize information from certain frequencies based on the PDF of Beta distribution, so BWGNN acts as a band-pass spectral graph filter, which has been proved effective for graph with heterophily. However, BWGNN does not specifically cater to the label imbalance challenge. There are two key reasons for this. Firstly, BWGNN use Beta wavelets as propagation matrix, which is predefined and only related to the graph Laplacian, thus the propagation matrix of BWGNN is label-agnostic. Secondly, the feature transformation matrices of BWGNN is uniformly shared across all nodes, so it is also label-agnostic. These two factors indicate that the training process of BWGNN does not explicitly account for the label imbalance inherent in certain graphs. The empirical evid...	"We thank the reviewer for providing insightful and constructive comments. We address the reviewer's comments/concerns as follows. **Q1.1: The issues of label imbalance and homophily-heterophily have been effectively addressed in the past. Notably, Tang et al. [1] offered a theoretical explanation for these concerns using spectral graph analysis.** **A1.1:** In our opinion, BWGNN proposed by Tang et al. [1] aims to preserve or emphasize information from certain frequencies based on the PDF of Beta distribution, so BWGNN acts as a band-pass spectral graph filter, which has been proved effective for graph with heterophily. However, BWGNN does not specifically cater to the label imbalance challenge. There are two key reasons for this. Firstly, BWGNN use Beta wavelets as propagation matrix, which is predefined and only related to the graph Laplacian, thus the propagation matrix of BWGNN is label-agnostic. Secondly, the feature transformation matrices of BWGNN is uniformly shared across all nodes, so it is also label-agnostic. These two factors indicate that the training process of BWGNN does not explicitly account for the label imbalance inherent in certain graphs. The empirical evidence presented in Table 4 of Section 5.3 illustrates that our approach more effectively mitigates problems arising from label imbalance compared to BWGNN. This is achieved by investigating the influence distribution from neighbors on minority class nodes and tailoring the message passing process accordingly. **Q1.2：Building upon the findings of [1], this paper makes incremental enhancements in the field of fraud detection while questioning the complexity of earlier algorithms. Nonetheless, This paper does not provide comprehensive comparison of time and space complexities with previous works.** **A1.2:** We first show a detailed comparison of the time and space complexities in the following table (PC-GNN is built upon Care-GNN, and GHRN is an extension of BWGNN. They share similar complexity profiles with their respective base models), where $|E| \ll N^2$ is the number of edges, $d$ is the feature dimension and $C$ is the number of spectral filter in BWGNN. Usually, $N > |E|$, thus our model demonstrates optimal time and space complexities compared to these baselines. We have updated it in the Appendix A of the revised manuscript. | | Time Complexity | Storage Cost | | ------------ | --------------- | ------------------- | | Care-GNN | $O(Nd + \|E\|)$ | $O(Nd + N^2 + \|E\|)$ | | H2-FDetector | $O(N^2)$ | $O(Nd + N^2)$ | | BWGNN | $O(C\|E\|)$ | $O(Nd + C\|E\|)$ | | PMP (Ours) | $O(\|E\| + N)$ | $O(Nd + \|E\|)$ | Besides, we would like to explain that our PMP is not built upon the findings of BWGNN. PMP and BWGNN have different motivation, methodology, and theoretical insights. So we think BWGNN cannot hide our contributions. The main differences between PMP and BWGNN are summarized as follows: **[Motivation]** PMP is motivated by investigating the influence propagation during message passing (Section 2.2 in the updated version), which leads us to propose a fundamental principle for the successful application of GNNs in GFD: distinguishing between neighbors with different labels during the message passing. However, BWGNN is motivated by the 'right-shift' phenomenon of the spectral energy distribution, which inspires the BWGNN to define a band-pass graph filter based on beta wavelet. **[Methodology]** （1）**Label Utilization**: PMP is spatial and label-aware, using distinct weight matrices for different labels. BWGNN, a spectral model, has shared, label-agnostic parameters.(2). **Weight Matrix Design**: PMP's weight matrices are root-specific (See Section 3), tailored for each node. BWGNN uses randomly initialized weights. (3) **Unlabeled Nodes Handling**: PMP treats unlabeled nodes as a mix of benign and fraud labels (See Section 3), while BWGNN treats all nodes uniformly, regardless of their labeled or unlabeled status.

**Q2: The approach of treating fraud detection as a binary classification problem has inherent limitations. Real-world scenarios often involve anomalies that cannot be neatly classified into a single class and that do not adhere to clustering assumptions. Given the multitude of existing papers that have already presented effective solutions to address the challenges of imbalance and homophily-heterophily by binary classification algorithms, it raises questions about the need for publishing similar articles at the cutting-edge conference ICLR.** **A2:** We acknowledge that the binary classification framework has its limitations in capturing the full spectrum of real-world frauds. However, in real-world application, due to the large scale and strong heterogeneity of the network, we usually need to extract all potential fraud nodes first, and then do a more detailed classification and analysis of the extracted fraud nodes. Thus, modeling GFD problem as a binary classification is usually the first step. Besides, to our best knowledge, all the datasets publicly available and commonly used in research, including those we have utilized, are modeled for binary classification. This modeling choice reflects the practical realities of many real-world applications, where a binary approach remains a fundamental and highly effective method for initial fraud detection. We still greatly appreciate your valuable suggestion. Considering the current limitation of most works focusing on binary classification, we plan to explore the issue of multi-classification in our subsequent work. Given the practical importance of graph fraud detection task, we agree that this problem has been studied in many past work. However, we do not think research in this area have converged because this problem is highly relevant to industrial applications. This requires that the model can capture the essence of the problem and be simple enough to make it easy to deploy in industrial environment. In our paper, we try to explore the key to solving this problem, rather than blindly designing complicated algorithms. Based on the motivation study, we propose that the key to successfully applying GNNs for GFD is to distinguish neighbors with different labels during message passing, instead of excluding heterophilic neighbors used in most prior work. Our proposed PMP is built upon this finding, and maintains simplicity to facilitate ease of deployment in industrial applications. To verify this point, in Appendix E.2 of our paper, we present experiments conducted on datasets provided by our industrial collaborators. These experiments demonstrate the applicability and effectiveness of our method in real-world industrial scenarios, affirming its practical relevance. Thus, we believe our paper offers valuable insights for future research in this domain.

We thank you for your time and effort in reviewing our paper. Below, we respond to address your concerns. **Q1: The primary innovation in the PMP method lies in the use of different weighting matrices for aggregating nodes of various classes. While effective, this focus may be perceived as lacking in breadth in terms of overall innovativeness.** **A1:** We understand that our embarrassingly simple model may give rise to concerns about its innovativeness. We respectfully argue that our work is novel, and we highlight our technical novelty as follows: 1. **[High-level insight]** We propose that the key to successfully applying GNNs for GFD relies not on excluding which used in most prior work, but on distinctly recognizing and processing neighbors with different labels during message passing. Thus, our approach is a fundamental departure from existing methodologies. 2. **[Strong practical implications in applying GNN to GFD Applications]** Graph fraud detection is a practical problem, especially in the industrial application. Thus, it is crucial to capture the essence of the problem, and design a simple and easy-to-deploy model. Our PMP method is designed with these requirements in mind. Through the motivation study, theoretical analysis and strong empirical results, we demonstrate PMP's effectiveness. The simplicity of our model does not diminish its impact; rather, it enhances its practical utility, making it a valuable tool in real-world applications. While PMP's design is straightforward in form, it represents a meaningful step forward in the field, offering both a novel perspective and a practical solution. We believe that PMP has a certain guiding role in future work. **Q2: The article would benefit from a more meticulous attention to the use of symbols and language. Ensuring consistent and clear terminology and notation would contribute to the paper's readability and accessibility.** **A2:** Thanks for your valuable feedback. We have undertaken a thorough review of our manuscript with a focus on standardizing the terminology and symbols used throughout the paper. The modifications have been highlighted in blue in the resvised manuscript. **Q3: On Page 2, in the penultimate line of ""where each node v_i is assigned a binary label $y_i\in Y$"", please confirm whether it is ""Y"" or ""fi""?** **A3:** In our paper, $\mathcal{Y} = \{y_1, y_2, \cdots, y_N\}$ represents the set of node labels, where $y_i \in \mathcal{Y}$ means the label of node $v_i$. $y_i$ has two possible values, i.e., $y_i = 1$ denotes $v_i$ is a fraud node $0$ denotes benign node. **Q4: In the description of Eq.(4) on page 4, it is mentioned that ""In other words, a small $\alpha_i^{(l)}$ means that the model treats unlabeled neighbors more similarly to fraud nodes"". In conjunction with Eq.(4), shouldn't it be the case that a smaller $\alpha_i^{(l)}$ makes unlabeled neighbors more biased to benign nodes?** **A4:** Thanks for pointing this out. Upon re-examination, we agree that there was an error in our description of how $\alpha^{(l)}\_{i}$ influences the treatment of unlabeled neighbors in our model. As you correctly noted, a small $\alpha^{(l)}\_{i}$ should indeed indicate that the model treats unlabeled neighbors more similarly to benign nodes due to the larger weight placed on $\mathbf{W}\_{\text{be}}^{(l)}$. We have corrected the text in the manuscript to accurately reflect this relationship. **Q5: Throughout the paper, sections 2, 3, and 7 are more similar to one part of the content, related work, could they be synthesized into one section?** **A5:** We agree your suggestion that enhances the readability. We have merged Sections 2, 3, and 7 into a single cohesive section titled ""Background and Motivation"" in new Section 2. **Q6: When introducing PMP, the article mentions the use of one layer of MLP in the generation of $\alpha^{(l)}_{i}$. Still, it does not note how many layers of MLP are used in the subsequent ""Root-specific weight matrices generation"".** **A6:** To maintain simplicity in the model design, we also apply the single-layer MLP in the ""Root-specific weight matrices generation"" to define the weight generators $\Psi_{\text{fr}}$ and $\Psi_{\text{be}}$. We have clarified this point in the revised manuscript. Moreover, we show influence of the number of MLP layers on the final results (AUC). We can find that the number of MLP layers does not drastically affect the performance of the model. | #layers | Yelp | Amazon | | ------- | ----- | ------ | | 1 | 93.97 | 97.57 | | 2 | 93.95 | 97.51 |"	"**Q2: The strategy of partitioning message passing is very similar to GNNs with adaptive channel mixing used in [1] although [1] is from the spectral perspective. It will be interesting to discuss the differences and relationships between your proposed method and [1].** **A2:** Thanks for your suggestions, which inspire us to rethink our Partitioning Message Passing (PMP) and Adaptive Channel Mixing (ACM) [1]. We agree that our work does indeed share similarities with ACM. However, the motivation, methodology, theoretical insights still differ. We provide a detailed comparison from these perspectives as follows: **[Motivation]** In our paper, we contend that the key to successfully applying GNNs for GFD task lies not in the exclusion of neighbors but in the ability to *distinguish* between them based on their labels during the neighborhood aggregation. This core belief is operationalized in our proposed PMP framework, which integrates this motivation into the traditional message passing paradigm. By partitioning neighbors during the aggregation phase using distinct transformation matrices, PMP effectively discriminates between different classes of neighbors, ensuring that the message passing mechanism is both simple and highly effective in addressing the unique challenges of GFD. Contrastingly, ACM is motivated by the concept of ""*Diversification Distinguishability*"", which primarily involves attributing negative weights to heterophilic neighbors through a spectral synthesis of low-pass and high-pass filters. This technique fundamentally differs from our PMP. It is because the use of negative weights in ACM is indicative of removing (or subtracting) the heterophilc components from the homophilic neighbors. This can be interpreted as a form of information '*forgetting*' where heterophilic features are de-emphasized in favor of homophilic features. It is different from PMP which preserves and utilizes all available information. **[Methodology]** ACM is rooted in spectral graph theory, while PMP is spatially oriented. This difference is not just theoretical but has practical implications. The spectral nature of ACM inherently influences its scalability, particularly in the context of large graphs. Typically, spectral-based models, including ACM, require the entire graph as input, which can pose challenges for mini-batch training and thereby limit scalability. In contrast, our PMP model, with its spatial-based framework, inherently supports mini-batch training and is thus more adaptable to large-scale graphs. Furthermore, considering the application of ACM in GFD tasks, its formulation, with removed nonlinearity for simplicity's sake, can be expressed as $H_{\textbf{ACM}}^{(l+1)} = \alpha F_{L}\begin{bmatrix}H^{(l)}\_{fr} \\\ H^{(l)}\_{be} \\\ H^{(l)}\_{un}\end{bmatrix} W_{1}^{(l)} + \beta F_{H}\begin{bmatrix}H^{(l)}\_{fr} \\\ H^{(l)}\_{be} \\\ H^{(l)}\_{un}\end{bmatrix} W_{2}^{(l)}$ where $F_L$ and $F_H$ are distinct spectral filters. We can observation that the trainable weight matrix $W_{L}^{(l)}$ and $W_{H}^{(l)}$ are both shared across all nodes. In contrast, our PMP model, when represented in matrix form, can be rewritten as $H_{\textbf{PMP}}^{(l+1)} = F \begin{bmatrix}H^{(l)}\_{fr} W_1\\\ H^{(l)}\_{be} W_2 \\\ H^{(l)}\_{un} (\alpha W_1 + (1-\alpha)W_2)\end{bmatrix}$ where $F$ is the normalized adjacency matrix. Unlike ACM, trainable weight matrices in PMP, $W_1$ and $W_2$ , are specifically applied to nodes with different labels, where $W_1$ and $W_2$ captures the information of fraud nodes and benign nodes respectively, reflecting a more label-aware and adaptive approach to message passing in the context of GFD. **[Theoretical Insights]** The theoretical insights of PMP and ACM reveal a significant divergence in their spectral capabilities, highlighting a fundamental difference in how they process graph signals. Specifically, ACM predominantly operates as a combination of low-pass and high-pass filters, which (de)emphasizing high or low frequency signal components can not control the information from other spectrum, i.e., ACM does not equate to the functionality of a band-pass filter. Differently, our theoretical analysis and visualization in Section.4 proves that our PMP operates as an adaptive graph filter which cover all frequencies in the spectral domain. We also think such comparisons are very meaningful for a deeper understanding of our work, thus we include them in **Appendix C** of the revised manuscript. **Q3: A minor issue: repeated references 2nd and 3rd articles.** **A3:** Thank you for pointing out the repeated references. We have carefully reviewed the manuscript and rectified the referencing. This correction has been reflected in the revised manuscript.

We thank the reviewer for providing insightful and constructive comments. We address the reviewer's comments/concerns as follows. **Q1.1: The issues of label imbalance and homophily-heterophily have been effectively addressed in the past. Notably, Tang et al. [1] offered a theoretical explanation for these concerns using spectral graph analysis.** **A1.1:** In our opinion, BWGNN proposed by Tang et al. [1] aims to preserve or emphasize information from certain frequencies based on the PDF of Beta distribution, so BWGNN acts as a band-pass spectral graph filter, which has been proved effective for graph with heterophily. However, BWGNN does not specifically cater to the label imbalance challenge. There are two key reasons for this. Firstly, BWGNN use Beta wavelets as propagation matrix, which is predefined and only related to the graph Laplacian, thus the propagation matrix of BWGNN is label-agnostic. Secondly, the feature transformation matrices of BWGNN is uniformly shared across all nodes, so it is also label-agnostic. These two factors indicate that the training process of BWGNN does not explicitly account for the label imbalance inherent in certain graphs. The empirical evidence presented in Table 4 of Section 5.3 illustrates that our approach more effectively mitigates problems arising from label imbalance compared to BWGNN. This is achieved by investigating the influence distribution from neighbors on minority class nodes and tailoring the message passing process accordingly. **Q1.2：Building upon the findings of [1], this paper makes incremental enhancements in the field of fraud detection while questioning the complexity of earlier algorithms. Nonetheless, This paper does not provide comprehensive comparison of time and space complexities with previous works.** **A1.2:** We first show a detailed comparison of the time and space complexities in the following table (PC-GNN is built upon Care-GNN, and GHRN is an extension of BWGNN. They share similar complexity profiles with their respective base models), where $|E| \ll N^2$ is the number of edges, $d$ is the feature dimension and $C$ is the number of spectral filter in BWGNN. Usually, $N > |E|$, thus our model demonstrates optimal time and space complexities compared to these baselines. We have updated it in the Appendix A of the revised manuscript. | | Time Complexity | Storage Cost | | ------------ | --------------- | ------------------- | | Care-GNN | $O(Nd + \|E\|)$ | $O(Nd + N^2 + \|E\|)$ | | H2-FDetector | $O(N^2)$ | $O(Nd + N^2)$ | | BWGNN | $O(C\|E\|)$ | $O(Nd + C\|E\|)$ | | PMP (Ours) | $O(\|E\| + N)$ | $O(Nd + \|E\|)$ | Besides, we would like to explain that our PMP is not built upon the findings of BWGNN. PMP and BWGNN have different motivation, methodology, and theoretical insights. So we think BWGNN cannot hide our contributions. The main differences between PMP and BWGNN are summarized as follows: **[Motivation]** PMP is motivated by investigating the influence propagation during message passing (Section 2.2 in the updated version), which leads us to propose a fundamental principle for the successful application of GNNs in GFD: distinguishing between neighbors with different labels during the message passing. However, BWGNN is motivated by the 'right-shift' phenomenon of the spectral energy distribution, which inspires the BWGNN to define a band-pass graph filter based on beta wavelet. **[Methodology]** （1）**Label Utilization**: PMP is spatial and label-aware, using distinct weight matrices for different labels. BWGNN, a spectral model, has shared, label-agnostic parameters.(2). **Weight Matrix Design**: PMP's weight matrices are root-specific (See Section 3), tailored for each node. BWGNN uses randomly initialized weights. (3) **Unlabeled Nodes Handling**: PMP treats unlabeled nodes as a mix of benign and fraud labels (See Section 3), while BWGNN treats all nodes uniformly, regardless of their labeled or unlabeled status.

We appreciate your detailed suggestions for our work. We provide the response to your concerns point by point as follows: **Q1: It would be easier for a reader to follow if the same notation would not be used for different purposes. $h$ (page 15) - class homophily metric $h_{i}^{(l)}$ (page 3) - $l$-th layer hidden representation of $v_i$.** **A1:** Thank you for pointing out the confusion caused by the overlapping use of the notation $h$. To address this, we have revised the notation to eliminate any ambiguity. The class homophily metric previously denoted by $h$ on page 15 will now be denoted by $\eta$ throughout the paper. We have marked these changes in blue in the revised manuscript. **Q2: On page 4, equation 4: Shouldn't a small $\alpha^{(l)}\_{i}$ indicate that the model should treat unlabeled neighbors more similarly to benign nodes (instead of fraud nodes as written in the paper)?** **A2:** Thank you for pointing out the inconsistency regarding the interpretation of the parameter $\alpha^{(l)}\_{i}$ in equation 4 on page 4. Upon re-examination, we agree that there was an error in our description of how $\alpha^{(l)}\_{i}$ influences the treatment of unlabeled neighbors in our model. As you correctly noted, a small $\alpha^{(l)}\_{i}$ should indeed indicate that the model treats unlabeled neighbors more similarly to benign nodes due to the larger weight placed on $\mathbf{W}\_{\text{be}}^{(l)}$. We have corrected the text in the manuscript to accurately reflect this relationship. **Q3: On Figure 4 (page 8): Influence distribution: why GCN (and not R-GCN) was chosen as one of the methods for comparison? My understanding is that GCN cannot distinguish between diffenent relations and both Yelp and Amazon datasets include multiple relationship types. May be that is why GCN did better at T-Finance (with only one relation type)** **A3:** Thanks for your deep insights. Our aim is to provide a comprehensive comparison across a spectrum of GNNs, ranging from the most basic GCN to the more advanced and fraud-specific model, BWGNN. These methods are selected as the most representative baselines for different classes of GNNs. We agree that the Yelp and Amazon datasets contain multiple relationship types and that GCN’s inability to differentiate between these may impact its performance. In the single-relational dataset T-Finance, the disadvantages of GCN are reduced because other methods no longer have the advantage of handling multiple relations, which is a logical result. We appreciate the suggestion that including R-GCN, which is designed to handle multiple types of relationships, could provide a more direct comparison for datasets with such complexity. To address this, we have conducted additional experiments with R-GCN, which we have included in the **Appendix E.3** of the revised manuscript. From the extended experiments with R-GCN in **Appendix E.3**, we include R-GCN due to its ability to handle multiple types of relationships within a graph. R-GCN extends the GCN model to account for different types of relations in the graph. Results illustrate the influence distributions for the multi-relational Yelp and Amazon datasets. It is evident that accounting for multiple relationships results in a rightward (positive) shift in the influence distributions."				
6.200	uREj4ZuGJE__r02	In-context Autoencoder for Context Compression in a Large Language Model	8: accept, good paper	5: You are absolutely certain about your assessment. You are very familiar with the related work and checked the math/other details carefully.	fixed	priority_secondary_structured	structured=fixed; issue_ledger=unresolved		fixed	partially_fixed	fixed	fixed	unresolved	fixed	"[weaknesses] * I wish the authors were more forthcoming on how this builds on top of existing work. For e.g. the authors only gloss over Chevalier et al. (2023) in passing which covers what the authors proposing to a large extent. Nevertheless, the biggest difference in this work seems to be the thorough experiments which was missing in the other work. * I encourage the authors to think more on how these memory-slots/dense-encodings can be freely interspersed with raw text. For e.g. it would be a step function improvement if one could write a prompt like ""use these docs [m1], [m2].. [mk] to answer the following questions [m1'], [m2'] [m3'].. [mk']""

[questions] 1. In table 5, in rows 2, 3, 4 and 5 is column#2 (i.e. ""system 2"") also fine-tuned on the pwc dataset? I presume so, but I do want to check. Without this, it would be a very slightly unfair comparison if ""system 1"" got to see the pwc-train set but ""system 2"" did not.

[summary] This work proposes a to generate compact representation using memory slots to represent the original context. The proposed approach is ICAE also discusses an auto-encoding object (with lora) to pretrain the llm to generate good memory slots. The authors present several interesting experiments poking at the ability of model to do good compression as well as being able to use the compressed vectors."	Thank you very much for your appreciation and recognition of this work. As you rightly pointed out, this is our first step towards long context compression, and we are actively working on more ambitious compression — just as you suggest — 10x or even more. We also greatly appreciate your pointing out some issues of this work, and we are very happy to address your concerns to further improve this work: > I wish the authors were more forthcoming on how this builds on top of existing work > We appreciate your comment and suggestions on the related work discussion, we will extend the discussion about previous work and elaborate on the differences to clarify our contribution. > I encourage the authors to think more on how these memory-slots/dense-encodings can be freely interspersed with raw text. > This is exactly our ongoing effort. By mixing data in various formats and combinations, we have initially confirmed that this method can be extended to be freely interspersed. We are also looking for an efficient method to generate diverse training data to allow memory slots to be flexibly interacted with natural language in high robustness. > In table 5, in rows 2, 3, 4 and 5 is column#2...	"Thank you very much for your appreciation and recognition of this work. As you rightly pointed out, this is our first step towards long context compression, and we are actively working on more ambitious compression — just as you suggest — 10x or even more. We also greatly appreciate your pointing out some issues of this work, and we are very happy to address your concerns to further improve this work: > I wish the authors were more forthcoming on how this builds on top of existing work > We appreciate your comment and suggestions on the related work discussion, we will extend the discussion about previous work and elaborate on the differences to clarify our contribution. > I encourage the authors to think more on how these memory-slots/dense-encodings can be freely interspersed with raw text. > This is exactly our ongoing effort. By mixing data in various formats and combinations, we have initially confirmed that this method can be extended to be freely interspersed. We are also looking for an efficient method to generate diverse training data to allow memory slots to be flexibly interacted with natural language in high robustness. > In table 5, in rows 2, 3, 4 and 5 is column#2 (i.e. ""system 2"") also fine-tuned on the pwc dataset? I presume so, but I do want to check. Without this, it would be a very slightly unfair comparison if ""system 1"" got to see the pwc-train set but ""system 2"" did not. > All the llama-2-chat models in the column of system 2 are fine-tuned with the PwC dataset using LoRA.

We greatly appreciate your recognition and constructive suggestions for this work. We hope our following responses can clarify some details and address your concerns, thereby improving your evaluation of this work. > Weakness: I found the baseline somewhat lacking. There are a few other papers targeting the exact or adjacent problems, such as Gisting, Recurrent memory transformer, compressive transformer, auto compressor. As you can see in our references, we have properly cited these papers. The Recurrent Memory Transformer (RMT) and Compressive Transformer primarily focus on exploring a new network architecture or learning method to address the long context issue, as introduced in Section 1. Their methods, however, are not readily applicable to compress long text for an existing Language Model (LLM) such as Llama-2. This is the fundamental difference between these papers and our work -- our motivation and focus is to compress long context for an existing LLM to use the compressed context to replace the original context during inference. As for Gisting and Autocompressor, although they also study context compression, they do not compress context for an existing LLM in the same way we do: Gisting's compression is limited to transform a task description into a few compressed (task) vectors (i.e., gist tokens). It does not involve content compression. Its 26x compression is regarding compressing task description prompt which is usually not very long, as we discussed in Section 5. Moreover, Gisting itself requires fine-tuning the LLM to compress, and its produced gist tokens is not intended for the original LLM but for its fine-tuned LLM, which is not what we aim for. As for Autocompressor, it does not compress context for the original LLM either. Its motivation and focus are more akin to the Compressive Transformer. In contrast, our work is designed to compress a long context for an existing LLM. The LLM can directly use the compressed memory slots as the (conditional) context to perform various tasks or goals. This is a more practical scenario **as we don't need to modify anything on a hosted LLM. We only need to pass the memory slots to the LLM in the same way as word embeddings**. **Clearly, none of these four previous papers can be directly applied for this goal, which is the reason why we do not compared with them in this scenario.** > Q1. I likely have missed something in the paper. It's unclear to me whether the authors initialized the encoder LLM from the same checkpoint as the decoder LLM? If that's the case, how did the author address the difference in autoregressive attention in the decoder (and the base LLM, such as LLAMA) and bidirectional attention potentially used for the encoder. > The encoder in our paper refers to the encoder in the autoencoder terminology, which is used for encoding text into memory slots. It is not the same as the encoder in the encoder-decoder architecture. As illustrated in Figure 3, the encoder of ICAE is a frozen LLM (specifically Llama in this paper) + a learnable LoRA + a learnable embedding for memory tokens. The decoder of ICAE is the frozen LLM. Therefore, the encoder does not use bidirectional attention; instead, it uses causal attention, as in the decoder. We apologize for the confusion. We'll make it clearer in the revised version. > Q2. Why not use an encoder-decoder language model such as T5 for this? > As we mentioned in our response to Q1, our encoder and decoder refer to the encoding and decoding modules of the autoencoder (i.e., ICAE), which are totally different from the encoder/decoder in the encoder-decoder architecture. Our goal is to compress contexts for an existing Large Language Model (LLM), specifically Llama in our experiments. Building the ICAE on the same LLM (Llama) allows us to better align with the LLM to generate a more compressed context. > Q3. As mentioned above, does it matter for the encoder's input embeddings to be in the same space as the decoder's input embeddings? > As we previously mentioned in our response to Q1, the encoder's input embeddings and the decoder's input embeddings are indeed in the same space. > Q4. What's the actual size of each of the pretraining tasks, in terms of number of examples or number of tokens consumed. > We have included these details in Appendix A. For pretraining, our batch size and training steps are listed in Table 9. The number of training tokens can be calculated as 256 * 512 * 200k = 26.2 billion tokens. > Q5. I would imagine the autoencoding task to be relatively easy to ""learn"". How many steps or number of examples does it take for the model to converge? > You’re exactly right. Autoencoding is easier to learn than Language Modeling. However, our setting is 4x compression (e.g., using 128 tokens to restore 512 tokens). According to our observations, the validation loss still keeps decreasing even after 150k training steps.

> Q6. Are the two pretraining tasks interleaved or done in a sequential order? > They are interleaved. Sequential training is not good in our setting due to the catastrophic forgetting issue. > Q7. For the instruction fine-tuning, have you tried passing the prompt to the encoder instead of the decoder, and what's the effect? > Yes, we tried. As long as we mixed such data in our instruction fine-tuning, the ICAE could still perform well because compressing task description prompt is not hard. > Q8. Do you initialize the encoder from the same LLM checkpoint as the decoder? > Yes, they are the same — they are both Llama. The only difference is that the ICAE encoder adds a learnable LoRA module and a learnable embedding for memory tokens (see Figure 3). > Q9. Could you provide some intuition on why the loss in the rightmost image in Figure 4 shows a U shaped trend. > Very good question. We internally discussed this observation and we think there are two reasons. First, our pretraining samples are usually long (~500 tokens). Short sequences like 100, 200 are less common in the training data, leading to higher loss. Second, the loss tends to be higher for earlier context — for example, for the 10th word, there are only 9 words to condition on, so its loss tends to be higher. But for the 300th word, there are 299 words to condition on (i.e., richer context), making its prediction easier (i.e., lower loss) > Q10. Could you also provide some explanation on why the first row of table 1 shows a PPLX increase even though there's no compression going on. > This is because we replaced the original natural language tokens with compressed memory slots, which inevitably causes some loss (even without compression). This is understandable as our memory slots are pretrained on 26.2 billion tokens, while natural language tokens are pretrained on trillions of tokens by Llama. > Q11. Regarding the claim that pretrained ICAE suffers less from hallucination than non-pretrained model, I would like to clarify that both variants are trained on the same instruction fine-tuning set right? > Yes, the only difference is that one is pretrained with AE+LM before instruction fine-tuning, while the other is not pretrained and is directly trained on the instruction fine-tuning data. > Q12. Have you tried full model fine-tuning? In other words, what's the impact of lora on the final quality? > We have tried it on a small scale, but due to computational resource limitations, we have not done it on a large scale. However, under the same training steps (10k), we found that the results of full model fine-tuning are better than LoRA. But the advantage of LoRA is that it only adds 1% extra memory when used, which is important for practical applications."	"We greatly appreciate your recognition and constructive suggestions for this work. We hope our following responses can clarify some details and address your concerns, thereby improving your evaluation of this work. > Weakness: I found the baseline somewhat lacking. There are a few other papers targeting the exact or adjacent problems, such as Gisting, Recurrent memory transformer, compressive transformer, auto compressor. As you can see in our references, we have properly cited these papers. The Recurrent Memory Transformer (RMT) and Compressive Transformer primarily focus on exploring a new network architecture or learning method to address the long context issue, as introduced in Section 1. Their methods, however, are not readily applicable to compress long text for an existing Language Model (LLM) such as Llama-2. This is the fundamental difference between these papers and our work -- our motivation and focus is to compress long context for an existing LLM to use the compressed context to replace the original context during inference. As for Gisting and Autocompressor, although they also study context compression, they do not compress context for an existing LLM in the same way we do: Gisting's compression is limited to transform a task description into a few compressed (task) vectors (i.e., gist tokens). It does not involve content compression. Its 26x compression is regarding compressing task description prompt which is usually not very long, as we discussed in Section 5. Moreover, Gisting itself requires fine-tuning the LLM to compress, and its produced gist tokens is not intended for the original LLM but for its fine-tuned LLM, which is not what we aim for. As for Autocompressor, it does not compress context for the original LLM either. Its motivation and focus are more akin to the Compressive Transformer. In contrast, our work is designed to compress a long context for an existing LLM. The LLM can directly use the compressed memory slots as the (conditional) context to perform various tasks or goals. This is a more practical scenario **as we don't need to modify anything on a hosted LLM. We only need to pass the memory slots to the LLM in the same way as word embeddings**. **Clearly, none of these four previous papers can be directly applied for this goal, which is the reason why we do not compared with them in this scenario.** > Q1. I likely have missed something in the paper. It's unclear to me whether the authors initialized the encoder LLM from the same checkpoint as the decoder LLM? If that's the case, how did the author address the difference in autoregressive attention in the decoder (and the base LLM, such as LLAMA) and bidirectional attention potentially used for the encoder. > The encoder in our paper refers to the encoder in the autoencoder terminology, which is used for encoding text into memory slots. It is not the same as the encoder in the encoder-decoder architecture. As illustrated in Figure 3, the encoder of ICAE is a frozen LLM (specifically Llama in this paper) + a learnable LoRA + a learnable embedding for memory tokens. The decoder of ICAE is the frozen LLM. Therefore, the encoder does not use bidirectional attention; instead, it uses causal attention, as in the decoder. We apologize for the confusion. We'll make it clearer in the revised version. > Q2. Why not use an encoder-decoder language model such as T5 for this? > As we mentioned in our response to Q1, our encoder and decoder refer to the encoding and decoding modules of the autoencoder (i.e., ICAE), which are totally different from the encoder/decoder in the encoder-decoder architecture. Our goal is to compress contexts for an existing Large Language Model (LLM), specifically Llama in our experiments. Building the ICAE on the same LLM (Llama) allows us to better align with the LLM to generate a more compressed context. > Q3. As mentioned above, does it matter for the encoder's input embeddings to be in the same space as the decoder's input embeddings? > As we previously mentioned in our response to Q1, the encoder's input embeddings and the decoder's input embeddings are indeed in the same space. > Q4. What's the actual size of each of the pretraining tasks, in terms of number of examples or number of tokens consumed. > We have included these details in Appendix A. For pretraining, our batch size and training steps are listed in Table 9. The number of training tokens can be calculated as 256 * 512 * 200k = 26.2 billion tokens. > Q5. I would imagine the autoencoding task to be relatively easy to ""learn"". How many steps or number of examples does it take for the model to converge? > You’re exactly right. Autoencoding is easier to learn than Language Modeling. However, our setting is 4x compression (e.g., using 128 tokens to restore 512 tokens). According to our observations, the validation loss still keeps decreasing even after 150k training steps.

We greatly appreciate your recognition and praise for this work, as well as the constructive suggestions you have provided to help us improve it. We hope our following responses can clarify some details and address your concerns, thereby improving your evaluation of this work. > Weakness 1: The paper compresses the contexts into black-box memories. Instead, one can simply apply a summarization model (e.g., GPT-4) to summarize the context and feed it to the model. While Figure 2 claims that black-box memory can be more compressive than words, this claim is not supported by the experiments. Besides, summarization has a merit in that it can be applied to black-box API models, unlike this method, which is only applicable to open-source white-box models. > We have experimental results to show that black-box memories can be more compressive than a summary. Firstly, both Figure 4 and 5 demonstrate that using 128-length black-box memories can almost losslessly restore the original 512-length context (with BLEU>99%), which cannot be achieved using a 128-length summary. Secondly, in the last row of Table 6, we compared 128 black-box memory and 128-token summary, which also confirmed that black-box memory is more compact and informative than a summary with the equal length. > Weakness 2: Still need quadratic complexity > Our motivation is not to improve quadratic complexity, but to effectively reduce the context length to make the context more compact and informative. You are correct that a divide-and-conquer strategy can make this method applicable to super-long contexts. We appreciate the references you recommended and will extend our discussion on this in the revised version to make this paper's position and contribution more clear. > Weakness 3: Other long context works > Thank you for your reminder and recommendations. We will include and extend the discussion of these contemporary papers in the revised version. > Weakness 4: Editorial comments > We appreciate your suggestions on the presentation of this paper. We will fix these issues in the next version according to your advice. > Q1: Additional validation of the multiple-span approach. Especially, checking the generated examples and practical benchmarks, such as QA, instead of relying solely on perplexity. I wonder if this multiple-span approach would work really well, even though the model is fine-tuned with only a single span. > Thank you for your suggestion. As we respond to Weakness 2, we will extend the discussion on the multiple span approach. > Q2: Comparison with the summarization baseline, which simply compresses the context into words instead of black-box memories. > As we respond to Weakness 1, we have the experiment results in Figure 4/5 and Table 6 to demonstrate that the memory slots are more compact and informative than the summary with the equal length.

We greatly appreciate your recognition and constructive feedback on our work. We hope our responses below can address your concerns and answer your questions. > One drawback is that ICAE should be anyway pre-trained, despite few additional parameters and fewer training steps than LLM pre-trainings. Compression will be extremely beneficial if we use the same context multiple times. However, otherwise, it might only incur overhead. > When we use the same context (i.e., cached in advance), we can significantly save on latency/memory overhead (over 7x speedup, as we discussed in Section 3.3.2). This scenario is **common and practical**: For example, a customized ChatGPT for a specific user can compress the user's chat history in advance and use the compressed memory during inference to maintain the long-term memory without online latency overhead for compression. Regarding your concern about the need to recompress for different contexts, different contexts indeed require an additional compression step. However, **as we show in Table 8, this additional compression still brings significant end-to-end speedup compared to using the original context when generating a long sequence**, making it still a highly practical method. > What is the format of memory slots, and how are they generated from the model? I could not find where it is described, but they should be vectors on the embedding space to be fed into the decoder as input. Are they representations before the final softmax layer to get the next word probability distribution? It might be meaningless, but what will we see if we map each memory slot vector to the most likely word? > Memory slots are indeed vectors in the embedding space that are fed into the decoder as input. They are the final output of the ICAE encoder (before softmax) in the positions of memory tokens. When we map the memory slot vector to the vocabulary space, we find that memory slots tend to retain some keyword information from the original context and are relatively concentrated in the front part of the original context. This can be explained by the memorization intuition we discussed in our paper, where the model will only remember keywords that provide crucial hints. > If I understand correctly, since memory tokens are fixed for any context input, memory slots can be generated in parallel. What memory tokens e_m have learned? Is it correct that memory slots are order-dependent because they use the same causal attention of language models? If yes, is it optimal because we have access to all information when we create memory slots? > Yes, you’re exactly correct. They are generated in parallel. They are order-dependent and use causal attention. We think it is an appropriate way to create memory slots just as people memorize in their working memory. > Based on the fact that the amount of information varies depending on the content of the context, not solely depending on its length, is it possible to have an adaptive size of memory slots for more compact compression? > As shown in Table 3, texts with lower PPL have greater compression potential. This is because lower PPL mean higher certainty and less difficulty to memorize. Your suggestion is very correct. We are working on adaptive memory slots to dynamically adjust the compression rate according to the difficulty of the text (PPL), in order to achieve the best compression performance without affecting the results."				
6.200	EmQSOi1X2f__r01	Self-contradictory Hallucinations of Large Language Models: Evaluation, Detection and Mitigation	6: marginally above the acceptance threshold	4: You are confident in your assessment, but not absolutely certain. It is unlikely, but not impossible, that you did not understand some parts of the submission or that you are unfamiliar with some pieces of related work.	partially_fixed	priority_secondary_structured	structured=partially_fixed; issue_ledger=unresolved		regressed	partially_fixed	partially_fixed	partially_fixed	unresolved	partially_fixed	"[weaknesses] The proposed method may detect one type of hallucination where alternative answers are contradictory. In reality, many hallucinations do not contain verifiable contradictions. The coverage of the method on different types of hallucination may be limited. (edit after rebuttal: This is partially explained in the rebuttal) The experiments are performed on a limited number of cases. Although a larger set of data is created, it cannot be used in a strict evaluation because of the lack of manual verification. I acknowledge the potential high cost for manual evaluation. However, a larger set of cases would make the experiments more meaningful. One possible solution is to leverage the existing datasets of hallucination. For example, a recent large dataset HalluEval (arXiv: 2305.11747) could be possibly used. (edit after rebuttal: The number of topics used in the test is still limited. Therefore, the coverage is still questionable.) The experimental results may suggest that there is a strong relationship between gLM and aLM. When ChatGPT is used as both, we can see that the performance is higher in most cases. This contradicts the intuition that GPT-4 is a more powerful LLM and should perform better than ChatGPT. Unfortunately, the paper does not report the case of GPT-4 as both gLM and aLM to see if the combination of GPT-4+GPT-4 is better than ChatGPT + ChatGPT. In any case, the fact that the combination of the same LLM for the two steps is better than when different LLMs are used for the steps may suggest that it would be better to use the same LLM for both steps. Some analysis is required to better understand the relationship between the two steps. (edit after rebuttal: The answer in the rebuttal does not provide a plausible reason for this. It just restates the experiments.) The revision tries to remove the contradictory part of the answers. This is a conservative revision. If one of the answer is correct, it would be better to keep it instead of removing it. From this perspective, it would be useful to refer to some external information source (e.g. Wikipedia). The authors argue that not doing so can make the approach independent of any external resource, but this may also make the method less reliable. Indeed, looking at the example of William T. Freeman, the generated birth dates are all wrong. A comparison with Wikipedia data would be able to tell that. An external resource would be valuable to the detection of hallucination. (edit after rebuttal: Despite the explanation in the rebuttal, there is still not a strong motivation for the revision process.) You mention that ""a substantial portion of these self-contradictions (e.g., 35.8% for ChatGPT) cannot be verified on Wikipedia"" to motivate the decision not to rely on external resources. However, you can verify on a much broader set of external resources. So the argument not to use an external resource is not very strong. (edit after rebuttal: It is true that Wikipedia has a good coverage for general topics. It may miss many more recent or local events. Other web documents may be useful. Why not using web search to find possibly relevant information?) The following description about informativeness is unclear (please revise): For informativeness, we calculate the ratio of non-contradictory sentence pairs (i.e., informative facts) in the revised text compared to the original text. Note that this ratio might exceed 100% because our mitigation can revise contradictory sentence pairs into non-contradictory ones. (edit after rebuttal: the revised definition of informativeness is clearer.) The paper proposes some reasonable prompts to generate answers and verify contradictions. The proposed prompts should be further motivated. The authors have not provided strong reasons to choose the specific prompts. The only way to see their superiority is through the comparisons in experiments with other alternative prompts. (edit after rebuttal: The explanation about the prompts is reasonable. It still remains unclear why these specific prompts are chosen instead of other alternatives.) The papers target long text generation in contrast to short answers targeted by some other papers. Why is the length of answers a key factor that distinguish this work from a set of existing studies? Would it still be possible to compare the proposed method with others on short answers? (edit after rebuttal: If the method can be applied to both long and short texts, the paper should not emphasize the ability of the method for long texts. In fact, no specific means is taken to deal with long texts vs short texts.)

[questions] Have you tested with different temperatures in decoding? This may produce different answers. Can you compare the method with other methods that leverage external resources? Would it be possible and meaningful to compare the proposed method with others on short answers?

[summary] This paper proposes a pipeline to detect self-contradictory hallucinations generated by LLMs. Specifically designed prompts are used to ask LLMs to generate alternative answers to a question. Then an analysis LLM is asked to detect the potential contradiction between two answers and to revise them (to remove the contradiction). The method is tested on a set of 30 topics and 360 descriptions generated by LLMs - a dataset created by the authors. The generated answers are verified manually. The method is compared with several baselines using other prompts. The results show that the proposed method can better detect contradictions than other baselines."	> ### Can you get significantly more verifiability by using more external resources than Wikipedia? We believe no. Wikipedia is already comprehensive for the purpose of our evaluation and is very likely to cover most facts in other resources. A study in Appendix A.5 of [5] supports this, revealing that “Wikipedia has a high coverage and mentions most of the important information that we were able to find from any other sources on the web”. Moreover, Wikipedia content is usually up-to-date and correct. Including other external resources may introduce uncertainties, potentially slowing down retrieval and increasing the risk of including irrelevant or wrong information. Treating Wikipedia as the general knowledge source is a common approach used by many prior works [5, 6, 7, 8]. We will add a discussion about this. > ### Can you revise your description about informativeness? Yes. We will revise the description to: “When a sentence does not induce contradiction, we consider it as informative. The evaluation of informativeness involves comparing the number of informative sentences in the original text with that in the revised text and calculating the ratio. Note that this ratio might...	"> ### Can you get significantly more verifiability by using more external resources than Wikipedia? We believe no. Wikipedia is already comprehensive for the purpose of our evaluation and is very likely to cover most facts in other resources. A study in Appendix A.5 of [5] supports this, revealing that “Wikipedia has a high coverage and mentions most of the important information that we were able to find from any other sources on the web”. Moreover, Wikipedia content is usually up-to-date and correct. Including other external resources may introduce uncertainties, potentially slowing down retrieval and increasing the risk of including irrelevant or wrong information. Treating Wikipedia as the general knowledge source is a common approach used by many prior works [5, 6, 7, 8]. We will add a discussion about this. > ### Can you revise your description about informativeness? Yes. We will revise the description to: “When a sentence does not induce contradiction, we consider it as informative. The evaluation of informativeness involves comparing the number of informative sentences in the original text with that in the revised text and calculating the ratio. Note that this ratio might exceed 100% because our mitigation can produce new informative sentences”. If the reviewer believes that the description still needs further improvement, we kindly request the reviewer to let us know. > ### How do you motivate your prompts? For “Trigger”, we have motivated that our prompt leverages cloze tests to enforce an appropriate level of constraint. For “Revise”, we have motivated that our prompt covers three aspects: removing contradiction, maintaining informativeness and coherency. For “Detect”, we will add a discussion on the benefit of our two-step chain-of-thought prompting approach. > ### Why is the length of answers a key factor that distinguishes this work from a set of existing studies? Addressing hallucinations in long text presents unique challenges. It requires handling dozens of facts, managing context, and maintaining coherency. Handling long text is explicitly listed as a future direction in the survey of [10]. This motivates our choice of open-domain text generation as our primary evaluation task. That being said, our approach is also applicable to shorter answers, as demonstrated with our experiments on PopQA [1] and the examples on our website at https://iclr9113.com/. > ### Can you compare with other methods on short answers? Can you compare with other methods that leverage external resources? Yes. Both questions are addressed by our experiments on PopQA [1], with results detailed in the global response. First, PopQA is a question-answering benchmark, where each question focuses on one specific fact answerable with short responses. Moreover, The PopQA paper [1] proposes an adaptive retrieval augmentation to improve factuality. We further demonstrate that our method accurately detects a significant number of self-contradictions on text generated with adaptive retrieval augmentation. > ### Can you provide evaluation on different temperature values, for both aLM and gLM? Yes. We have provided this evaluation in the global response. The results show that across various temperatures, self-contradictions are consistently prevalent and our method for addressing self-contradictions is robust. [1] When Not to Trust Language Models: Investigating Effectiveness of Parametric and Non-Parametric Memories. ACL 2023 [2] Section 6. A Survey on Automated Fact-Checking. TACL 2022 [3] Section 4.2.2 Survey on Factuality in Large Language Models: Knowledge, Retrieval and Domain-Specificity. arXiv:2310.07521 [4] Section 6. A Survey on Retrieval-Augmented Text Generation. arXiv:2202.01110 [5] FACTSCORE: Fine-grained Atomic Evaluation of Factual Precision in Long Form Text Generation. EMNLP 2023 [6] Reading Wikipedia to Answer Open-Domain Questions. ACL 2017 [7] Wizard of Wikipedia: Knowledge-powered Conversational Agents. ICLR 2019 [8] KILT: a Benchmark for Knowledge Intensive Language Tasks. NAACL 2021 [9] Machine Learning with a Reject Option: A survey. arXiv:2107.11277 [10] Section 6.2. Survey of Hallucination in Natural Language Generation. ACM Computing Surveys Vol 55 Issue 12

We would like to thank reviewer 3teD for providing insightful feedback. We hope that our rebuttal has addressed all of the reviewer’s questions, are happy to provide more details, and look forward to the reviewer’s response to our rebuttal. > ### Limitation and significance of self-contradiction. We agree with the reviewer that our work does not solve all types of hallucinations. In fact, we have explicitly stated this limitation in the initial submission (at the end of Section 7). However, we still believe our contribution is significant, because self-contradiction occurs frequently and our approach complements existing methods that retrieve external resources. More on the latter is provided in subsequent answers and the global response. > ### Can you extend your evaluation to another existing dataset? Yes. We have added another evaluation on PopQA [1], a question-answering benchmark suggested by reviewer a7zQ. We have also performed human annotation for this experiment. The results show that our method can precisely detect a large number of self-contradictions, for both vanilla and retrieval-augmented generation. More details can be found in the global response and will be discussed in subsequent answers. > ### How comprehensive is your human-labeled evaluation dataset? While having added more evaluation data, we would like to emphasize that our current human-labeled dataset is already comprehensive. It covers 4 different LLMs, meaning that we perform separate annotations for each LLM. To address sampling variance, we generate and annotate 3 descriptions for each entity. Furthermore, to improve quality, each annotation label results from a joint effort of 2 annotators. > ### Can you provide more analysis on the relationship between aLM and gLM? Yes. The following table presents the detection results with all four combinations of ChatGPT and GPT-4 as gLM and aLM. We can observe (i) gLM and aLM should be different to achieve optimal F1 scores: ChatGPT-GTP-4 outperforms ChatGPT-ChatGPT, and GPT-4-ChatGPT outperforms GPT-4-GPT-4; (ii) Compared to ChatGPT, GPT-4 generates content that is more nuanced and more difficult to classify: in terms of F1 score, ChatGPT-ChatGPT outperforms GPT-4-ChatGPT, and ChatGPT-GPT-4 outperforms GPT-4-GPT-4. | gLM | aLM | P | R | F1 | |---------|---------|-------|-------|-------| | ChatGPT | ChatGPT | 84.2% | 83.2% | 83.7% | | ChatGPT | GPT-4 | 91.3% | 82.1% | 86.5% | | GPT-4 | ChatGPT | 80.1% | 79.7% | 79.9% | | GPT-4 | GPT-4 | 88.3% | 65.7% | 75.3% | > ### How does your conservative mitigation approach position in ML literature? Our approach for removing contradictory information offers a novel perspective on mitigating hallucinations compared to the traditional correction approach. The motivation is to prevent LMs from generating mistakes when they are uncertain about specific facts. It aligns well with machine learning approaches that incorporate a reject or abstention option [9]. > ### If one of the answers is correct, it would be better to keep it instead of removing it. We acknowledge the value of keeping the original answers, and indeed, we do have such a feature in our tool at https://iclr9113.com/. Users can easily access the original answers by clicking on the revised answer. > ### What is your argument on the relationship between your method and other methods that retrieve external resources? The reviewer may have a misunderstanding of our paper, thinking that we advocate for an exclusive choice between our approach and methods that retrieve external resources. To clarify, our paper actually only argues that our approach **complements** retrieval-based methods. In other words, while these two approaches can be used alone, they can also co-exist and their combination can yield improved performance. For more details, please search for the word “complement” in our initial submission or examine the paragraph “Self-contradiction vs. Knowledge Retrieval”. We fully appreciate and agree with the reviewer on the value of retrieval-based methods. However, it is equally important to recognize their limitations, which have been extensively discussed [1, 2, 3, 4]. First, retrieval can be infeasible or prohibitively expensive in certain domains. Second, the retrieved information can be insufficient, inaccurate, or misleading, due to various factors such as the quality of the knowledge base or the retriever’s imprecision. As shown in our paper, even a resource as comprehensive as Wikipedia falls short in verifying a large portion of self-contradictions. Therefore, our approach serves as a valuable complementary solution to address these shortcomings. We have also strengthened the above argument experimentally with the PopQA benchmark [1], which can be found in the global response and covers self-contradiction detection on top of retrieval augmented model output.

We would like to thank reviewer a7zQ for providing insightful feedback. We hope that our rebuttal has addressed all of the reviewer’s questions, are happy to provide more details, and look forward to the reviewer’s response to our rebuttal. > ### Why does your mitigation even work at all? Our mitigation approach **does not correct** hallucinations. Instead, it **removes** contradictory information that already exists in the two sentences. Our removal can be achieved by comparing the two sentences and does not rely on external knowledge. For instance, in Figure 3, the two sentences provide conflicting information about the birth date for William T. Freeman. This inconsistency can be removed without knowing Freeman’s actual birth date, by dropping the information about the birth date entirely from the sentence. It is rare but not impossible that LLMs introduce a new hallucination when generating the revised sentence. Since our mitigation algorithm is iterative, these new hallucinations are resolved in subsequent iterations. Our removal approach offers a novel perspective on mitigating hallucinations compared to the traditional correction approach. The motivation is to prevent LMs from generating mistakes when they are uncertain about specific facts. It aligns well with machine learning approaches that incorporate a reject or abstention option [2]. > ### How do the annotators manually verify contradictory information using Wikipedia? The annotators read relevant Wikipedia articles and perform verification through a combination of human understanding and text searches. To enhance coverage, they are asked to examine various articles: (i) articles of all entities in the contradictory sentences; (ii) articles of relevant entities mentioned in (i); (iii) If non-English articles provided more information than English counterparts, the annotators used Google Translate to review non-English versions translated to English. To improve annotation accuracy, each piece of contradictory information must be examined by two annotators independently. Then, the two annotators discuss to resolve inconsistent cases and reach final decisions. We believe that the above protocol has resulted in high-quality verification annotations. We will incorporate this discussion into the paper. UPDATE: As suggested by reviewer 3teD, we additionally ask the annotators to use web search and examine broader online text. However, since Wikipedia already has a high coverage, the unverifiability numbers do not change significantly and our claims still hold. > ### Do you consider the information extraction system as external grounded knowledge? No. First, the information extraction system CompactIE does not retrieve any additional, external knowledge at any point. It only sees the sentences generated by gLM as input and outputs fact triples that are guaranteed to be spans of the input sentences. For example, from the sentence “X does Y”, it would extract the triple (“X”, “does”, “Y”). Second, CompactIE is based on a small BERT model with 110M parameters [3]. In contrast, external grounded knowledge typically refers to input-dependent text retrieved from considerably larger knowledge bases, such as Wikipedia. We will update the paper to clarify this. > ### For your work, “entity” seems a better term than “topic”. We agree and will update the paper to replace “topic” with “entity”. > ### Can you provide experiments on PopQA [1], an existing entity-centric QA dataset? Yes. We have provided this experiment in the global response. The results show that our method can accurately detect a large number of self-contradictions, for both vanilla and retrieval-augmented generation. > ### How is mitigation performance influenced by the value of n? The initial submission includes an ablation study on this. Please refer to the paragraph “Ablation Study on Mitigation” in Appendix B. Our ablation study shows that each iteration progressively removes self-contradictions, while preserving fluency and informativeness. The mitigation converges quickly after three iterations, which is why we choose $n=3$. > ### The value of n seems to fluctuate based on the size of |x|. We believe that there is a misunderstanding. The value of n is fixed at $n=3$ throughout all experiments presented in the paper and we do not intend to suggest at any point that n should be adapted based on |x|. [1] When Not to Trust Language Models: Investigating Effectiveness of Parametric and Non-Parametric Memories. ACL 2023 [2] Machine Learning with a Reject Option: A survey. arXiv:2107.11277 [3] CompactIE: compact facts in open information extraction. NAACL 2022"	"We thank the reviewer for engaging in the discussion and are glad that we could address some of their concerns. In this comment, we strive to address the remaining concerns. > ### Have you already considered using retrieval results in your evaluation? Yes. The PopQA paper [1] proposes an adaptive retrieval method to improve the factuality of QA. Our experiments on PopQA in the global response include a scenario where the results of adaptive retrieval are used to augment generation, as done in [1]. In this scenario, our method is still effective and finds a large number of self-contradictions (12.7% for ChatGPT and 21.5% for Llama2-70B-Chat). We find that self-contradictions occur specifically when the retrieval results do not contain relevant information. > ### Why is your removal-based revision valuable, even when retrieval-based methods exist? Retrieval-based methods come with limitations. First, retrieval can be infeasible or prohibitively expensive in certain domains. Second, the retrieved information can be insufficient, inaccurate, or misleading, due to various factors such as the quality of the knowledge base or the retriever’s imprecision. These limitations are extensively discussed in prior works [1, 2, 3, 4], explained at the end of Section 3 in our paper, and verified in our experiments. When ground truth information cannot be retrieved, the only way to improve factuality is to remove non-factual information, as done with our approach. > ### How does your approach compare to other methods on short text? Regarding experimental comparison, we have already evaluated our approach on top of PopQA generations. The results have demonstrated that our approach finds a significant number of self-contradictions on top of the adaptive retrieval method proposed by [1] to improve the factuality of short QA. Moreover, in the Table below, we provide a qualitative comparison between our approach and existing works that focus on short text. This comparison shows that our work is more comprehensive and has broader applicability. | | consideration of long text | applicability to black-box LMs | independence from external knowledge | detection | mitigation | |---|---|---|---|---|---| | Our work | ✔ | ✔ | ✔ | ✔ | ✔ | | [1] | ✘ | ✔ | ✘ | ✘ | ✔ | | [5] | ✘ | ✘ | ✔ | ✔ | ✘ | | [6] | ✘ | ✘ | ✔ | ✔ | ✘ | | [7] | ✘ | ✘ | ✔ | ✔ | ✔ | | [8] | ✘ | ✔ | ✔ | ✔ | ✘ | > ### Why do you highlight the ability of your approach for long text, if it is applicable to both long and short texts? We consider handling long text as one of our key contributions. First, it is a challenging task that requires handling dozens of facts, managing context, and maintaining coherency; Second, most prior work did not consider addressing long text (e.g., those in the table above), making our work novel. That being said, we have also included our results on short QA into the paper PDF and have provided sufficient discussion about the genericity of our work (e.g., the last paragraph of Section 1, the last paragraph of Section 5, the first paragraph of Section 6, Appendix C). > ### Addressing other concerns We discuss how we address other review concerns: - **Improved coverage of entities**: We agree with the reviewer that the number of topics for our evaluation on open-domain text generation is not super large and scaling it up would cost significant human efforts. However, our evaluation in the global response has included 1500 topics from the PopQA dataset [1], which addresses the issue. - **Using web search for annotating verifiability**: We have followed the review suggestion to additionally perform web search for annotating verifiability and have updated the numbers. As expected, the new numbers are not significantly different from previous ones and our claims still hold. - **More reasoning for experiment results**: We have updated Appendix B to provide more analysis on our evaluation results. Specifically, we have provided the missing reasons for choosing the detection prompt, while we believe the motivation for choosing the trigger prompt has been sufficiently discussed. Moreover, we have provided plausible reasons on the experiment results regarding the relationship between aLM and gLM. [1] When Not to Trust Language Models: Investigating Effectiveness of Parametric and Non-Parametric Memories. ACL 2023 [2] Section 2.2. A Survey on Automated Fact-Checking. TACL 2022 [3] Section 5.3 Survey on Factuality in Large Language Models: Knowledge, Retrieval and Domain-Specificity. arXiv:2310.07521 [4] Section 6. A Survey on Retrieval-Augmented Text Generation. arXiv:2202.01110 [5] Semantic uncertainty: Linguistic invariances for uncertainty estimation in natural language generation. ICLR, 2023 [6] The internal state of an LLM knows when it's lying. arXiv:2304.13734 [7] Measuring and improving consistency in pretrained language models. TACL 2021 [8] LM vs LM: detecting factual errors via cross-examination. arXiv:2305.13281

We thank the reviewers again for their constructive feedback and eagerly anticipate their response to our rebuttal. We have performed additional evaluation of Llama2-70B-Chat on the PopQA benchmark and have updated the corresponding part of the Global Response. Moreover, we have incorporated the entire rebuttal into our paper and submitted a rebuttal revision of the PDF, making the following changes: - Our paper has seamlessly integrated our PopQA results, including a discussion on the instantiation of our approach to different text generation tasks such as question answering (Section 5) and the PopQA experiments (Section 6.2 and Appendix C). This integration has significantly improved the generality and practical usefulness of our work. - Appendix B now includes the other two suggested experiments, specifically different choices of temperature values and an analysis of the relationship between aLM and gLM. These additions demonstrate the robustness of our approach. - We have added or revised text to address all other review feedback, thereby enhancing the overall clarity, detail and coherence of the paper. - Several minor adjustments have been made to improve the writing quality.

We would like to thank reviewer 3teD for providing insightful feedback. We hope that our rebuttal has addressed all of the reviewer’s questions, are happy to provide more details, and look forward to the reviewer’s response to our rebuttal. > ### Limitation and significance of self-contradiction. We agree with the reviewer that our work does not solve all types of hallucinations. In fact, we have explicitly stated this limitation in the initial submission (at the end of Section 7). However, we still believe our contribution is significant, because self-contradiction occurs frequently and our approach complements existing methods that retrieve external resources. More on the latter is provided in subsequent answers and the global response. > ### Can you extend your evaluation to another existing dataset? Yes. We have added another evaluation on PopQA [1], a question-answering benchmark suggested by reviewer a7zQ. We have also performed human annotation for this experiment. The results show that our method can precisely detect a large number of self-contradictions, for both vanilla and retrieval-augmented generation. More details can be found in the global response and will be discussed in subsequent answers. > ### How comprehensive is your human-labeled evaluation dataset? While having added more evaluation data, we would like to emphasize that our current human-labeled dataset is already comprehensive. It covers 4 different LLMs, meaning that we perform separate annotations for each LLM. To address sampling variance, we generate and annotate 3 descriptions for each entity. Furthermore, to improve quality, each annotation label results from a joint effort of 2 annotators. > ### Can you provide more analysis on the relationship between aLM and gLM? Yes. The following table presents the detection results with all four combinations of ChatGPT and GPT-4 as gLM and aLM. We can observe (i) gLM and aLM should be different to achieve optimal F1 scores: ChatGPT-GTP-4 outperforms ChatGPT-ChatGPT, and GPT-4-ChatGPT outperforms GPT-4-GPT-4; (ii) Compared to ChatGPT, GPT-4 generates content that is more nuanced and more difficult to classify: in terms of F1 score, ChatGPT-ChatGPT outperforms GPT-4-ChatGPT, and ChatGPT-GPT-4 outperforms GPT-4-GPT-4. | gLM | aLM | P | R | F1 | |---------|---------|-------|-------|-------| | ChatGPT | ChatGPT | 84.2% | 83.2% | 83.7% | | ChatGPT | GPT-4 | 91.3% | 82.1% | 86.5% | | GPT-4 | ChatGPT | 80.1% | 79.7% | 79.9% | | GPT-4 | GPT-4 | 88.3% | 65.7% | 75.3% | > ### How does your conservative mitigation approach position in ML literature? Our approach for removing contradictory information offers a novel perspective on mitigating hallucinations compared to the traditional correction approach. The motivation is to prevent LMs from generating mistakes when they are uncertain about specific facts. It aligns well with machine learning approaches that incorporate a reject or abstention option [9]. > ### If one of the answers is correct, it would be better to keep it instead of removing it. We acknowledge the value of keeping the original answers, and indeed, we do have such a feature in our tool at https://iclr9113.com/. Users can easily access the original answers by clicking on the revised answer. > ### What is your argument on the relationship between your method and other methods that retrieve external resources? The reviewer may have a misunderstanding of our paper, thinking that we advocate for an exclusive choice between our approach and methods that retrieve external resources. To clarify, our paper actually only argues that our approach **complements** retrieval-based methods. In other words, while these two approaches can be used alone, they can also co-exist and their combination can yield improved performance. For more details, please search for the word “complement” in our initial submission or examine the paragraph “Self-contradiction vs. Knowledge Retrieval”. We fully appreciate and agree with the reviewer on the value of retrieval-based methods. However, it is equally important to recognize their limitations, which have been extensively discussed [1, 2, 3, 4]. First, retrieval can be infeasible or prohibitively expensive in certain domains. Second, the retrieved information can be insufficient, inaccurate, or misleading, due to various factors such as the quality of the knowledge base or the retriever’s imprecision. As shown in our paper, even a resource as comprehensive as Wikipedia falls short in verifying a large portion of self-contradictions. Therefore, our approach serves as a valuable complementary solution to address these shortcomings. We have also strengthened the above argument experimentally with the PopQA benchmark [1], which can be found in the global response and covers self-contradiction detection on top of retrieval augmented model output."				
6.200	KS8mIvetg2__r02	Proving Test Set Contamination in Black-Box Language Models	8: accept, good paper	3: You are fairly confident in your assessment. It is possible that you did not understand some parts of the submission or that you are unfamiliar with some pieces of related work. Math/other details were not carefully checked.	fixed	priority_secondary_structured	structured=fixed; issue_ledger=unresolved		regressed	fixed	fixed	fixed	unresolved	fixed	"[weaknesses] The experiments do not compare the performance of the proposed tests to prior work. I understand that this work differs from say, the work from Carlini et al. in that this work focuses on set-level contamination, but how does aggregating instance-level statistics over a set compare?

[questions] - How does the performance of this method compare to that of prior work (see Weakness) - How sensitive is the proposed test to the model size?

[summary] This paper studies the problem of identifying test set contamination in large language models, i.e., detecting that a test set is present in the pretraining data of a language model. The main idea behind the approach is that for test sets that have some canonical order of individual instances (e.g.: the order in which the dataset creators release the dataset), the likelihood of the test set in that order would be significantly higher than any random permutation of the dataset. Based on this idea, the paper proposes two versions of the test, one of which shards the test set and aggregates statistics over the shards to make the estimate more robust to potential biases in the model. The tests are evaluated first by measuring their sensitivity when pretraining datasets are intentionally contaminated. It is shown that they are highly sensitive when the tests sets are large or have been duplicated enough in the pretraining data. The test is then used to measure contamination of the pretraining data used to train the Llama models and it is shown that the findings agree with prior reports."	Thank you for your thorough analysis and constructive feedback on our paper. We appreciate the opportunity to clarify the points raised and to provide additional insights into our research. N-gram overlap is a commonly utilized measure of contamination in the literature; however, it should be noted that it acts more as a measurement tool rather than as a definition of contamination. N-gram overlap may fail to distinguish between coincidental overlap and genuine contamination in some situations, and has been observed to potentially lead to false positives under certain conditions. For example, the Stanford Question-Answering Dataset (SQuAD v2) uses background information derived from Wikipedia, and in the GPT-3 paper, Brown et. al. (2020) find high N-gram overlap for this reason, even if labels are not present in the data and no true contamination exists. Please see pg. 43 of that paper for examples of false positives in their contamination study. We believe that the definition introduced in our paper, of contamination as a statistical dependence between the model and the dataset, is precise and formal, and better captures the notion of contamination as a transfer of information ...	"Thank you for your thorough analysis and constructive feedback on our paper. We appreciate the opportunity to clarify the points raised and to provide additional insights into our research. N-gram overlap is a commonly utilized measure of contamination in the literature; however, it should be noted that it acts more as a measurement tool rather than as a definition of contamination. N-gram overlap may fail to distinguish between coincidental overlap and genuine contamination in some situations, and has been observed to potentially lead to false positives under certain conditions. For example, the Stanford Question-Answering Dataset (SQuAD v2) uses background information derived from Wikipedia, and in the GPT-3 paper, Brown et. al. (2020) find high N-gram overlap for this reason, even if labels are not present in the data and no true contamination exists. Please see pg. 43 of that paper for examples of false positives in their contamination study. We believe that the definition introduced in our paper, of contamination as a statistical dependence between the model and the dataset, is precise and formal, and better captures the notion of contamination as a transfer of information between the test set and the model—not simply a correlation that appears because both the test set and pre-training data share information. While verbatim contamination of ordered data does not encompass all forms of contamination, we found that the presence of ordered test sets in pre-training data is surprisingly common. A search of The Pile, a large open-source language modeling dataset, yielded numerous instances of real-world datasets embedded with examples appearing in-order; see our top-level comment for an example. In pre-training, shuffling of the data occurs at the document level, and is not typically applied to the data within a document. Files collected from the internet would typically be treated as singular documents in dataset construction pipelines. More importantly, the use of ordering allows us to give provable guarantees of contamination, which is more difficult to achieve for other, less direct forms of contamination. Our work is the only existing contamination detection method for language models to give guarantees of this kind. Regarding concerns about sensitivity of the test to the shard count, figure 3 (left) shows that a wide range of shard counts (between 10 and 150) attain p-values below 1e-4. Once the p-value is low enough that statistical significance is attained, there is no added benefit to lowering the p-value. Therefore, the plot suggests that the test is robust to shard count, so long as the shard count is not too low (so that the t-test can still be used reasonably), and not too high (so that there are enough examples per shard to get sufficient signal from log-prob differences.) Similarly, figure 3 (right) shows that increasing the permutation count monotonically decreases the p-value, and that the p-value stabilizes beyond about 25 permutations per shard. This suggests that the test is not sensitive to the permutation count, provided that the permutation count is not too low. Our empirical results use a permutation count of at least 50. We welcome further discussion on this point to ensure we fully understand and address your concerns. Detecting contamination at the instruction fine-tuning stage would be interesting follow-up work, but is complicated by the fact that examples are commonly shuffled in this setting, and so we cannot test against a known example order. In this setting, heuristic methods may prove to be more effective. We hope this response has addressed your concerns effectively. We are grateful for the chance to discuss our work's potential, and wish to thank you again for your valuable input.

We are sincerely grateful to the reviewers for dedicating their time and effort to review our work, and we appreciate the recognition of the novelty of using exchangeability for contamination detection and the significance of our contribution given the discourse surrounding contamination in the field. We address each reviewer's comments in detail below. We have made numerous updates to the submission, most notably with the results of our test on four popular open models and eight commonly used benchmarks. One question shared by multiple reviewers is regarding the exact notion of contamination we consider in this work. Rather than consider a definition based on heuristics like n-gram overlap, we consider contamination detection as the problem of detecting statistical dependence between the test data and model parameters. Within this setting, our work shows that it is possible to provide provable guarantees of contamination in the case of verbatim contamination, where the full test set (with examples and labels) is embedded in the pretraining data. To illustrate the relevance of this setting, we note that a search of The Pile, a large open-source language modeling dataset, yielded numerous instances of small real-world datasets embedded with examples appearing in-order. As one example, the following is an excerpt from a dataset for an annotation tool made by Explosion, the creators of spaCy, a popular natural language processing framework, found in The Pile: ``` {""text"":""Uber\u2019s Lesson: Silicon Valley\u2019s Start-Up Machine Needs Fixing"",""meta"":{""source"":""The New York Times""}} {""text"":""Pearl Automation, Founded by Apple Veterans, Shuts Down"",""meta"":{""source"":""The New York Times""}} {""text"":""How Silicon Valley Pushed Coding Into American Classrooms"",""meta"":{""source"":""The New York Times""}} Source: https://github.com/explosion/prodigy-recipes/tree/fc06f6a6d93bc477e98cf0d8357c39322e4f5a6a ``` What our work shows is that by exploiting exchangeability in this setting, we are able to provide guarantees on the false positive rate of our test. Multiple reviewers indicated the desire for a comparison against a baseline method. While no other existing work is comparable in the sense that it provides a statistical proof of contamination like ours, we provide a comparison against a state of the art heuristic method for contamination detection called Min-K% Prob, proposed by Shi et. al. (2023) contemporaneous to our work. We use the same pretrained model and test sets from our experiments in Section 4.1. | Dataset | Duplication Count | Sharded p (ours) | Percent Contaminated (Min-K%-Prob) | |------------|-------------------|------------------|------------------------------------| | BoolQ | 1 | 0.156 | 3% | | HellaSwag | 1 | 0.478 | 2% | | MNLI | 10 | 1.96e-11 | 100% | | MMLU-Pro-Law | 50 | 1e-38 | 90% | | MMLU-HS-Psych | 100 | 1e-38 | 74% | Our run of Min-k%-Prob follows the methodology outlined in the paper; we run the method on one hundred 512-token spans sampled from each benchmark, and tune the decision threshold on a validation set of five of our contaminated test sets, and five test sets not used in our data mixture (uncontaminated). The threshold is tuned for a false positive rate of 5% to allow for a meaningful comparison against our test. A value of k=20 is used as is recommended in the paper. We find that our method matches or exceeds the performance of this state of the art heuristic method, while also providing statistical proof of contamination.

Thank you for your recognition of our work and for your insightful comments. This work differs from prior work in two key ways: in the definition and setting considered and in the resultant provable guarantees. We consider contamination detection as the problem of detecting a statistical dependence between the test data and model parameters, and show that we can provide provable guarantees in the case of verbatim contamination, where the full test set (with examples and labels) is embedded in the pretraining data. Prior work is primarily heuristic in nature; To our knowledge, our work is the first of its kind to provide provable guarantees of contamination for language models. For comparison against a baseline, we provide a comparison against a contamination detection method called Min-K% Prob, a state of the art heuristic method for contamination detection in language models proposed contemporaneous to our work by Shi et. al. (2023). We find that our method matches or exceeds the performance of this state of the art heuristic method. Please see the table in the top-level comment for numbers. Thank you for your question regarding the impact of model size on the performance of the test. Existing work on memorization in language models suggests that larger models memorize their training data more strongly. For example, Carlini et. al. (2023) show that both model size and repetitions in the training data increase the extractability of training data sequences. Our empirical results show that the power of our test increases dramatically in the number of repetitions (duplication rate), and we posit that our test enjoys a similar increase in power for larger model sizes, since larger models likely memorize example order more strongly. We present preliminary results on the impact of model size on the power of our test. We evaluated three models of increasing parameter counts trained on the same data mixtures as in section 4.1, on the test sets present in the pretraining data at a duplication rate of 1. These results suggest that the test performs better with larger models. | Parameter Count | Average Logarithm of P-Value | |-----------------|---------| | 355M | -1.427 | | 774M | -1.825 | | 1500M | -12.783 |"	"Thank you for your recognition of our work and for your insightful comments. This work differs from prior work in two key ways: in the definition and setting considered and in the resultant provable guarantees. We consider contamination detection as the problem of detecting a statistical dependence between the test data and model parameters, and show that we can provide provable guarantees in the case of verbatim contamination, where the full test set (with examples and labels) is embedded in the pretraining data. Prior work is primarily heuristic in nature; To our knowledge, our work is the first of its kind to provide provable guarantees of contamination for language models. For comparison against a baseline, we provide a comparison against a contamination detection method called Min-K% Prob, a state of the art heuristic method for contamination detection in language models proposed contemporaneous to our work by Shi et. al. (2023). We find that our method matches or exceeds the performance of this state of the art heuristic method. Please see the table in the top-level comment for numbers. Thank you for your question regarding the impact of model size on the performance of the test. Existing work on memorization in language models suggests that larger models memorize their training data more strongly. For example, Carlini et. al. (2023) show that both model size and repetitions in the training data increase the extractability of training data sequences. Our empirical results show that the power of our test increases dramatically in the number of repetitions (duplication rate), and we posit that our test enjoys a similar increase in power for larger model sizes, since larger models likely memorize example order more strongly. We present preliminary results on the impact of model size on the power of our test. We evaluated three models of increasing parameter counts trained on the same data mixtures as in section 4.1, on the test sets present in the pretraining data at a duplication rate of 1. These results suggest that the test performs better with larger models. | Parameter Count | Average Logarithm of P-Value | |-----------------|---------| | 355M | -1.427 | | 774M | -1.825 | | 1500M | -12.783 |

We are sincerely grateful to the reviewers for dedicating their time and effort to review our work, and we appreciate the recognition of the novelty of using exchangeability for contamination detection and the significance of our contribution given the discourse surrounding contamination in the field. We address each reviewer's comments in detail below. We have made numerous updates to the submission, most notably with the results of our test on four popular open models and eight commonly used benchmarks. One question shared by multiple reviewers is regarding the exact notion of contamination we consider in this work. Rather than consider a definition based on heuristics like n-gram overlap, we consider contamination detection as the problem of detecting statistical dependence between the test data and model parameters. Within this setting, our work shows that it is possible to provide provable guarantees of contamination in the case of verbatim contamination, where the full test set (with examples and labels) is embedded in the pretraining data. To illustrate the relevance of this setting, we note that a search of The Pile, a large open-source language modeling dataset, yielded numerous instances of small real-world datasets embedded with examples appearing in-order. As one example, the following is an excerpt from a dataset for an annotation tool made by Explosion, the creators of spaCy, a popular natural language processing framework, found in The Pile: ``` {""text"":""Uber\u2019s Lesson: Silicon Valley\u2019s Start-Up Machine Needs Fixing"",""meta"":{""source"":""The New York Times""}} {""text"":""Pearl Automation, Founded by Apple Veterans, Shuts Down"",""meta"":{""source"":""The New York Times""}} {""text"":""How Silicon Valley Pushed Coding Into American Classrooms"",""meta"":{""source"":""The New York Times""}} Source: https://github.com/explosion/prodigy-recipes/tree/fc06f6a6d93bc477e98cf0d8357c39322e4f5a6a ``` What our work shows is that by exploiting exchangeability in this setting, we are able to provide guarantees on the false positive rate of our test. Multiple reviewers indicated the desire for a comparison against a baseline method. While no other existing work is comparable in the sense that it provides a statistical proof of contamination like ours, we provide a comparison against a state of the art heuristic method for contamination detection called Min-K% Prob, proposed by Shi et. al. (2023) contemporaneous to our work. We use the same pretrained model and test sets from our experiments in Section 4.1. | Dataset | Duplication Count | Sharded p (ours) | Percent Contaminated (Min-K%-Prob) | |------------|-------------------|------------------|------------------------------------| | BoolQ | 1 | 0.156 | 3% | | HellaSwag | 1 | 0.478 | 2% | | MNLI | 10 | 1.96e-11 | 100% | | MMLU-Pro-Law | 50 | 1e-38 | 90% | | MMLU-HS-Psych | 100 | 1e-38 | 74% | Our run of Min-k%-Prob follows the methodology outlined in the paper; we run the method on one hundred 512-token spans sampled from each benchmark, and tune the decision threshold on a validation set of five of our contaminated test sets, and five test sets not used in our data mixture (uncontaminated). The threshold is tuned for a false positive rate of 5% to allow for a meaningful comparison against our test. A value of k=20 is used as is recommended in the paper. We find that our method matches or exceeds the performance of this state of the art heuristic method, while also providing statistical proof of contamination.

Thank you for your thorough review and valuable feedback on our work. We'd like to address the concern regarding the computational complexity of our test. It's important to note that the test is a one-time process for any given model and dataset; once the p-values are computed, there is no need for recalculation. Our findings indicate that a number of permutations beyond 30-50 per shard offers diminishing returns, as shown in Figure 3 (right). Furthermore, the test's design allows for easy parallelization. Each shard permutation can be evaluated independently, enabling the use of inexpensive commodity hardware to run the test significantly faster. Regarding the assumption of data exchangeability, this is a strictly weaker condition than the commonly held assumption of independent and identically distributed (I.I.D.) data in machine learning. Most datasets satisfy this assumption to some extent. We acknowledge the validity of our test hinges on data exchangeability. However, depending on the source of non-exchangeability, it is often the case that a dataset can be altered slightly so that our test is still valid. For example, a common source of non-exchangeability is the presence of ascending IDs (e.g. as in SQuAD and HumanEval). We can adjust the data—by either removing these IDs or permuting the examples while keeping IDs constant—to retain the test's applicability. This is discussed in more detail in the revised paper. Finally, we appreciate your suggestion to include baseline comparisons. We provide a comparison against a contamination detection method called Min-K% Prob, a state of the art heuristic method for contamination detection in language models proposed contemporaneous to our work by Shi et. al. (2023). We find that our method matches or exceeds the performance of this state of the art heuristic method. Please see the table in the top-level comment for numbers."				
6.200	327tbF3S65__r02	DDMI: Domain-agnostic Latent Diffusion Models for Synthesizing High-Quality Implicit Neural Representations	6: marginally above the acceptance threshold	3: You are fairly confident in your assessment. It is possible that you did not understand some parts of the submission or that you are unfamiliar with some pieces of related work. Math/other details were not carefully checked.	partially_fixed	priority_secondary_structured	structured=partially_fixed; issue_ledger=unresolved		fixed	partially_fixed	fixed	partially_fixed	unresolved	partially_fixed	"[weaknesses] - I'm a bit concerned about the soundness of D2C-VAE the paper proposed. Specifically, how to justify eq. (2) is a valid training objective, does it correspond to an ELBO of a log-likelihood function? It'd be better to formulate the problem and training objective in a more principled and statistically sound way, e.g., by expressing everything in the function space. - It'd be nicer to have some intuitive explanation on the reason why modeling PE works better than modeling the the rendering function $\omega$. - All experimental results are shown on relatively easy datasets on images, 3d and videos.Would be curious to see how this approach work with more challenging and scaled up datasets on various domain.

[questions] Please see the comments above.

[summary] This paper proposes a domain-agnostic latent diffusion models for generating implicit neural representations across three domains: images, videos, and 3D shapes. The main novelty is that they let the latent variables generating adaptive basis fields for different examples, and learn a single rendering function afterwards. Multi-resolution basis fields have been used to further boost the performance. Extensive experiments have been performed on those three domains to showcase that the method works better than other domain-agnostic INR approaches."	We appreciate the reviewer for the valuable feedback. We will address the raised questions below. 1. **[W1] Regarding the soundness of eq.(2).** We would like to clarify the rationale behind our D2C-VAE. The objective of D2C-VAE is to maximize the ELBO of the log-likelihood of a continuous function $\boldsymbol{\omega}$ with the discrete data $\textbf{x}$. It is articulated below based on the standard variational inference principles: $$ \begin{align} \log p(\boldsymbol{\omega}) & = \log \int p_{\psi, \pi_\theta}(\boldsymbol{\omega}| \mathbf{z}) \cdot p(\mathbf{z}) d\mathbf{z} \\\\ & = \log \int \frac{p_{\psi, \pi_\theta}(\boldsymbol{\omega}|\mathbf{z})}{q_\phi(\mathbf{z}|\mathbf{x})} \cdot q_\phi(\mathbf{z}|\mathbf{x}) \cdot p(\mathbf{z}) d\mathbf{z} \\\\ & \geq \int \log \left(\frac{p_{\psi, \pi_\theta}(\boldsymbol{\omega}|\mathbf{z})}{q_\phi(\mathbf{z}|\mathbf{x})} \cdot p(\mathbf{z}) \right) \cdot q_\phi(\mathbf{z}|\mathbf{x}) \ d\mathbf{z} \\\\ & = \int q_\phi(\mathbf{z}|\mathbf{x}) \cdot \left( \log p_{\psi, \pi_\theta}(\boldsymbol{\omega}|\mathbf{z}) - \log \left( \frac{q_\phi(\mathbf{z}|\mathbf{x})}{p(\mathbf{z})} \right) \right) \\\\ & = E_{q_\phi(\mathbf{z}|\mathbf{x})...	"We appreciate the reviewer for the valuable feedback. We will address the raised questions below. 1. **[W1] Regarding the soundness of eq.(2).** We would like to clarify the rationale behind our D2C-VAE. The objective of D2C-VAE is to maximize the ELBO of the log-likelihood of a continuous function $\boldsymbol{\omega}$ with the discrete data $\textbf{x}$. It is articulated below based on the standard variational inference principles: $$ \begin{align} \log p(\boldsymbol{\omega}) & = \log \int p_{\psi, \pi_\theta}(\boldsymbol{\omega}| \mathbf{z}) \cdot p(\mathbf{z}) d\mathbf{z} \\\\ & = \log \int \frac{p_{\psi, \pi_\theta}(\boldsymbol{\omega}|\mathbf{z})}{q_\phi(\mathbf{z}|\mathbf{x})} \cdot q_\phi(\mathbf{z}|\mathbf{x}) \cdot p(\mathbf{z}) d\mathbf{z} \\\\ & \geq \int \log \left(\frac{p_{\psi, \pi_\theta}(\boldsymbol{\omega}|\mathbf{z})}{q_\phi(\mathbf{z}|\mathbf{x})} \cdot p(\mathbf{z}) \right) \cdot q_\phi(\mathbf{z}|\mathbf{x}) \ d\mathbf{z} \\\\ & = \int q_\phi(\mathbf{z}|\mathbf{x}) \cdot \left( \log p_{\psi, \pi_\theta}(\boldsymbol{\omega}|\mathbf{z}) - \log \left( \frac{q_\phi(\mathbf{z}|\mathbf{x})}{p(\mathbf{z})} \right) \right) \\\\ & = E_{q_\phi(\mathbf{z}|\mathbf{x})}\left[\log p_{\psi, \pi_\theta}(\boldsymbol{\omega}|\mathbf{z}) \right] - D_{KL}(q_\phi(\mathbf{z}|\mathbf{x}) || p(\mathbf{z})) \end{align} $$ where the inequality in the third line is by Jensen's inequality and the last line corresponds to Equation 2 in our paper. However, we do not have direct observations to $\boldsymbol{\omega}$, while we have access to discrete data $\textbf{x}=\boldsymbol{\omega}(\mathbf{c})$, we approximate $p_{\psi, \pi_\theta}(\boldsymbol{\omega}|\mathbf{z})$ as $$\begin{align} p_{\psi, \pi_\theta}(\boldsymbol{\omega}|\mathbf{z}) & \approx p_{\psi, \pi_\theta}(\boldsymbol{\omega(\mathbf{c})}|\mathbf{z}) \\\\ & = \prod_{c \in \mathbf{c}} p_{\psi, \pi_\theta}(\boldsymbol{\omega}(c)|\mathbf{z}), \end{align} $$ where we assume the coordinate-wise independence. This leads to the approximation in Equation 3 of our paper. Assuming the likelihood as a multivariate normal distribution with isotropic covariance ($\sigma$), $$\begin{align} p_{\psi, \pi_\theta}(\boldsymbol{\omega(\mathbf{c})}|\mathbf{z}) = \prod_{c \in \mathbf{c}} p_{\psi, \pi_\theta}(\boldsymbol{\omega}(c)|\mathbf{z}) =\prod_{c \in \mathbf{c}} \frac{1}{Z} \exp \left( - \frac{||\boldsymbol{\omega}(c) - \hat{\boldsymbol{\omega}(c)||^2_2}}{2\sigma^2} \right) \end{align} $$ where $Z$ is a normalizing constant and $\hat{\boldsymbol{\omega}}(\mathbf{c}) = \pi_\theta(\gamma(\textbf{c}, D_\psi(\mathbf{z})))$. We will update this in the appendix. $$\\\\$$ 2. **[W2] Intuition behind PE generation instead of weight generation.** We will provide the intuition of PE generation. Recent INR studies in the literature have shown the significance of positional encoding (PE) to achieve **high-quality** representations. Parametric PEs, such as hash grids and orthogonal planes with **learnable** parameters [A,B,C], exhibit a superior expressive capacity compared to fixed PE (e.g., Fourier feature mappings [D]). Thus, we favor learning to generate PE over MLP weights based on the outstanding expressive power of parametric PEs. In EG3D [E], they have demonstrated the generation of high-fidelity 3D-aware 2D images by generating tri-plane PEs based on GAN. Unlike the prior work, we propose PE generation with the latent **diffusion model**, enhancing it by our novel modules such as **multi-resolution framework (HDBF)** and **coarse-to-fine conditioning (CFC)**. --- [A] Muller et al., Instant neural graphics primitives with a multi resolution hash encoding, ACM ToG 2022 [B] Cao et al., Hexplane: A fast representation for dynamic scenes, CVPR 2023 [C] Fridovich-Keil et al., K-planes: Explicit radiance fields in space, time, and appearance, CVPR 2023 [D] Mildenhall et al., NeRF: Representing Scenes as Neural Radiance Fields for View Synthesis, ECCV 2020 [E] Chan et. al., Efficient geometry-aware 3d generative adversarial networks, CVPR 2022 $$\\\\$$ 3. **[W3] Experiments with more complex datasets.** Due to limited resources, we could not conduct experiments with more complex, large-scale datasets like Objaverse or ImageNet. Note that we have evaluated our method on a relatively larger dataset like LSUN church (126K samples ) as mentioned in the appendix. We are committed to extending our evaluation to more challenging datasets in the future.

We appreciate your thorough and insightful feedback. We will address the raised questions below. 1. **[W1, W2] Limited novelty & why dynamic PE?** Recent INR studies in the literature have evidenced the significance of positional encoding (PE) to achieve **high-quality** representations. Parametric PEs, such as hash grids and orthogonal planes with **learnable** parameters [A,B,C], exhibit a superior expressive capacity compared to fixed PE (e.g., Fourier feature mappings [D]). The outstanding expressive power of parametric PEs suggests a promising direction for generative models, favoring learning to generate PE over MLP weights. In [E], they have demonstrated the generation of high-fidelity 3D-aware 2D images by generating tri-plane PEs based on GAN. Unlike the prior work, we propose PE generation with the latent **diffusion model**, enhancing it by our novel modules such as **multi-resolution framework (HDBF)** and **coarse-to-fine conditioning (CFC)**. Indeed, at the early stage of this project, we developed a latent diffusion model for weight generation (with fixed PEs) with a hypernetwork to modulate the MLP weight of INR ($\pi$) with latent from the Encoder. The weight generation model exhibited significantly slower convergence and failed to produce high-quality samples. Due to limited resources, we are not able to provide experimental results to compare weight vs PE generation (without HDBFs and CFC). We will add the comparison in the final version. --- [A] Muller et al., Instant neural graphics primitives with a multi-resolution hash encoding, ACM ToG 2022 [B] Cao et al., Hexplane: A fast representation for dynamic scenes, CVPR 2023 [C] Fridovich-Keil et al., K-planes: Explicit radiance fields in space, time, and appearance, CVPR 2023 [D] Mildenhall et al., NeRF: Representing Scenes as Neural Radiance Fields for View Synthesis, ECCV 2020 [E] Chan et. al., Efficient geometry-aware 3d generative adversarial networks, CVPR 2022 $$\\\\$$ 2. **[W3] Scalability** Thank you for your comments on scalability. We have evaluated our method on larger datasets such as CIFAR10 and LSUN church, which contain 50K and 126K samples respectively, as detailed in Table 11 of the appendix. While we acknowledge the value of scaling to even larger datasets like Objaverse, our current resources limit this expansion. Nevertheless, we see this as a crucial next step and are exploring opportunities for such large-scale evaluations. $$\\\\$$ 3. **[W4] Significance of domain-agnostic architecture** Thank you for your insightful comment. Our domain-agnostic architecture, providing a consistent latent type for LDM, enables learning the unified priors across multiple domains, as you mentioned. We believe that our approach paves the way to a large-scale, multi-modal foundation model that encompasses 2D, 3D, or even other data types. Such a model could serve as a new tool for a wide range of cross-domain downstream tasks. $$\\\\$$ 4. **[W5] Domain-agnostic architecture of DDMI** Our framework proposes a **domain-agnostic meta-architecture** for INR generation. Also, overall training and generation schemes are the same across multiple domains. This domain-agnostic meta-architecture allows us to use identical diffusion models in the latent space for generating 2D grid latent variables $\textbf{z}$.

We thank your detailed and thoughtful feedback for our work. We will address the concerns below. 1. [W1] **Lack of references & comparison with references.** We appreciate your reference to the recent papers that we have overlooked. We will include all the papers in the manuscript. - Regarding the paper ICML 2023. Indeed, their work also employs a VAE framework for modeling INRs and utilizes multiple hyper-generators to capture different aspects of signals. However, they still model the weight space of functions with fixed PEs, similar to previous generative models for INRs. In our paper, we have proposed generating PEs instead of generating weight space, and have quantitatively shown that it is more effective in generating high-fidelity signals. This is also supported by quantitative evidence presented in the table below, where our model outperforms the VaMoH approach in terms of signal fidelity on the CelebA 64x64 dataset. | | CelebA 64x64 | | --- | --- | | VaMoH | 66.27 | | Ours | 9.74 | - Regarding the paper CVPR 2023. We want to stress that scale-free image generation demonstrated in our paper differs from the super-resolution task. (CVPR 2023) proposes a specialized model architecture and methodology tailored for super-resolution tasks, which cannot generate diverse images like ours. Therefore, it is not feasible to make a fair comparison with our work. $$\\\\$$ 2. [W2] **More details regarding interpolation/basis functions.** We will improve the manuscript accordingly within the rebuttal period and notify you after the update. $$\\\\$$ 3. [Q1] **Did you try to train a more powerful VAE latent space instead of training a latent diffusion model?** During the early stages of our research, we experimented with training more powerful VAEs, including hierarchical VAEs [A]. Nevertheless, we observed that even these advanced VAEs encounter challenges in producing high-quality INRs, primarily due to issues with the 'prior hole' phenomenon. This limitation was found to be less significant in latent diffusion models, which is why we pursued that direction. --- [A] Vahdat and Kautz, NVAE: A Deep Hierarchical Variational Autoencoder, NeurIPS 2020 $$\\\\$$ 4. [Q2] **Posterior distribution used in D2C-VAE.** We assumed multivariate normal distribution for posterior $q_\phi(\mathbf{z}|\mathbf{x})$ in all domains. $$\\\\$$ 5. [Q3] **Dimension of latent space.** The dimensions of the latent space $\textbf{z}$ are detailed in the supplementary materials, specifically in Table 9. We found that reducing the dimensionality of the latent space compromises sample quality to some extent, but it also results in a more efficient computational budget. This trade-off is consistent with observations from LDMs [B]. --- [B] Rombach et al., High-Resolution Image Synthesis with Latent Diffusion Models, CVPR 2022"	"Thank you for your reply and support. As you suggested, we have updated the manuscript to provide more details about the basis/interpolation function. In this paper, we have defined basis fields as a set of dense grids (vector fields) consisting of generated basis vectors to be interpolated for generating a positional embedding given coordinates. See Section 3.1 & Section 4 in the main paper and Appendix A & Table 9 in the Appendix, and inform us whether the revised explanation sufficiently addresses any previous concerns.

We appreciate your thorough and insightful feedback. We will address the raised questions below. 1. **[W1, W2] Limited novelty & why dynamic PE?** Recent INR studies in the literature have evidenced the significance of positional encoding (PE) to achieve **high-quality** representations. Parametric PEs, such as hash grids and orthogonal planes with **learnable** parameters [A,B,C], exhibit a superior expressive capacity compared to fixed PE (e.g., Fourier feature mappings [D]). The outstanding expressive power of parametric PEs suggests a promising direction for generative models, favoring learning to generate PE over MLP weights. In [E], they have demonstrated the generation of high-fidelity 3D-aware 2D images by generating tri-plane PEs based on GAN. Unlike the prior work, we propose PE generation with the latent **diffusion model**, enhancing it by our novel modules such as **multi-resolution framework (HDBF)** and **coarse-to-fine conditioning (CFC)**. Indeed, at the early stage of this project, we developed a latent diffusion model for weight generation (with fixed PEs) with a hypernetwork to modulate the MLP weight of INR ($\pi$) with latent from the Encoder. The weight generation model exhibited significantly slower convergence and failed to produce high-quality samples. Due to limited resources, we are not able to provide experimental results to compare weight vs PE generation (without HDBFs and CFC). We will add the comparison in the final version. --- [A] Muller et al., Instant neural graphics primitives with a multi-resolution hash encoding, ACM ToG 2022 [B] Cao et al., Hexplane: A fast representation for dynamic scenes, CVPR 2023 [C] Fridovich-Keil et al., K-planes: Explicit radiance fields in space, time, and appearance, CVPR 2023 [D] Mildenhall et al., NeRF: Representing Scenes as Neural Radiance Fields for View Synthesis, ECCV 2020 [E] Chan et. al., Efficient geometry-aware 3d generative adversarial networks, CVPR 2022 $$\\\\$$ 2. **[W3] Scalability** Thank you for your comments on scalability. We have evaluated our method on larger datasets such as CIFAR10 and LSUN church, which contain 50K and 126K samples respectively, as detailed in Table 11 of the appendix. While we acknowledge the value of scaling to even larger datasets like Objaverse, our current resources limit this expansion. Nevertheless, we see this as a crucial next step and are exploring opportunities for such large-scale evaluations. $$\\\\$$ 3. **[W4] Significance of domain-agnostic architecture** Thank you for your insightful comment. Our domain-agnostic architecture, providing a consistent latent type for LDM, enables learning the unified priors across multiple domains, as you mentioned. We believe that our approach paves the way to a large-scale, multi-modal foundation model that encompasses 2D, 3D, or even other data types. Such a model could serve as a new tool for a wide range of cross-domain downstream tasks. $$\\\\$$ 4. **[W5] Domain-agnostic architecture of DDMI** Our framework proposes a **domain-agnostic meta-architecture** for INR generation. Also, overall training and generation schemes are the same across multiple domains. This domain-agnostic meta-architecture allows us to use identical diffusion models in the latent space for generating 2D grid latent variables $\textbf{z}$.

- **Emphasizing other contributions rather than LDM.** Thank you for your valuable feedback and suggestions. In this paper, we proposed a new meta-architecture for generating INRs given discrete inputs. Our architecture uses a latent diffusion model in the latent space of an asymmetric VAE that learns a joint latent space that bridges discrete data to continuous functions. The LDM in our title/model name describes the overall architecture of the proposed method similar to other models’ names in the literature [B,C,D]. Indeed, reviewer KC2J raised a great point that our contributions are not limited to diffusion models. Our main contributions (D2C-VAE, HDBFs, CFC) are definitely applicable to other generative models, such as Normalizing Flows and GANs. As suggested, we will provide additional experiments with other generative models other than latent diffusion models to demonstrate the extensionality of our contributions. --- [B] Liu et al., AudioLDM: Text-to-Audio Generation with Latent Diffusion Models, ICML 2023 [C] Koo et al., SALAD: Part-Level Latent Diffusion for 3D Shape Generation and Manipulation, ICCV 2023 [D] Stan et al., LDM3D: Latent Diffusion Model for 3D, CVPRW 2023 $$\\\\$$ - **Improving the presentation of D2C-VAE + $\alpha$.** As suggested, we have updated the manuscript (see sections 3.1, 3.2, 4, and Appendix A). Note that we reflect on your previous feedback in the current manuscript as well (clarification on the main figure, details on projection of point clouds)."				
6.200	HX5ujdsSon__r02	In-Context Learning through the Bayesian Prism	6: marginally above the acceptance threshold	4: You are confident in your assessment, but not absolutely certain. It is unlikely, but not impossible, that you did not understand some parts of the submission or that you are unfamiliar with some pieces of related work.	fixed	priority_secondary_structured	structured=fixed; issue_ledger=unresolved		regressed	fixed	fixed	fixed	unresolved	fixed	"[weaknesses] 1. The settings examined in this study predominantly rely on synthetic data, which creates a notable disparity between the experiments and real-world data. This limits the generalizability and applicability of the findings to realistic scenarios. 2. Although the experiments are comprehensive and thought-provoking, there are certain definitions that would benefit from further clarification. Specifically, many explanations in the current version are contingent upon the capacity constraints of transformers. To enhance the illustration of the impact of transformer capacity, it is suggested that the authors include plots depicting the size of transformers in relation to the observed deviation phenomenon. This would provide a clearer understanding of the relationship between capacity and performance. 3. As an empirical investigation paper, I would suggest that the authors consider providing the code to facilitate further investigation and replication of their findings.

[questions] It is well-known that the order of demonstrations has a significant impact on the final results of in-context learning. However, it appears that the current experimental settings do not account for this influential factor. Please correct me if I have misunderstood any aspects. Moreover, I am curious if increasing the model size of transformers can alleviate the forgetting phenomenon.

[summary] The paper focuses on the phenomenon of in-context learning (ICL) in large language models (LLMs) and aims to understand the underlying inductive biases that enable successful generalization to new functions. The authors propose a hierarchical meta-ICL setup that encompasses multiple task families and investigate the empirical performance of LLMs in this expanded setting. They find evidence that high-capacity transformers mimic the behavior of Bayesian predictors in cases where Bayesian inference is tractable. This Bayesian perspective sheds light on the inductive biases of ICL and how transformers perform tasks when trained on multiple tasks. Additionally, the paper explores situations where transformers deviate from the Bayesian predictor, leading to new insights and hypotheses."	We thank the reviewer for going through our work and providing insightful comments. Below we try to address their concerns: **W1. About synthetic setting**: We agree with the reviewer that our work is mostly concerned with synthetic datasets to study how in-context learning works in transformers. The reason for choosing the stylised setup for our investigation stems from the fact that the real-world datasets used to train LLMs are difficult to model theoretically. Our work builds upon a long line of prior works, e.g., [1, 2, 3], that make simplifying assumptions on the pre-training data distribution to theoretically understand in-context learning in transformers. Our hierarchical meta ICL setup is also arguably closer to in-context learning in practical LLMs which can realize different classes of tasks (sentiment analysis, QA, summarization etc.) depending upon the inputs provided. Our work provides evidence on a diverse set of problems that the behavior of transformers during ICL agree with the Bayesian predictor. How well this holds for LLMs in practice is an open question, but we believe our work takes a step towards answering this question. **W2. Effect of Model Size on Devi...	"We thank the reviewer for going through our work and providing insightful comments. Below we try to address their concerns: **W1. About synthetic setting**: We agree with the reviewer that our work is mostly concerned with synthetic datasets to study how in-context learning works in transformers. The reason for choosing the stylised setup for our investigation stems from the fact that the real-world datasets used to train LLMs are difficult to model theoretically. Our work builds upon a long line of prior works, e.g., [1, 2, 3], that make simplifying assumptions on the pre-training data distribution to theoretically understand in-context learning in transformers. Our hierarchical meta ICL setup is also arguably closer to in-context learning in practical LLMs which can realize different classes of tasks (sentiment analysis, QA, summarization etc.) depending upon the inputs provided. Our work provides evidence on a diverse set of problems that the behavior of transformers during ICL agree with the Bayesian predictor. How well this holds for LLMs in practice is an open question, but we believe our work takes a step towards answering this question. **W2. Effect of Model Size on Deviations**: As per reviewer’s suggestion, we conducted experiments with transformers of varying sizes. For the forgetting phenomenon, bigger models for larger task diversities have larger OOD losses as the training progresses ⇒ more forgetting. For smaller task diversities, there is no clear trend, however the forgetting phenomenon continues to hold. Hence, the deviations are not alleviated by increasing model size. (Figure 40, Appendix). **W3. Code Availability**: We will be releasing our code publicly upon the publication of our work. For now, we provide the anonymous link to the code repository for reviewer's reference: https://anonymous.4open.science/r/icl-bayesian-prism/README.md. **Q1. Impact of order of examples**: In our initial experiments, we did evaluate the influence of order of examples on the ICL performance. In particular, for dense linear regression, we found that the ICL performance is fairly robust to the order of examples. We have added Figure 10 in Appendix which shows a box plot for loss@k values at different prompt lengths, and for each prompt length we consider 20 permutations. As can be seen the standard deviation of the errors is close to zero across prompt lengths. Hence, the order of the in-context examples do not impact the ICL performance here. We did expect such behavior to hold in our setup, since we deal with continuous functions and things like majority label bias and recency bias [4], which are a source of variance in performance due to the order of examples for NLP tasks, do not apply here. **Q2. Effect of Model Size on Forgetting**: As mentioned in response to W2, increasing the model size does not alleviate forgetting. Instead, it leads to more forgetting for larger task diversities, as the model fits the pretraining distribution better over the course of training and hence has higher OOD losses. (Figure 40, Appendix). [1] Xie et al. 2021. An Explanation of In-context Learning as Implicit Bayesian Inference [2] Garg et al. NeurIPS 2022. What Can Transformers Learn In-Context? A Case Study of Simple Function Classes [3] Akyürek et al. ICLR 2023. What learning algorithm is in-context learning? Investigations with linear models [4] Zhao et al. ICML 2021. Calibrate Before Use: Improving Few-Shot Performance of Language Models

We thank the reviewer for going through our work and providing useful feedback. Below we try to answer their concerns and questions: 1. **Readability**: We will take the reviewer’s comments into account and will add more descriptive captions so that the figures are easier to understand. About references to the appendix, we believe that given the contents and the scope of our work, it would have been difficult to fit all the technical details in the main paper given the page limit. However, the details in the appendix are not primary for understanding the core theme and contributions of our work. However, we will take this feedback into account and move some of the details to the main paper. About references to “some specific” paper, we are not sure about which paper the reviewer is referring to here. If it is Akyurek et al. 2022 [1], we cite their work while describing the weight recovery method in page 3, since we use their method for our experiments, but we do provide all the details about how the method works after citing their work. In case they are referring to Raventos et al. (2023) [2], while we do provide all the important details from their work relevant to our experimental setup and findings, we will add some more details from their work in Section 6 to improve readability. 2. **Technical definitions**: - **Bayesian Predictor in context of ICL** : Informally, we have a probability distribution on tuples $(x, f(x))$ induced by the priors on $x$ and $f$. This in turn, induces a distribution on the prompts, namely $(x_1, f(x_1)), (x_2, f(x_2)), …, (x_i, f(x_i)), x_{i+1}$. Conditioned on the prompt we would like to sample $f(x_{i+1})$---this is the posterior predictive distribution (PPD). We use the mean of the PPD as the Bayesian predictor since the nature of our setup requires a point estimate. The formula for PME in the paper formalizes this. We provide the formal definition of Bayesian predictor in context of ICL in Section 2 (under the PME paragraph) and discuss the relationship between ICL and Bayesian inference in the Bayesian predictor paragraph in the introduction Section. - **Deviations from Bayesian prediction**: “Deviations” here refer to predictions of transformers during ICL that do not match with the Bayesian predictor given the pre-training distribution and the observed data. - **Simplicity Bias**: Simplicity bias is by now a well-established term ML literature; for example, [3, 4, 5, 6]. - **Generalization**: We agree that a more descriptive term should be used here. We will change it to ""OOD Generalization"" in the final version for clarity. 3. **Differential of a function $df$**: This is standard notation in Bayesian inference. We can view a function as a point in a higher-dimensional Euclidean space defined by the function parameters. E.g, for linear regression, this reduces to the weight vector $w$ and hence $df$ is simply $dw$. 4. **Why HMICL?**: Prior work on theoretically understanding ICL, considers the simpler case where functions are always sampled from a single function class (which we term as MICL). We present a more advanced setup where the functions can come from different classes. Further, our setup can serve as a testbed for investigating the origins of multi-task learning in large language models (LLMs) because HMICL is arguably closer to ICL in real-world LLMs, which can realize different classes of tasks (sentiment analysis, QA, summarization etc) depending upon the inputs provided. We show that the ability to solve a mixture of tasks arises naturally as a consequence of Bayesian prediction, which can be viewed as computing the posterior when the prior comes from a mixture of function classes. This challenges the existing intuition of multi-task learning where the model first identifies the task and then solves it. [1] Akyürek et al. ICLR 2023. What learning algorithm is in-context learning? Investigations with linear models [2] Raventós et al. 2023. Pretraining task diversity and the emergence of non-Bayesian in-context learning for regression [3] Valle-Pérez et al. ICLR 2019. Deep learning generalizes because the parameter-function map is biased towards simple functions. [4] Shah et al. NeurIPS 2020. The Pitfalls of Simplicity Bias in Neural Networks. [5] Mingard et al. 2019. Neural networks are a priori biased towards Boolean functions with low entropy [6] Nakkiran et al., NeurIPS 2019. SGD on Neural Networks Learns Functions of Increasing Complexity.

We thank the reviewer for carefully going through our work and providing helpful feedback. Below we try to answer their questions and concerns: **Q1. HMICL and MICL**: While the reviewer is correct in a formal sense, we believe it’s clarifying to use our naming. Roughly speaking, the distinction between MICL and HMICL is reminiscent of the distinction between the usual supervised learning and meta-learning. As an example, in the MICL setup, consider linear regression. Here all tasks are instances of linear regression and each weight vector $w$ defines a task. Now if we consider a mixture of two “meta-tasks” (what we call function classes in the paper), say linear regression and decision trees, then it is true that in an abstract sense, one could potentially consider each task to be defined by its parameters and thus ignore which type of “meta-task” it instantiates (linear regression or decision tree). The formal definition in [2] which allows general hypothesis classes can similarly model HMICL. Thus, we agree with the reviewer that on this interpretation, MICL is equivalent to HMICL. However, this view is too coarse-grained for our purposes. What is of interest, both from the application and theory perspectives, is a more fine-grained view about whether and how models learn to perform these different “meta-tasks”. And the hierarchical structure is central for even talking about this. Previous work, e.g. [1, 2], considers MICL with only a single “meta-task” and is thus not suitable for the type of analyses we perform. Compared to MICL, HMICL is arguably closer to the ICL for LLMs which can perform a vast variety of “meta-tasks.” Due to the complex nature of real world training data distributions, it is hard to find concrete evidence of them being hierarchical, but we believe multi-task training in LMs like T5 [5] and FLAN-T5 [6] (with a caveat for the latter being true for fine-tuning and not pre-training) or training of multilingual models [7] which involve pre-training corpora in different languages are some examples of the hierarchical nature of the training distribution in real-world LMs. We welcome further feedback and any suggestions for better naming. **Q2. PME**: We apologize for confusion here. In the line ‘the predictions of the model can be computed using the posterior mean estimator (PME)’, we mean the ideal model (unlimited data and infinite compute) that we mention in the previous sentence and not transformers specifically. We fully agree that transformers can only approximate PME and how well they approximate it will depend on the scale of the model. We will correct this line in the final version to avoid this confusion. **Q3. GMM plots with OLS for over-determined region**: We thank the reviewer for suggesting these experiments. We provide the answers to the two questions below: (1) Figure 21 in Appendix plots the errors for the transformer model from Figure 1, PMEs, and OLS for the over-determined region. In the over-determined case $(d>10)$, the solution is unique, hence all the predictors including transformer give the same solution and have errors $\approx 0$. (2) As shown in Figure 21, transformer’s errors are smaller than OLS errors and agree with the PME(GMM) errors for all context lengths. This shows that Transformer is indeed simulating the mixture PME and not OLS. **We address the remaining concerns in the next comment.** [1] Garg et al. 2022. What Can Transformers Learn In-Context? A Case Study of Simple Function Classes? [2] Zhang et al. 2023. Trained Transformers Learn Linear Models In-Context. [5] Raffel et al. 2019. Exploring the Limits of Transfer Learning with a Unified Text-to-Text Transformer [6] Chung et al. 2022. Scaling Instruction-Finetuned Language Models [7] Conneau et al., ACL 2020. Unsupervised Cross-lingual Representation Learning at Scale"	"Continuing from the last comment, we address the remaining concerns of the reviewer here. **Q4.1. Sampling based approximations of PME**: Thank you for asking this question. We should first clarify that for Dense Regression and Skewed-Covariance Regression, we can compute Bayesian predictors exactly and we are able to show transformers for these two problems perform very close to the Bayesian predictor (Figures 6 and 9 in Appendix). However, for other linear inverse problems where PME seems intractable, based on the reviewer’s suggestion, we have tried Markov Chain Monte Carlo sampling method (No U-Turn Sampler (NUTS)) to approximate the PME. Particularly for Low-Rank and Sign-Vector Regression problems, for small problem dimensions i.e. 16 and 8 respectively, we were able to approximate the PME. We provide the plots in Figure 11 in Appendix and TF can be seen to follow NUTS-based PME in both cases. In fact, transformers seem to perform slightly better than the NUTS solution, which we believe could be due to the errors in the approximations due to sampling. We had less success in approximating the PME for sparse regression, which we believe might be due to the complex nature of the prior which involves a mixture of discrete (to select which features to keep) and continuous distributions (for the values of selected features). However, the alignment between transformers and exact PMEs for Dense and Skewed-covariance regression as well as numerically approximated PMEs for Low-Rank and Sign-Vector regression do provide strong evidence of transformers behaving like Bayesian predictor during ICL for linear inverse problems. **Q4.2. Lasso Coefficient**: We tune the LASSO coefficient following Garg et al. [1] i.e. by using a separate batch of data (1280 sequences) and choose the single value that achieves the smallest loss. This chosen parameter is then used during inference and no separate tuning is done for the in-context examples. Hence, all predictors (including LASSO) get the same number of examples as the context length in ICL using TFs. **Q5. Feature Encoding for non-linear regression tasks**: Thanks for this question. We just provide $x_i$ as the inputs, so the model needs to figure out $\Phi$ on its own. **Q6. Relation with previous work**: We thank the reviewer for asking this question. In short, these papers study a related but distinct topic and hence do not have any bearing on our results as detailed next. Both [2] and [3] study ICL on linear regression and consider different distribution shifts to measure how robust or brittle transformers are towards different types of shifts. While we also consider OOD generalization for degree-2 monomial regression and noisy linear regression, we are analyzing something distinct: we study generalization to unseen function classes or tasks and relate it to deviations of transformers during ICL from the Bayesian predictor. Our findings show that transformers are actually capable of better generalization than the Bayesian predictor (considering the pre-training distribution). Similarly, [2] studies the training dynamic of single-layer attention-only transformers on the linear regression problem to prove that they can learn to solve the problem in-context under careful initializations. Models here do not solve the problem exactly but rather provide the best approximation possible by a single-layer model characterized by a single step of gradient descent. [4] has closely related results. The emphasis of [2, 4] is on mathematical proof and this necessitates an extremely simple setup distinct from ours. On the other hand, we show empirically that for a wide variety of linear and nonlinear function classes as well as their mixtures, the behavior of sufficiently large transformers during ICL can be explained using the Bayesian perspective. Further, we use this to study the inductive biases of transformers during ICL (the ""Simplicity Bias"" section) as well as the cases where the behavior of transformers deviates from that of the Bayesian predictor. We hope this helps the reviewer put our work in perspective compared to the mentioned papers. [1]. Garg et al. 2022. What Can Transformers Learn In-Context? A Case Study of Simple Function Classes? [2]. Zhang et al. 2023. Trained Transformers Learn Linear Models In-Context. [3]. Ahuja et al. 2023. A Closer Look at In-Context Learning under Distribution Shifts [4]. Ahn et al. 2023. Transformers learn to implement preconditioned gradient descent for in-context learning

We thank the reviewer for going through our work and providing useful feedback. Below we try to answer their concerns and questions: 1. **Readability**: We will take the reviewer’s comments into account and will add more descriptive captions so that the figures are easier to understand. About references to the appendix, we believe that given the contents and the scope of our work, it would have been difficult to fit all the technical details in the main paper given the page limit. However, the details in the appendix are not primary for understanding the core theme and contributions of our work. However, we will take this feedback into account and move some of the details to the main paper. About references to “some specific” paper, we are not sure about which paper the reviewer is referring to here. If it is Akyurek et al. 2022 [1], we cite their work while describing the weight recovery method in page 3, since we use their method for our experiments, but we do provide all the details about how the method works after citing their work. In case they are referring to Raventos et al. (2023) [2], while we do provide all the important details from their work relevant to our experimental setup and findings, we will add some more details from their work in Section 6 to improve readability. 2. **Technical definitions**: - **Bayesian Predictor in context of ICL** : Informally, we have a probability distribution on tuples $(x, f(x))$ induced by the priors on $x$ and $f$. This in turn, induces a distribution on the prompts, namely $(x_1, f(x_1)), (x_2, f(x_2)), …, (x_i, f(x_i)), x_{i+1}$. Conditioned on the prompt we would like to sample $f(x_{i+1})$---this is the posterior predictive distribution (PPD). We use the mean of the PPD as the Bayesian predictor since the nature of our setup requires a point estimate. The formula for PME in the paper formalizes this. We provide the formal definition of Bayesian predictor in context of ICL in Section 2 (under the PME paragraph) and discuss the relationship between ICL and Bayesian inference in the Bayesian predictor paragraph in the introduction Section. - **Deviations from Bayesian prediction**: “Deviations” here refer to predictions of transformers during ICL that do not match with the Bayesian predictor given the pre-training distribution and the observed data. - **Simplicity Bias**: Simplicity bias is by now a well-established term ML literature; for example, [3, 4, 5, 6]. - **Generalization**: We agree that a more descriptive term should be used here. We will change it to ""OOD Generalization"" in the final version for clarity. 3. **Differential of a function $df$**: This is standard notation in Bayesian inference. We can view a function as a point in a higher-dimensional Euclidean space defined by the function parameters. E.g, for linear regression, this reduces to the weight vector $w$ and hence $df$ is simply $dw$. 4. **Why HMICL?**: Prior work on theoretically understanding ICL, considers the simpler case where functions are always sampled from a single function class (which we term as MICL). We present a more advanced setup where the functions can come from different classes. Further, our setup can serve as a testbed for investigating the origins of multi-task learning in large language models (LLMs) because HMICL is arguably closer to ICL in real-world LLMs, which can realize different classes of tasks (sentiment analysis, QA, summarization etc) depending upon the inputs provided. We show that the ability to solve a mixture of tasks arises naturally as a consequence of Bayesian prediction, which can be viewed as computing the posterior when the prior comes from a mixture of function classes. This challenges the existing intuition of multi-task learning where the model first identifies the task and then solves it. [1] Akyürek et al. ICLR 2023. What learning algorithm is in-context learning? Investigations with linear models [2] Raventós et al. 2023. Pretraining task diversity and the emergence of non-Bayesian in-context learning for regression [3] Valle-Pérez et al. ICLR 2019. Deep learning generalizes because the parameter-function map is biased towards simple functions. [4] Shah et al. NeurIPS 2020. The Pitfalls of Simplicity Bias in Neural Networks. [5] Mingard et al. 2019. Neural networks are a priori biased towards Boolean functions with low entropy [6] Nakkiran et al., NeurIPS 2019. SGD on Neural Networks Learns Functions of Increasing Complexity.

We thank the reviewer for carefully going through our work and providing helpful feedback. Below we try to answer their questions and concerns: **Q1. HMICL and MICL**: While the reviewer is correct in a formal sense, we believe it’s clarifying to use our naming. Roughly speaking, the distinction between MICL and HMICL is reminiscent of the distinction between the usual supervised learning and meta-learning. As an example, in the MICL setup, consider linear regression. Here all tasks are instances of linear regression and each weight vector $w$ defines a task. Now if we consider a mixture of two “meta-tasks” (what we call function classes in the paper), say linear regression and decision trees, then it is true that in an abstract sense, one could potentially consider each task to be defined by its parameters and thus ignore which type of “meta-task” it instantiates (linear regression or decision tree). The formal definition in [2] which allows general hypothesis classes can similarly model HMICL. Thus, we agree with the reviewer that on this interpretation, MICL is equivalent to HMICL. However, this view is too coarse-grained for our purposes. What is of interest, both from the application and theory perspectives, is a more fine-grained view about whether and how models learn to perform these different “meta-tasks”. And the hierarchical structure is central for even talking about this. Previous work, e.g. [1, 2], considers MICL with only a single “meta-task” and is thus not suitable for the type of analyses we perform. Compared to MICL, HMICL is arguably closer to the ICL for LLMs which can perform a vast variety of “meta-tasks.” Due to the complex nature of real world training data distributions, it is hard to find concrete evidence of them being hierarchical, but we believe multi-task training in LMs like T5 [5] and FLAN-T5 [6] (with a caveat for the latter being true for fine-tuning and not pre-training) or training of multilingual models [7] which involve pre-training corpora in different languages are some examples of the hierarchical nature of the training distribution in real-world LMs. We welcome further feedback and any suggestions for better naming. **Q2. PME**: We apologize for confusion here. In the line ‘the predictions of the model can be computed using the posterior mean estimator (PME)’, we mean the ideal model (unlimited data and infinite compute) that we mention in the previous sentence and not transformers specifically. We fully agree that transformers can only approximate PME and how well they approximate it will depend on the scale of the model. We will correct this line in the final version to avoid this confusion. **Q3. GMM plots with OLS for over-determined region**: We thank the reviewer for suggesting these experiments. We provide the answers to the two questions below: (1) Figure 21 in Appendix plots the errors for the transformer model from Figure 1, PMEs, and OLS for the over-determined region. In the over-determined case $(d>10)$, the solution is unique, hence all the predictors including transformer give the same solution and have errors $\approx 0$. (2) As shown in Figure 21, transformer’s errors are smaller than OLS errors and agree with the PME(GMM) errors for all context lengths. This shows that Transformer is indeed simulating the mixture PME and not OLS. **We address the remaining concerns in the next comment.** [1] Garg et al. 2022. What Can Transformers Learn In-Context? A Case Study of Simple Function Classes? [2] Zhang et al. 2023. Trained Transformers Learn Linear Models In-Context. [5] Raffel et al. 2019. Exploring the Limits of Transfer Learning with a Unified Text-to-Text Transformer [6] Chung et al. 2022. Scaling Instruction-Finetuned Language Models [7] Conneau et al., ACL 2020. Unsupervised Cross-lingual Representation Learning at Scale"				
6.200	327tbF3S65__r04	DDMI: Domain-agnostic Latent Diffusion Models for Synthesizing High-Quality Implicit Neural Representations	6: marginally above the acceptance threshold	5: You are absolutely certain about your assessment. You are very familiar with the related work and checked the math/other details carefully.	partially_fixed	priority_secondary_structured	structured=partially_fixed; issue_ledger=unresolved		fixed	partially_fixed	partially_fixed	fixed	unresolved	partially_fixed	"[weaknesses] To my understanding, the present work presents a well-designed combination of features and methods already present in the state-of-the-art: - The use of signal fields and adaptive PE in implicit models has been reported by Zhuang et al. (ICLR 2023). - A VAE approach for probabilistic INRs has been recently published by Koyuncu et al. (ICML 2023): ""Variational Mixture of HyperGenerators for Learning Distributions Over Functions."" This paper is not even mentioned in the present work, and it is a must for the authors to include it, not only in the literature review but also in the experimental setting. Authors also consider using various hypergenerators to capture different data scales and modalities in that work. - I do not think the paper also compares with ""Implicit Diffusion Models for Continuous Super-Resolution"" (CVPR 2023), in terms of tools and results obtained. Comparisons with this paper are important too. - Using a generative latent diffusion model directly follows the idea of Rombach et al. (CVPR 2022). - Hierarchies of multi-scale PE have already been developed in the literature. The paper ""Composite Slice Transformer: An Efficient Transformer with Composition of Multi-Scale Multi-Range Attentions"" (ICLR 2023) is a good reference. While combining existing ideas into a robust model is not a demerit of the paper per se, the paper's contributions are limited. Also, when explaining the interpolation and the basis functions, more details are needed since these concepts are hard to understand the way they are written.

[questions] Did you try to train a more powerful VAE latent space instead of training a latent diffusion model? I'm just wondering how important is to incorporate the diffusion model. It seems to me that the DDMI gains mostly come from using the adaptive hierarchical PE. I did not see many details about the posterior distribution used in the training of the D2C-VAE. Can you please introduce more details about this point? What is the dimension of the latent space z? Have you studied the model's performance as this dimension varies?

[summary] The paper presents a probabilistic model for functions using INRs. The main features are: - A VAE projects the discrete data input X into a latent space. - An adaptive PE module replaces hyper network that generates weights. The VAE decoder generates a hierarchy of basis fields that account for the multi-scale properties of the data to be generated. - This hierarchy of PE is introduced sequentially into the reconstructing MLP. The DDMI model presents robust performance across a variety of experiments."	We thank your detailed and thoughtful feedback for our work. We will address the concerns below. 1. [W1] **Lack of references & comparison with references.** We appreciate your reference to the recent papers that we have overlooked. We will include all the papers in the manuscript. - Regarding the paper ICML 2023. Indeed, their work also employs a VAE framework for modeling INRs and utilizes multiple hyper-generators to capture different aspects of signals. However, they still model the weight space of functions with fixed PEs, similar to previous generative models for INRs. In our paper, we have proposed generating PEs instead of generating weight space, and have quantitatively shown that it is more effective in generating high-fidelity signals. This is also supported by quantitative evidence presented in the table below, where our model outperforms the VaMoH approach in terms of signal fidelity on the CelebA 64x64 dataset. | | CelebA 64x64 | | --- | --- | | VaMoH | 66.27 | | Ours | 9.74 | - Regarding the paper CVPR 2023. We want to stress that scale-free image generation demonstrated in our paper differs from the super-resolution task. (CVPR 2023) proposes a specialized model ...	"We thank your detailed and thoughtful feedback for our work. We will address the concerns below. 1. [W1] **Lack of references & comparison with references.** We appreciate your reference to the recent papers that we have overlooked. We will include all the papers in the manuscript. - Regarding the paper ICML 2023. Indeed, their work also employs a VAE framework for modeling INRs and utilizes multiple hyper-generators to capture different aspects of signals. However, they still model the weight space of functions with fixed PEs, similar to previous generative models for INRs. In our paper, we have proposed generating PEs instead of generating weight space, and have quantitatively shown that it is more effective in generating high-fidelity signals. This is also supported by quantitative evidence presented in the table below, where our model outperforms the VaMoH approach in terms of signal fidelity on the CelebA 64x64 dataset. | | CelebA 64x64 | | --- | --- | | VaMoH | 66.27 | | Ours | 9.74 | - Regarding the paper CVPR 2023. We want to stress that scale-free image generation demonstrated in our paper differs from the super-resolution task. (CVPR 2023) proposes a specialized model architecture and methodology tailored for super-resolution tasks, which cannot generate diverse images like ours. Therefore, it is not feasible to make a fair comparison with our work. $$\\\\$$ 2. [W2] **More details regarding interpolation/basis functions.** We will improve the manuscript accordingly within the rebuttal period and notify you after the update. $$\\\\$$ 3. [Q1] **Did you try to train a more powerful VAE latent space instead of training a latent diffusion model?** During the early stages of our research, we experimented with training more powerful VAEs, including hierarchical VAEs [A]. Nevertheless, we observed that even these advanced VAEs encounter challenges in producing high-quality INRs, primarily due to issues with the 'prior hole' phenomenon. This limitation was found to be less significant in latent diffusion models, which is why we pursued that direction. --- [A] Vahdat and Kautz, NVAE: A Deep Hierarchical Variational Autoencoder, NeurIPS 2020 $$\\\\$$ 4. [Q2] **Posterior distribution used in D2C-VAE.** We assumed multivariate normal distribution for posterior $q_\phi(\mathbf{z}|\mathbf{x})$ in all domains. $$\\\\$$ 5. [Q3] **Dimension of latent space.** The dimensions of the latent space $\textbf{z}$ are detailed in the supplementary materials, specifically in Table 9. We found that reducing the dimensionality of the latent space compromises sample quality to some extent, but it also results in a more efficient computational budget. This trade-off is consistent with observations from LDMs [B]. --- [B] Rombach et al., High-Resolution Image Synthesis with Latent Diffusion Models, CVPR 2022

We appreciate your thorough and insightful feedback. We will address the raised questions below. 1. **[W1, W2] Limited novelty & why dynamic PE?** Recent INR studies in the literature have evidenced the significance of positional encoding (PE) to achieve **high-quality** representations. Parametric PEs, such as hash grids and orthogonal planes with **learnable** parameters [A,B,C], exhibit a superior expressive capacity compared to fixed PE (e.g., Fourier feature mappings [D]). The outstanding expressive power of parametric PEs suggests a promising direction for generative models, favoring learning to generate PE over MLP weights. In [E], they have demonstrated the generation of high-fidelity 3D-aware 2D images by generating tri-plane PEs based on GAN. Unlike the prior work, we propose PE generation with the latent **diffusion model**, enhancing it by our novel modules such as **multi-resolution framework (HDBF)** and **coarse-to-fine conditioning (CFC)**. Indeed, at the early stage of this project, we developed a latent diffusion model for weight generation (with fixed PEs) with a hypernetwork to modulate the MLP weight of INR ($\pi$) with latent from the Encoder. The weight generation model exhibited significantly slower convergence and failed to produce high-quality samples. Due to limited resources, we are not able to provide experimental results to compare weight vs PE generation (without HDBFs and CFC). We will add the comparison in the final version. --- [A] Muller et al., Instant neural graphics primitives with a multi-resolution hash encoding, ACM ToG 2022 [B] Cao et al., Hexplane: A fast representation for dynamic scenes, CVPR 2023 [C] Fridovich-Keil et al., K-planes: Explicit radiance fields in space, time, and appearance, CVPR 2023 [D] Mildenhall et al., NeRF: Representing Scenes as Neural Radiance Fields for View Synthesis, ECCV 2020 [E] Chan et. al., Efficient geometry-aware 3d generative adversarial networks, CVPR 2022 $$\\\\$$ 2. **[W3] Scalability** Thank you for your comments on scalability. We have evaluated our method on larger datasets such as CIFAR10 and LSUN church, which contain 50K and 126K samples respectively, as detailed in Table 11 of the appendix. While we acknowledge the value of scaling to even larger datasets like Objaverse, our current resources limit this expansion. Nevertheless, we see this as a crucial next step and are exploring opportunities for such large-scale evaluations. $$\\\\$$ 3. **[W4] Significance of domain-agnostic architecture** Thank you for your insightful comment. Our domain-agnostic architecture, providing a consistent latent type for LDM, enables learning the unified priors across multiple domains, as you mentioned. We believe that our approach paves the way to a large-scale, multi-modal foundation model that encompasses 2D, 3D, or even other data types. Such a model could serve as a new tool for a wide range of cross-domain downstream tasks. $$\\\\$$ 4. **[W5] Domain-agnostic architecture of DDMI** Our framework proposes a **domain-agnostic meta-architecture** for INR generation. Also, overall training and generation schemes are the same across multiple domains. This domain-agnostic meta-architecture allows us to use identical diffusion models in the latent space for generating 2D grid latent variables $\textbf{z}$.

We appreciate the reviewer for the valuable feedback. We will address the raised questions below. 1. **[W1] Regarding the soundness of eq.(2).** We would like to clarify the rationale behind our D2C-VAE. The objective of D2C-VAE is to maximize the ELBO of the log-likelihood of a continuous function $\boldsymbol{\omega}$ with the discrete data $\textbf{x}$. It is articulated below based on the standard variational inference principles: $$ \begin{align} \log p(\boldsymbol{\omega}) & = \log \int p_{\psi, \pi_\theta}(\boldsymbol{\omega}| \mathbf{z}) \cdot p(\mathbf{z}) d\mathbf{z} \\\\ & = \log \int \frac{p_{\psi, \pi_\theta}(\boldsymbol{\omega}|\mathbf{z})}{q_\phi(\mathbf{z}|\mathbf{x})} \cdot q_\phi(\mathbf{z}|\mathbf{x}) \cdot p(\mathbf{z}) d\mathbf{z} \\\\ & \geq \int \log \left(\frac{p_{\psi, \pi_\theta}(\boldsymbol{\omega}|\mathbf{z})}{q_\phi(\mathbf{z}|\mathbf{x})} \cdot p(\mathbf{z}) \right) \cdot q_\phi(\mathbf{z}|\mathbf{x}) \ d\mathbf{z} \\\\ & = \int q_\phi(\mathbf{z}|\mathbf{x}) \cdot \left( \log p_{\psi, \pi_\theta}(\boldsymbol{\omega}|\mathbf{z}) - \log \left( \frac{q_\phi(\mathbf{z}|\mathbf{x})}{p(\mathbf{z})} \right) \right) \\\\ & = E_{q_\phi(\mathbf{z}|\mathbf{x})}\left[\log p_{\psi, \pi_\theta}(\boldsymbol{\omega}|\mathbf{z}) \right] - D_{KL}(q_\phi(\mathbf{z}|\mathbf{x}) || p(\mathbf{z})) \end{align} $$ where the inequality in the third line is by Jensen's inequality and the last line corresponds to Equation 2 in our paper. However, we do not have direct observations to $\boldsymbol{\omega}$, while we have access to discrete data $\textbf{x}=\boldsymbol{\omega}(\mathbf{c})$, we approximate $p_{\psi, \pi_\theta}(\boldsymbol{\omega}|\mathbf{z})$ as $$\begin{align} p_{\psi, \pi_\theta}(\boldsymbol{\omega}|\mathbf{z}) & \approx p_{\psi, \pi_\theta}(\boldsymbol{\omega(\mathbf{c})}|\mathbf{z}) \\\\ & = \prod_{c \in \mathbf{c}} p_{\psi, \pi_\theta}(\boldsymbol{\omega}(c)|\mathbf{z}), \end{align} $$ where we assume the coordinate-wise independence. This leads to the approximation in Equation 3 of our paper. Assuming the likelihood as a multivariate normal distribution with isotropic covariance ($\sigma$), $$\begin{align} p_{\psi, \pi_\theta}(\boldsymbol{\omega(\mathbf{c})}|\mathbf{z}) = \prod_{c \in \mathbf{c}} p_{\psi, \pi_\theta}(\boldsymbol{\omega}(c)|\mathbf{z}) =\prod_{c \in \mathbf{c}} \frac{1}{Z} \exp \left( - \frac{||\boldsymbol{\omega}(c) - \hat{\boldsymbol{\omega}(c)||^2_2}}{2\sigma^2} \right) \end{align} $$ where $Z$ is a normalizing constant and $\hat{\boldsymbol{\omega}}(\mathbf{c}) = \pi_\theta(\gamma(\textbf{c}, D_\psi(\mathbf{z})))$. We will update this in the appendix. $$\\\\$$ 2. **[W2] Intuition behind PE generation instead of weight generation.** We will provide the intuition of PE generation. Recent INR studies in the literature have shown the significance of positional encoding (PE) to achieve **high-quality** representations. Parametric PEs, such as hash grids and orthogonal planes with **learnable** parameters [A,B,C], exhibit a superior expressive capacity compared to fixed PE (e.g., Fourier feature mappings [D]). Thus, we favor learning to generate PE over MLP weights based on the outstanding expressive power of parametric PEs. In EG3D [E], they have demonstrated the generation of high-fidelity 3D-aware 2D images by generating tri-plane PEs based on GAN. Unlike the prior work, we propose PE generation with the latent **diffusion model**, enhancing it by our novel modules such as **multi-resolution framework (HDBF)** and **coarse-to-fine conditioning (CFC)**. --- [A] Muller et al., Instant neural graphics primitives with a multi resolution hash encoding, ACM ToG 2022 [B] Cao et al., Hexplane: A fast representation for dynamic scenes, CVPR 2023 [C] Fridovich-Keil et al., K-planes: Explicit radiance fields in space, time, and appearance, CVPR 2023 [D] Mildenhall et al., NeRF: Representing Scenes as Neural Radiance Fields for View Synthesis, ECCV 2020 [E] Chan et. al., Efficient geometry-aware 3d generative adversarial networks, CVPR 2022 $$\\\\$$ 3. **[W3] Experiments with more complex datasets.** Due to limited resources, we could not conduct experiments with more complex, large-scale datasets like Objaverse or ImageNet. Note that we have evaluated our method on a relatively larger dataset like LSUN church (126K samples ) as mentioned in the appendix. We are committed to extending our evaluation to more challenging datasets in the future."	"Thank you for your reply and support. As you suggested, we have updated the manuscript to provide more details about the basis/interpolation function. In this paper, we have defined basis fields as a set of dense grids (vector fields) consisting of generated basis vectors to be interpolated for generating a positional embedding given coordinates. See Section 3.1 & Section 4 in the main paper and Appendix A & Table 9 in the Appendix, and inform us whether the revised explanation sufficiently addresses any previous concerns.

We appreciate your thorough and insightful feedback. We will address the raised questions below. 1. **[W1, W2] Limited novelty & why dynamic PE?** Recent INR studies in the literature have evidenced the significance of positional encoding (PE) to achieve **high-quality** representations. Parametric PEs, such as hash grids and orthogonal planes with **learnable** parameters [A,B,C], exhibit a superior expressive capacity compared to fixed PE (e.g., Fourier feature mappings [D]). The outstanding expressive power of parametric PEs suggests a promising direction for generative models, favoring learning to generate PE over MLP weights. In [E], they have demonstrated the generation of high-fidelity 3D-aware 2D images by generating tri-plane PEs based on GAN. Unlike the prior work, we propose PE generation with the latent **diffusion model**, enhancing it by our novel modules such as **multi-resolution framework (HDBF)** and **coarse-to-fine conditioning (CFC)**. Indeed, at the early stage of this project, we developed a latent diffusion model for weight generation (with fixed PEs) with a hypernetwork to modulate the MLP weight of INR ($\pi$) with latent from the Encoder. The weight generation model exhibited significantly slower convergence and failed to produce high-quality samples. Due to limited resources, we are not able to provide experimental results to compare weight vs PE generation (without HDBFs and CFC). We will add the comparison in the final version. --- [A] Muller et al., Instant neural graphics primitives with a multi-resolution hash encoding, ACM ToG 2022 [B] Cao et al., Hexplane: A fast representation for dynamic scenes, CVPR 2023 [C] Fridovich-Keil et al., K-planes: Explicit radiance fields in space, time, and appearance, CVPR 2023 [D] Mildenhall et al., NeRF: Representing Scenes as Neural Radiance Fields for View Synthesis, ECCV 2020 [E] Chan et. al., Efficient geometry-aware 3d generative adversarial networks, CVPR 2022 $$\\\\$$ 2. **[W3] Scalability** Thank you for your comments on scalability. We have evaluated our method on larger datasets such as CIFAR10 and LSUN church, which contain 50K and 126K samples respectively, as detailed in Table 11 of the appendix. While we acknowledge the value of scaling to even larger datasets like Objaverse, our current resources limit this expansion. Nevertheless, we see this as a crucial next step and are exploring opportunities for such large-scale evaluations. $$\\\\$$ 3. **[W4] Significance of domain-agnostic architecture** Thank you for your insightful comment. Our domain-agnostic architecture, providing a consistent latent type for LDM, enables learning the unified priors across multiple domains, as you mentioned. We believe that our approach paves the way to a large-scale, multi-modal foundation model that encompasses 2D, 3D, or even other data types. Such a model could serve as a new tool for a wide range of cross-domain downstream tasks. $$\\\\$$ 4. **[W5] Domain-agnostic architecture of DDMI** Our framework proposes a **domain-agnostic meta-architecture** for INR generation. Also, overall training and generation schemes are the same across multiple domains. This domain-agnostic meta-architecture allows us to use identical diffusion models in the latent space for generating 2D grid latent variables $\textbf{z}$.

- **Emphasizing other contributions rather than LDM.** Thank you for your valuable feedback and suggestions. In this paper, we proposed a new meta-architecture for generating INRs given discrete inputs. Our architecture uses a latent diffusion model in the latent space of an asymmetric VAE that learns a joint latent space that bridges discrete data to continuous functions. The LDM in our title/model name describes the overall architecture of the proposed method similar to other models’ names in the literature [B,C,D]. Indeed, reviewer KC2J raised a great point that our contributions are not limited to diffusion models. Our main contributions (D2C-VAE, HDBFs, CFC) are definitely applicable to other generative models, such as Normalizing Flows and GANs. As suggested, we will provide additional experiments with other generative models other than latent diffusion models to demonstrate the extensionality of our contributions. --- [B] Liu et al., AudioLDM: Text-to-Audio Generation with Latent Diffusion Models, ICML 2023 [C] Koo et al., SALAD: Part-Level Latent Diffusion for 3D Shape Generation and Manipulation, ICCV 2023 [D] Stan et al., LDM3D: Latent Diffusion Model for 3D, CVPRW 2023 $$\\\\$$ - **Improving the presentation of D2C-VAE + $\alpha$.** As suggested, we have updated the manuscript (see sections 3.1, 3.2, 4, and Appendix A). Note that we reflect on your previous feedback in the current manuscript as well (clarification on the main figure, details on projection of point clouds)."				
6.176	lF2aip4Scn__r02	Demonstration-Regularized RL	8: accept, good paper	2: You are willing to defend your assessment, but it is quite likely that you did not understand the central parts of the submission or that you are unfamiliar with some pieces of related work. Math/other details were not carefully checked.	fixed	priority_secondary_structured	structured=fixed; issue_ledger=unresolved		regressed	fixed	fixed	fixed	unresolved	fixed	"[weaknesses] (1) It would be great to include some empirical studies, although this is purely a theory paper.

[questions] (1) Can you provide some empirical results to validate the theoretical findings of this paper?

[summary] The paper studied demonstration-regularized reinforcement learning (RL), where the learner first performs behavioral cloning on expert-generated demonstrations using maximum likelihood estimation. Then during the online interaction with the underlying environment, the learner penalizes deviation of the learned policy from the one learned in the behavioral cloning phase. The paper provided a theoretical analysis of these two phases. For behavioral cloning, the authors show that the KL divergence between the learned policy and the expert policy decreases linearly as the number of demonstrations grows. This holds for both tabular MDPs and linear MDPs under certain assumptions. Then based on this result, the authors further studied the regularized online learning scenario and the RLHF setting. In both cases, the authors are able to prove a fast convergence rate for the proposed algorithms."	We would like to emphasize a particular proof and algorithmic techniques used in our results and explain why we do not include some of the results in the main text. Unfortunately, due to space constraints we cannot include all these discussions in full length in the main body of the paper. In a new rebuttal revision of the paper we have added a brief discussion on Bernstein conditions for behavior cloning, discussion on assumption for behavior cloning in the linear setting, and an important algorithm difference between UCBVI-Ent and UCBVI-Ent+ that allows to improve the convergence guarantees. It is highlighted by a red color. - In Section B, we showed $O(1/N)$ convergence rates for behavior cloning. To achieve them, we first switched to smoothed version of the KL-divergence (see e.g. Hazan et al. (2019) for a similar idea) and then verified the so-called Bernstein condition (see e.g. Bartlett & Mendelson, 2006): we showed that the variance of the smoothed version of the policy log-likelihood ratio is controllable by just KL-divergence itself up to some logarithmic multiplicative factors and second-order additive factors. However, since the focus of our paper is mainly on reinfo...	"We would like to emphasize a particular proof and algorithmic techniques used in our results and explain why we do not include some of the results in the main text. Unfortunately, due to space constraints we cannot include all these discussions in full length in the main body of the paper. In a new rebuttal revision of the paper we have added a brief discussion on Bernstein conditions for behavior cloning, discussion on assumption for behavior cloning in the linear setting, and an important algorithm difference between UCBVI-Ent and UCBVI-Ent+ that allows to improve the convergence guarantees. It is highlighted by a red color. - In Section B, we showed $O(1/N)$ convergence rates for behavior cloning. To achieve them, we first switched to smoothed version of the KL-divergence (see e.g. Hazan et al. (2019) for a similar idea) and then verified the so-called Bernstein condition (see e.g. Bartlett & Mendelson, 2006): we showed that the variance of the smoothed version of the policy log-likelihood ratio is controllable by just KL-divergence itself up to some logarithmic multiplicative factors and second-order additive factors. However, since the focus of our paper is mainly on reinforcement learning with demonstrations and preferences, we decided to not include the proof in the main text. - In Section C, we introduced the setting of RL with demonstrations and state the results on its convergence relying on the analysis of UCBVI-Ent+ and LSVI-Ent algorithms. We decided to focus on a novel demonstration-regularized setting instead of introducing the regularized BPI algorithms since the effect of fast rates is already studied in Tiapkin et al. (2023). This focus allowed us to clearly demonstrate the usefulness of regularization in RL in more practical scenarios from a theoretical viewpoint. Nethertheless, we included a novel algorithmic idea of UCBVI-Ent+ into the main text of the revised version. - In Section D, we introduced RLHF with demonstrations and proposed a simple algorithm that shares similarity with real-world algorithms that have already been applied to fine-tuning of large language models (see Remark 6). To show the theoretical properties of these demonstration-regularized algorithms, we have to 1) show the theoretical properties of MLE estimate of the underlying reward function and 2) upper bound the policy error by applying Bernstein-type inequality introduced by Talebi & Maillard, (2018) and by verifying the Bernstein condition. * Theoretical properties of MLE estimate of reward function were already studied in the literature, see Lemma 2 by Zhan et al. (2023a) and we decided to not include them in the main text. However, we did not find the proof of the statement we exactly need in references and provided the proof for completeness in Appendix F. * Regarding the bounding the policy error, we did not include the proof since it is very technical and heavily relies on the existing Bernstein-type inequalities in terms of KL-divergence by Talebi & Maillard, (2018). However, if the reviewers have a different viewpoint and might suggest a better organization of the achieved results, we would be happy to implement it. Hazan, E., Kakade, S., Singh, K., & Van Soest, A. (2019, May). Provably efficient maximum entropy exploration. In International Conference on Machine Learning (pp. 2681-2691). PMLR. Bartlett, P. L., & Mendelson, S. (2006). Empirical minimization. Probability theory and related fields, 135(3), 311-334.

We would like to thank reviewer UXmS for the careful reading and the constructive feedback. Please find below our response to the main points raised in the review. - The lower bound in Theorem 2 turns unfortunately vacuous in the limit of $\gamma \to 0$. A fixed $\gamma$ enables us to establish a general lower bound by constraining the space of policies we aim to learn. Thus, the minimax lower bound with respect to the space of all policies is lower-bounded by the minimax lower bound with respect to the space of restricted policies. Therefore, choosing any fixed $\gamma$ (for example, $\gamma = 1/N$) allows us to deduce a valid and reasonable lower bound. - It is unclear why the class of linear policies at the third line of Section 3.2 is considered to be not learnable. In fact, under this choice [1] proves in their Theorem 5 that it is possible to recover an $\varepsilon$-suboptimal policy compared to the expert with behavioural cloning. It is important to emphasize that the behavior cloning defined in our paper aims not to find an $\varepsilon$-optimal policy but to reconstruct the initial behavioral policy in trajectory KL-distance. To make the algorithm implementable, defining a hypothesis class with policies that are differentiable or at least continuous with respect to the learnable parameters becomes necessary. In the setting of purely greedy policies, the mentioned linear class of policies lacks these properties, thus preventing the efficient minimization of the log-loss. We will add an additional discussion and a reference to [1]. - Corollary 3 requires the expert to be $O(\varepsilon)$-optimal but I would expect that, given the reward knowledge, it should be possible to prove a sample complexity bound without the assumption on the optimality of the expert. To see this think to the case of any BPI algorithm which requires no expert at all to learn an $O(\varepsilon)$-optimal policy. We acknowledge that the assumption of nearly optimal experts might be considered strong. If it is known a priori that the expert is far from optimal, a viable approach is to simply set $\lambda=0$ and employ a stopping rule from UCBVI-BPI (Ménard et al. (2021)). However, it's important to emphasize that the primary goal of this paper is to provide an analysis of an algorithm actively used in practice, where these assumptions are deemed reasonable. - I think that Lemma 11 should be referred as the standard performance difference lemma. We agree that Lemma 11 is already known in literature, so we will add the corresponding reference. - Just before Corollary 3, it is said that ""UCBVI-Ent+ algorithm for regularized BPI. It is a modification of the algorithm UCBVI-Ent by Tiapkin et al. (2023) with improvement sample complexity"". However, it is not explained which is the crucial difference between the two algorithms. In particular, also the settings are different because UCBVI-Ent+ uses reward information while UCBVI-Ent can be used only for maximum entropy exploration and not to solve Regularized MDPs but this difference is not explained in the main text. We add a separate comment (available to all reviewers) regarding the key differences between UCBVI-Ent and UCBVI-Ent+.

- Q1) Is it possible to prove a bound which does not require the assumption that the expert is $\varepsilon$-optimal ? We believe that it is possible (in the setup of RL with demonstrations) since a usual BPI algorithm allows us to provide an optimal policy without any additional data. However, the resulting algorithm using data from a highly suboptimal expert may be significantly different from the proposed one. So we focus on a simple and implementable approach. - Q2) Why the regularization is needed in the tabular case but not in the linear one ? I am referring to Section 3.2 Regularization in the linear setting is unnecessary because we add constraints on the parameters of the class. Alternatively, one can introduce ridge regularization with an appropriate regularization parameter and make no direct restrictions on the regression coefficients. In fact, these two approaches are nearly equivalent. - Q3) How can UCBVI-Ent+ achieve $O(\varepsilon^{-1})$ sample complexity according to Theorem 5 while UCBVI-Ent achieves a worst sample complexity of $O(\varepsilon^{-2})$? We have included a separate comment detailing the distinctions between UCBVI-Ent and UCBVI-Ent+. The critical feature that enables UCBVI-Ent+ to achieve $O(\varepsilon^{-1})$ sample complexity is the exploitation of the strong convexity of the regularizer. However, to implement this effectively, it is necessary to introduce additional time randomization to the policy played during the episodes. We believe that this is a novel aspect of our work on the algorithmic side. - Q4) What are the definitions of $\pi^{t, (h)}$ and $\tilde{pi}$ in Algorithm 3? The definition of $\pi^{t, (h’)}$ is given after sampling rules (9) in Appendix D.2: $\pi^{t, (h’)}_h$ is equal to an regularized-greedy optimistic policy given by optimistic planning for all steps $h \not = h’$ and $\pi^{t, (h’)}_h$ is a greedy with respect to a difference between upper and lower estimate for optimal Q-value for a step $h = h’$. In particular, this randomization is crucial to achieve $\mathcal{O(\varepsilon^{-1})}$ sample complexity. Regarding $\tilde{pi}$, it is a misprint and the final policy should be $\bar{\pi}^t$, thank you for showing it to us. - Q5) In the setting of Demonstration Regularized RLHF is it necessary to have the coefficients defined in equation 3 in the bound ? As it is stated in Corollary 4, to achieve $O(\varepsilon) $ quality it is enough to have either large enough $N^{\text{E}}$ (independent on a coefficient defined in (3)) or large enough $N^{\text{RM}}$ depending on the coefficient defined in (3). If we assume only large enough $N^{\text{RM}}$, then the dependence on $C_r$ seems unavoidable due to the lower bounds in Theorem 3 by Zhan et al. (2023a)."	"We would like to emphasize a particular proof and algorithmic techniques used in our results and explain why we do not include some of the results in the main text. Unfortunately, due to space constraints we cannot include all these discussions in full length in the main body of the paper. In a new rebuttal revision of the paper we have added a brief discussion on Bernstein conditions for behavior cloning, discussion on assumption for behavior cloning in the linear setting, and an important algorithm difference between UCBVI-Ent and UCBVI-Ent+ that allows to improve the convergence guarantees. It is highlighted by a red color. - In Section B, we showed $O(1/N)$ convergence rates for behavior cloning. To achieve them, we first switched to smoothed version of the KL-divergence (see e.g. Hazan et al. (2019) for a similar idea) and then verified the so-called Bernstein condition (see e.g. Bartlett & Mendelson, 2006): we showed that the variance of the smoothed version of the policy log-likelihood ratio is controllable by just KL-divergence itself up to some logarithmic multiplicative factors and second-order additive factors. However, since the focus of our paper is mainly on reinforcement learning with demonstrations and preferences, we decided to not include the proof in the main text. - In Section C, we introduced the setting of RL with demonstrations and state the results on its convergence relying on the analysis of UCBVI-Ent+ and LSVI-Ent algorithms. We decided to focus on a novel demonstration-regularized setting instead of introducing the regularized BPI algorithms since the effect of fast rates is already studied in Tiapkin et al. (2023). This focus allowed us to clearly demonstrate the usefulness of regularization in RL in more practical scenarios from a theoretical viewpoint. Nethertheless, we included a novel algorithmic idea of UCBVI-Ent+ into the main text of the revised version. - In Section D, we introduced RLHF with demonstrations and proposed a simple algorithm that shares similarity with real-world algorithms that have already been applied to fine-tuning of large language models (see Remark 6). To show the theoretical properties of these demonstration-regularized algorithms, we have to 1) show the theoretical properties of MLE estimate of the underlying reward function and 2) upper bound the policy error by applying Bernstein-type inequality introduced by Talebi & Maillard, (2018) and by verifying the Bernstein condition. * Theoretical properties of MLE estimate of reward function were already studied in the literature, see Lemma 2 by Zhan et al. (2023a) and we decided to not include them in the main text. However, we did not find the proof of the statement we exactly need in references and provided the proof for completeness in Appendix F. * Regarding the bounding the policy error, we did not include the proof since it is very technical and heavily relies on the existing Bernstein-type inequalities in terms of KL-divergence by Talebi & Maillard, (2018). However, if the reviewers have a different viewpoint and might suggest a better organization of the achieved results, we would be happy to implement it. Hazan, E., Kakade, S., Singh, K., & Van Soest, A. (2019, May). Provably efficient maximum entropy exploration. In International Conference on Machine Learning (pp. 2681-2691). PMLR. Bartlett, P. L., & Mendelson, S. (2006). Empirical minimization. Probability theory and related fields, 135(3), 311-334.

- Q1) Is it possible to prove a bound which does not require the assumption that the expert is $\varepsilon$-optimal ? We believe that it is possible (in the setup of RL with demonstrations) since a usual BPI algorithm allows us to provide an optimal policy without any additional data. However, the resulting algorithm using data from a highly suboptimal expert may be significantly different from the proposed one. So we focus on a simple and implementable approach. - Q2) Why the regularization is needed in the tabular case but not in the linear one ? I am referring to Section 3.2 Regularization in the linear setting is unnecessary because we add constraints on the parameters of the class. Alternatively, one can introduce ridge regularization with an appropriate regularization parameter and make no direct restrictions on the regression coefficients. In fact, these two approaches are nearly equivalent. - Q3) How can UCBVI-Ent+ achieve $O(\varepsilon^{-1})$ sample complexity according to Theorem 5 while UCBVI-Ent achieves a worst sample complexity of $O(\varepsilon^{-2})$? We have included a separate comment detailing the distinctions between UCBVI-Ent and UCBVI-Ent+. The critical feature that enables UCBVI-Ent+ to achieve $O(\varepsilon^{-1})$ sample complexity is the exploitation of the strong convexity of the regularizer. However, to implement this effectively, it is necessary to introduce additional time randomization to the policy played during the episodes. We believe that this is a novel aspect of our work on the algorithmic side. - Q4) What are the definitions of $\pi^{t, (h)}$ and $\tilde{pi}$ in Algorithm 3? The definition of $\pi^{t, (h’)}$ is given after sampling rules (9) in Appendix D.2: $\pi^{t, (h’)}_h$ is equal to an regularized-greedy optimistic policy given by optimistic planning for all steps $h \not = h’$ and $\pi^{t, (h’)}_h$ is a greedy with respect to a difference between upper and lower estimate for optimal Q-value for a step $h = h’$. In particular, this randomization is crucial to achieve $\mathcal{O(\varepsilon^{-1})}$ sample complexity. Regarding $\tilde{pi}$, it is a misprint and the final policy should be $\bar{\pi}^t$, thank you for showing it to us. - Q5) In the setting of Demonstration Regularized RLHF is it necessary to have the coefficients defined in equation 3 in the bound ? As it is stated in Corollary 4, to achieve $O(\varepsilon) $ quality it is enough to have either large enough $N^{\text{E}}$ (independent on a coefficient defined in (3)) or large enough $N^{\text{RM}}$ depending on the coefficient defined in (3). If we assume only large enough $N^{\text{RM}}$, then the dependence on $C_r$ seems unavoidable due to the lower bounds in Theorem 3 by Zhan et al. (2023a).

We would like to thank reviewer XPKe for the careful reading and the constructive feedback. Please find below our response to the main points raised in the review. - Limited discussion on LSVI-UCB-Ent and UCBVI-Ent algorithms; Unfortunately, the limited discussion on the regularized BPI algorithms is a byproduct of constrained space. We've included a general comment highlighting the novel features of UCBVI-Ent+ and LSVI-Ent algorithms compared to their non-regularized counterparts. Additionally, we present an adaptation of the UCBVI-Ent algorithm for general regularized MDPs in a separate comment dedicated to all the reviewers. Moreover, it's important to stress that the primary contribution of the paper lies not solely in the regularized BPI algorithms but in their combination with behavior cloning techniques. This combination illustrates the convergence properties of simple and implementable algorithms that are already widely utilized in practice. - The paper can be better organized, there are too many references pointing towards the appendix. We would greatly appreciate any suggestions from the reviewer regarding the reorganization of the main results of the paper, considering the constraint of a 9-page limit. - Why Theorem 6 does not depend on the size of the expert dataset $N^{\mathrm{E}}$? Theorem 6 is devoted to the sample complexity of best policy identification for KL-regularized MDPs with respect to any reference policy and any regularization coefficient $\lambda > 0$. To specialize these bounds to Corollary 3, we need to take a behavior-cloning policy $\pi^{\mathrm{BC}}$ as a reference one and choose the regularization parameter $\lambda$ depending on the number of expert trajectories $N^{\mathrm{E}}$ (choice $\lambda^\star$ from Theorem 3) and the desired accuracy $\varepsilon$ as $\mathcal{O}(N^{\mathrm{E}} \varepsilon / (SAH))$ (as described in Corollary 3)."				
6.200	GN921JHCRw__r03	RAPTOR: Recursive Abstractive Processing for Tree-Organized Retrieval	8: accept, good paper	3: You are fairly confident in your assessment. It is possible that you did not understand some parts of the submission or that you are unfamiliar with some pieces of related work. Math/other details were not carefully checked.	partially_fixed	priority_secondary_structured	structured=partially_fixed; issue_ledger=unresolved		regressed	partially_fixed	unresolved	fixed	unresolved	partially_fixed	"[weaknesses] 1. One limitation seems to be that the approach requires recursive summarization with an LLM which can add to computational expense (could be also good to share the trade-off). 2. While I get the theoretical intuition of clustering (to prevent information loss, by clustering more homogenous content for summarization), it would have been nice to have an empirical demonstration of the effectiveness of clustering. A possible ablation could be: what if we took a balanced tree-style encoding/summarization and simply recursively encoded contiguous chunks (instead of clustering)? 3. There is some precedence for using hierarchical retrieval (even though there are crucial differences) [1,2] that could be cited and discussed for better contextualization in the literature. [1] Dense Hierarchical Retrieval for Open-domain Question Answering - Liu et al. EMNLP Findings 2021 [2] Hybrid Hierarchical Retrieval for Open-Domain Question Answering - Arivazhagan et al. ACL Findings 2023

[questions] 1. It could be good to add a pseudo-code for beam tree-based retrieval and collapsed-tree-based retrieval. 2. The 20% accuracy boost claim (while technically correct) may be a bit misleading given prior works do not use GPT4 (if I understand correctly). So most of the boost most likely comes from GPT4 rather than RAPTOR.

[summary] The paper introduces a new information retrieval mechanism for retrieval augmented generation (RAG). Traditionally, retrieval in RAG is done rather flatly by indexing text-chunks and then retrieving top-k. In the new approach, the authors create a hierarchical encoding. They do this by: 1. Encoding original text-chunks. 2. Clustering the (encoding,text-chunk) pairs. 3. Summarizing the clustered text-chunks into a single text-chunk. 4. Encoding the summary text-chunks to get new (encoding,text-chunk) pairs . 5. Going to step 2 and repeating the process until the root encoding is created. They also propose two ways to query/retrieve from the hierarchical encoding - one method involving plain top-k retrieval from flattened tree, and another method starts from the root encoding and explores the tree of encodings via beam search. In both cases, information at various levels of granularity can be retrieved."	> **While I get the theoretical intuition of clustering (to prevent information loss, by clustering more homogenous content for summarization), it would have been nice to have an empirical demonstration of the effectiveness of clustering. A possible ablation could be: what if we took a balanced tree-style encoding/summarization and simply recursively encoded contiguous chunks (instead of clustering)?** We appreciate the reviewer's suggestion for an empirical demonstration of the effectiveness of clustering in our RAPTOR model. We conducted the proposed ablation study on the QuALITY dataset, comparing the performance of RAPTOR with a balanced tree-style encoding and summarization of contiguous chunks, rather than clustering. In this ablation, we maintained a consistent retrieval setup using SBERT embeddings and UnifiedQA across both configurations. For RAPTOR, we followed our standard methodology of clustering and summarization. In the alternative setup, we created a balanced tree structure by recursively encoding and summarizing contiguous chunks of text, setting the window size to the average cluster size observed in RAPTOR (approximately 6.7 nodes, thus a window size of 7 node...	"> **While I get the theoretical intuition of clustering (to prevent information loss, by clustering more homogenous content for summarization), it would have been nice to have an empirical demonstration of the effectiveness of clustering. A possible ablation could be: what if we took a balanced tree-style encoding/summarization and simply recursively encoded contiguous chunks (instead of clustering)?** We appreciate the reviewer's suggestion for an empirical demonstration of the effectiveness of clustering in our RAPTOR model. We conducted the proposed ablation study on the QuALITY dataset, comparing the performance of RAPTOR with a balanced tree-style encoding and summarization of contiguous chunks, rather than clustering. In this ablation, we maintained a consistent retrieval setup using SBERT embeddings and UnifiedQA across both configurations. For RAPTOR, we followed our standard methodology of clustering and summarization. In the alternative setup, we created a balanced tree structure by recursively encoding and summarizing contiguous chunks of text, setting the window size to the average cluster size observed in RAPTOR (approximately 6.7 nodes, thus a window size of 7 nodes). For both models, we employed the collapsed tree approach for retrieval. The results of this ablation are as follows: | Configuration | Accuracy | |--------------------------------------|------------| | **RAPTOR + SBERT embeddings + UnifiedQA** | **56.6%** | | Recency-based tree + SBERT embeddings + UnifiedQA | 55.8% | The findings from this study demonstrate that the clustering mechanism in RAPTOR provides an improvement in accuracy over the recency-based tree approach. This supports the hypothesis that clustering enables more effective capture of homogeneous content for summarization, enhancing retrieval performance. We have incorporated these results into the revised manuscript to further motivate our clustering approach. > **There is some precedence for using hierarchical retrieval (even though there are crucial differences) [1,2] that could be cited and discussed for better contextualization in the literature.** Thank you for pointing us to relevant literature on hierarchical retrieval. We have updated our paper to include these references! ### Questions > **It could be good to add a pseudo-code for beam tree-based retrieval and collapsed-tree-based retrieval.** We agree— we have added pseudo-code for both tree traversal methods to the appendix of our revised paper. For further transparency and to enable reproducibility, we have also provided all of our code as supplementary materials and intend to open-source it. > **The 20% accuracy boost claim (while technically correct) may be a bit misleading given prior works do not use GPT4 (if I understand correctly). So most of the boost most likely comes from GPT4 rather than RAPTOR.** We acknowledge the reviewer's concern regarding the 20% accuracy boost using RAPTOR in combination with GPT-4. Our findings indeed show that while GPT-4 contributes significantly to the overall performance, RAPTOR's unique retrieval approach provides an additional boost in accuracy. This is evident when we compare RAPTOR's performance with that of other retrieval methods paired with the GPT models. RAPTOR consistently outperforms these methods, indicating that its effectiveness is not solely due to the advanced capabilities of GPT models, but also due to the inherent advantages of the RAPTOR system.

### Questions > **Did you consider using a hierarchical clustering algorithm like agglomerative clustering? Why use GMM? In practice, do you assign passages/summaries to more than one cluster?** We did not experiment with hierarchical clustering algorithms, such as agglomerative clustering. These algorithms have a time complexity of O(N^2 log N), which may be prohibitively expensive. Furthermore, these algorithms assign each data point to a single cluster. Our goal in RAPTOR is to create higher-level representations of text, which means the semantics of a chunk should be able to be represented across different nodes in our tree representation. We selected GMM for RAPTOR's clustering, because the target task necessitated both automated cluster determination and the capability for nodes to belong to multiple clusters. Empirically, we saw that soft clustering occurs when the length of the input document is greater than 14,300 tokens. Across all datasets, 74.3% of the documents with an input length greater than 14,300 tokens contain some amount of soft clustering. Amongst the documents with soft clustering, 38.1% of the summary nodes contain soft clustered child nodes. We acknowledge that better clustering methods could further improve the performance of RAPTOR, and welcome future work in this area. > **Is 4 percent hallucination considered standard? What amount of hallucination have other LLM-based summarization systems experienced?** Xu et al. (2023) [1] conducted a faithfulness analysis on summaries generated by GPT 3.5, the same model we employed for our summarization tasks, checking if the summary is entailed by the retrieved documents. They found that the non-faithfulness (i.e. hallucination) rates in summaries ranged from 3% to 26% across different datasets. Our observed hallucination rate of 4% falls on the lower end of this spectrum. [1] [Xu et al., 2023. RECOMP: Improving Retrieval-Augmented LMs with Compression and Selective Augmentation](https://arxiv.org/pdf/2310.04408.pdf) > **Is the example for hallucination in the appendix the full length? I am surprised to see the summary and child node are almost the same size.** The example for hallucination in the appendix is not full length. We truncated both the child and parent node to illustrate the types of hallucinations that can occur. To satisfy your curiosity, we provide an analysis on the lengths of the summary and child nodes below. The average ratio of the summary length to the sum of child node lengths across all datasets is 0.28 (i.e. a 72% compression rate). Since the parent node summarizes multiple nodes, it is possible, though unlikely, for the summary node and a single child node to be the same length. Across all datasets, the average summary length is 131 tokens while the average child node length is 86 tokens. We provide statistics on all three datasets below: | Dataset | Avg. Summary Length (tokens) | Avg. Child Node Text Length (tokens) | Avg. # of Child Nodes Per Parent | Avg. Compression Ratio (Summary to Cluster Text Tokens) (%) | |----------------|------------------------------|--------------------------------------|----------------------------------|------------------------------------------------------------| | All Datasets | 131 | 85.6 | 6.7 | .28 | | Quality | 124.4 | 87.9 | 5.7 | .28 | | NarrativeQA | 129.7 | 85.5 | 6.8 | .27 | | Qasper | 145.9 | 86.2 | 5.7 | .35 | We have added these statistics to the appendix of the paper. > **Is the cumulative cosine score used to select the next top-k nodes in beam search approach? If not, then perhaps it makes sense to rename this---the approach does not seem very beam search like. When using beam search, will there always be k * d nodes kept? Or is it only d nodes, where you choose the sequence of nodes with the highest cumulative score?** Thank you for pointing this out! We have renamed the beam search approach to “tree traversal” to better reflect the nature of this method. Beam search (now renamed tree traversal) retrieves text from k * d nodes. In practice, for the majority of our experiments (and unless otherwise noted), we use the collapsed tree method. We have updated the description of tree traversal in the paper for clarity. > **Why did you need to create your own story? Can you share more details about how the 2600 word story is created?** We created our own story to ensure that we were testing the models on data on which they had not been trained. We have added an excerpt in the appendix, as well as a link to the full story.

Thank you for your insightful review and for the new experiments you suggested! Please see our detailed response below. > **It would be good to see the performance using open-domain pre-trained models (e.g. LLAMA or other ones), to ensure a more reproducible research.** We appreciate the reviewer's suggestion to use open-domain pre-trained models to enhance the reproducibility of our research. Note that our existing results use the UnifiedQA model, which is an open-source model. Furthermore, as per the reviewer’s suggestion, we conducted additional experiments using the instruction-tuned Llama2-7B-chat model. We include the results below: | Model | Answer F1 | |----------------------|------------| | **SBERT with RAPTOR**| **31.0%** | | SBERT without RAPTOR | 25.5% | These results show that RAPTOR significantly improves performance when using open-domain pre-trained models. To further enable reproducibility, we also release all of our code as supplementary materials. > **There is no experiment on the impact of the clustering algorithm (what is the difference when not using UMAP? when using more or less neighbors?).** We thank the reviewer for their insightful comments regarding the need for an in-depth analysis of the clustering algorithm used in our RAPTOR model. In our current manuscript, we have focused on demonstrating the overall efficacy of RAPTOR and its performance relative to existing retrieval methods. We agree that a detailed examination of the clustering algorithm, including the use of UMAP and the choice of the number of neighbors, will lead to a deeper understanding of RAPTOR's performance. We also believe that better and more optimized clustering methods could further improve the performance of RAPTOR, and would welcome future work in this area. To examine the impact of the clustering algorithm, we conducted a new ablation study comparing the clustering mechanism in RAPTOR against a baseline in which we construct the RAPTOR tree using contiguous chunks of text. We evaluate the QuALITY dataset, and the results are as follows: | Configuration | Accuracy | |--------------------------------------|------------| | **RAPTOR + SBERT embeddings + UnifiedQA** | **56.6%** | | Recency-based tree + SBERT embeddings + UnifiedQA | 55.8% | As shown above, the clustering mechanism in RAPTOR provides an improvement in accuracy over the recency-based tree approach. This supports the hypothesis that clustering enables more effective capture of homogeneous content for summarization and enhances performance. We have updated the paper with the results of this new experiment. Thank you for this suggestion, which we believe strengthens the work. ### Questions > **Please give examples of generated summaries.** To address the reviewer’s request and provide greater transparency, we will release all RAPTOR tree structures (which contain all summaries) as binaries. We hope that this also enables further analysis by external researchers. > **It would be great to have some insight on the impact of the clustering algorithm, and how the performance degrades with summary quality.** We thank the reviewer for their valuable suggestion to explore the impact of the clustering algorithm (and we have described new experiments above), as well as the effect of summary quality on performance. Note that, in our initial setup, the tree summaries were crafted using the GPT-3.5 Turbo model. In response to the reviewer’s suggestion for further insights, we have conducted a new experiment to assess how performance varies as a function of summary quality. For this purpose, we produced tree summaries using the Llama2-7B-chat model for a subset of 50 passages from the QASPER dataset. The results of this experiment (shown below) are somewhat surprising: while we anticipated a potential performance degradation when shifting from GPT-3.5 to Llama2-7B-chat, the performance impact was in fact negligible. This suggests that even with summaries of lower quality, RAPTOR remains largely unaffected. Here are the results: Both experiments used the Llama2-7B-chat model for question-answering | Configuration | Answer F1 | |--------------------------------------|------------| | RAPTOR + GPT-3.5 Turbo Tree Summaries | 31.0 | | RAPTOR + Llama2-7B-chat Tree Summaries| 28.8 | The result above suggests that RAPTOR can potentially be applied using far fewer computational resources without compromising performance, and we have added these results to the revised paper. Thank you for suggesting that we explore this aspect of our method!"	"> **Can you provide more details about the difference between collapsed and beam in Figure 3? Does collapsed tend to choose more summaries than beam? Why is top-3 not centered over the 1000 x-ticker? How should we interpret the context length x-axis wrt beam?** Figure 3 presents a comparison between two querying methods—collapsed tree and beam search—across a range of context lengths on the QASPER dataset. The top-k value tickers correspond to the average number of tokens within the respective top-k groups. The top-3 label is not perfectly centered over the 1000 mark on the x-axis, because the average context length for the top-3 category doesn't align exactly with 1000 tokens. The beam search method (now renamed tree traversal) will always use a consistent ratio of information from the leaf nodes, specifically 1 / {total number of layers} in the tree. On the other hand, as shown in the table below, the collapsed tree approach offers greater flexibility in the ratio of information from the summary nodes to the leaf nodes. Furthermore, for NarrativeQA, which includes more thematic questions, around 47% of nodes are summary nodes, whereas in QASPER, which consists of more extractive questions than abstractive questions, collapsed tree retrieves 81% leaf nodes and only 19% summary nodes. #### % of nodes from different layer with SBERT as the retriever | Layer | NarrativeQA | Quality | Qasper | |-------|-------------|---------|--------| | 0 | 63.22 | 75.59 | 81.51 | | 1 | 31.51 | 22.78 | 17.84 | | 2 | 4.85 | 1.63 | 0.65 | | 3 | 0.42 | - | - | We have added this new analysis to the appendix of the revised paper. > **When referencing the appendix, perhaps specify where in the appendix (i.e. which appendix section).** Thank you for this suggestion! We have updated the paper accordingly. > **It is deceptive and not clear to describe RAPTOR as scaling linearly. The actual complexity is closer to O(n * k) where N is the number of tokens and k is the number of layers.** Thank you for your insights regarding the O(n * k) complexity of the RAPTOR algorithm. We acknowledge your point and wish to present an empirical observation. Across all trees the average number of nodes in a parent layer is 18.2% of the number of nodes in the child layer. Similarly, across all datasets, the average token count of the parent layer is 26.1% of the token count of all nodes in the child layer. This shows that in each layer of RAPTOR, the number of tokens processed decreases by more than half. This reduction significantly impacts the overall complexity. The total computational work across all layers can be described as a geometric series: - $$ N + \frac{N}{2} + \frac{N}{4} + \frac{N}{8} + ... $$ Summing up this series, the total computational effort is found to be 2N, which simplifies to a linear O(N) complexity. Thus, RAPTOR’s complexity scales linearly with the number of tokens (and independently of the number of layers), so long as the “compression” factor between layers is at least 50%, which empirically holds across all of our experiments. > **Can make it more clear whether using dev or test data. Also, if using dev data to claim state-of-the-art, then perhaps provide some clarification why test is not being used.** All of RAPTOR’s state-of-the-art results are reported on the test data. For QuALITY, we make our SOTA claims based on the QuALITY leaderboard, where we had submitted our results on the hidden test set: https://nyu-mll.github.io/quality/. For controlled experiments against baselines, both RAPTOR and baselines results are reported on the dev dataset only for QuALITY, since the test set answers are hidden. > **Related Work** Thank you so much for pointing us to relevant literature! We have updated our paper to include these references.

### Questions > **How did you segment texts into chunks? If you use obvious segments in text like paragraphs, please state it clearly.** Please see our response above on text segmentation. > **How did you generate summaries by GPT-3.5-turbo? You should show the actually used prompt.** Thanks for pointing this out! Our prompt to generate summaries by GPT-3.5-turbo is: Write a summary of the following, including as many key details as possible: {context}. We have added this information to a new section entitled “Summarization Prompt” of the Appendix. > **What kind of embedding did you use for retrieving chunks and clusters? Did you use the centroids for each cluster or embedding of the summaries? Also, are these calculated by SBERT similar to the clustering step?** We used SBERT embeddings for retrieving chunks and clusters. We used embeddings of the summaries, which were calculated by SBERT as in the clustering step. We updated the paper to make this more clear. Thanks for pointing out that this wasn’t clear in the original. > **This is related to the above weakness part. How many retrieved instances are used for baseline models?** Please see our response above on the number of retrieved instances. > **In the part, ""Comparison to State-of-the-art Systems"", you compared your RAPTOR with GPT-4 to LongT5 that has 3B of parameters and its variant, ColtT5. Considering that the detailed parameter size of GPT-4 is not released and the size of the baselines' parameters, this comparison is not fair. Did you adopt RAPTOR to LongT5 or ColtT5?** In our study, the primary objective of the controlled experiments was to evaluate the efficacy of RAPTOR as a retrieval method. To ensure a fair and consistent comparison, we used the same language models (GPT models and UnifiedQA) across different retrieval strategies. This approach allows us to directly assess the impact of the retrieval mechanism on performance. Regarding the comparison with LongT5 and ColtT5, we note that the state-of-the-art results reported for these models on the datasets in question were achieved using a non-retrieval-based approach, where the entire document is provided for question-answering. This is fundamentally different from our retrieval-augmented setup. Moreover, the model weights for ColtT5 are not publicly available, and only the base LongT5 model weights are accessible. The state-of-the-art scores for LongT5 were derived from versions of the model specifically fine-tuned for QA tasks. In our case, we employed the UnifiedQA model, a T5-based model with 3B parameters, but crucially, with a context length limit of 512 tokens, which is in line with our retrieval-focused evaluation framework. > **Similar to the previous question, in Table 5, you should have adopted RAPTOR to the model with almost the same parameter size as that of baselines.** Please see our response above in regards to model parameter counts.

Weakness 2: > **The baselines in table 1 and 2 are not well justified. It seems like BM25 and DPR do not use the tree structure, also, SBERT can be applied without tree structure.** We thank the reviewer for the suggestion of testing each retriever with and without RAPTOR to form a clearer set of baselines. We ran this experiment using SBERT, BM25, and DPR with and without the RAPTOR tree structure on all three datasets: QASPER, NarrativeQA and QuALITY with the UnifiedQA model and add these results to the paper under “Further Experimental Results” (and show below). RAPTOR with any retriever consistently outperforms the respective retriever (without RAPTOR) across all datasets. #### Table 1: QuALITY | Model | Accuracy | |---------------------------|----------| | **SBERT with RAPTOR** | **56.6%** | | SBERT without RAPTOR | 54.9% | | **BM25 with RAPTOR** | **52.1%** | | BM25 without RAPTOR | 49.9% | | **DPR with RAPTOR** | **54.7%** | | DPR without RAPTOR | 53.1% | #### Table 2: NarrativeQA | Model | ROUGE | BLEU-1 | BLEU-4 | METEOR | |----------------------------------|--------|--------|--------|--------| | **SBERT with RAPTOR** | **30.87%** | **23.50%** | **6.42%** | **19.20%** | | SBERT without RAPTOR | 29.26% | 22.56% | 5.95% | 18.15% | | **BM25 with RAPTOR** | **27.93%** | **21.17%** | **5.70%** | **17.03%** | | BM25 without RAPTOR | 23.52% | 17.73% | 4.65% | 13.98% | | **DPR with RAPTOR** | **30.94%** | **23.51%** | **6.45%** | **19.05%** | | DPR without RAPTOR | 29.56% | 22.84% | 6.12% | 18.44% | #### Table 3: Qasper | Model | Answer F1 | |------------------------------|-----------| | **SBERT with RAPTOR** | **36.70%** | | SBERT without RAPTOR | 36.23% | | **BM25 with RAPTOR** | **27.00%** | | BM25 without RAPTOR | 26.47% | | **DPR with RAPTOR** | **32.23%** | | DPR without RAPTOR | 31.70% | Note that we run the above DPR experiments with dpr-multiset-base as opposed to dpr-single-nq-base, because dpr-multiset-base performs better than dpr-single-nq-base in the original DPR paper. Weakness 3: > **The paper is hard to read at times. Details about beam search are confusing (e.g. do we return all the visited docs, or a single sequence of them?)** Thank you for sharing this feedback. We agree that the details of beam search were unclear, so we renamed the method to reduce confusion (now called “tree traversal”), updated Figure 2, and improved the description in the paper and in the caption of Figure 2, both of which are included below for reference: Querying Section: “Tree traversal first selects the top-k most relevant root nodes based on their cosine similarity to the query embedding. The children of these selected nodes are considered at the next layer and the top-k nodes are selected from this pool, again based on their cosine similarity to the query vector. This process is repeated until the leaf nodes are reached. Finally, the text from all selected nodes is concatenated to form the retrieved context.” Caption of Figure 2: “Tree traversal starts at the root level of the tree and retrieves the top-k (here, top-1) node(s) based on cosine similarity to the query vector. At each level, it retrieves the top-k node(s) from the child nodes of the previous layer’s top-k. Collapsed tree collapses the tree into a single layer and retrieves nodes until a threshold number of tokens is reached, based on cosine similarity to the query vector. The nodes on which cosine similarity search is performed are highlighted in both illustrations.” Weakness 4: > **There are multiple claims of state of the art that are not accurate. In zeroscrolls, flan-ul2 is reported to get 56.9F1 on Qasper. GPT-4 gets 89.2 on Quality in the same paper.** In our paper, we evaluate each method on the full test set for QuALITY, QASPER, and NarrativeQA; in contrast, the zeroscrolls paper evaluates on only a subset of 500 examples for each dataset, meaning that their results are not directly comparable. Further, our SOTA claims for QuALITY are based on the QuALITY leaderboard, where we submitted our results on the hidden test set: https://nyu-mll.github.io/quality/."				
6.114	hv3SklibkL__r04	Graph Parsing Networks	5: marginally below the acceptance threshold	3: You are fairly confident in your assessment. It is possible that you did not understand some parts of the submission or that you are unfamiliar with some pieces of related work. Math/other details were not carefully checked.	fixed	priority_secondary_structured	structured=fixed; issue_ledger=unresolved		regressed	partially_fixed	fixed	fixed	unresolved	fixed	"[weaknesses] 1. Time complexity. Though the paragraph above Proposition 4 claims that the time complexity of each pooling layer is $O(n^{(k)})$, the computation of edge score $C$ still takes $O(m^{(k)})$ time. 2. Proposition 5 is doubtful. The argmax operator may not produce unique output when the multiset has several equal maximum elements. 3. The performance gain in ablation study is not significant. In Table 4, the performance difference between the origin model and the model with Mean pool is smaller than the score deviation.

[questions] 1. The point 1 and 2 in the Weakness section. 2. The argmax operator in DOM is not differentiable. How to train the whole model end-to-end?

[summary] This work proposes an efficient graph parsing algorithm to infer the pooling structure that drives graph pooling. The pooling structure is trained end-to-end. It achieves competitive real-world performance and good memory and time efficiency."	Thank you for the thoughtful feedback on our manuscript. We provide the following detailed responses to your major concerns. > (Weakness 1) Time complexity. Though the paragraph above Proposition 4 claims that the time complexity of each pooling layer is $O(n^{(k)})$, the computation of edge score $C$ still takes $O(m^{(k)})$ time. The computation of the edge score $C$ indeed has complexity $\mathcal{O}(m^{(k)})$. However, it occurs before Algorithm 1, and in the paragraph above Proposition 4, we specifically focused on the time complexity of Algorithm 1 as $\mathcal{O}(n^{(k)})$. The computation of $C$ is dominated by message passing, which can be computed in parallel on GPU. On the other hand, the parsing algorithm must be executed sequentially. That's why, in our time efficiency tests, even EdgePool with $\mathcal{O}(m^{(k)})$ complexity runs very slowly when dealing with densely connected graphs. > (Weakness 2) Proposition 5 is doubtful. The argmax operator may not produce unique output when the multiset has several equal maximum elements. Thank you for pointing this out! Yes, if there are two nodes with common neighbors and their node features are exactly the same, then the...	"Thank you for the thoughtful feedback on our manuscript. We provide the following detailed responses to your major concerns. > (Weakness 1) Time complexity. Though the paragraph above Proposition 4 claims that the time complexity of each pooling layer is $O(n^{(k)})$, the computation of edge score $C$ still takes $O(m^{(k)})$ time. The computation of the edge score $C$ indeed has complexity $\mathcal{O}(m^{(k)})$. However, it occurs before Algorithm 1, and in the paragraph above Proposition 4, we specifically focused on the time complexity of Algorithm 1 as $\mathcal{O}(n^{(k)})$. The computation of $C$ is dominated by message passing, which can be computed in parallel on GPU. On the other hand, the parsing algorithm must be executed sequentially. That's why, in our time efficiency tests, even EdgePool with $\mathcal{O}(m^{(k)})$ complexity runs very slowly when dealing with densely connected graphs. > (Weakness 2) Proposition 5 is doubtful. The argmax operator may not produce unique output when the multiset has several equal maximum elements. Thank you for pointing this out! Yes, if there are two nodes with common neighbors and their node features are exactly the same, then the output of the argmax operator cannot guarantee uniqueness. Based on your suggestion, we edited Proposition 5 and it's corresponding proof (paragraph 2 in Appendix A.2) in the updated submission, please refer to the red-colored text. Specifically, we suppose the row-wise non-zero entries in $C$ are distinct. In practice, we find that the potential violation of the permutation invariance caused by the argmax operator has a limited impact on model performance. > (Weakness 3) The performance gain in ablation study is not significant. In Table 4, the performance difference between the origin model and the model with Mean pool is smaller than the score deviation. In our ablation study, we aim to verify that the performance improvement is primarily due to the parsing algorithm we proposed and to show that our model is robust to changes in the backbone. After replacing the DeepSets module with a simpler Mean pool, the model continues to deliver strong performance, confirming its robustness to the choice of backbone and supporting our claim. --- > (Question) The argmax operator in DOM is not differentiable. How to train the whole model end-to-end? Here we describe the forward and backward passes of our model to clarify the training process: - During the forward pass, we first use GNN and MLP to compute the edge scores (Equation 1). Then we run Algorithm 1 to obtain the assignment matrix (Equation 2) and performs the multiset computation to obtain the coarsened graph (Equation 3). The final step is to compute the edge score mask (Equation 4) to ensure the gradients can flow into GNN and MLP. - Here, we further present the details of Equation 4 to enhance understanding: - Induce subgraph $\hat{G}_i^{(k)} \subseteq G^{(k)}$ from node $v_i$ means: each node $v_i$ in graph $G^{(k+1)}$ is a cluster generated by the $k$-th pooling layer, thus it corresponds to a connected subgraph $\hat{G}_i^{(k)}$ in $G^{(k)}$. - In order to allow gradients to flow into the MLP used for calculating edge scores, we aggregate the scores of all the edges $\hat{\mathcal{E}}\_i^{(k)}$ in each subgraph $\hat{G}\_i^{(k)}$. We then obtain a vector $\mathbf{y}^{(k)}\_{i} \in \mathbb{R}^{n^{(k+1)}}$ represents the score of clusters. - This vector is then replicated into a mask matrix $\mathbf{y}^{(k)} \mathbf{1}^{\mathrm{T}} \in \mathbb{R}^{n^{(k+1)} \times d}$, which matches the shape of the node feature matrix $\mathbf{\hat{X}}^{(k+1)}$. Finally, this mask is element-wise multiplied with the node feature matrix. - During the backward pass, Algorithm 1 does not run. Instead, the gradient backpropagation is performed directly. The GNN and MLP can be updated through the gradients of the edge score mask.

We sincerely appreciate the reviewer's considerate feedback. Here, we provide detailed responses to your concerns. > (Weakness 1) This work may be similar to the idea of [1] which considers and manipulates edges during graph pooling (i.e., making the cluster assignment matrix with edges), since this work also performs edge-centric graph pooling with the cluster assignment matrix that is generated from edges. Thank you for mentioning this work. In our updated submission (please refer to the red-colored text), we have introduced it in Introduction (paragraph 3 in Section 1) and Related Works (paragraph 1 in Appendix B). > (Weakness 2) Equation (4) lacks details on motivation. I understand that, in order to perform backpropagation with edge scores, edge scores should be added or multiplied with other learnable variables. On the other hand, it is unclear why the edge scores should be multiplied in this way (Equation (4)) and what may be the effect of this multiplication on node features. - Yes, the multiplication is for backpropagation, this approach is similar to [1] (see the last equation in Equation 2). - In this way (adding the score and then multiplying), the output cluster from graph pooling can be aware of the number of edges assigned to it through its features. - Here, we present the details of Equation 4 to enhance understanding: - Induce subgraph $\hat{G}_i^{(k)} \subseteq G^{(k)}$ from node $v_i$ means: each node $v_i$ in graph $G^{(k+1)}$ is a cluster generated by the $k$-th pooling layer, thus it corresponds to a connected subgraph $\hat{G}_i^{(k)}$ in $G^{(k)}$. - In order to allow gradients to flow into the MLP used for calculating edge scores, we aggregate the scores of all the edges $\hat{\mathcal{E}}\_i^{(k)}$ in each subgraph $\hat{G}\_i^{(k)}$. We then obtain a vector $\mathbf{y}^{(k)}\_{i} \in \mathbb{R}^{n^{(k+1)}}$ represents the score of clusters. - This vector is then replicated into a mask matrix $\mathbf{y}^{(k)} \mathbf{1}^{\mathrm{T}} \in \mathbb{R}^{n^{(k+1)} \times d}$, which matches the shape of the node feature matrix $\mathbf{\hat{X}}^{(k+1)}$. Finally, this mask is element-wise multiplied with the node feature matrix. > (Weakness 3) The authors may further perform the statistical test on the main results (Table 1 and Table 2) since the performance of the proposed GPN is comparable against other performant baselines when considering mean and standard deviations together. Following you suggestion, we performed t-tests and report the best model and its comparable models (p > 0.05) here: - Table 1: | **Dataset** | **Best model** | **Comparable models** | |---------------|----------------|-------------------------------------| | **NCI1** | **GPN** | - | | **NCI109** | **GPN** | - | | **FRANKENSTEIN** | **GPN** | EdgePool | | **PROTEINS** | **GPN** | GMT, SPGP, MinCutPool, HoscPool, SEP | | **DD** | GMT | SPGP | - Table 2: | **Dataset** | **Best model** | **Comparable models** | |-------------|----------------|--------------------------------| | **Film** | **GPN** | GCNII, GGCN, NSD | | **Cora** | GCNII | **GPN**, MixHop, H2GCN, GPRGNN, GGCN, NSD | | **CiteSeer**| Geom-GCN | **GPN**, GCNII, H2GCN, GPRGNN, GGCN, NSD | | **PubMed** | GCNII | Geom-GCN | --- > (Question 1) In Equation (10), it may be better to represent the superscript on GNN' according to its layer index, since GNN' is different across different layers. The GNN' in Equation 10 is shared across the pooling layers, thus we omitted the superscript. > (Question 2) In Figure 5, the proposed GPN is memory efficient compared to the baseline that uses the cluster assignment matrix for graph pooling. However, the GPN also uses the cluster assignment matrix for graph pooling. In this vein, I am wondering why there exists a significant difference in efficiency while both methods are similar in using the cluster assignment matrix. This is because the clustering-based methods need to store a dense assignment matrix with quadratic memory complexity (see Section 1 and Figure 1), while our model ensures linear memory complexity through the graph parsing algorithm (see paragraph 5 in Section 2.2). --- [1] Graph U-Nets, ICML 2019

Dear Reviewer UKss, thank you for your response. We would like to kindly clarify that there may be some misunderstanding regarding our assumptions, and we are more than happy to provide further clarification on this matter. - For the sake of brevity, we have shortened the text of the assumptions made, so you may have misunderstood the meaning of ""row-wise non-zero entries"". What we mean is that for any given row $i$ in matrix $C$, all non-zero entries of $C_i$ are distinct from each other, rather than stating that the non-zero entries of any $C_i$ and $C_j$ are mutually exclusive multisets. In other words, our assumption is that for each node $i$, the edge scores $\{ C_{ij} | j \in \mathcal{N}(i) \}$ are distinct. According to our computation method for edge scores (see Equation 1), this assumption is only broken when the two neighbors $j,k$ of the central node $i$ have exactly the same node features (as we explained in *Response to Weakness 2* and as stated in Appendix A.2, paragraph 2). Therefore, we consider this assumption not to be strong, which is also reflected in the model's good performance. - Thus for the example of a symmetric graph you mentioned, assuming nodes $i,j$ are a pair of nodes symmetrically positioned in the graph, even if the multisets of non-zero entries in $C_i$ and $C_j$ are equal, as long as the non-zero entries within $C_i$ and $C_j$ are distinct, the permutation invariance can still be guaranteed. We sincerely apologize for any confusion that may have arisen and hope that our explanation can offer you a clearer understanding of the assumptions presented in Proposition 5. If you have any lingering uncertainties, we are more than willing to provide further clarification and address your concerns."	"We sincerely appreciate the reviewer's considerate feedback. Here, we provide detailed responses to your concerns. > (Weakness 1) This work may be similar to the idea of [1] which considers and manipulates edges during graph pooling (i.e., making the cluster assignment matrix with edges), since this work also performs edge-centric graph pooling with the cluster assignment matrix that is generated from edges. Thank you for mentioning this work. In our updated submission (please refer to the red-colored text), we have introduced it in Introduction (paragraph 3 in Section 1) and Related Works (paragraph 1 in Appendix B). > (Weakness 2) Equation (4) lacks details on motivation. I understand that, in order to perform backpropagation with edge scores, edge scores should be added or multiplied with other learnable variables. On the other hand, it is unclear why the edge scores should be multiplied in this way (Equation (4)) and what may be the effect of this multiplication on node features. - Yes, the multiplication is for backpropagation, this approach is similar to [1] (see the last equation in Equation 2). - In this way (adding the score and then multiplying), the output cluster from graph pooling can be aware of the number of edges assigned to it through its features. - Here, we present the details of Equation 4 to enhance understanding: - Induce subgraph $\hat{G}_i^{(k)} \subseteq G^{(k)}$ from node $v_i$ means: each node $v_i$ in graph $G^{(k+1)}$ is a cluster generated by the $k$-th pooling layer, thus it corresponds to a connected subgraph $\hat{G}_i^{(k)}$ in $G^{(k)}$. - In order to allow gradients to flow into the MLP used for calculating edge scores, we aggregate the scores of all the edges $\hat{\mathcal{E}}\_i^{(k)}$ in each subgraph $\hat{G}\_i^{(k)}$. We then obtain a vector $\mathbf{y}^{(k)}\_{i} \in \mathbb{R}^{n^{(k+1)}}$ represents the score of clusters. - This vector is then replicated into a mask matrix $\mathbf{y}^{(k)} \mathbf{1}^{\mathrm{T}} \in \mathbb{R}^{n^{(k+1)} \times d}$, which matches the shape of the node feature matrix $\mathbf{\hat{X}}^{(k+1)}$. Finally, this mask is element-wise multiplied with the node feature matrix. > (Weakness 3) The authors may further perform the statistical test on the main results (Table 1 and Table 2) since the performance of the proposed GPN is comparable against other performant baselines when considering mean and standard deviations together. Following you suggestion, we performed t-tests and report the best model and its comparable models (p > 0.05) here: - Table 1: | **Dataset** | **Best model** | **Comparable models** | |---------------|----------------|-------------------------------------| | **NCI1** | **GPN** | - | | **NCI109** | **GPN** | - | | **FRANKENSTEIN** | **GPN** | EdgePool | | **PROTEINS** | **GPN** | GMT, SPGP, MinCutPool, HoscPool, SEP | | **DD** | GMT | SPGP | - Table 2: | **Dataset** | **Best model** | **Comparable models** | |-------------|----------------|--------------------------------| | **Film** | **GPN** | GCNII, GGCN, NSD | | **Cora** | GCNII | **GPN**, MixHop, H2GCN, GPRGNN, GGCN, NSD | | **CiteSeer**| Geom-GCN | **GPN**, GCNII, H2GCN, GPRGNN, GGCN, NSD | | **PubMed** | GCNII | Geom-GCN | --- > (Question 1) In Equation (10), it may be better to represent the superscript on GNN' according to its layer index, since GNN' is different across different layers. The GNN' in Equation 10 is shared across the pooling layers, thus we omitted the superscript. > (Question 2) In Figure 5, the proposed GPN is memory efficient compared to the baseline that uses the cluster assignment matrix for graph pooling. However, the GPN also uses the cluster assignment matrix for graph pooling. In this vein, I am wondering why there exists a significant difference in efficiency while both methods are similar in using the cluster assignment matrix. This is because the clustering-based methods need to store a dense assignment matrix with quadratic memory complexity (see Section 1 and Figure 1), while our model ensures linear memory complexity through the graph parsing algorithm (see paragraph 5 in Section 2.2). --- [1] Graph U-Nets, ICML 2019

We sincerely appreciate the reviewer's constructive feedback and positive remarks on our work. We provide the following detailed responses to your major concerns. > (Weakness 1) It seems that GPN works well on small-sized graphs from the experimental results. Discussion on large-sized graphs is expected to be included in the paper. > (Weakness 2) If the tree is high for some large-sized graph, the performance might be worse due to over-smoothing. It is worth noting that, the PubMed dataset we tested already contains 18,717 nodes, which is not that small-sized. Following your suggestion, in the updated submission (please refer to the red-colored text), we further strengthen the discussion on large graphs in Appendix E. In short, our node classification model architecture already includes residual connections from the encoder to the decoder (see Section 2.3 and Figure 3), which can help mitigate potential over-smoothing issues on large graphs by preserving local information. > (Weakness 3) For the model itself involving GNNs, it is not clear how you train this model. Since the Reviewer UKss raised the same question, we kindly request that you refer to *Response to Reviewer UKss - Question*. --- > (Question) What does a different GNN mean in node classification? $\mathbf{H}^{(k)}$ in Eq. 3 is the same as $GNN^\prime(\mathbf{X}^{(k)}, \mathbf{A}^{(k)})$ in eq. 10. In Equation 3, the multiset computation module directly use the node feature $\mathbf{H}^{(k)}$, which is encoded by the GNN in Equation 1. While in Equation 10, the input node feature is $\mathbf{X}^{(k)}$, and we use another GNN' (different from the GNN in Equation 1) to encode it.

Thank you for the thoughtful feedback on our manuscript. We provide the following detailed responses to your major concerns. > (Weakness 1) Time complexity. Though the paragraph above Proposition 4 claims that the time complexity of each pooling layer is $O(n^{(k)})$, the computation of edge score $C$ still takes $O(m^{(k)})$ time. The computation of the edge score $C$ indeed has complexity $\mathcal{O}(m^{(k)})$. However, it occurs before Algorithm 1, and in the paragraph above Proposition 4, we specifically focused on the time complexity of Algorithm 1 as $\mathcal{O}(n^{(k)})$. The computation of $C$ is dominated by message passing, which can be computed in parallel on GPU. On the other hand, the parsing algorithm must be executed sequentially. That's why, in our time efficiency tests, even EdgePool with $\mathcal{O}(m^{(k)})$ complexity runs very slowly when dealing with densely connected graphs. > (Weakness 2) Proposition 5 is doubtful. The argmax operator may not produce unique output when the multiset has several equal maximum elements. Thank you for pointing this out! Yes, if there are two nodes with common neighbors and their node features are exactly the same, then the output of the argmax operator cannot guarantee uniqueness. Based on your suggestion, we edited Proposition 5 and it's corresponding proof (paragraph 2 in Appendix A.2) in the updated submission, please refer to the red-colored text. Specifically, we suppose the row-wise non-zero entries in $C$ are distinct. In practice, we find that the potential violation of the permutation invariance caused by the argmax operator has a limited impact on model performance. > (Weakness 3) The performance gain in ablation study is not significant. In Table 4, the performance difference between the origin model and the model with Mean pool is smaller than the score deviation. In our ablation study, we aim to verify that the performance improvement is primarily due to the parsing algorithm we proposed and to show that our model is robust to changes in the backbone. After replacing the DeepSets module with a simpler Mean pool, the model continues to deliver strong performance, confirming its robustness to the choice of backbone and supporting our claim. --- > (Question) The argmax operator in DOM is not differentiable. How to train the whole model end-to-end? Here we describe the forward and backward passes of our model to clarify the training process: - During the forward pass, we first use GNN and MLP to compute the edge scores (Equation 1). Then we run Algorithm 1 to obtain the assignment matrix (Equation 2) and performs the multiset computation to obtain the coarsened graph (Equation 3). The final step is to compute the edge score mask (Equation 4) to ensure the gradients can flow into GNN and MLP. - Here, we further present the details of Equation 4 to enhance understanding: - Induce subgraph $\hat{G}_i^{(k)} \subseteq G^{(k)}$ from node $v_i$ means: each node $v_i$ in graph $G^{(k+1)}$ is a cluster generated by the $k$-th pooling layer, thus it corresponds to a connected subgraph $\hat{G}_i^{(k)}$ in $G^{(k)}$. - In order to allow gradients to flow into the MLP used for calculating edge scores, we aggregate the scores of all the edges $\hat{\mathcal{E}}\_i^{(k)}$ in each subgraph $\hat{G}\_i^{(k)}$. We then obtain a vector $\mathbf{y}^{(k)}\_{i} \in \mathbb{R}^{n^{(k+1)}}$ represents the score of clusters. - This vector is then replicated into a mask matrix $\mathbf{y}^{(k)} \mathbf{1}^{\mathrm{T}} \in \mathbb{R}^{n^{(k+1)} \times d}$, which matches the shape of the node feature matrix $\mathbf{\hat{X}}^{(k+1)}$. Finally, this mask is element-wise multiplied with the node feature matrix. - During the backward pass, Algorithm 1 does not run. Instead, the gradient backpropagation is performed directly. The GNN and MLP can be updated through the gradients of the edge score mask."				
6.200	sLQb8q0sUi__r02	Fair and Efficient Contribution Valuation for Vertical Federated Learning	6: marginally above the acceptance threshold	3: You are fairly confident in your assessment. It is possible that you did not understand some parts of the submission or that you are unfamiliar with some pieces of related work. Math/other details were not carefully checked.	partially_fixed	priority_secondary_structured	structured=partially_fixed; issue_ledger=unresolved		regressed	partially_fixed	fixed	partially_fixed	unresolved	partially_fixed	"[weaknesses] The writing can be improved quite a bit. - For example, $d^m$ is used for denoting the feature dimension of client $m$, but $m$ here can be easily misunderstood as exponent. Better to use $d^{(m)}$. - Quite a few places use ""Sharpley"". - It's good to provide some background about matrix completion algorithm, at least in Appendix. - In Proposition 1, what is $D^m$? What is $\gamma^m$? Again, $m$ can be easily misunderstood as exponent. - Proposition 3 can be better stated as an example instead of Proposition. I am also not too sure about the experiments. - What is the dimension of each dataset being used? - What does Table 1 supposed to tell? Is it fair to compare the Shapley value of 1 artificial client against all regular clients? - How to set the hyperparameters of $r$ and $\lambda$? I think ablation study is needed.

[questions] See weakness.

[summary] This paper extends the FedSV framework by Wang et al. (2020) to vertical federated learning setting. For synchronous setting, since the server does not have access to the data embeddings to the full dataset, the authors propose an approximation algorithm based on matrix completion given the low rank assumption. For asynchronous setting, since there are no definition of training iterations for the server, the time stamps for contribution valuation is pre-determined. The author conducted experiments to demonstrate the effectiveness of the proposed technique."	## Reply to Weakness 2 Thank you for your feedback regarding the technical novelty of our learning-based basis selection approach. We understand your concerns and appreciate the opportunity to emphasize our contributions: - We addressed an important problem rarely explored in the literature, that is, how to fairly value the contributions of different clients in the field of vertical federated learning (VFL). - Our proposed VerFedSV utilized the local embedding to construct the utility function. We have indeed employed techniques developed by pioneers in related fields (like local embeddings), but our work combines these techniques and applies them in a novel context. - VerFedSV is applicable for both synchronous and asynchronous VFL. In synchronous VFL, we utilize matrix completion to obtain the full embedding of all training sets. We demonstrate that the target embedding matrices are approximately low-rank and provide an approximation guarantee for VerFedSV. Under the asynchronous VFL setting, we show that VerFedSV successfully reflects the strength of clients' local computational resources. To conclude, our integrated VerFedSV provides a pioneering and exemplary framework for ...	"## Reply to Weakness 2 Thank you for your feedback regarding the technical novelty of our learning-based basis selection approach. We understand your concerns and appreciate the opportunity to emphasize our contributions: - We addressed an important problem rarely explored in the literature, that is, how to fairly value the contributions of different clients in the field of vertical federated learning (VFL). - Our proposed VerFedSV utilized the local embedding to construct the utility function. We have indeed employed techniques developed by pioneers in related fields (like local embeddings), but our work combines these techniques and applies them in a novel context. - VerFedSV is applicable for both synchronous and asynchronous VFL. In synchronous VFL, we utilize matrix completion to obtain the full embedding of all training sets. We demonstrate that the target embedding matrices are approximately low-rank and provide an approximation guarantee for VerFedSV. Under the asynchronous VFL setting, we show that VerFedSV successfully reflects the strength of clients' local computational resources. To conclude, our integrated VerFedSV provides a pioneering and exemplary framework for contribution evaluation in VFL, and this approach constitutes a solid contribution. ## Reply to Question 1 In the asynchronous setting, each client may require different amounts of time to complete a training iteration and may have varying batch sizes. However, in the synchronous setting, all clients have the same time per iteration and the same batch size. As described in Section 6, our approach in the asynchronous setting involves the transmission of mini-batches from the clients to the server to update the server embeddings. There is no need to use matrix completion so that the Shapley value is proportional to the client's computational strength. In the synchronous setting, we complete the full embedding, because, in this way, the entire training set is utilized for computing Shapley value, effectively avoiding potential errors from mini-batch sampling. ## Reply to Question 2 Please refer to our response in Weakness 1 regarding preparing and utilizing a separate validation set in the VFL setting. ## Reply to Minor Suggestions **Misspellings** We will ensure the misspellings are thoroughly correct in the final version. **Explanation for why the embeddings are sufficient** For linear regression, $f$ is mean square error, and for logistic regression, $f$ is cross-entropy loss. The client model can be a linear model or a neural network. We next explain why VerFedSV only relies on embeddings and is irrelevant to the function form of $f$ or whether the task is one-class or multi-class classification. We first recap the one-class case and then explain the multi-class case. In one-class case, we defined the embedding matrix $\mathcal{H}^m \in \mathbb{R}^{T \times N}$ where each element $(t,i)$ is defined as $\mathcal{H}_{t,i}^m = (h_i^m)^{(t)}$. In the context of the multi-class classification problem with $l > 2$ classes, the model parameter $\theta_m$ is in space $\mathbb{R}^{d^m \times l}$. Consequently, the embedding $h_i^m = \theta_m^\intercal x_i^m$ is in $\mathbb{R}^l$. Now, the embedding $\mathcal{H}^m$ is a tensor in $\mathbb{R}^{T \times N \times l}$. We reorder the tensor dimensions and lower it to a matrix $\mathcal{H}^m \in \mathbb{R}^{(l\cdot T) \times N}$. Regarding the general function case, $h_i^m = \theta_m^\intercal x_i^m$ becomes $h_i^m = g(x_i^m; \theta_m)$, where $g$ can be a neural network with weights $\theta_m$. VerFedSV by Definition 2 in Section 4 only requires $h^i_m$ and does not depends on does not depend on the specific form of $g$. **Explain covering number** Covering number $\mathcal{N}(\mathcal{D},\epsilon)$ represents the minimum number of ""balls"" or ""sets"" with radius $\epsilon$ that are needed to cover a given dataset $\mathcal{D}$. In other words, it quantifies the complexity of $\mathcal{D}$. Please refer to Definition 5 in Section B for detailed formulation. **Clients send the IDs** The client will send the batch $B$ that contains the IDs of data points. We will revise it in the final version. **Report $N$ and $T$** Please refer to Table 2 in Section C for the number of training data points $N$ in different datasets. As for $T$, under the synchronous setting, it is 160, 160, 800, and 320 for each dataset, and under the asynchronous setting, it is 100. We apologize for any confusion caused and assure to be clarified in the final version.

We sincerely appreciate the valuable suggestions you provided during the review process. Following your suggestions, we have devoted great effort to an expanded ablation study. We believe that these improvements have strengthened the paper substantially. In light of these efforts and the resulting improvements to the paper, we kindly hope that you could consider re-evaluating your score. We are confident that our work now better addresses your concerns, and we hope that the updates better reflect the contribution we aim to make to the field. We reply to each of the weaknesses and questions below. ## Reply to Weakness on Writing Thank you for your suggestions on writing and clarity. We will revise $d^m$ to $d^{(m)}$ to prevent potential misinterpretation and will thoroughly correct the typos. Concerning the utilization of low-rank matrix completion, we initially introduced its motivation, formulation, and application in Section 5. We will further enrich the backgrounds for its solving algorithm in the appendix, including a taxonomy of existing algorithms and more detailed explanations. In Proposition 1, $\mathcal{D}^{(m)}$ is the local data set for client $m$ defined in Section 3. Regarding the term $\gamma^{(m)}$, we deeply regret any confusion it may cause. This term is defined in Section B.2 as the bound on the $L_2$ norm of the model parameters. To be specific, it is denoted as $\gamma^{(m)} = \max_{t \in [T]}\|\theta_m^{(t)}\|$. Finally, in line with your recommendations, we will revise the notation $\cdot^m$ to $\cdot^{(m)}$ and state Proposition 3 as an Example to enhance understanding. ## Reply to Questions on Experiments **Question 1** For the dimension of each dataset, please refer to Table 2 (Metadata of all data sets) in the paper. **Question 2** Table 1 reveals that artificial clients, which submit randomly generated features, are assigned substantially lower Shapley values compared to regular clients providing real features. In this table, the Shapley value of one artificial client is compared against that of the regular clients. This setup’s purpose is to show that artificial clients are indeed evaluated as having lower contributions. **Question 3** The hyperparameter $r$ is based on approximated $\epsilon$-rank in our experiment. As for $\lambda$, we observe that the performance of VerFedSV remains relatively insensitive across a wide range of $\lambda$. To support these observations, we conduct new ablation studies as follows. We define a deviation metric for the upcoming ablation study. For client $i$, denote its percentage of VerFedSV relative to the total VerFedSV from all clients as $s_i$. These VerFedSVs are calculated using matrix completion to estimate all embeddings. Meanwhile, we compute a ground-truth scenario where full embeddings are calculated in each training round. In this scenario, the percentage of Shapley value for client i relative to the sum of all Shapley values is denoted as $ s_{i}^{gt} $ . With $M$ representing the number of clients, the deviation metric is defined as $\frac{1}{M} \sum_{m=1}^{M} \frac{|s_m - s^{gt}_m|}{s^{gt}_m} $. Please refer to this [anonymous link](https://drive.google.com/file/d/14273cwj05-QrdUab_AXa8wSnswo5QHki/view?usp=drive_link) for the results. The left part of the figure displays the deviation w.r.t the hyperparameter $r$, based on five independent runs. The median deviation of these runs is depicted by the solid line, while the shaded area represents the interquartile range (25% to 75% quantiles) of deviations. Take the Adult dataset as an example for analysis. The figure demonstrates that deviations are significant for $r<5$, since inadequate rank cannot accurately recover full embeddings. However, deviation decreases rapidly as $r$ increases and stabilizes at a low value when $r\ge 5$. Practically, obtaining full embeddings is resource-intensive due to communication costs or limited resources on the client side. Thus, approximating $\epsilon$ rank may be difficult. However, the server (with sufficient computational resources), after collecting the mini-batch embeddings, can test with several increasing values of $r$. The Shapley value will converge to the ground-truth value as revealed by our ablation study. The right part of the figure illustrates the deviation w.r.t the hyperparameter $\lambda$. It demonstrates that the performance of VerFedSV remains relatively insensitive across a wide range of $\lambda$ and we can safely set $\lambda=0.1$ for various datasets.

We sincerely appreciate your positive comments and valuable feedback on our paper. We reply to each of the weaknesses and questions below. ## Reply to Weakness 1 Thank you for your valuable feedback. Our experiments indeed encompass multi-class (e.g., on Covtype) and general function cases (e.g., 2-layer perceptron model on RCV1). We will ensure providing concrete explanations in the final version. We first recap the one-class case and then explain the multi-class case. In one-class case, we defined the embedding matrix $\mathcal{H}^m \in \mathbb{R}^{T \times N}$ where each element $(t,i)$ is defined as $\mathcal{H}_{t,i}^m = (h_i^m)^{(t)}$. In the context of the multi-class classification problem with $l > 2$ classes, the model parameter $\theta_m$ is in space $\mathbb{R}^{d^m \times l}$. Consequently, the embedding $h_i^m = \theta_m^\intercal x_i^m$ is in $\mathbb{R}^l$. Now, the embedding $\mathcal{H}^m$ is a tensor in $\mathbb{R}^{T \times N \times l}$. We reorder the tensor dimensions and lower it to a matrix $\mathcal{H}^m \in \mathbb{R}^{(l\cdot T) \times N}$. Regarding the general function case, $h_i^m = \theta_m^\intercal x_i^m$ becomes $h_i^m = g(x_i^m; \theta_m)$, where $g$ can be a neural network with weights $\theta_m$. Since our method does not depend on the specific form of $g$ and only requires $h_i^m$, it can be extended to the general function case. Admittedly, Proposition 1 on the bound of embedding matrix’s $\epsilon$-rank may not necessarily hold. However, in practice (See Section 7.1, RCV1 dataset) we still observe that embedding is approximately low-rank, so matrix completion is still an effective strategy. ## Reply to Weakness 2 Thank you for your feedback on the baselines. We would like to mention that data Shapley value [1] can be easily extended to the HFL scenario but not to the VFL scenario. This is because VFL's clients partition the dataset along feature dimensions, while the data Shapley value [1] was designed to assess the importance of individual data points. We would like to draw the reviewer's attention to our extra experiment in Section D.2, where SHAP [2] is employed as a baseline to test whether VerFedSV reflects the importance of clients’ local features. It is worth noting that the SHAP baseline cannot be directly applied to the VFL task, as it requires access to all the local datasets and may breach privacy. Nevertheless, the results presented in Table 5 of Section D.2 indicate that VerFedSV is indeed capable of capturing feature importance. [1] Amirata Ghorbani, James Y. Zou. Data Shapley: Equitable Valuation of Data for Machine Learning. ICML 2019: 2242-2251 [2] Scott M. Lundberg, Su-In Lee. A Unified Approach to Interpreting Model Predictions. NeurIPS 2017: 4765-4774 ## Reply to Question 1 In VerFedSV, it will be inefficient to sum over all subsets $S\subset[M]$. However, this is a common issue in Shapley Value and well-studied in literature. Various sampling methods [1,3] are proposed for this issue. In our experiment, as mentioned in Section C, VerFedSV is computed exactly when the number of clients $M \le 10$, and approximately using Monte-Carlo sampling when the number of clients $M > 10$. VerFedSV is efficient because it does not require model retraining. The key idea is to calculate the Shapley value for a client in each iteration of training and then aggregate these values over all iterations to determine the final contribution of the client. [3] Jiayao Zhang, Qiheng Sun, Jinfei Liu, Li Xiong, Jian Pei, Kui Ren. Efficient Sampling Approaches to Shapley Value Approximation. Proc. ACM Manag. Data 1(1): 48:1-48:24 (2023) ## Reply to Question 2 FedSV [4] and VerFedSV are applied in different scenarios -- HFL and VFL, respectively. Furthermore, it's worth noting that FedSV is specifically designed for the synchronousFL setting and relies on training rounds. In contrast, VerFedSV in Section 6 applies to the asynchronous FL setting. [4] Tianhao Wang, Johannes Rausch, Ce Zhang, Ruoxi Jia, Dawn Song. A Principled Approach to Data Valuation for Federated Learning. Federated Learning 2020: 153-167"	"We sincerely appreciate the valuable suggestions you provided during the review process. Following your suggestions, we have devoted great effort to an expanded ablation study. We believe that these improvements have strengthened the paper substantially. In light of these efforts and the resulting improvements to the paper, we kindly hope that you could consider re-evaluating your score. We are confident that our work now better addresses your concerns, and we hope that the updates better reflect the contribution we aim to make to the field. We reply to each of the weaknesses and questions below. ## Reply to Weakness on Writing Thank you for your suggestions on writing and clarity. We will revise $d^m$ to $d^{(m)}$ to prevent potential misinterpretation and will thoroughly correct the typos. Concerning the utilization of low-rank matrix completion, we initially introduced its motivation, formulation, and application in Section 5. We will further enrich the backgrounds for its solving algorithm in the appendix, including a taxonomy of existing algorithms and more detailed explanations. In Proposition 1, $\mathcal{D}^{(m)}$ is the local data set for client $m$ defined in Section 3. Regarding the term $\gamma^{(m)}$, we deeply regret any confusion it may cause. This term is defined in Section B.2 as the bound on the $L_2$ norm of the model parameters. To be specific, it is denoted as $\gamma^{(m)} = \max_{t \in [T]}\|\theta_m^{(t)}\|$. Finally, in line with your recommendations, we will revise the notation $\cdot^m$ to $\cdot^{(m)}$ and state Proposition 3 as an Example to enhance understanding. ## Reply to Questions on Experiments **Question 1** For the dimension of each dataset, please refer to Table 2 (Metadata of all data sets) in the paper. **Question 2** Table 1 reveals that artificial clients, which submit randomly generated features, are assigned substantially lower Shapley values compared to regular clients providing real features. In this table, the Shapley value of one artificial client is compared against that of the regular clients. This setup’s purpose is to show that artificial clients are indeed evaluated as having lower contributions. **Question 3** The hyperparameter $r$ is based on approximated $\epsilon$-rank in our experiment. As for $\lambda$, we observe that the performance of VerFedSV remains relatively insensitive across a wide range of $\lambda$. To support these observations, we conduct new ablation studies as follows. We define a deviation metric for the upcoming ablation study. For client $i$, denote its percentage of VerFedSV relative to the total VerFedSV from all clients as $s_i$. These VerFedSVs are calculated using matrix completion to estimate all embeddings. Meanwhile, we compute a ground-truth scenario where full embeddings are calculated in each training round. In this scenario, the percentage of Shapley value for client i relative to the sum of all Shapley values is denoted as $ s_{i}^{gt} $ . With $M$ representing the number of clients, the deviation metric is defined as $\frac{1}{M} \sum_{m=1}^{M} \frac{|s_m - s^{gt}_m|}{s^{gt}_m} $. Please refer to this [anonymous link](https://drive.google.com/file/d/14273cwj05-QrdUab_AXa8wSnswo5QHki/view?usp=drive_link) for the results. The left part of the figure displays the deviation w.r.t the hyperparameter $r$, based on five independent runs. The median deviation of these runs is depicted by the solid line, while the shaded area represents the interquartile range (25% to 75% quantiles) of deviations. Take the Adult dataset as an example for analysis. The figure demonstrates that deviations are significant for $r<5$, since inadequate rank cannot accurately recover full embeddings. However, deviation decreases rapidly as $r$ increases and stabilizes at a low value when $r\ge 5$. Practically, obtaining full embeddings is resource-intensive due to communication costs or limited resources on the client side. Thus, approximating $\epsilon$ rank may be difficult. However, the server (with sufficient computational resources), after collecting the mini-batch embeddings, can test with several increasing values of $r$. The Shapley value will converge to the ground-truth value as revealed by our ablation study. The right part of the figure illustrates the deviation w.r.t the hyperparameter $\lambda$. It demonstrates that the performance of VerFedSV remains relatively insensitive across a wide range of $\lambda$ and we can safely set $\lambda=0.1$ for various datasets.

We sincerely appreciate your positive comments and valuable feedback on our paper. We reply to each of the weaknesses and questions below. ## Reply to Weakness 1 Thank you for your valuable feedback. Our experiments indeed encompass multi-class (e.g., on Covtype) and general function cases (e.g., 2-layer perceptron model on RCV1). We will ensure providing concrete explanations in the final version. We first recap the one-class case and then explain the multi-class case. In one-class case, we defined the embedding matrix $\mathcal{H}^m \in \mathbb{R}^{T \times N}$ where each element $(t,i)$ is defined as $\mathcal{H}_{t,i}^m = (h_i^m)^{(t)}$. In the context of the multi-class classification problem with $l > 2$ classes, the model parameter $\theta_m$ is in space $\mathbb{R}^{d^m \times l}$. Consequently, the embedding $h_i^m = \theta_m^\intercal x_i^m$ is in $\mathbb{R}^l$. Now, the embedding $\mathcal{H}^m$ is a tensor in $\mathbb{R}^{T \times N \times l}$. We reorder the tensor dimensions and lower it to a matrix $\mathcal{H}^m \in \mathbb{R}^{(l\cdot T) \times N}$. Regarding the general function case, $h_i^m = \theta_m^\intercal x_i^m$ becomes $h_i^m = g(x_i^m; \theta_m)$, where $g$ can be a neural network with weights $\theta_m$. Since our method does not depend on the specific form of $g$ and only requires $h_i^m$, it can be extended to the general function case. Admittedly, Proposition 1 on the bound of embedding matrix’s $\epsilon$-rank may not necessarily hold. However, in practice (See Section 7.1, RCV1 dataset) we still observe that embedding is approximately low-rank, so matrix completion is still an effective strategy. ## Reply to Weakness 2 Thank you for your feedback on the baselines. We would like to mention that data Shapley value [1] can be easily extended to the HFL scenario but not to the VFL scenario. This is because VFL's clients partition the dataset along feature dimensions, while the data Shapley value [1] was designed to assess the importance of individual data points. We would like to draw the reviewer's attention to our extra experiment in Section D.2, where SHAP [2] is employed as a baseline to test whether VerFedSV reflects the importance of clients’ local features. It is worth noting that the SHAP baseline cannot be directly applied to the VFL task, as it requires access to all the local datasets and may breach privacy. Nevertheless, the results presented in Table 5 of Section D.2 indicate that VerFedSV is indeed capable of capturing feature importance. [1] Amirata Ghorbani, James Y. Zou. Data Shapley: Equitable Valuation of Data for Machine Learning. ICML 2019: 2242-2251 [2] Scott M. Lundberg, Su-In Lee. A Unified Approach to Interpreting Model Predictions. NeurIPS 2017: 4765-4774 ## Reply to Question 1 In VerFedSV, it will be inefficient to sum over all subsets $S\subset[M]$. However, this is a common issue in Shapley Value and well-studied in literature. Various sampling methods [1,3] are proposed for this issue. In our experiment, as mentioned in Section C, VerFedSV is computed exactly when the number of clients $M \le 10$, and approximately using Monte-Carlo sampling when the number of clients $M > 10$. VerFedSV is efficient because it does not require model retraining. The key idea is to calculate the Shapley value for a client in each iteration of training and then aggregate these values over all iterations to determine the final contribution of the client. [3] Jiayao Zhang, Qiheng Sun, Jinfei Liu, Li Xiong, Jian Pei, Kui Ren. Efficient Sampling Approaches to Shapley Value Approximation. Proc. ACM Manag. Data 1(1): 48:1-48:24 (2023) ## Reply to Question 2 FedSV [4] and VerFedSV are applied in different scenarios -- HFL and VFL, respectively. Furthermore, it's worth noting that FedSV is specifically designed for the synchronousFL setting and relies on training rounds. In contrast, VerFedSV in Section 6 applies to the asynchronous FL setting. [4] Tianhao Wang, Johannes Rausch, Ce Zhang, Ruoxi Jia, Dawn Song. A Principled Approach to Data Valuation for Federated Learning. Federated Learning 2020: 153-167

We sincerely appreciate your positive comments and valuable feedback on our paper. Following your feedback, we have made significant efforts to conduct comparison experiments. We are confident that these efforts have greatly enhanced the quality and strength of our paper. In light of this enhancement to the paper, we kindly hope that you could consider re-evaluating your score. We are confident that our work now better addresses your concerns, and we hope that the updates better reflect the contribution we aim to make to the field. We reply to each of the weaknesses and questions below. ## Reply to Weakness 1 Thank you for your valuable feedback. We extend the experiments to compare with alternatives including request embeddings for all data points and based on update mini-batch. We first define a deviation metric for the upcoming comparison experiments. For client $i$, denote its percentage of VerFedSV relative to the total VerFedSV from all clients as $s_i$. These VerFedSVs are calculated using matrix completion to estimate all embeddings. Meanwhile, we compute a ground-truth scenario where full embeddings are calculated in each training round. In this scenario, the percentage of Shapley value for client i relative to the sum of all Shapley values is denoted as $s_i^{gt}$. With $M$ representing the number of clients, the metric Deviation(VerFedSV, Ground truth) is defined as $\frac{1}{M} \sum_{m=1}^{M} \frac{|s_m - s^{gt}_m|}{s^{gt}_m}$. Similarly, the metric Deviation(Mini-batch, Ground truth) measures the deviation of Shapley value computed with mini-batch from the ground-truth scenario. The comparison results are shown as follows. The deviation metric is shown in mean$\pm$std format, where mean and std are calculated from 5 independent runs. | | Adult | Web | Covtype | RCV1 | |-|-|-|-|-| | VerFedSV | $0.058\pm 0.039$| $0.095\pm 0.051$ | $0.309\pm 0.041$ | $0.558\pm 0.117$ | | Mini-batch | $0.047\pm 0.150$ | $0.110 \pm0.300$ | $0.319\pm 0.057$ | $0.559\pm 0.268$ | To conclude, VerFedSV stably achieves low deviation since it can accurately recover the full embeddings. In contrast, the Shapley values under the Mini-batch scenario exhibit a larger variance than VerFedSV. Preparing a separate validation set under the VFL scenario is a non-trivial research topic. In the VFL scenario, the server should not possess any knowledge about the client dataset, including even the feature dimensions. The server and clients have to collaborate prudently and complicatedly to prepare and utilize the validation set while properly addressing the privacy issue. Considering this challenge, we propose using the full training set directly. This approach offers several advantages. Firstly, it utilizes the entire training set for computing Shapley value, thereby avoiding potential errors introduced by sampling mini-batches. Additionally, it ensures that the computation process of the Shapley value does not leak private information and that the resulting Shapley value remains private to each client. For baselines, we would like to draw the reviewer's attention to SHAP [1] baseline in Section D.2. This experiment shows that VerFedSV reflects the importance of clients’ local features. However, to the best of our knowledge, no other suitable baseline exists that considers both privacy and fairness simultaneously. Actually, the SHAP baseline cannot be directly applied to the VFL task, as it requires access to all the local datasets and may breach privacy. Meanwhile, the baselines involving the model-independent utility would cause fairness issue in the asynchronous VFL scenario, since they rely on the client's data but ignores the computational resources contributed by the client. To explain this, we have an example in Sec. 7.2. Imagine two clients with identical datasets. Using the model-independent utility function, both clients would be evaluated as having equal contributions. However, in an asynchronous environment, Client 1 may have superior hardware and transmission power. This advantage allows for a larger batch size and facilitates more frequent communication, resulting in a higher number of asynchronous training rounds. In such a scenario, Client 1's contribution should be greater, yet the model-independent utility function fails to recognize this, leading to an unfair assessment. [2] Scott M. Lundberg, Su-In Lee. A Unified Approach to Interpreting Model Predictions. NeurIPS 2017: 4765-4774"				
6.200	HX5ujdsSon__r01	In-Context Learning through the Bayesian Prism	6: marginally above the acceptance threshold	2: You are willing to defend your assessment, but it is quite likely that you did not understand the central parts of the submission or that you are unfamiliar with some pieces of related work. Math/other details were not carefully checked.	partially_fixed	priority_secondary_structured	structured=partially_fixed; issue_ledger=unresolved		regressed	partially_fixed	partially_fixed	fixed	unresolved	partially_fixed	"[weaknesses] - The paper is not well organized which makes it very hard to read through. - The Figures are very hard to understand, making it challenging to summarize the conclusion from the figures. - It's not a good idea to keep stating ""refer to Appendix"" for the main methodology part of the paper. - It is also not a good idea to keep stating that some steps in the proposed method are similar to a specific paper and cite that paper. At least, the authors need to give a clear reason for doing so. - The paper mentioned a lot of technique terms without giving any rational and proper definitions. For example, - the ""Bayesian predictor"" is not properly explained in the context of ""in-context learning"". - I'm not familiar with The ""deviations from Bayesian prediction"" . The author should explain that clearly. - The ""Simplicity bias"" should be better replaced with ""Occam’s razor"" or ""no free lunch theorem"". Because the suggested terms are used very often in the literature. - If you mean ""generalization is out of distribution (OOD) detection"". Then just using OOD detection would reduce a lot of confusion. - The correctness of Equation 2 is questionable. What is the exact definition of ""$df$"", the differentiation with respect to a function $f$? - As the main component of this work, the paper lacks the reason for extending ICL to hierarchical ICL. Why do you want to sample from a mixture of the function family?

[questions] - Considering the paper's main topic is about prompting engineering and large language models, the author might consider trying for a compatible conference in NLP.

[summary] This paper considers in-context learning for large language models. This paper extends the previous work ""What can transformers learn in-context? A case study of simple function classes."" by considering multiple function families, out-of-distribution detection, and Bayesian prediction tasks. This paper conducts extensive experiments and large-scale analysis in the experiment section."	We thank the reviewer for going through our work and providing useful feedback. Below we try to answer their concerns and questions: 1. **Readability**: We will take the reviewer’s comments into account and will add more descriptive captions so that the figures are easier to understand. About references to the appendix, we believe that given the contents and the scope of our work, it would have been difficult to fit all the technical details in the main paper given the page limit. However, the details in the appendix are not primary for understanding the core theme and contributions of our work. However, we will take this feedback into account and move some of the details to the main paper. About references to “some specific” paper, we are not sure about which paper the reviewer is referring to here. If it is Akyurek et al. 2022 [1], we cite their work while describing the weight recovery method in page 3, since we use their method for our experiments, but we do provide all the details about how the method works after citing their work. In case they are referring to Raventos et al. (2023) [2], while we do provide all the important details from their work relevant to our experime...	"We thank the reviewer for going through our work and providing useful feedback. Below we try to answer their concerns and questions: 1. **Readability**: We will take the reviewer’s comments into account and will add more descriptive captions so that the figures are easier to understand. About references to the appendix, we believe that given the contents and the scope of our work, it would have been difficult to fit all the technical details in the main paper given the page limit. However, the details in the appendix are not primary for understanding the core theme and contributions of our work. However, we will take this feedback into account and move some of the details to the main paper. About references to “some specific” paper, we are not sure about which paper the reviewer is referring to here. If it is Akyurek et al. 2022 [1], we cite their work while describing the weight recovery method in page 3, since we use their method for our experiments, but we do provide all the details about how the method works after citing their work. In case they are referring to Raventos et al. (2023) [2], while we do provide all the important details from their work relevant to our experimental setup and findings, we will add some more details from their work in Section 6 to improve readability. 2. **Technical definitions**: - **Bayesian Predictor in context of ICL** : Informally, we have a probability distribution on tuples $(x, f(x))$ induced by the priors on $x$ and $f$. This in turn, induces a distribution on the prompts, namely $(x_1, f(x_1)), (x_2, f(x_2)), …, (x_i, f(x_i)), x_{i+1}$. Conditioned on the prompt we would like to sample $f(x_{i+1})$---this is the posterior predictive distribution (PPD). We use the mean of the PPD as the Bayesian predictor since the nature of our setup requires a point estimate. The formula for PME in the paper formalizes this. We provide the formal definition of Bayesian predictor in context of ICL in Section 2 (under the PME paragraph) and discuss the relationship between ICL and Bayesian inference in the Bayesian predictor paragraph in the introduction Section. - **Deviations from Bayesian prediction**: “Deviations” here refer to predictions of transformers during ICL that do not match with the Bayesian predictor given the pre-training distribution and the observed data. - **Simplicity Bias**: Simplicity bias is by now a well-established term ML literature; for example, [3, 4, 5, 6]. - **Generalization**: We agree that a more descriptive term should be used here. We will change it to ""OOD Generalization"" in the final version for clarity. 3. **Differential of a function $df$**: This is standard notation in Bayesian inference. We can view a function as a point in a higher-dimensional Euclidean space defined by the function parameters. E.g, for linear regression, this reduces to the weight vector $w$ and hence $df$ is simply $dw$. 4. **Why HMICL?**: Prior work on theoretically understanding ICL, considers the simpler case where functions are always sampled from a single function class (which we term as MICL). We present a more advanced setup where the functions can come from different classes. Further, our setup can serve as a testbed for investigating the origins of multi-task learning in large language models (LLMs) because HMICL is arguably closer to ICL in real-world LLMs, which can realize different classes of tasks (sentiment analysis, QA, summarization etc) depending upon the inputs provided. We show that the ability to solve a mixture of tasks arises naturally as a consequence of Bayesian prediction, which can be viewed as computing the posterior when the prior comes from a mixture of function classes. This challenges the existing intuition of multi-task learning where the model first identifies the task and then solves it. [1] Akyürek et al. ICLR 2023. What learning algorithm is in-context learning? Investigations with linear models [2] Raventós et al. 2023. Pretraining task diversity and the emergence of non-Bayesian in-context learning for regression [3] Valle-Pérez et al. ICLR 2019. Deep learning generalizes because the parameter-function map is biased towards simple functions. [4] Shah et al. NeurIPS 2020. The Pitfalls of Simplicity Bias in Neural Networks. [5] Mingard et al. 2019. Neural networks are a priori biased towards Boolean functions with low entropy [6] Nakkiran et al., NeurIPS 2019. SGD on Neural Networks Learns Functions of Increasing Complexity.

Continuing from the last comment, we address the remaining concerns of the reviewer here. **Q4.1. Sampling based approximations of PME**: Thank you for asking this question. We should first clarify that for Dense Regression and Skewed-Covariance Regression, we can compute Bayesian predictors exactly and we are able to show transformers for these two problems perform very close to the Bayesian predictor (Figures 6 and 9 in Appendix). However, for other linear inverse problems where PME seems intractable, based on the reviewer’s suggestion, we have tried Markov Chain Monte Carlo sampling method (No U-Turn Sampler (NUTS)) to approximate the PME. Particularly for Low-Rank and Sign-Vector Regression problems, for small problem dimensions i.e. 16 and 8 respectively, we were able to approximate the PME. We provide the plots in Figure 11 in Appendix and TF can be seen to follow NUTS-based PME in both cases. In fact, transformers seem to perform slightly better than the NUTS solution, which we believe could be due to the errors in the approximations due to sampling. We had less success in approximating the PME for sparse regression, which we believe might be due to the complex nature of the prior which involves a mixture of discrete (to select which features to keep) and continuous distributions (for the values of selected features). However, the alignment between transformers and exact PMEs for Dense and Skewed-covariance regression as well as numerically approximated PMEs for Low-Rank and Sign-Vector regression do provide strong evidence of transformers behaving like Bayesian predictor during ICL for linear inverse problems. **Q4.2. Lasso Coefficient**: We tune the LASSO coefficient following Garg et al. [1] i.e. by using a separate batch of data (1280 sequences) and choose the single value that achieves the smallest loss. This chosen parameter is then used during inference and no separate tuning is done for the in-context examples. Hence, all predictors (including LASSO) get the same number of examples as the context length in ICL using TFs. **Q5. Feature Encoding for non-linear regression tasks**: Thanks for this question. We just provide $x_i$ as the inputs, so the model needs to figure out $\Phi$ on its own. **Q6. Relation with previous work**: We thank the reviewer for asking this question. In short, these papers study a related but distinct topic and hence do not have any bearing on our results as detailed next. Both [2] and [3] study ICL on linear regression and consider different distribution shifts to measure how robust or brittle transformers are towards different types of shifts. While we also consider OOD generalization for degree-2 monomial regression and noisy linear regression, we are analyzing something distinct: we study generalization to unseen function classes or tasks and relate it to deviations of transformers during ICL from the Bayesian predictor. Our findings show that transformers are actually capable of better generalization than the Bayesian predictor (considering the pre-training distribution). Similarly, [2] studies the training dynamic of single-layer attention-only transformers on the linear regression problem to prove that they can learn to solve the problem in-context under careful initializations. Models here do not solve the problem exactly but rather provide the best approximation possible by a single-layer model characterized by a single step of gradient descent. [4] has closely related results. The emphasis of [2, 4] is on mathematical proof and this necessitates an extremely simple setup distinct from ours. On the other hand, we show empirically that for a wide variety of linear and nonlinear function classes as well as their mixtures, the behavior of sufficiently large transformers during ICL can be explained using the Bayesian perspective. Further, we use this to study the inductive biases of transformers during ICL (the ""Simplicity Bias"" section) as well as the cases where the behavior of transformers deviates from that of the Bayesian predictor. We hope this helps the reviewer put our work in perspective compared to the mentioned papers. [1]. Garg et al. 2022. What Can Transformers Learn In-Context? A Case Study of Simple Function Classes? [2]. Zhang et al. 2023. Trained Transformers Learn Linear Models In-Context. [3]. Ahuja et al. 2023. A Closer Look at In-Context Learning under Distribution Shifts [4]. Ahn et al. 2023. Transformers learn to implement preconditioned gradient descent for in-context learning

We thank the reviewer for carefully going through our work and providing helpful feedback. Below we try to answer their questions and concerns: **Q1. HMICL and MICL**: While the reviewer is correct in a formal sense, we believe it’s clarifying to use our naming. Roughly speaking, the distinction between MICL and HMICL is reminiscent of the distinction between the usual supervised learning and meta-learning. As an example, in the MICL setup, consider linear regression. Here all tasks are instances of linear regression and each weight vector $w$ defines a task. Now if we consider a mixture of two “meta-tasks” (what we call function classes in the paper), say linear regression and decision trees, then it is true that in an abstract sense, one could potentially consider each task to be defined by its parameters and thus ignore which type of “meta-task” it instantiates (linear regression or decision tree). The formal definition in [2] which allows general hypothesis classes can similarly model HMICL. Thus, we agree with the reviewer that on this interpretation, MICL is equivalent to HMICL. However, this view is too coarse-grained for our purposes. What is of interest, both from the application and theory perspectives, is a more fine-grained view about whether and how models learn to perform these different “meta-tasks”. And the hierarchical structure is central for even talking about this. Previous work, e.g. [1, 2], considers MICL with only a single “meta-task” and is thus not suitable for the type of analyses we perform. Compared to MICL, HMICL is arguably closer to the ICL for LLMs which can perform a vast variety of “meta-tasks.” Due to the complex nature of real world training data distributions, it is hard to find concrete evidence of them being hierarchical, but we believe multi-task training in LMs like T5 [5] and FLAN-T5 [6] (with a caveat for the latter being true for fine-tuning and not pre-training) or training of multilingual models [7] which involve pre-training corpora in different languages are some examples of the hierarchical nature of the training distribution in real-world LMs. We welcome further feedback and any suggestions for better naming. **Q2. PME**: We apologize for confusion here. In the line ‘the predictions of the model can be computed using the posterior mean estimator (PME)’, we mean the ideal model (unlimited data and infinite compute) that we mention in the previous sentence and not transformers specifically. We fully agree that transformers can only approximate PME and how well they approximate it will depend on the scale of the model. We will correct this line in the final version to avoid this confusion. **Q3. GMM plots with OLS for over-determined region**: We thank the reviewer for suggesting these experiments. We provide the answers to the two questions below: (1) Figure 21 in Appendix plots the errors for the transformer model from Figure 1, PMEs, and OLS for the over-determined region. In the over-determined case $(d>10)$, the solution is unique, hence all the predictors including transformer give the same solution and have errors $\approx 0$. (2) As shown in Figure 21, transformer’s errors are smaller than OLS errors and agree with the PME(GMM) errors for all context lengths. This shows that Transformer is indeed simulating the mixture PME and not OLS. **We address the remaining concerns in the next comment.** [1] Garg et al. 2022. What Can Transformers Learn In-Context? A Case Study of Simple Function Classes? [2] Zhang et al. 2023. Trained Transformers Learn Linear Models In-Context. [5] Raffel et al. 2019. Exploring the Limits of Transfer Learning with a Unified Text-to-Text Transformer [6] Chung et al. 2022. Scaling Instruction-Finetuned Language Models [7] Conneau et al., ACL 2020. Unsupervised Cross-lingual Representation Learning at Scale"	"Continuing from the last comment, we address the remaining concerns of the reviewer here. **Q4.1. Sampling based approximations of PME**: Thank you for asking this question. We should first clarify that for Dense Regression and Skewed-Covariance Regression, we can compute Bayesian predictors exactly and we are able to show transformers for these two problems perform very close to the Bayesian predictor (Figures 6 and 9 in Appendix). However, for other linear inverse problems where PME seems intractable, based on the reviewer’s suggestion, we have tried Markov Chain Monte Carlo sampling method (No U-Turn Sampler (NUTS)) to approximate the PME. Particularly for Low-Rank and Sign-Vector Regression problems, for small problem dimensions i.e. 16 and 8 respectively, we were able to approximate the PME. We provide the plots in Figure 11 in Appendix and TF can be seen to follow NUTS-based PME in both cases. In fact, transformers seem to perform slightly better than the NUTS solution, which we believe could be due to the errors in the approximations due to sampling. We had less success in approximating the PME for sparse regression, which we believe might be due to the complex nature of the prior which involves a mixture of discrete (to select which features to keep) and continuous distributions (for the values of selected features). However, the alignment between transformers and exact PMEs for Dense and Skewed-covariance regression as well as numerically approximated PMEs for Low-Rank and Sign-Vector regression do provide strong evidence of transformers behaving like Bayesian predictor during ICL for linear inverse problems. **Q4.2. Lasso Coefficient**: We tune the LASSO coefficient following Garg et al. [1] i.e. by using a separate batch of data (1280 sequences) and choose the single value that achieves the smallest loss. This chosen parameter is then used during inference and no separate tuning is done for the in-context examples. Hence, all predictors (including LASSO) get the same number of examples as the context length in ICL using TFs. **Q5. Feature Encoding for non-linear regression tasks**: Thanks for this question. We just provide $x_i$ as the inputs, so the model needs to figure out $\Phi$ on its own. **Q6. Relation with previous work**: We thank the reviewer for asking this question. In short, these papers study a related but distinct topic and hence do not have any bearing on our results as detailed next. Both [2] and [3] study ICL on linear regression and consider different distribution shifts to measure how robust or brittle transformers are towards different types of shifts. While we also consider OOD generalization for degree-2 monomial regression and noisy linear regression, we are analyzing something distinct: we study generalization to unseen function classes or tasks and relate it to deviations of transformers during ICL from the Bayesian predictor. Our findings show that transformers are actually capable of better generalization than the Bayesian predictor (considering the pre-training distribution). Similarly, [2] studies the training dynamic of single-layer attention-only transformers on the linear regression problem to prove that they can learn to solve the problem in-context under careful initializations. Models here do not solve the problem exactly but rather provide the best approximation possible by a single-layer model characterized by a single step of gradient descent. [4] has closely related results. The emphasis of [2, 4] is on mathematical proof and this necessitates an extremely simple setup distinct from ours. On the other hand, we show empirically that for a wide variety of linear and nonlinear function classes as well as their mixtures, the behavior of sufficiently large transformers during ICL can be explained using the Bayesian perspective. Further, we use this to study the inductive biases of transformers during ICL (the ""Simplicity Bias"" section) as well as the cases where the behavior of transformers deviates from that of the Bayesian predictor. We hope this helps the reviewer put our work in perspective compared to the mentioned papers. [1]. Garg et al. 2022. What Can Transformers Learn In-Context? A Case Study of Simple Function Classes? [2]. Zhang et al. 2023. Trained Transformers Learn Linear Models In-Context. [3]. Ahuja et al. 2023. A Closer Look at In-Context Learning under Distribution Shifts [4]. Ahn et al. 2023. Transformers learn to implement preconditioned gradient descent for in-context learning

We thank the reviewer for going through our work and providing useful feedback. Below we try to answer their concerns and questions: 1. **Readability**: We will take the reviewer’s comments into account and will add more descriptive captions so that the figures are easier to understand. About references to the appendix, we believe that given the contents and the scope of our work, it would have been difficult to fit all the technical details in the main paper given the page limit. However, the details in the appendix are not primary for understanding the core theme and contributions of our work. However, we will take this feedback into account and move some of the details to the main paper. About references to “some specific” paper, we are not sure about which paper the reviewer is referring to here. If it is Akyurek et al. 2022 [1], we cite their work while describing the weight recovery method in page 3, since we use their method for our experiments, but we do provide all the details about how the method works after citing their work. In case they are referring to Raventos et al. (2023) [2], while we do provide all the important details from their work relevant to our experimental setup and findings, we will add some more details from their work in Section 6 to improve readability. 2. **Technical definitions**: - **Bayesian Predictor in context of ICL** : Informally, we have a probability distribution on tuples $(x, f(x))$ induced by the priors on $x$ and $f$. This in turn, induces a distribution on the prompts, namely $(x_1, f(x_1)), (x_2, f(x_2)), …, (x_i, f(x_i)), x_{i+1}$. Conditioned on the prompt we would like to sample $f(x_{i+1})$---this is the posterior predictive distribution (PPD). We use the mean of the PPD as the Bayesian predictor since the nature of our setup requires a point estimate. The formula for PME in the paper formalizes this. We provide the formal definition of Bayesian predictor in context of ICL in Section 2 (under the PME paragraph) and discuss the relationship between ICL and Bayesian inference in the Bayesian predictor paragraph in the introduction Section. - **Deviations from Bayesian prediction**: “Deviations” here refer to predictions of transformers during ICL that do not match with the Bayesian predictor given the pre-training distribution and the observed data. - **Simplicity Bias**: Simplicity bias is by now a well-established term ML literature; for example, [3, 4, 5, 6]. - **Generalization**: We agree that a more descriptive term should be used here. We will change it to ""OOD Generalization"" in the final version for clarity. 3. **Differential of a function $df$**: This is standard notation in Bayesian inference. We can view a function as a point in a higher-dimensional Euclidean space defined by the function parameters. E.g, for linear regression, this reduces to the weight vector $w$ and hence $df$ is simply $dw$. 4. **Why HMICL?**: Prior work on theoretically understanding ICL, considers the simpler case where functions are always sampled from a single function class (which we term as MICL). We present a more advanced setup where the functions can come from different classes. Further, our setup can serve as a testbed for investigating the origins of multi-task learning in large language models (LLMs) because HMICL is arguably closer to ICL in real-world LLMs, which can realize different classes of tasks (sentiment analysis, QA, summarization etc) depending upon the inputs provided. We show that the ability to solve a mixture of tasks arises naturally as a consequence of Bayesian prediction, which can be viewed as computing the posterior when the prior comes from a mixture of function classes. This challenges the existing intuition of multi-task learning where the model first identifies the task and then solves it. [1] Akyürek et al. ICLR 2023. What learning algorithm is in-context learning? Investigations with linear models [2] Raventós et al. 2023. Pretraining task diversity and the emergence of non-Bayesian in-context learning for regression [3] Valle-Pérez et al. ICLR 2019. Deep learning generalizes because the parameter-function map is biased towards simple functions. [4] Shah et al. NeurIPS 2020. The Pitfalls of Simplicity Bias in Neural Networks. [5] Mingard et al. 2019. Neural networks are a priori biased towards Boolean functions with low entropy [6] Nakkiran et al., NeurIPS 2019. SGD on Neural Networks Learns Functions of Increasing Complexity.

We thank the reviewer for carefully going through our work and providing helpful feedback. Below we try to answer their questions and concerns: **Q1. HMICL and MICL**: While the reviewer is correct in a formal sense, we believe it’s clarifying to use our naming. Roughly speaking, the distinction between MICL and HMICL is reminiscent of the distinction between the usual supervised learning and meta-learning. As an example, in the MICL setup, consider linear regression. Here all tasks are instances of linear regression and each weight vector $w$ defines a task. Now if we consider a mixture of two “meta-tasks” (what we call function classes in the paper), say linear regression and decision trees, then it is true that in an abstract sense, one could potentially consider each task to be defined by its parameters and thus ignore which type of “meta-task” it instantiates (linear regression or decision tree). The formal definition in [2] which allows general hypothesis classes can similarly model HMICL. Thus, we agree with the reviewer that on this interpretation, MICL is equivalent to HMICL. However, this view is too coarse-grained for our purposes. What is of interest, both from the application and theory perspectives, is a more fine-grained view about whether and how models learn to perform these different “meta-tasks”. And the hierarchical structure is central for even talking about this. Previous work, e.g. [1, 2], considers MICL with only a single “meta-task” and is thus not suitable for the type of analyses we perform. Compared to MICL, HMICL is arguably closer to the ICL for LLMs which can perform a vast variety of “meta-tasks.” Due to the complex nature of real world training data distributions, it is hard to find concrete evidence of them being hierarchical, but we believe multi-task training in LMs like T5 [5] and FLAN-T5 [6] (with a caveat for the latter being true for fine-tuning and not pre-training) or training of multilingual models [7] which involve pre-training corpora in different languages are some examples of the hierarchical nature of the training distribution in real-world LMs. We welcome further feedback and any suggestions for better naming. **Q2. PME**: We apologize for confusion here. In the line ‘the predictions of the model can be computed using the posterior mean estimator (PME)’, we mean the ideal model (unlimited data and infinite compute) that we mention in the previous sentence and not transformers specifically. We fully agree that transformers can only approximate PME and how well they approximate it will depend on the scale of the model. We will correct this line in the final version to avoid this confusion. **Q3. GMM plots with OLS for over-determined region**: We thank the reviewer for suggesting these experiments. We provide the answers to the two questions below: (1) Figure 21 in Appendix plots the errors for the transformer model from Figure 1, PMEs, and OLS for the over-determined region. In the over-determined case $(d>10)$, the solution is unique, hence all the predictors including transformer give the same solution and have errors $\approx 0$. (2) As shown in Figure 21, transformer’s errors are smaller than OLS errors and agree with the PME(GMM) errors for all context lengths. This shows that Transformer is indeed simulating the mixture PME and not OLS. **We address the remaining concerns in the next comment.** [1] Garg et al. 2022. What Can Transformers Learn In-Context? A Case Study of Simple Function Classes? [2] Zhang et al. 2023. Trained Transformers Learn Linear Models In-Context. [5] Raffel et al. 2019. Exploring the Limits of Transfer Learning with a Unified Text-to-Text Transformer [6] Chung et al. 2022. Scaling Instruction-Finetuned Language Models [7] Conneau et al., ACL 2020. Unsupervised Cross-lingual Representation Learning at Scale"				
6.200	HX5ujdsSon__r03	In-Context Learning through the Bayesian Prism	8: accept, good paper	4: You are confident in your assessment, but not absolutely certain. It is unlikely, but not impossible, that you did not understand some parts of the submission or that you are unfamiliar with some pieces of related work.	partially_fixed	priority_secondary_structured	structured=partially_fixed; issue_ledger=unresolved		regressed	partially_fixed	partially_fixed	fixed	unresolved	partially_fixed	"[weaknesses] See 'Questions'.

[questions] Here, I have some questions, and as well as some personal suggestions. I will appreciate it if you can address my confusion. 1. You have proposed a setting called HMICL, which you claim is different from the MICL setting proposed in [1]. I am wondering what is the difference between two settings (more formally, from the definitions in [2])? In HMICL, the task is sampled from a hierarchical distribution, which can still be viewed as 'a specific distribution', right? So to my understanding, you did not propose a 'new setting' but instead, you are considering the exact MICL setting where the task distribution is hierarchical, right? I am also wondering why you think this hierarchical structure of task distributions matters in reality? Is there any evidence showing that the linguistic data or some other real-world data follows this hierarchical distribution? 2. In PME paragraph in page 3, you claim that 'the predictions of the model can be computed using the posterior mean estimator (PME) from Bayesian statistics.' I think this is not that rigorous, since this happens only when the function class you are considering (here, it's the TF class) are expressive enough so that the PME is included in this function class, right? (Namely, this only happens in the realizable case). When the model class is not large enough, the TFs can not express the PME and hence, can only 'approximate' it. 3. In GMM experiments, it's good to see that TFs follows the PME over the prior of two mixed components. Two questions I have: (1): In the figure, you only show k <= 10, which is a under-determined case for a linear model, since the dimension you use is d=10. In the over-determined case, what is the PME (is it OLS) and how does the TFs behave? (2). Can you also plot the curve for OLS for all context length? I am wondering what the difference between a TFs and OLS here. 4. For the experiments on multiple linear models (DR, SR, SVR, Skew-DR,etc), even though the PME is not analytically tractible, it is still possible to numerically compute the PME. Have you tried numerical computation for these PME and compare the TF to them? I think this will be a strong evidence to say whether the TFs are really mimicking the Bayesian optimal estimators. Although this could be hard in high-dimension case (I am not an expert in Bayesian but I guess so), it should be doable in a d=5 or d=10 case? Another question is, how do you determine the regularization coefficient of LASSO? Does this require more data (if so, that mean you are actually using a longer context to do LASSO than to do ICL using TFs.) 5. For the experiments on Frourier series and second-degree polynomials, an important question is that, how did you input the data? Did you simply encode original x_i s into token matrices, or you use \phi(x_i) (where \phi is a Frourier basis or a second-degree polynomial) to serve as the input? 6. I kind of feel that there are more recent works about the relationship between GD, ICL, OLS and distribution shift [2,3,4]. I am wondering whether their results can somehow explain some of your experiments or to some extent are related to your results? [1]. What Can Transformers Learn In-Context? A Case Study of Simple Function Classes? [2]. Trained Transformers Learn Linear Models In-Context. [3]. A Closer Look at In-Context Learning under Distribution Shifts [4]. Transformers learn to implement preconditioned gradient descent for in-context learning

[summary] This paper empirically showed the relationship between trained transformers and Bayesian optimal estimators. They showed that in Gaussian Mixture Models(GMM) with equal rates and two components, the prediction of trained transformers follows the PME over the two components, which is kind of different to the PME over prior distribution being the distribution of either. They also showed that the prediction follows the PME of a strong baseline (when the PME is intractible) for linear regression problems like dense linear regression, sparse linear regression, signed vector linear regression or low-rank linear regression. Then they investigated the simplicity bias of ICL of transformers. They showed with a single task distribution, the trained TF (transformers) do not give any bias on the frequency of training data, but with multiple sources of tasks distribution, they will tend to give more weight to the low-frequency --- which is natural, since the low-frequency data appears in more tasks than high-frequency ones. They then show the in-distribution and OOD generalization capacity of IC-trained TFs on linear regression on some polynomial features, and showed that they mimics the OLS on the subset of features that appears in the test prompts. They also showed some interesting phenomenon which are novel and worth investigating in the future. For example, they showed the deviation from the IC-trained TFs and the Bayesian optimal estimators, which well supplements the experiments of Garg;s paper and Akyureck's paper who both showed that TFs mimic the PME. Additionally, they showed a very interesting 'forgetting' phenomenon. I will vote for acceptance for this paper. Based on the authors' reply, I raised my score to eight."	Continuing from the last comment, we address the remaining concerns of the reviewer here. **Q4.1. Sampling based approximations of PME**: Thank you for asking this question. We should first clarify that for Dense Regression and Skewed-Covariance Regression, we can compute Bayesian predictors exactly and we are able to show transformers for these two problems perform very close to the Bayesian predictor (Figures 6 and 9 in Appendix). However, for other linear inverse problems where PME seems intractable, based on the reviewer’s suggestion, we have tried Markov Chain Monte Carlo sampling method (No U-Turn Sampler (NUTS)) to approximate the PME. Particularly for Low-Rank and Sign-Vector Regression problems, for small problem dimensions i.e. 16 and 8 respectively, we were able to approximate the PME. We provide the plots in Figure 11 in Appendix and TF can be seen to follow NUTS-based PME in both cases. In fact, transformers seem to perform slightly better than the NUTS solution, which we believe could be due to the errors in the approximations due to sampling. We had less success in approximating the PME for sparse regression, which we believe might be due to the complex nature of ...	"Continuing from the last comment, we address the remaining concerns of the reviewer here. **Q4.1. Sampling based approximations of PME**: Thank you for asking this question. We should first clarify that for Dense Regression and Skewed-Covariance Regression, we can compute Bayesian predictors exactly and we are able to show transformers for these two problems perform very close to the Bayesian predictor (Figures 6 and 9 in Appendix). However, for other linear inverse problems where PME seems intractable, based on the reviewer’s suggestion, we have tried Markov Chain Monte Carlo sampling method (No U-Turn Sampler (NUTS)) to approximate the PME. Particularly for Low-Rank and Sign-Vector Regression problems, for small problem dimensions i.e. 16 and 8 respectively, we were able to approximate the PME. We provide the plots in Figure 11 in Appendix and TF can be seen to follow NUTS-based PME in both cases. In fact, transformers seem to perform slightly better than the NUTS solution, which we believe could be due to the errors in the approximations due to sampling. We had less success in approximating the PME for sparse regression, which we believe might be due to the complex nature of the prior which involves a mixture of discrete (to select which features to keep) and continuous distributions (for the values of selected features). However, the alignment between transformers and exact PMEs for Dense and Skewed-covariance regression as well as numerically approximated PMEs for Low-Rank and Sign-Vector regression do provide strong evidence of transformers behaving like Bayesian predictor during ICL for linear inverse problems. **Q4.2. Lasso Coefficient**: We tune the LASSO coefficient following Garg et al. [1] i.e. by using a separate batch of data (1280 sequences) and choose the single value that achieves the smallest loss. This chosen parameter is then used during inference and no separate tuning is done for the in-context examples. Hence, all predictors (including LASSO) get the same number of examples as the context length in ICL using TFs. **Q5. Feature Encoding for non-linear regression tasks**: Thanks for this question. We just provide $x_i$ as the inputs, so the model needs to figure out $\Phi$ on its own. **Q6. Relation with previous work**: We thank the reviewer for asking this question. In short, these papers study a related but distinct topic and hence do not have any bearing on our results as detailed next. Both [2] and [3] study ICL on linear regression and consider different distribution shifts to measure how robust or brittle transformers are towards different types of shifts. While we also consider OOD generalization for degree-2 monomial regression and noisy linear regression, we are analyzing something distinct: we study generalization to unseen function classes or tasks and relate it to deviations of transformers during ICL from the Bayesian predictor. Our findings show that transformers are actually capable of better generalization than the Bayesian predictor (considering the pre-training distribution). Similarly, [2] studies the training dynamic of single-layer attention-only transformers on the linear regression problem to prove that they can learn to solve the problem in-context under careful initializations. Models here do not solve the problem exactly but rather provide the best approximation possible by a single-layer model characterized by a single step of gradient descent. [4] has closely related results. The emphasis of [2, 4] is on mathematical proof and this necessitates an extremely simple setup distinct from ours. On the other hand, we show empirically that for a wide variety of linear and nonlinear function classes as well as their mixtures, the behavior of sufficiently large transformers during ICL can be explained using the Bayesian perspective. Further, we use this to study the inductive biases of transformers during ICL (the ""Simplicity Bias"" section) as well as the cases where the behavior of transformers deviates from that of the Bayesian predictor. We hope this helps the reviewer put our work in perspective compared to the mentioned papers. [1]. Garg et al. 2022. What Can Transformers Learn In-Context? A Case Study of Simple Function Classes? [2]. Zhang et al. 2023. Trained Transformers Learn Linear Models In-Context. [3]. Ahuja et al. 2023. A Closer Look at In-Context Learning under Distribution Shifts [4]. Ahn et al. 2023. Transformers learn to implement preconditioned gradient descent for in-context learning

We thank the reviewer for carefully going through our work and providing helpful feedback. Below we try to answer their questions and concerns: **Q1. HMICL and MICL**: While the reviewer is correct in a formal sense, we believe it’s clarifying to use our naming. Roughly speaking, the distinction between MICL and HMICL is reminiscent of the distinction between the usual supervised learning and meta-learning. As an example, in the MICL setup, consider linear regression. Here all tasks are instances of linear regression and each weight vector $w$ defines a task. Now if we consider a mixture of two “meta-tasks” (what we call function classes in the paper), say linear regression and decision trees, then it is true that in an abstract sense, one could potentially consider each task to be defined by its parameters and thus ignore which type of “meta-task” it instantiates (linear regression or decision tree). The formal definition in [2] which allows general hypothesis classes can similarly model HMICL. Thus, we agree with the reviewer that on this interpretation, MICL is equivalent to HMICL. However, this view is too coarse-grained for our purposes. What is of interest, both from the application and theory perspectives, is a more fine-grained view about whether and how models learn to perform these different “meta-tasks”. And the hierarchical structure is central for even talking about this. Previous work, e.g. [1, 2], considers MICL with only a single “meta-task” and is thus not suitable for the type of analyses we perform. Compared to MICL, HMICL is arguably closer to the ICL for LLMs which can perform a vast variety of “meta-tasks.” Due to the complex nature of real world training data distributions, it is hard to find concrete evidence of them being hierarchical, but we believe multi-task training in LMs like T5 [5] and FLAN-T5 [6] (with a caveat for the latter being true for fine-tuning and not pre-training) or training of multilingual models [7] which involve pre-training corpora in different languages are some examples of the hierarchical nature of the training distribution in real-world LMs. We welcome further feedback and any suggestions for better naming. **Q2. PME**: We apologize for confusion here. In the line ‘the predictions of the model can be computed using the posterior mean estimator (PME)’, we mean the ideal model (unlimited data and infinite compute) that we mention in the previous sentence and not transformers specifically. We fully agree that transformers can only approximate PME and how well they approximate it will depend on the scale of the model. We will correct this line in the final version to avoid this confusion. **Q3. GMM plots with OLS for over-determined region**: We thank the reviewer for suggesting these experiments. We provide the answers to the two questions below: (1) Figure 21 in Appendix plots the errors for the transformer model from Figure 1, PMEs, and OLS for the over-determined region. In the over-determined case $(d>10)$, the solution is unique, hence all the predictors including transformer give the same solution and have errors $\approx 0$. (2) As shown in Figure 21, transformer’s errors are smaller than OLS errors and agree with the PME(GMM) errors for all context lengths. This shows that Transformer is indeed simulating the mixture PME and not OLS. **We address the remaining concerns in the next comment.** [1] Garg et al. 2022. What Can Transformers Learn In-Context? A Case Study of Simple Function Classes? [2] Zhang et al. 2023. Trained Transformers Learn Linear Models In-Context. [5] Raffel et al. 2019. Exploring the Limits of Transfer Learning with a Unified Text-to-Text Transformer [6] Chung et al. 2022. Scaling Instruction-Finetuned Language Models [7] Conneau et al., ACL 2020. Unsupervised Cross-lingual Representation Learning at Scale

We thank the reviewer for going through our work and providing useful feedback. Below we try to answer their concerns and questions: 1. **Readability**: We will take the reviewer’s comments into account and will add more descriptive captions so that the figures are easier to understand. About references to the appendix, we believe that given the contents and the scope of our work, it would have been difficult to fit all the technical details in the main paper given the page limit. However, the details in the appendix are not primary for understanding the core theme and contributions of our work. However, we will take this feedback into account and move some of the details to the main paper. About references to “some specific” paper, we are not sure about which paper the reviewer is referring to here. If it is Akyurek et al. 2022 [1], we cite their work while describing the weight recovery method in page 3, since we use their method for our experiments, but we do provide all the details about how the method works after citing their work. In case they are referring to Raventos et al. (2023) [2], while we do provide all the important details from their work relevant to our experimental setup and findings, we will add some more details from their work in Section 6 to improve readability. 2. **Technical definitions**: - **Bayesian Predictor in context of ICL** : Informally, we have a probability distribution on tuples $(x, f(x))$ induced by the priors on $x$ and $f$. This in turn, induces a distribution on the prompts, namely $(x_1, f(x_1)), (x_2, f(x_2)), …, (x_i, f(x_i)), x_{i+1}$. Conditioned on the prompt we would like to sample $f(x_{i+1})$---this is the posterior predictive distribution (PPD). We use the mean of the PPD as the Bayesian predictor since the nature of our setup requires a point estimate. The formula for PME in the paper formalizes this. We provide the formal definition of Bayesian predictor in context of ICL in Section 2 (under the PME paragraph) and discuss the relationship between ICL and Bayesian inference in the Bayesian predictor paragraph in the introduction Section. - **Deviations from Bayesian prediction**: “Deviations” here refer to predictions of transformers during ICL that do not match with the Bayesian predictor given the pre-training distribution and the observed data. - **Simplicity Bias**: Simplicity bias is by now a well-established term ML literature; for example, [3, 4, 5, 6]. - **Generalization**: We agree that a more descriptive term should be used here. We will change it to ""OOD Generalization"" in the final version for clarity. 3. **Differential of a function $df$**: This is standard notation in Bayesian inference. We can view a function as a point in a higher-dimensional Euclidean space defined by the function parameters. E.g, for linear regression, this reduces to the weight vector $w$ and hence $df$ is simply $dw$. 4. **Why HMICL?**: Prior work on theoretically understanding ICL, considers the simpler case where functions are always sampled from a single function class (which we term as MICL). We present a more advanced setup where the functions can come from different classes. Further, our setup can serve as a testbed for investigating the origins of multi-task learning in large language models (LLMs) because HMICL is arguably closer to ICL in real-world LLMs, which can realize different classes of tasks (sentiment analysis, QA, summarization etc) depending upon the inputs provided. We show that the ability to solve a mixture of tasks arises naturally as a consequence of Bayesian prediction, which can be viewed as computing the posterior when the prior comes from a mixture of function classes. This challenges the existing intuition of multi-task learning where the model first identifies the task and then solves it. [1] Akyürek et al. ICLR 2023. What learning algorithm is in-context learning? Investigations with linear models [2] Raventós et al. 2023. Pretraining task diversity and the emergence of non-Bayesian in-context learning for regression [3] Valle-Pérez et al. ICLR 2019. Deep learning generalizes because the parameter-function map is biased towards simple functions. [4] Shah et al. NeurIPS 2020. The Pitfalls of Simplicity Bias in Neural Networks. [5] Mingard et al. 2019. Neural networks are a priori biased towards Boolean functions with low entropy [6] Nakkiran et al., NeurIPS 2019. SGD on Neural Networks Learns Functions of Increasing Complexity."	"Continuing from the last comment, we address the remaining concerns of the reviewer here. **Q4.1. Sampling based approximations of PME**: Thank you for asking this question. We should first clarify that for Dense Regression and Skewed-Covariance Regression, we can compute Bayesian predictors exactly and we are able to show transformers for these two problems perform very close to the Bayesian predictor (Figures 6 and 9 in Appendix). However, for other linear inverse problems where PME seems intractable, based on the reviewer’s suggestion, we have tried Markov Chain Monte Carlo sampling method (No U-Turn Sampler (NUTS)) to approximate the PME. Particularly for Low-Rank and Sign-Vector Regression problems, for small problem dimensions i.e. 16 and 8 respectively, we were able to approximate the PME. We provide the plots in Figure 11 in Appendix and TF can be seen to follow NUTS-based PME in both cases. In fact, transformers seem to perform slightly better than the NUTS solution, which we believe could be due to the errors in the approximations due to sampling. We had less success in approximating the PME for sparse regression, which we believe might be due to the complex nature of the prior which involves a mixture of discrete (to select which features to keep) and continuous distributions (for the values of selected features). However, the alignment between transformers and exact PMEs for Dense and Skewed-covariance regression as well as numerically approximated PMEs for Low-Rank and Sign-Vector regression do provide strong evidence of transformers behaving like Bayesian predictor during ICL for linear inverse problems. **Q4.2. Lasso Coefficient**: We tune the LASSO coefficient following Garg et al. [1] i.e. by using a separate batch of data (1280 sequences) and choose the single value that achieves the smallest loss. This chosen parameter is then used during inference and no separate tuning is done for the in-context examples. Hence, all predictors (including LASSO) get the same number of examples as the context length in ICL using TFs. **Q5. Feature Encoding for non-linear regression tasks**: Thanks for this question. We just provide $x_i$ as the inputs, so the model needs to figure out $\Phi$ on its own. **Q6. Relation with previous work**: We thank the reviewer for asking this question. In short, these papers study a related but distinct topic and hence do not have any bearing on our results as detailed next. Both [2] and [3] study ICL on linear regression and consider different distribution shifts to measure how robust or brittle transformers are towards different types of shifts. While we also consider OOD generalization for degree-2 monomial regression and noisy linear regression, we are analyzing something distinct: we study generalization to unseen function classes or tasks and relate it to deviations of transformers during ICL from the Bayesian predictor. Our findings show that transformers are actually capable of better generalization than the Bayesian predictor (considering the pre-training distribution). Similarly, [2] studies the training dynamic of single-layer attention-only transformers on the linear regression problem to prove that they can learn to solve the problem in-context under careful initializations. Models here do not solve the problem exactly but rather provide the best approximation possible by a single-layer model characterized by a single step of gradient descent. [4] has closely related results. The emphasis of [2, 4] is on mathematical proof and this necessitates an extremely simple setup distinct from ours. On the other hand, we show empirically that for a wide variety of linear and nonlinear function classes as well as their mixtures, the behavior of sufficiently large transformers during ICL can be explained using the Bayesian perspective. Further, we use this to study the inductive biases of transformers during ICL (the ""Simplicity Bias"" section) as well as the cases where the behavior of transformers deviates from that of the Bayesian predictor. We hope this helps the reviewer put our work in perspective compared to the mentioned papers. [1]. Garg et al. 2022. What Can Transformers Learn In-Context? A Case Study of Simple Function Classes? [2]. Zhang et al. 2023. Trained Transformers Learn Linear Models In-Context. [3]. Ahuja et al. 2023. A Closer Look at In-Context Learning under Distribution Shifts [4]. Ahn et al. 2023. Transformers learn to implement preconditioned gradient descent for in-context learning

We thank the reviewer for going through our work and providing useful feedback. Below we try to answer their concerns and questions: 1. **Readability**: We will take the reviewer’s comments into account and will add more descriptive captions so that the figures are easier to understand. About references to the appendix, we believe that given the contents and the scope of our work, it would have been difficult to fit all the technical details in the main paper given the page limit. However, the details in the appendix are not primary for understanding the core theme and contributions of our work. However, we will take this feedback into account and move some of the details to the main paper. About references to “some specific” paper, we are not sure about which paper the reviewer is referring to here. If it is Akyurek et al. 2022 [1], we cite their work while describing the weight recovery method in page 3, since we use their method for our experiments, but we do provide all the details about how the method works after citing their work. In case they are referring to Raventos et al. (2023) [2], while we do provide all the important details from their work relevant to our experimental setup and findings, we will add some more details from their work in Section 6 to improve readability. 2. **Technical definitions**: - **Bayesian Predictor in context of ICL** : Informally, we have a probability distribution on tuples $(x, f(x))$ induced by the priors on $x$ and $f$. This in turn, induces a distribution on the prompts, namely $(x_1, f(x_1)), (x_2, f(x_2)), …, (x_i, f(x_i)), x_{i+1}$. Conditioned on the prompt we would like to sample $f(x_{i+1})$---this is the posterior predictive distribution (PPD). We use the mean of the PPD as the Bayesian predictor since the nature of our setup requires a point estimate. The formula for PME in the paper formalizes this. We provide the formal definition of Bayesian predictor in context of ICL in Section 2 (under the PME paragraph) and discuss the relationship between ICL and Bayesian inference in the Bayesian predictor paragraph in the introduction Section. - **Deviations from Bayesian prediction**: “Deviations” here refer to predictions of transformers during ICL that do not match with the Bayesian predictor given the pre-training distribution and the observed data. - **Simplicity Bias**: Simplicity bias is by now a well-established term ML literature; for example, [3, 4, 5, 6]. - **Generalization**: We agree that a more descriptive term should be used here. We will change it to ""OOD Generalization"" in the final version for clarity. 3. **Differential of a function $df$**: This is standard notation in Bayesian inference. We can view a function as a point in a higher-dimensional Euclidean space defined by the function parameters. E.g, for linear regression, this reduces to the weight vector $w$ and hence $df$ is simply $dw$. 4. **Why HMICL?**: Prior work on theoretically understanding ICL, considers the simpler case where functions are always sampled from a single function class (which we term as MICL). We present a more advanced setup where the functions can come from different classes. Further, our setup can serve as a testbed for investigating the origins of multi-task learning in large language models (LLMs) because HMICL is arguably closer to ICL in real-world LLMs, which can realize different classes of tasks (sentiment analysis, QA, summarization etc) depending upon the inputs provided. We show that the ability to solve a mixture of tasks arises naturally as a consequence of Bayesian prediction, which can be viewed as computing the posterior when the prior comes from a mixture of function classes. This challenges the existing intuition of multi-task learning where the model first identifies the task and then solves it. [1] Akyürek et al. ICLR 2023. What learning algorithm is in-context learning? Investigations with linear models [2] Raventós et al. 2023. Pretraining task diversity and the emergence of non-Bayesian in-context learning for regression [3] Valle-Pérez et al. ICLR 2019. Deep learning generalizes because the parameter-function map is biased towards simple functions. [4] Shah et al. NeurIPS 2020. The Pitfalls of Simplicity Bias in Neural Networks. [5] Mingard et al. 2019. Neural networks are a priori biased towards Boolean functions with low entropy [6] Nakkiran et al., NeurIPS 2019. SGD on Neural Networks Learns Functions of Increasing Complexity.

We thank the reviewer for carefully going through our work and providing helpful feedback. Below we try to answer their questions and concerns: **Q1. HMICL and MICL**: While the reviewer is correct in a formal sense, we believe it’s clarifying to use our naming. Roughly speaking, the distinction between MICL and HMICL is reminiscent of the distinction between the usual supervised learning and meta-learning. As an example, in the MICL setup, consider linear regression. Here all tasks are instances of linear regression and each weight vector $w$ defines a task. Now if we consider a mixture of two “meta-tasks” (what we call function classes in the paper), say linear regression and decision trees, then it is true that in an abstract sense, one could potentially consider each task to be defined by its parameters and thus ignore which type of “meta-task” it instantiates (linear regression or decision tree). The formal definition in [2] which allows general hypothesis classes can similarly model HMICL. Thus, we agree with the reviewer that on this interpretation, MICL is equivalent to HMICL. However, this view is too coarse-grained for our purposes. What is of interest, both from the application and theory perspectives, is a more fine-grained view about whether and how models learn to perform these different “meta-tasks”. And the hierarchical structure is central for even talking about this. Previous work, e.g. [1, 2], considers MICL with only a single “meta-task” and is thus not suitable for the type of analyses we perform. Compared to MICL, HMICL is arguably closer to the ICL for LLMs which can perform a vast variety of “meta-tasks.” Due to the complex nature of real world training data distributions, it is hard to find concrete evidence of them being hierarchical, but we believe multi-task training in LMs like T5 [5] and FLAN-T5 [6] (with a caveat for the latter being true for fine-tuning and not pre-training) or training of multilingual models [7] which involve pre-training corpora in different languages are some examples of the hierarchical nature of the training distribution in real-world LMs. We welcome further feedback and any suggestions for better naming. **Q2. PME**: We apologize for confusion here. In the line ‘the predictions of the model can be computed using the posterior mean estimator (PME)’, we mean the ideal model (unlimited data and infinite compute) that we mention in the previous sentence and not transformers specifically. We fully agree that transformers can only approximate PME and how well they approximate it will depend on the scale of the model. We will correct this line in the final version to avoid this confusion. **Q3. GMM plots with OLS for over-determined region**: We thank the reviewer for suggesting these experiments. We provide the answers to the two questions below: (1) Figure 21 in Appendix plots the errors for the transformer model from Figure 1, PMEs, and OLS for the over-determined region. In the over-determined case $(d>10)$, the solution is unique, hence all the predictors including transformer give the same solution and have errors $\approx 0$. (2) As shown in Figure 21, transformer’s errors are smaller than OLS errors and agree with the PME(GMM) errors for all context lengths. This shows that Transformer is indeed simulating the mixture PME and not OLS. **We address the remaining concerns in the next comment.** [1] Garg et al. 2022. What Can Transformers Learn In-Context? A Case Study of Simple Function Classes? [2] Zhang et al. 2023. Trained Transformers Learn Linear Models In-Context. [5] Raffel et al. 2019. Exploring the Limits of Transfer Learning with a Unified Text-to-Text Transformer [6] Chung et al. 2022. Scaling Instruction-Finetuned Language Models [7] Conneau et al., ACL 2020. Unsupervised Cross-lingual Representation Learning at Scale"				
6.200	WsRHpHH4s0__r02	RingAttention with Blockwise Transformers for Near-Infinite Context	3: reject, not good enough	5: You are absolutely certain about your assessment. You are very familiar with the related work and checked the math/other details carefully.	partially_fixed	priority_secondary_structured	structured=partially_fixed; issue_ledger=unresolved		fixed	partially_fixed	unresolved	partially_fixed	unresolved	partially_fixed	"[weaknesses] Unfortunately, although the paper is technically sound, it does not really contribute anything new. The ideas presented in this paper will already be obvious to most practitioners. As a result, I do not feel that it is appropriate for publication at a conference. The fact that transformers process all elements of a sequence in parallel, (at least during training) was the whole inspiration for the original 2017 paper that introduced the transformer architecture. Thus, the idea of distributing the computation in parallel along sequence length is most definitely nothing new. This paper merely distributes the computation over multiple devices. A naive implementation of attention instantiates the entire attention matrix, which is too large to fit in memory for long sequences. The blockwise computation of dense attention avoids such instantiation, and it does involve some subtle implementation details wrt. to the handling of softmax. However, it is also not a contribution of this paper; the authors cite the appropriate prior work. The remaining piece of the puzzle is to overlap the matrix multiplications for each block with the communication overhead of transferring blocks between different hosts. However, this is also nothing new; tiled matrix multiplication, distributed over multiple GPUs, is implemented by every major machine learning library today (e.g. Jax), and existing implementations overlap matmuls and communication. Thus, the authors merely observe that it is possible to implement long-range attention using a simple combination of well-understood and previously published techniques. This fact should be obvious to most practitioners, and IMO, does not rise to the level of a conference paper. I would encourage the authors to publish this work in a workshop or on arXiv.

[questions] The authors claim that ring attention over very long sequences is suitable for both training and inference. However, the cost of attention in both cases is still O(N^2). For training, this is less of an issue; all elements of the (long) sequence are processed in parallel, so the sequence length is essentially just a batch dimension, and the number of tokens per training step is not excessive for an LLM. However, for inference, tokens are processed autoregressively, so very long sequence lengths will lead to very slow generation times, and thus very high latency when serving the model. The authors do not discuss or even mention this problem. How does the latency of ring attention over, e.g., 8M tokens during inference compare to a more conventional short-context model?

[summary] The paper proposes ring attention, which is a way of implementing softmax dense attention. The attention operation is distributed over multiple GPUs, and computed in parallel along the sequence dimension. Attention is also computed in a blockwise fashion, without ever instantiating the full attention matrix, which reduces memory requirements. Together, these two techniques allow dense attention to be scaled to very long sequences."	Dear reviewer dMuy, Thank you so much for the review. We believe that there are misunderstandings. We appreciate your feedback and suggestions, which we have incorporated into the revised version to improve it. **#1: This is also nothing new; tiled matrix multiplication, distributed over multiple GPUs, is implemented by every major machine learning library today (e.g. Jax), and existing implementations overlap matmuls and communication.** We respectfully disagree with the reviewer’s criticism regarding novelty. To the best of our knowledge, Ring Attention is the first work that proposes distributing blockwise transformers in a ring topology and overlaps communication with computation. It is also the first to enable training transformers on extremely long sequences without incurring extra computation or communication costs. Ring Attention allows the context size to scale linearly with the device count, addressing the longstanding challenge of freeing transformers from memory and context limitations. For example, Ring Attention enables training LLaMa with a context size of more than millions of tokens on 1,024 TPUv4, which is 512 times larger in context size compared to the previo...	"Dear reviewer dMuy, Thank you so much for the review. We believe that there are misunderstandings. We appreciate your feedback and suggestions, which we have incorporated into the revised version to improve it. **#1: This is also nothing new; tiled matrix multiplication, distributed over multiple GPUs, is implemented by every major machine learning library today (e.g. Jax), and existing implementations overlap matmuls and communication.** We respectfully disagree with the reviewer’s criticism regarding novelty. To the best of our knowledge, Ring Attention is the first work that proposes distributing blockwise transformers in a ring topology and overlaps communication with computation. It is also the first to enable training transformers on extremely long sequences without incurring extra computation or communication costs. Ring Attention allows the context size to scale linearly with the device count, addressing the longstanding challenge of freeing transformers from memory and context limitations. For example, Ring Attention enables training LLaMa with a context size of more than millions of tokens on 1,024 TPUv4, which is 512 times larger in context size compared to the previous state-of-the-art blockwise transformers and memory-efficient/flash attention. In contrast, today’s state-of-the-art commercial models have much more limited context sizes, such as GPT-4-turbo has only 128K. We believe that an effective, novel, and intuitive idea should be encouraged rather than discouraged. We would like to point out that attention is not tiled matrix multiplication since it involves softmax, that is why the ML community has published memory efficient attention which computes attention cumulatively to allow long sequence and flash attention which optimizes the speed while allowing long sequence. However, these works require storing full sequences on each device, making it impossible for processing long sequences such as books, videos, and trajectories, among others. Past published work in the ML community has suggested less scalable solutions, such as sequence parallelism, tensor parallelism, and fully sharded data parallelism. These methods are less scalable because they require storing full sequences on each device (as in tensor parallelism and fully sharded data parallelism) or incur large communication costs that cannot be overlapped (as in sequence parallelism). Ring Attention, however, is an innovative approach that distributes long sequences across a ring of devices and never needs to store the full sequence on any single device. It is the first work that enables linear scaling up of context size with the number of devices for extremely long sequences without incurring extra computation or communication costs. A second important contribution of our paper is the first set of experiments with transformers trained to this massive context length, showing good performance on several ML tasks. We demonstrate that Ring Attention enables us to train Vicuna chatbot to 512K context size with just 32 GPUs, while prior state-of-the-art memory-efficient/flash attention-based methods can only handle 16K context size. This is a 32-fold increase in context window size compared to the previous long context Vicuna. The model's performance is competitive with GPT-4 and Claude-2 in long-context line retrieval tasks, and it can process sequences over five times longer than those models. We also applied Ring Attention to scale agentic transformers across hundreds of hindsight-relabeled trajectories. This approach led to substantially improved in-context RL performance, achieving state-of-the-art results in in-context RL tasks. Apart from proposing the idea of Ring Attention, this work provides an open-source implementation, which is plug-and-play and easy to use. In sum, Ring Attention is the first work proposing the distribution of blockwise transformers in a ring topology and overlaps communication with computation. This approach addresses the long-standing memory challenge of transformers without making approximations, allowing the context size to scale linearly with device count without additional computation or communication costs. **#2: The authors claim that ring attention over very long sequences is suitable for both training and inference. However, the cost of attention in both cases is still O(N^2).** Since we do not make approximations to attention, the compute cost is indeed still O(N^2). Our aim is to make it possible to fit long sequences into transformers, i.e., addressing the memory challenge. Combining Ring Attention with approaches that reduce compute costs, such as sparse attention, is a promising direction, but our work makes even precise attention efficiently scalable to sequence lengths in the millions.

Dear reviewer Z7SR, Thank you so much for your review and for highlighting the effectiveness of our method, the comprehensiveness of our experiments, and the clear, easily-followable writing of our paper. We appreciate your feedback and suggestions, which we have incorporated into the revised version to improve it. **#1: Relation to DeepSpeed-inference and FlexGen** There are some key differences: 1. CPU memory and the CPU-GPU interconnect are much slower than the GPU-GPU interconnect Ring Attention utilizes. Thus, using CPU offloading would not work for large context training and inference. 2. Ring Attention allows training and inference with a context size that scales linearly with device count, while prior CPU offloading is only applicable to inference. Ring Attention does not add communication overheads while prior CPU offloading addes large communication costs. 3. DeepSpeed-inference and FlexGen require storing the entire full sequence on each device, while Ring Attention distributes a long sequence to a ring of devices, and never needs to store full sequence on any device. This allows Ring Attention to process device count times longer sequences. 4. Due to limitations in physical space and CPU memory, offloading to the CPU is insufficient for managing long sequence lengths. The small CPU-accelerator bandwidth necessitates more stringent requirements for hiding communication in CPU offloading, reducing its flexibility and applicability. In contrast, Ring Attention, which is widely applicable on GPU and TPU, requires only a fast interconnect between nearby devices, and keeps all data fast memory only while CPU offloading saves data to slower CPU memory. This minimal requirement enables Ring Attention to be scalable to any number of devices. Unlike CPU offloading that necessitates storing the full sequence on each device, Ring Attention distributes the sequence across multiple devices. **#2: While the paper contains experiments showcasing that ring attention can be applied in practice, a comparison with other methods is missing. For example, if applicable, is it better to apply pipeline parallelism or ring attention?** Other parallelism methods, like data, pipeline, tensor parallelism, and FSDP, necessitate storing entire sequences on each device, rendering them incapable of processing large context sizes. Pipeline parallelism also leads to device idle time due to non-overlapped communication. Sequence parallelism distributes the sequence across devices but requires extensive communication that cannot be overlapped, making it infeasible for large context sizes. We have also included a comparison with Deep Speed Ulysses, which was published on Arxiv three days prior to the ICLR submission deadline. Deep Speed Ulysses combines sequence parallelism and tensor parallelism for their optimized NVSwitch all-to-all topology. It can reduce the communication cost of sequence parallelism. Importantly, it requires gathering and storing full sequence on each device, while Ring Attention distributes long sequences to a ring of devices and never needs to keep full sequence on any device. Ring Attention outperforms it substantially both in maximum context size and training efficiency. Please refer to our response to reviewer haGA for the full results. Ring Attention is the first work that distributes transformers computation on long sequences across devices and enables fully overlapped communication with computation. Ring Attention is orthogonal and fully compatible with existing large-scale training parallelism methods. We demonstrate this by applying Ring Attention to FSDP end-to-end large-scale training of 7B-65B LLM on 32-1024 TPUv4, covering various compute budgets. Ring Attention facilitates the effortless training of very large context sizes without incurring overheads or making approximations. For example, on 1024 TPUv4, Ring Attention enables training with context sizes over millions in tokens, which is 512 times larger than prior state-of-the-art memory efficient / flash attention, without adding communication nor computation overheads.

**#3: How does the latency of ring attention over, e.g., 8M tokens during inference compare to a more conventional short-context model?** Ring Attention does not add latency overheads. For example, serving a LLaMa 7B on 32x TPUv5e, the conventional approach is to distribute the model along the attention heads dimension, with each device computing one attention head. Assuming a batch size of 1, this can serve up to a 256K context length due to kv cache activation size. Ring Attention can allow 32 times larger context by circulating the kv cache between a ring of devices. To overlap the communication with computation, it needs d2/F >= 2*d2/B which requires B/F >=2. With a bandwidth of 186 GB/s and flops of 196 TFLOPs, and assuming an unreasonably high MFU of 40% for this large context, then B/F = 2.4 which is >2, meaning that Ring Attention allows 32 times larger context for inference without adding overheads. Ring Attention can also be combined with KV caching techniques such as vLLM for efficient inference on repeated prefixes. In terms of latency in specific applications, 8M tokens inference is slower than short-context inference due to the increased computation required for long-context. For applications requiring long sequences, such as processing videos and agents' trajectories, the latency will indeed be higher than processing simple chitchat queries. We believe that the latency is independent of our work, as Ring Attention focuses on making large context training and inference possible, a feat previous methods could not achieve. We are definitely interested in exploring ways to reduce compute costs and therefore latency in future research, such as by leveraging sparsity in transformers. Please let us know if our response resolves your concerns. We look forward to hearing from you. Thank you so much."	"**#3: How is ring attention applied while doing auto regressive decoding (in the stage of decoding tokens one by one)?** During inference, using tensor parallelism on the attention heads' dimension allows distribution of LLM across devices up to the number of attention heads, with each device computing a subset of these heads. Consider the 7B LLaMA, which has 32 attention heads; this should allow 256K context length inference on 32x TPUv5e. By adding Ring Attention to distribute the kv cache between devices, it becomes clear that the maximum context length can be increased by 32 times, reaching 8M tokens in length. To overlap the communication with computation, we need d2/F >= 2*d2/B, where B/F >=2, the bandwidth is 186 GB/s and flops are 196 TFLOPs. Assuming a very high MFU of 40% for this large context, then B/F = 2.4, indicating that Ring Attention allows a 32 times larger context for inference without adding overheads. We will clarify this further in the revision and thank the reviewer for the question. **#4: Long context impact on model performance** The model trained with Ring Attention maintains competitive accuracy levels comparable to Claude and GPT4 and can process sequences 5-16 times longer. We include results of applying Ring Attention to extend the LLaMA context length to 512K tokens and evaluate its performance using LongChat tasks, as shown in Figure 3. Following the reviewer’s request, we also studied model performance on additional tasks, including training agentic transformers with more trajectories for improved in-context RL. The results in Table 5 demonstrate that a large context window significantly enhances the performance of learning decision-making policies from large-scale experiences. A large context allows agentic transformers to encode many more trajectories simultaneously, making hindsight relabeling more informative and enabling transformers to learn policies more effectively. Regarding the “lost in the middle” observation, it is an interesting observation that some LLMs may not fully leverage the full context information. This observation is orthogonal to our paper, as our work focuses on making it possible to train long-context transformers without making approximations. Ring Attention could enable academic and industry labs to train long-context transformers to further investigate this phenomenon. Anthropic’s blog (https://www.anthropic.com/index/prompting-long-context#b3) suggests a different trend compared to the “lost in the middle” observation. This discrepancy might relate to task-specific characteristics, where additional texts tend to contain relevant information primarily at the beginning or end due to human biases, indicating a potential data issue. These are intriguing research areas orthogonal to Ring Attention, and Ring Attention can facilitate future research on the impact of long contexts on model performance. Please let us know if our response resolves your concerns. We look forward to hearing from you. Thank you so much.

Dear reviewer dMuy, Thank you so much for the review. We believe that there are misunderstandings. We appreciate your feedback and suggestions, which we have incorporated into the revised version to improve it. **#1: This is also nothing new; tiled matrix multiplication, distributed over multiple GPUs, is implemented by every major machine learning library today (e.g. Jax), and existing implementations overlap matmuls and communication.** We respectfully disagree with the reviewer’s criticism regarding novelty. To the best of our knowledge, Ring Attention is the first work that proposes distributing blockwise transformers in a ring topology and overlaps communication with computation. It is also the first to enable training transformers on extremely long sequences without incurring extra computation or communication costs. Ring Attention allows the context size to scale linearly with the device count, addressing the longstanding challenge of freeing transformers from memory and context limitations. For example, Ring Attention enables training LLaMa with a context size of more than millions of tokens on 1,024 TPUv4, which is 512 times larger in context size compared to the previous state-of-the-art blockwise transformers and memory-efficient/flash attention. In contrast, today’s state-of-the-art commercial models have much more limited context sizes, such as GPT-4-turbo has only 128K. We believe that an effective, novel, and intuitive idea should be encouraged rather than discouraged. We would like to point out that attention is not tiled matrix multiplication since it involves softmax, that is why the ML community has published memory efficient attention which computes attention cumulatively to allow long sequence and flash attention which optimizes the speed while allowing long sequence. However, these works require storing full sequences on each device, making it impossible for processing long sequences such as books, videos, and trajectories, among others. Past published work in the ML community has suggested less scalable solutions, such as sequence parallelism, tensor parallelism, and fully sharded data parallelism. These methods are less scalable because they require storing full sequences on each device (as in tensor parallelism and fully sharded data parallelism) or incur large communication costs that cannot be overlapped (as in sequence parallelism). Ring Attention, however, is an innovative approach that distributes long sequences across a ring of devices and never needs to store the full sequence on any single device. It is the first work that enables linear scaling up of context size with the number of devices for extremely long sequences without incurring extra computation or communication costs. A second important contribution of our paper is the first set of experiments with transformers trained to this massive context length, showing good performance on several ML tasks. We demonstrate that Ring Attention enables us to train Vicuna chatbot to 512K context size with just 32 GPUs, while prior state-of-the-art memory-efficient/flash attention-based methods can only handle 16K context size. This is a 32-fold increase in context window size compared to the previous long context Vicuna. The model's performance is competitive with GPT-4 and Claude-2 in long-context line retrieval tasks, and it can process sequences over five times longer than those models. We also applied Ring Attention to scale agentic transformers across hundreds of hindsight-relabeled trajectories. This approach led to substantially improved in-context RL performance, achieving state-of-the-art results in in-context RL tasks. Apart from proposing the idea of Ring Attention, this work provides an open-source implementation, which is plug-and-play and easy to use. In sum, Ring Attention is the first work proposing the distribution of blockwise transformers in a ring topology and overlaps communication with computation. This approach addresses the long-standing memory challenge of transformers without making approximations, allowing the context size to scale linearly with device count without additional computation or communication costs. **#2: The authors claim that ring attention over very long sequences is suitable for both training and inference. However, the cost of attention in both cases is still O(N^2).** Since we do not make approximations to attention, the compute cost is indeed still O(N^2). Our aim is to make it possible to fit long sequences into transformers, i.e., addressing the memory challenge. Combining Ring Attention with approaches that reduce compute costs, such as sparse attention, is a promising direction, but our work makes even precise attention efficiently scalable to sequence lengths in the millions.

Dear Reviewer rUcK, Thank you so much for the positive review and for highlighting that our work is simple and effective. We appreciate your feedback and suggestions, which we have incorporated into the revised version to improve it. **#1: The proposed method enables full self-attention for longer sequences, so it would be interesting to see the performance potential of full self-attention on the real world datasets.** Thank you for the suggestion. We have conducted additional experiments on more tasks. We applied Ring Attention to train agentic transformers on hundreds of trajectories to achieve better in-context RL. The results in Table 5 show that a large context window significantly improves performance of learning decision making policy from large scale experience. Large context allows agentic transformers to encode many more trajectories at the same time, so the hindsight relabeling is more informative and makes transformers learn a policy more effectively. **#2: It would be better to include the results on network bandwidth utilizations in Table 3.** Thanks for suggesting to report network utilization rate in addition to maximum context sizes in end-to-end large-scale training, which can provide more information about the training. We have included the measurement of network utilization rates in Table 5. We measure the bandwidth utilization using \texttt{jax.profiler} and, based on the average measurements from 3 runs. The results show that Ring Attention has significantly higher bandwidth utilization rates. This is attributed to more communication from larger context sizes. **#3: Balancing compute load on different devices for causal attention (used in most LLMs)** You are right that in causal attention mode, our method will make some devices underutilized. This is a great, insightful suggestion to Ring Attention. By skipping upper triangular blocks computation and balancing the computation load between devices when using causal attention, the compute cost can be reduced and potentially leading to a twofold increase in speed. We are definitely interested in this and planning to research this direction in future work. **#4: Whether the same idea could be adopted to distribute other computations as well.** We focus on self-attention in this work, since it contributes the largest activation size in today’s state-of-the-art AI. We believe the idea of Ring Attention can be applied to any all-to-all ops and even mixture of experts or split up a FFN computation or some aggregation. Please let us know if our response resolves your concerns. We look forward to hearing from you. Thank you so much."				
6.139	elMKXvhhQ9__r03	Consistency Training with Learnable Data Augmentation for Graph Anomaly Detection with Limited Supervision	5: marginally below the acceptance threshold	4: You are confident in your assessment, but not absolutely certain. It is unlikely, but not impossible, that you did not understand some parts of the submission or that you are unfamiliar with some pieces of related work.	partially_fixed	priority_secondary_structured	structured=partially_fixed; issue_ledger=unresolved		regressed	partially_fixed	partially_fixed	partially_fixed	unresolved	partially_fixed	"[weaknesses] 1) why Eq4 can achieve the edge-level homophily representation? where does it differ from GCN aggregation? 2) as you said, GAD has low homophily distribution, whether the homophily-aware neighbourhood aggregation you propose will be effective for abnormal nodes, I deeply doubt it. 3) I don't find the definition of Vhq in Section 2, whiat is the meaning of Vun? 4) please compare your learnable augmentation with other augmentation methods 5) please give complexity analysis

[questions] see above

[summary] This paper has addressed the challenge of graph anomaly detection under limited supervision by introducing a novel model, which effectively leverages the abundance of unlabeled data for consistency training by incorporating a novel learnable data augmentation mechanism. Furthermore, CONSISGAD exploits the disparity in homophily distribution between normal and anomalous nodes, enabling the formulation of a refined GNN backbone that enhances its discriminatory power between the two classes."	"**2. As you said, GAD has low homophily distribution, whether the homophily-aware neighbourhood aggregation you propose will be effective for abnormal nodes, I deeply doubt it.** We sincerely apologize for any confusion that may have arisen, and we appreciate the opportunity to clarify this aspect of our work. In our study, we use the term ""homophily"" as a conceptual label, and it is important to note that ""heterophily"" could be interchangeably used in this context. Our model's primary goal with the homophily-aware neighborhood aggregation is to differentiate between the distinct distributions of homophily (or equivalently, heterophily) that are observed in the edges surrounding normal and anomalous nodes. Specifically, edges in the neighborhood of normal nodes typically exhibit high homophily (or low heterophily), whereas those around anomalous nodes tend to show low homophily (or high heterophily). The cross-entropy loss function in our model facilitates inverse predictions for normal and anomalous nodes. This means that the loss function strategically guides the edge representations surrounding a normal node to diverge from those around an anomalous node, aligning with their ..."	"**2. As you said, GAD has low homophily distribution, whether the homophily-aware neighbourhood aggregation you propose will be effective for abnormal nodes, I deeply doubt it.** We sincerely apologize for any confusion that may have arisen, and we appreciate the opportunity to clarify this aspect of our work. In our study, we use the term ""homophily"" as a conceptual label, and it is important to note that ""heterophily"" could be interchangeably used in this context. Our model's primary goal with the homophily-aware neighborhood aggregation is to differentiate between the distinct distributions of homophily (or equivalently, heterophily) that are observed in the edges surrounding normal and anomalous nodes. Specifically, edges in the neighborhood of normal nodes typically exhibit high homophily (or low heterophily), whereas those around anomalous nodes tend to show low homophily (or high heterophily). The cross-entropy loss function in our model facilitates inverse predictions for normal and anomalous nodes. This means that the loss function strategically guides the edge representations surrounding a normal node to diverge from those around an anomalous node, aligning with their distinct homophily (or heterophily) distributions. Consequently, edges with high homophily around normal nodes share similar representations, while those with low homophily around anomalous nodes form analogous representations. This approach is critical for enhancing the discriminatory power of our model between normal and anomalous nodes, aligning with the core objectives of our research. **3. I don't find the definition of Vhq in Section 2, what is the meaning of Vun?** Thank you for highlighting the need for clarity regarding the definition of $V_{hq}$ and $V_{un}$ in our paper. We appreciate the opportunity to elucidate this aspect of our work. $V_{un}$ is defined as the set of unlabeled nodes. In the paragraph preceding Eq.(3), $V_{hq}$ represents the set of high-quality nodes, defined as $V_{hq}=\\{v \mid v\in V_{un} \land \exists \mathbf{p}_v[k]\ge\tau\\}$. This set comprises unlabeled nodes for which there exists at least one predicted score in their predictions greater than the threshold $\tau$. We have clarified this definition in our paper.

Dear reviewer tbTo, Thank you for your thoughtful and constructive feedback on our submission 9315. We appreciate the time you have taken to review our work and provide detailed insights. Below, we address each of the concerns and questions you raised. **1. Why Eq4 can achieve the edge-level homophily representation? Where does it differ from GCN aggregation?** *For the first question: Why Eq4 can achieve the edge-level homophily representation?* In Eq.(4), the representation of an edge (e.g., $(v,u)$) is calculated using the representations of its two end nodes (e.g., $v$ and $u$) through the function $\delta(\cdot,\cdot;\theta_{\delta})$. Furthermore, Eq.(4) aggregates these edge-level representations into the node representation of node $v$. Notably, the node representation ($\mathbf{h}^l_v$) is calculated based on the distinctions in homophily distribution between normal and anomalous nodes, as discussed in the Introduction. The cross-entropy loss function elicits inverse predictions for normal and anomalous nodes. Specifically, this loss function steers the edge representations of edges surrounding a normal node away from those surrounding an anomalous node, emphasizing their distinct homophily distributions. As a result, edges with high homophily around normal nodes share similar representations, while edges with low homophily around anomalous nodes exhibit analogous representations. Therefore, through this optimization process, Eq.(4) achieves disparate representations for high-homophily and low-homophily (high-heterophily) edges, ensuring edge-level homophily representations for edges around different nodes. To validate the ability of the edge representations to capture edge-level homophily distribution, we conducted an analysis and visualized the results in Figure 3. The visualizations demonstrate that edges with the same homophily or heterophily labels can be well-clustered together. This indicates that the edge-level homophily representation adeptly reflects the type of edge homophily, forming a robust foundation for aggregation to represent the contextual homophily distribution of each node. *For the second question: Where does it differ from GCN aggregation?* Our backbone GNN model, as outlined in Eq.(4), diverges from the generic GCN model. Typically, GCNs utilize the fundamental operation of neighborhood aggregation to consolidate information from neighboring nodes and generate the representation of the target node. In contrast, our backbone GNN model emphasizes edge-level representation learning by modeling the homophily distribution of each edge for aggregation to generate node representations. Therefore, relying on the intuition of distinctions in homophily distribution, as discussed in the Introduction (Figure 1(b)), our model places greater emphasis on edge-level homophily representation to address the classification of normal and anomalous nodes. Furthermore, Tables 1 and 2 in the Experiments consistently demonstrate that our backbone GNN model outperforms the GCN model, underscoring its effectiveness in handling anomaly detection on graphs.

Dear Reviewers and ACs, As the discussion is ending in the next few hours, we are grateful for the insightful comments and valuable suggestions from all reviewers. We would really appreciate it if reviewer _RZbU_ and reviewer _tbTo_ could kindly re-evaluate their reviews considering our follow-up responses and manuscript revisions. In the following, we would like to summarize the contributions and responses of this paper again. **Contributions**: - To deal with graph anomaly detection with limited supervision, we propose a learnable augmentation module and optimize it via two metrics: label consistency and distribution diversity. This approach appears ```effective```, ```enhancing the overall performance of the model``` (_R ZNLh_), and ```innovative``` (_R RZbU_). The two proposed metrics are ```intriguing``` (_R RZbU_). - We introduce a GNN backbone model that exploits the homophily distribution differences between normal and anomalous nodes for detection. This approach is ```straightforward yet effective``` (_R RZbU_). ```Visualization underscores the robustness of the proposed method``` (_R ZNLh_). - Our paper is ```well-written``` (_R ZNLh_, _R RZbU_, _R tbTo_). Our experiments are generally ```comprehensive``` (_R ZNLh_), ```extensive``` (_R RZbU_), and ```sufficient``` (_R tbTo_). **Responses and Revisions:** - **For Reviewer _ZNLh_'s concerns**: - We conducted additional experiments to assess and analyze the quality of high-quality nodes. - We conducted additional experiments to analyze the sensitivity of our model to several important hyper-parameters. - We conducted additional experiments to evaluate and analyze the applicability of our GNN backbone model to generic multi-class node classification tasks. - **For Reviewer _RZbU_' concerns**: - We made a detailed comparison between our learnable data augmentation module and existing automatic data augmentation techniques. - We explored and analyzed the extensions of our learnable augmentation module to generic graph contrastive learning tasks. - We conducted additional experiments to analyze the effectiveness of utilizing the exact labels of labeled nodes in consistency training. - **For Reviewer _tbTo_'s concerns**: - We made clarifications on the architecture and motivations of our proposed model (Responses to Questions 1, 2, and 3). - We highlighted our comparative analysis of our learnable data augmentation against four stochastic augmentation methods in the paper. - We gave a comprehensive complexity analysis of our algorithm. All modifications have been highlighted in blue in our revised manuscript. Thanks again for your efforts in reviewing our work, and we hope our responses adequately address any concerns about this work. Warm regards, \ The Authors of Submission 9315"	"**3. While consistency training might usually be deployed on unlabeled data, I wonder if it would be beneficial to utilize labeled data for consistency training as well. Specifically, labeled data has exact labels, which might provide effective information for consistency training the model in dealing with the task of graph anomaly detection.** Thank you for highlighting the potential benefits of utilizing labeled data for consistency training. In our current settings, both labeled and unlabeled data are used for consistency training, but labeled samples are treated as unlabeled, using their predicted labels instead of exact labels. Encouraged by your suggestion, we explore the impact of using exact labels for labeled nodes in consistency training. The results of this additional experiment are detailed in Appendix E.9 of our revised manuscript. For your convenience, we provide a summary in the table below: | Dataset | Metric | ConsisGAD (Predicted Label) | ConsisGAD (Exact Label) | |------------|----------|-----------------------------|-------------------------| | Amazon | AUROC | 93.91±0.58 | 93.82±0.55 | | | AUPRC | 83.33±0.34 | 83.16±0.46 | | | Macro F1 | 90.03±0.53 | 89.88±0.30 | | YelpChi | AUROC | 83.36±0.53 | 82.91±0.36 | | | AUPRC | 47.33±0.58 | 47.23±0.98 | | | Macro F1 | 69.72±0.30 | 69.44±0.29 | | T-Finance | AUROC | 95.33±0.30 | 95.09±0.27 | | | AUPRC | 86.63±0.44 | 86.94±0.13 | | | Macro F1 | 90.97±0.63 | 91.32±0.18 | | T-Social | AUROC | 94.31±0.20 | 93.87±0.30 | | | AUPRC | 58.38±2.10 | 56.54±1.86 | | | Macro F1 | 78.08±0.54 | 77.42±0.67 | Our findings indicate that using exact labels in consistency training does not significantly improve performance on most datasets. This lack of improvement may stem from the fact that labeled data has already been utilized in the cross-entropy loss, and their reuse in the consistency training does not contribute significantly to performance enhancement. Notably, a decrease in performance is observed in the T-Social dataset. We hypothesize this could be attributed to the model overfitting to label noise, which could be mitigated by the use of predicted labels. We hope these revisions to our submission adequately address your concerns and enhance its overall contributions. Your thoughtful feedback has been crucial in elevating the quality and coherence of our manuscript. Should you have additional comments or concerns, we remain receptive and prepared to undertake any further modifications. [a] Graph Contrastive Learning Automated. Yuning You, Tianlong Chen, Yang Shen, Zhangyang Wang. ICML 2021. [b] Graph Contrastive Learning with Adaptive Augmentation. Yanqiao Zhu, Yichen Xu, Feng Yu, Qiang Liu, Shu Wu, Liang Wang. WWW 2021. [c] Instance adaptive adversarial training: Improved accuracy tradeoffs in neural nets. Yogesh Balaji, Tom Goldstein, and Judy Hoffman. arXiv preprint arXiv:1910.08051, 2019. [d] Robustness May Be at Odds with Accuracy. Dimitris Tsipras, Shibani Santurkar, Logan Engstrom, Alexander Turner, and Aleksander Madry. ICLR, 2018.

Thank you for your thorough review and insightful comments on our submission. We appreciate the time you invested in evaluating our work and offering constructive feedback. Below, we address your comments to clarify and improve our manuscript. **1. How about the correctness of the ""high-quality nodes""?** Thanks for highlighting the significance of evaluating the quality of ""high-quality nodes"" in our consistency training approach. Considering your valuable suggestion, we have conducted a detailed experiment to assess this aspect and include the results in Appendix E.6 of our revised manuscript. In this experiment, we visualize Macro F1 scores of ""high-quality nodes"" at each epoch during training and compare these with scores from the test set. For your reference, we report the scores with an interval of 10 epochs in the following table. For more details, please kindly refer to the Appendix E.6. | | Epoch 10 | Epoch 20 | Epoch 30 | Epoch 40 | Epoch 50 | Epoch 60 | Epoch 70 | Epoch 80 | Epoch 90 | Epoch 100 | | :----------------: | :------: | :------: | :------: | :------: | :------: | :------: | :------: | :------: | :------: | :-------: | | Amazon | | | | | | | | | | | | High-quality Nodes | 90.79 | 88.89 | 91.06 | 92.18 | 90.91 | 90.76 | 90.76 | 91.43 | 89.99 | 89.29 | | Test Nodes | 87.56 | 88.13 | 90.10 | 90.96 | 90.98 | 90.92 | 90.04 | 90.60 | 90.07 | 90.43 | | Diff. | 3.23 | 0.76 | 0.96 | 1.23 | -0.07 | -0.17 | 0.72 | 0.83 | -0.08 | -1.14 | | YelpChi | | | | | | | | | | | | High-quality Nodes | 67.23 | 69.23 | 68.09 | 69.11 | 68.49 | 68.98 | 69.21 | 70.02 | 69.28 | 68.76 | | Test Nodes | 66.72 | 67.56 | 68.49 | 67.76 | 68.13 | 68.12 | 67.42 | 67.96 | 68.25 | 68.42 | | Diff. | 0.51 | 1.68 | -0.40 | 1.35 | 0.36 | 0.86 | 1.79 | 2.06 | 1.03 | 0.33 | | T-Finance | | | | | | | | | | | | High-quality Nodes | 90.82 | 90.27 | 90.15 | 90.12 | 88.50 | 91.33 | 91.11 | 91.48 | 91.14 | 91.09 | | Test Nodes | 89.28 | 90.22 | 89.39 | 90.44 | 91.16 | 91.05 | 90.90 | 90.87 | 90.62 | 90.39 | | Diff. | 1.54 | 0.05 | 0.76 | -0.31 | -2.66 | 0.28 | 0.21 | 0.62 | 0.52 | 0.71 | | T-Social | | | | | | | | | | | | High-quality Nodes | 75.68 | 76.35 | 76.92 | 75.82 | 76.09 | 77.53 | 75.48 | 74.07 | 76.11 | 73.59 | | Test Nodes | 72.14 | 73.56 | 76.07 | 74.17 | 74.23 | 76.10 | 73.13 | 71.52 | 73.81 | 72.58 | | Diff. | 3.53 | 2.80 | 0.85 | 1.65 | 1.87 | 1.43 | 2.35 | 2.54 | 2.30 | 1.01 | The result demonstrates that ""high-quality nodes"" consistently achieve higher Macro F1 scores than test nodes across various datasets. On Amazon, YelpChi, T-Finance, and T-Social, the average performance improvement of ""high-quality nodes"" over test nodes is 1.01%, 0.83%, 0.71%, and 0.64%, respectively. Generally, as depicted in Figure 10, both ""high-quality nodes"" and test nodes exhibit a gradual increase in performance, with the former driving the improvement of the latter. An exception lies in the T-Social dataset, on which we observe some performance fluctuations. This is possibly due to the much smaller batch size and training data relative to the whole dataset size. Overall, our analysis showcases the accuracy of the predicted labels and the robustness of our selection criteria for ""high-quality nodes"".

**5. Please give complexity analysis.** As illustrated in Algorithm 1, our model is composed of two primary components: consistency training and the training of the learnable data augmentation module. These components operate iteratively in each iteration of the process. This approach potentially incurs a higher computational cost compared to the standard training procedures of graph neural networks. In this part, we give a detailed complexity analysis and analyze the possibility of using it on large graphs. At the outset, we focus on analyzing the complexity of our backbone GNN model, as outlined in Equation (4). This model is a critical component in Algorithm 1 for calculating node embeddings. Considering a target node $v$, in the first GNN layer, the function $\delta(\cdot,\cdot;\theta_{\delta})$ is implemented as $\text{MLP}(\mathbf{h}^{l-1}_v||\mathbf{h}^{l-1}_u)$. A typical example of this MLP is $\sigma(\mathbf{W}(\mathbf{h}^{l-1}_v \|\| \mathbf{h}^{l-1}_u)+\mathbf{b})$. The computational complexity in this first layer is $O(2dd_X+\bar{N}d+2d)$, where $d_X$ represents the dimension of the input feature vector, $d$ the intermediate dimension of the embeddings, and $\bar{N}$ the average node degree. Each subsequent layer contributes an additional complexity of $O(2d^2+\bar{N}d+2d)$. Given $L$ total GNN layers, the overall complexity of the GNN backbone sums up to $O(2dd_X+\bar{N}d+2d+(L-1)(2d^2+\bar{N}d+2d))=O(2dd_X+2Ld^2+2Ld+L\bar{N}d-2d^2)$. In every iteration of Algorithm 1, we sample a batch of labeled and unlabeled nodes for subsequent computations. These batches are of sizes $B$ (for labeled nodes) and $\mu B$ (for unlabeled nodes), respectively. We can split the whole process into three step as follows. - We begin by selecting high-quality nodes from the sampled batch of unlabeled nodes. In line 6, the GNN backbone introduces a complexity of $O(2dd_X+2Ld^2+2Ld+L\bar{N}d-2d^2)$, as previously analyzed. The prediction step in line 7 has a complexity of $O(Kd+2K)$, where $K$ is the number of classes. Lines 8-10 involve checking the high-quality nodes with a complexity of $K$. Overall, for a batch size of $B$, lines 5-10 collectively result in a complexity of $O(\mu B(2dd_X+2Ld^2+2Ld+L\bar{N}d-2d^2+Kd+3K))$. - Each high-quality node is augmented and predicted, forming the basis for the consistency and diversity loss calculations. For line 12, the complexity of the Sharpen function in Algorithm 2 involves $O(8\lfloor \xi d \rfloor d+d)$ across its steps. Consequently, line 12 in Algorithm 1 incurs a complexity of $O(8\lfloor \xi d \rfloor d+d^2+3d)$. Line 13, similar to line 7, involves a complexity of $O(Kd+2K)$. Line 14 includes forming both the consistency and diversity losses, with complexities of $O(\mu BK^2)$ and $O(2\mu Bd)$, respectively. Summing up, lines 11-14 entail a complexity of $O(\mu B(8\lfloor \xi d \rfloor d+d^2+3d + Kd+2K) + \mu BK^2 + 2\mu Bd)$. - The consistency training involves complexity calculations similar to the earlier sections. Lines 17 and 18, as previously analyzed, involve a complexity of $O(2dd_X+2Ld^2+2Ld+L\bar{N}d-2d^2+Kd+2K)$. Lines 19 and 20, pertaining to the loss calculations, have complexities of $O(BK^2)$ and $O(\mu BK^2)$, respectively. Thus, the total complexity for lines 16-20 over $B$ iterations is $O(B(2dd_X+2Ld^2+2Ld+L\bar{N}d-2d^2+Kd+2K)+BK^2+\mu BK^2)$. In each iteration of Algorithm 1, we aggregate the complexities from the previous sections to derive the overall complexity. This can be expressed as $O(2B(\mu+1)dd_X + B(2\mu L+2L-\mu-2)d^2 + (2\mu BL+\mu BL\bar{N}+\mu BK+8\mu B\lfloor \xi d \rfloor+5\mu B+K\mu B+2BL+BL\bar{N}+BK)d + 5\mu BK+2\mu BK^2+2BK+BK^2)$. Particularly in our anomaly detection scenario, where typically $K = 2$ due to the binary classification nature, and $L$ generally ranges from 1 to 3 as the number of GNN layers, the complexity of our model is predominantly influenced by the feature dimension $d_X$, the hidden dimension $d$, and the average node degree $\bar{N}$. This indicates that with appropriately set hyper-parameters, our model shows promising potential for application on large-scale graphs. To enhance the clarity of our paper, we have included this detailed complexity analysis in Appendix A of our revised manuscript. We hope that these clarifications and additional details address your concerns and strengthen the paper's contributions. Your insightful feedback has been instrumental in refining the quality and coherence of our manuscript. Should there be any more comments or issues from your side, we remain open and willing to make the requisite modifications."				
6.135	AZGIwqCyYY__r03	Towards Cross Domain Generalization of Hamiltonian Representation via Meta Learning	6: marginally above the acceptance threshold	2: You are willing to defend your assessment, but it is quite likely that you did not understand the central parts of the submission or that you are unfamiliar with some pieces of related work. Math/other details were not carefully checked.	partially_fixed	priority_secondary_structured	structured=partially_fixed; issue_ledger=unresolved		fixed	partially_fixed	partially_fixed	fixed	unresolved	partially_fixed	"[weaknesses] The evaluation can be strengthened by considering comparing the proposed methods with other Few-shot Learning and Physics-informed Neural Networks methods for system domain generalization under both ""consistent"" and ""different"" physical laws.

[questions] In Figure 4, why does a lower CKA value of the meta-trained model suggest it learned more similar representations during adaptation? As the authors mentioned, should a low CKA value indicate different representations?

[summary] This paper proposed a novel meta-learning method aiming to learn a unified Hamiltonian representation such that it can be generalized to unseen physical systems. Hamiltonian Neural Networks were utilized as the backbone of the method for learning the unified Hamiltonian representations of different physical systems, via meta-learning pipelines of a variation of MAML. Experiments demonstrated the proposed methods achieved lower relative error of trajectories and energy when adapted to different systems."	"We appreciate your thoughtful effort in reviewing this work. We are delighted to hear that the reviewer has recognized the contribution of our work in contrast to many existing works. We have carefully considered the points raised by the reviewer and have revised our manuscript as follows (we also recommend that the reviewer check the overall response). **_List of changes in the manuscript_**: > 1. Section 4.4 and SM C.3 are revised to add existing baseline results according to W1 **W1** The evaluation can be strengthened by considering comparing the proposed methods with other Few-shot Learning and Physics-informed Neural Networks methods for system domain generalization under both ""consistent"" and ""different"" physical laws. > **A1** > We first thought that it would be difficult to directly compare our method with other previous baselines, as the definition of the scope of generalization is different. However, we strongly agree with the reviewer that our evaluation can be strengthened by comparing the proposed approach with other existing methods. We added a baseline experiment with CoDA ([Kerchmeyer et al. 2022](https://arxiv.org/abs/2202.01889)) which is considered a represen..."	"We appreciate your thoughtful effort in reviewing this work. We are delighted to hear that the reviewer has recognized the contribution of our work in contrast to many existing works. We have carefully considered the points raised by the reviewer and have revised our manuscript as follows (we also recommend that the reviewer check the overall response). **_List of changes in the manuscript_**: > 1. Section 4.4 and SM C.3 are revised to add existing baseline results according to W1 **W1** The evaluation can be strengthened by considering comparing the proposed methods with other Few-shot Learning and Physics-informed Neural Networks methods for system domain generalization under both ""consistent"" and ""different"" physical laws. > **A1** > We first thought that it would be difficult to directly compare our method with other previous baselines, as the definition of the scope of generalization is different. However, we strongly agree with the reviewer that our evaluation can be strengthened by comparing the proposed approach with other existing methods. We added a baseline experiment with CoDA ([Kerchmeyer et al. 2022](https://arxiv.org/abs/2202.01889)) which is considered a representative method for domain generalization in learning physical dynamics (as it is reported to be superior to other related methods according to the CoDA authors). As expected, CoDA failed to adapt to an unseen system with the same number of steps, even for sufficient steps up to 10000. We have revised section 4.4 of our manuscript with the CoDA baseline results and discussion. **Q1** In Figure 4, why does a lower CKA value of the meta-trained model suggest it learned more similar representations during adaptation? As the authors mentioned, should a low CKA value indicate different representations? > **A1** > We acknowledge that our label notation in Figure 4 could be quite misleading. The y-axis represents the 1-CKA (1 minus CKA) value, not the raw CKA value. Therefore, the lower y-axis in Figure 4 indicates a high CKA value, which leads to more similar representations during adaptation.

We sincerely appreciate your efforts in reviewing our paper. We are pleased that the reviewer noticed the strengths regarding the CKA analysis of the learned representations. We have carefully reviewed the weaknesses pointed out by the reviewer and have revised our manuscript as follows (we also recommend the reviewer review the overall response). **_List of changes in the manuscript_**: > 1. Section 2.3 is revised to add clarity to the paper based on W1, and W2. > 2. Section 4.4 and SM C.3 are revised to add existing baseline results following W3. > 3. The titles of Sections 4.1, and 4.2 and the caption of Fig. 3 are updated based on W3. **W1** The main contribution of the paper seems to be utilizing meta-learning to efficiently adapt to new systems. However, it is not clear from the paper if it is as simple as just using off-the-shelf implementation or if there are some challenges to doing this. **W2** Also, I would like to see some discussion around why meta-learning is preferred over other representation learning methods e.g. Domain Generalization, and why optimization-based methods surpass other approaches in meta-learning. > **A1, A2** > We presume that weaknesses 1 and 2 arise from the lack of clarity that we have written in the paper. Existing previous methods have clear limitations; 1) they do not guarantee generalization across diverse systems, and 2) to do so, they need to be flexible with respect to the varying degrees of freedom of the systems. Our approach aims at resolving these challenges by jointly using GNNs and meta-learning. Accordingly, we have revised section 2.3 to clearly state the points mentioned by the reviewer in Q1 and Q2. **W3** The experiments are not sufficient. First, there is no comparison with existing baseline models in domain generalization or meta-learning. Second, the comparison of the meta-model and pre-trained model is not fair, and I would suggest the author fine-tune the pre-trained model on the K-shot support set. Third, no visual comparison of the predicted dynamics and the ground truth, making the conclusion less convincing. > **A3** > - First, we acknowledge the insufficient comparison with existing baselines. Originally, we considered it to be hard to directly compare our method with other prior baselines due to the different definitions of the scope of generalization, we added a baseline experiment with CoDA ([Kerchmeyer et al. 2022](https://arxiv.org/abs/2202.01889)) which is considered a representative method for domain generalization in learning physical dynamics (as it is reported to be superior among other related methods according to the CoDA authors). As expected, CoDA failed to adapt to an unseen system with the same number of steps, even for sufficient steps up to 10000. We have revised Section 4.4 and SM C.3 of our manuscript with the CoDA baseline results and discussion. > - Second, while we appreciate the reviewer's perspective, our work is at the cornerstone in our scope of the problem definition, and thus to show both the possibility and the effectiveness of the unified representation of Hamiltonian dynamics, we chose as baselines the 1) pre-trained model that used the same total number of gradient steps during meta-training, and the 2) randomly initialized model, following the approach of the prior work of [Finn et al. 2017](https://arxiv.org/abs/1703.03400) and [Lee et al. 2021](https://arxiv.org/abs/2102.11544). > - Third, we respectfully ask the reviewer to check Section 4.2, where the dynamics of the predicted systems are discussed using Figure 3. However, we acknowledge that the presentation of the predicted dynamics written in the paper should be more explicit and accordingly we have updated the title of Sections 4.1, 4.2 and the caption of Figure 3.

We acknowledge your detailed comment regarding our response. Below we provide a response for the reviewer’s additional comments. 1. As the reviewer pointed out, one of the key differences between our proposed work and CoDA is the usage of graphs. We would like to add one more major difference as follows. According to the CoDA paper, CoDA is based on the assumption that the *environment* $e \in \mathcal{E}$ is from a specific dynamics $f$ (where $\frac{dx(t)}{dt} = f(x(t))$) such that the functional form of the dynamics set from the training data and the dynamics set of the unseen data should be the same. In other words, the context of environment-specific parameters is the same across the environments. This way of formulation can also be found for DyAd [1], and meta-SLVM [3]. However, in our setting, we do not impose such assumptions such that the term *environment* (which was a generalization within a fixed dynamics form) can be extended in the context of the term *domain* (now a generalization across different dynamics) we used in our manuscript. And for the missing details about how the graphs represent the system, we followed the settings from [Sanchez-Gonzalez et al. 2019](https://arxiv.org/abs/1909.12790), and [Bishonoi et al. 2023](https://openreview.net/forum?id=Ugl-B_at5n) such that the nodes represent the state $(\vec{q}, \vec{p})$, while the edge features are not used for now. We revised Section 3.2 accordingly. 2. We acknowledge the reviewer's observation regarding potential misunderstandings on our part. We focused on reporting baseline results for DyAd [1] within a specific system context. Our additional evaluation included testing the magnetic-mirror system adaptation task using a meta-trained model, which encompassed systems of mass-spring, pendulum, and Hénon-Heiles. Notably, DyAd showed limited adaptation capabilities in this context, struggling significantly with the magnetic-mirror system. This observation leads us to a critical point: methods such as CoDA, DyAd, and meta-SLVM, which aim to generalize within a fixed functional form of dynamics, may not be directly applicable to our concept of domain generalization (as we have previously discussed in the above-numbered point 1.). To align DyAd more closely with our generalization scope, we made a subtle modification to the parameter $c$ in the encoder loss's first term (weak supervision term), representing it as the Hamiltonian of the system. While it may be hard to argue that the explicit form of Hamiltonian is not shared across the system, we viewed this as a minimal form of weak supervision, leveraging the universal concept of energy in dynamical systems. And for the meta-SLVM, although it adapted well to several physical scenarios (namely bouncing balls under 4 gravity, pendulums, and mass springs with each four different physical constants), their adaptation was tested under the same type of physics; among the four dynamics for each physical scenarios, three were used for meta training, and the remaining one was used for meta testing. Therefore, despite the inherent limitations of DyAd and similar methods in this context, we posit that our approach, leveraging a vanilla MAML-based method, demonstrates superior adaptability and effectiveness compared to these baselines. This distinction underscores the rationale behind our methodological choices and the results we observed. Accordingly, we revised Section 2.3 with the discussions and Section 4.4 and SM C.5 with DyAd results. We hope that the additional response will address the concerns raised and appreciate the opportunity to clarify these aspects within the limited discussion period."	"We would like to thank all of the reviewers for their constructive and valuable feedback on our work, and furthermore recognizing the strengths of our paper as follows; - the originality of our work in contrast to previous studies; learning the unified representation across diverse Hamiltonian system domains (**Reviewer xLig** and **Reviewer GtBu**) - the importance of the experimental aspects of our work; analysis of the unified representation of Hamiltonian dynamics using CKA (**Reviewer hDu2 and Reviewer jozM**) We rigorously addressed and incorporated the feedback to strengthen our work. Below are the main points of the revised manuscript (the changes in the manuscript are indicated as **bold**). 1. Most reviewers suggested a comparison with the baseline of the existing methods described in sections 2.2, and 2.3. The reason we did not include the previous generalization methods was that it was rather difficult to make a direct comparison with our model. Our model aims to learn a unified representation of the Hamiltonian dynamics across the types of physical systems, while the previous studies focus on the scenario of generalizing the dynamics across multiple environments within a fixed system situation. However, we agree with the reviewers that adding the existing baselines would give more concreteness to our result, and added the CoDA ([Kerchmeyer et al. 2022](https://arxiv.org/abs/2202.01889)) (which showed a significantly high performance among various generalization methods across environments within a system, according to the CoDA authors) baseline experiment. **We updated Section 4.4 and SM C.3 with the CoDA baseline and again verified the originality and superiority of our approach.** 2. We have added experiment to further discuss the limitation of our method, which is indeed a crucial point to make an argument from our experimental point of view. The added experiment is an adaptation task to the dissipative mass-spring system with the meta-trained model with conservative other systems. The meta-trained model fails to adapt to the dissipative system, indicating a possible limitation of our approach. **We updated Section 4.5 and SM C.4 with the corresponding additional experiments and discussions to explore the limitations of our work.** 3. Although all reviewers commented that the motivation and presentation of our paper are clearly written, there were some missing points regarding the implementation challenges solved. Although the existing generalization methods (as noted in the first numbered point above) propose new frameworks to learn the generalized dynamics across environments, their applications are limited when we want to generalize across the system type itself, and especially when the degree of freedom of the system changes in the data distribution. **We updated Section 2.3 to clearly state that our approach straightened out the challenges.** 4. Some of the text, such as section titles and figure captions, has been updated to reflect the comments made by reviewers. **We fixed the title of Section 2.2, 2.3, the caption of Figure 3, and moved Table 1. to SM A.3** Our manuscript has been revised accordingly (blue; major updates, red; minor updates such as typos) and we kindly ask all reviewers to check the updated part of the paper. We hope that our revised manuscript and responses will have a positive impact on the final evaluation. Once again, we thank all reviewers for their efforts in this review and look forward to further discussions.

We sincerely appreciate your efforts in reviewing our paper. We are pleased that the reviewer noticed the strengths regarding the CKA analysis of the learned representations. We have carefully reviewed the weaknesses pointed out by the reviewer and have revised our manuscript as follows (we also recommend the reviewer review the overall response). **_List of changes in the manuscript_**: > 1. Section 2.3 is revised to add clarity to the paper based on W1, and W2. > 2. Section 4.4 and SM C.3 are revised to add existing baseline results following W3. > 3. The titles of Sections 4.1, and 4.2 and the caption of Fig. 3 are updated based on W3. **W1** The main contribution of the paper seems to be utilizing meta-learning to efficiently adapt to new systems. However, it is not clear from the paper if it is as simple as just using off-the-shelf implementation or if there are some challenges to doing this. **W2** Also, I would like to see some discussion around why meta-learning is preferred over other representation learning methods e.g. Domain Generalization, and why optimization-based methods surpass other approaches in meta-learning. > **A1, A2** > We presume that weaknesses 1 and 2 arise from the lack of clarity that we have written in the paper. Existing previous methods have clear limitations; 1) they do not guarantee generalization across diverse systems, and 2) to do so, they need to be flexible with respect to the varying degrees of freedom of the systems. Our approach aims at resolving these challenges by jointly using GNNs and meta-learning. Accordingly, we have revised section 2.3 to clearly state the points mentioned by the reviewer in Q1 and Q2. **W3** The experiments are not sufficient. First, there is no comparison with existing baseline models in domain generalization or meta-learning. Second, the comparison of the meta-model and pre-trained model is not fair, and I would suggest the author fine-tune the pre-trained model on the K-shot support set. Third, no visual comparison of the predicted dynamics and the ground truth, making the conclusion less convincing. > **A3** > - First, we acknowledge the insufficient comparison with existing baselines. Originally, we considered it to be hard to directly compare our method with other prior baselines due to the different definitions of the scope of generalization, we added a baseline experiment with CoDA ([Kerchmeyer et al. 2022](https://arxiv.org/abs/2202.01889)) which is considered a representative method for domain generalization in learning physical dynamics (as it is reported to be superior among other related methods according to the CoDA authors). As expected, CoDA failed to adapt to an unseen system with the same number of steps, even for sufficient steps up to 10000. We have revised Section 4.4 and SM C.3 of our manuscript with the CoDA baseline results and discussion. > - Second, while we appreciate the reviewer's perspective, our work is at the cornerstone in our scope of the problem definition, and thus to show both the possibility and the effectiveness of the unified representation of Hamiltonian dynamics, we chose as baselines the 1) pre-trained model that used the same total number of gradient steps during meta-training, and the 2) randomly initialized model, following the approach of the prior work of [Finn et al. 2017](https://arxiv.org/abs/1703.03400) and [Lee et al. 2021](https://arxiv.org/abs/2102.11544). > - Third, we respectfully ask the reviewer to check Section 4.2, where the dynamics of the predicted systems are discussed using Figure 3. However, we acknowledge that the presentation of the predicted dynamics written in the paper should be more explicit and accordingly we have updated the title of Sections 4.1, 4.2 and the caption of Figure 3.

We appreciate your thoughtful effort in reviewing this work. We are delighted to hear that the reviewer has recognized the contribution of our work in contrast to many existing works. We have carefully considered the points raised by the reviewer and have revised our manuscript as follows (we also recommend that the reviewer check the overall response). **_List of changes in the manuscript_**: > 1. Section 4.4 and SM C.3 are revised to add existing baseline results according to W1 **W1** The evaluation can be strengthened by considering comparing the proposed methods with other Few-shot Learning and Physics-informed Neural Networks methods for system domain generalization under both ""consistent"" and ""different"" physical laws. > **A1** > We first thought that it would be difficult to directly compare our method with other previous baselines, as the definition of the scope of generalization is different. However, we strongly agree with the reviewer that our evaluation can be strengthened by comparing the proposed approach with other existing methods. We added a baseline experiment with CoDA ([Kerchmeyer et al. 2022](https://arxiv.org/abs/2202.01889)) which is considered a representative method for domain generalization in learning physical dynamics (as it is reported to be superior to other related methods according to the CoDA authors). As expected, CoDA failed to adapt to an unseen system with the same number of steps, even for sufficient steps up to 10000. We have revised section 4.4 of our manuscript with the CoDA baseline results and discussion. **Q1** In Figure 4, why does a lower CKA value of the meta-trained model suggest it learned more similar representations during adaptation? As the authors mentioned, should a low CKA value indicate different representations? > **A1** > We acknowledge that our label notation in Figure 4 could be quite misleading. The y-axis represents the 1-CKA (1 minus CKA) value, not the raw CKA value. Therefore, the lower y-axis in Figure 4 indicates a high CKA value, which leads to more similar representations during adaptation."				
6.128	hv3SklibkL__r03	Graph Parsing Networks	8: accept, good paper	3: You are fairly confident in your assessment. It is possible that you did not understand some parts of the submission or that you are unfamiliar with some pieces of related work. Math/other details were not carefully checked.	partially_fixed	priority_secondary_structured	structured=partially_fixed; issue_ledger=unresolved		regressed	partially_fixed	partially_fixed	fixed	unresolved	partially_fixed	"[weaknesses] 1. It seems that GPN works well on small-sized graphs from the experimental results. Discussion on large-sized graphs is expected to be included in the paper. 2. If the tree is high for some large-sized graph, the performance might be worse due to over-smoothing. 3. For the model itself involving GNNs, it is not clear how you train this model.

[questions] 1. What does a 'different GNN` mean in node classification? $\mathbf{H}^{(k)}$ in Eq. 3 is the same as '$GNN^\prime(\mathbf{X}^{(k)}, \mathbf{A}^{(k)})$` in eq. 10.

[summary] This paper aims to construct a graph pooling method called a graph parsing network (GPN) that can be personalized to every graph and has a good balance of maintaining the node information and high memory efficiency simultaneously. The method is built upon existing GNNs and designs a novel algorithm to construct personalized pooling trees for graphs. The empirical results on graph classification show its effectiveness and efficiency."	We sincerely appreciate the reviewer's constructive feedback and positive remarks on our work. We provide the following detailed responses to your major concerns. > (Weakness 1) It seems that GPN works well on small-sized graphs from the experimental results. Discussion on large-sized graphs is expected to be included in the paper. > (Weakness 2) If the tree is high for some large-sized graph, the performance might be worse due to over-smoothing. It is worth noting that, the PubMed dataset we tested already contains 18,717 nodes, which is not that small-sized. Following your suggestion, in the updated submission (please refer to the red-colored text), we further strengthen the discussion on large graphs in Appendix E. In short, our node classification model architecture already includes residual connections from the encoder to the decoder (see Section 2.3 and Figure 3), which can help mitigate potential over-smoothing issues on large graphs by preserving local information. > (Weakness 3) For the model itself involving GNNs, it is not clear how you train this model. Since the Reviewer UKss raised the same question, we kindly request that you refer to *Response to Reviewer UKss - ...	"We sincerely appreciate the reviewer's constructive feedback and positive remarks on our work. We provide the following detailed responses to your major concerns. > (Weakness 1) It seems that GPN works well on small-sized graphs from the experimental results. Discussion on large-sized graphs is expected to be included in the paper. > (Weakness 2) If the tree is high for some large-sized graph, the performance might be worse due to over-smoothing. It is worth noting that, the PubMed dataset we tested already contains 18,717 nodes, which is not that small-sized. Following your suggestion, in the updated submission (please refer to the red-colored text), we further strengthen the discussion on large graphs in Appendix E. In short, our node classification model architecture already includes residual connections from the encoder to the decoder (see Section 2.3 and Figure 3), which can help mitigate potential over-smoothing issues on large graphs by preserving local information. > (Weakness 3) For the model itself involving GNNs, it is not clear how you train this model. Since the Reviewer UKss raised the same question, we kindly request that you refer to *Response to Reviewer UKss - Question*. --- > (Question) What does a different GNN mean in node classification? $\mathbf{H}^{(k)}$ in Eq. 3 is the same as $GNN^\prime(\mathbf{X}^{(k)}, \mathbf{A}^{(k)})$ in eq. 10. In Equation 3, the multiset computation module directly use the node feature $\mathbf{H}^{(k)}$, which is encoded by the GNN in Equation 1. While in Equation 10, the input node feature is $\mathbf{X}^{(k)}$, and we use another GNN' (different from the GNN in Equation 1) to encode it.

Thank you for the thoughtful feedback on our manuscript. We provide the following detailed responses to your major concerns. > (Weakness 1) Time complexity. Though the paragraph above Proposition 4 claims that the time complexity of each pooling layer is $O(n^{(k)})$, the computation of edge score $C$ still takes $O(m^{(k)})$ time. The computation of the edge score $C$ indeed has complexity $\mathcal{O}(m^{(k)})$. However, it occurs before Algorithm 1, and in the paragraph above Proposition 4, we specifically focused on the time complexity of Algorithm 1 as $\mathcal{O}(n^{(k)})$. The computation of $C$ is dominated by message passing, which can be computed in parallel on GPU. On the other hand, the parsing algorithm must be executed sequentially. That's why, in our time efficiency tests, even EdgePool with $\mathcal{O}(m^{(k)})$ complexity runs very slowly when dealing with densely connected graphs. > (Weakness 2) Proposition 5 is doubtful. The argmax operator may not produce unique output when the multiset has several equal maximum elements. Thank you for pointing this out! Yes, if there are two nodes with common neighbors and their node features are exactly the same, then the output of the argmax operator cannot guarantee uniqueness. Based on your suggestion, we edited Proposition 5 and it's corresponding proof (paragraph 2 in Appendix A.2) in the updated submission, please refer to the red-colored text. Specifically, we suppose the row-wise non-zero entries in $C$ are distinct. In practice, we find that the potential violation of the permutation invariance caused by the argmax operator has a limited impact on model performance. > (Weakness 3) The performance gain in ablation study is not significant. In Table 4, the performance difference between the origin model and the model with Mean pool is smaller than the score deviation. In our ablation study, we aim to verify that the performance improvement is primarily due to the parsing algorithm we proposed and to show that our model is robust to changes in the backbone. After replacing the DeepSets module with a simpler Mean pool, the model continues to deliver strong performance, confirming its robustness to the choice of backbone and supporting our claim. --- > (Question) The argmax operator in DOM is not differentiable. How to train the whole model end-to-end? Here we describe the forward and backward passes of our model to clarify the training process: - During the forward pass, we first use GNN and MLP to compute the edge scores (Equation 1). Then we run Algorithm 1 to obtain the assignment matrix (Equation 2) and performs the multiset computation to obtain the coarsened graph (Equation 3). The final step is to compute the edge score mask (Equation 4) to ensure the gradients can flow into GNN and MLP. - Here, we further present the details of Equation 4 to enhance understanding: - Induce subgraph $\hat{G}_i^{(k)} \subseteq G^{(k)}$ from node $v_i$ means: each node $v_i$ in graph $G^{(k+1)}$ is a cluster generated by the $k$-th pooling layer, thus it corresponds to a connected subgraph $\hat{G}_i^{(k)}$ in $G^{(k)}$. - In order to allow gradients to flow into the MLP used for calculating edge scores, we aggregate the scores of all the edges $\hat{\mathcal{E}}\_i^{(k)}$ in each subgraph $\hat{G}\_i^{(k)}$. We then obtain a vector $\mathbf{y}^{(k)}\_{i} \in \mathbb{R}^{n^{(k+1)}}$ represents the score of clusters. - This vector is then replicated into a mask matrix $\mathbf{y}^{(k)} \mathbf{1}^{\mathrm{T}} \in \mathbb{R}^{n^{(k+1)} \times d}$, which matches the shape of the node feature matrix $\mathbf{\hat{X}}^{(k+1)}$. Finally, this mask is element-wise multiplied with the node feature matrix. - During the backward pass, Algorithm 1 does not run. Instead, the gradient backpropagation is performed directly. The GNN and MLP can be updated through the gradients of the edge score mask.

We sincerely appreciate the reviewer's considerate feedback. Here, we provide detailed responses to your concerns. > (Weakness 1) This work may be similar to the idea of [1] which considers and manipulates edges during graph pooling (i.e., making the cluster assignment matrix with edges), since this work also performs edge-centric graph pooling with the cluster assignment matrix that is generated from edges. Thank you for mentioning this work. In our updated submission (please refer to the red-colored text), we have introduced it in Introduction (paragraph 3 in Section 1) and Related Works (paragraph 1 in Appendix B). > (Weakness 2) Equation (4) lacks details on motivation. I understand that, in order to perform backpropagation with edge scores, edge scores should be added or multiplied with other learnable variables. On the other hand, it is unclear why the edge scores should be multiplied in this way (Equation (4)) and what may be the effect of this multiplication on node features. - Yes, the multiplication is for backpropagation, this approach is similar to [1] (see the last equation in Equation 2). - In this way (adding the score and then multiplying), the output cluster from graph pooling can be aware of the number of edges assigned to it through its features. - Here, we present the details of Equation 4 to enhance understanding: - Induce subgraph $\hat{G}_i^{(k)} \subseteq G^{(k)}$ from node $v_i$ means: each node $v_i$ in graph $G^{(k+1)}$ is a cluster generated by the $k$-th pooling layer, thus it corresponds to a connected subgraph $\hat{G}_i^{(k)}$ in $G^{(k)}$. - In order to allow gradients to flow into the MLP used for calculating edge scores, we aggregate the scores of all the edges $\hat{\mathcal{E}}\_i^{(k)}$ in each subgraph $\hat{G}\_i^{(k)}$. We then obtain a vector $\mathbf{y}^{(k)}\_{i} \in \mathbb{R}^{n^{(k+1)}}$ represents the score of clusters. - This vector is then replicated into a mask matrix $\mathbf{y}^{(k)} \mathbf{1}^{\mathrm{T}} \in \mathbb{R}^{n^{(k+1)} \times d}$, which matches the shape of the node feature matrix $\mathbf{\hat{X}}^{(k+1)}$. Finally, this mask is element-wise multiplied with the node feature matrix. > (Weakness 3) The authors may further perform the statistical test on the main results (Table 1 and Table 2) since the performance of the proposed GPN is comparable against other performant baselines when considering mean and standard deviations together. Following you suggestion, we performed t-tests and report the best model and its comparable models (p > 0.05) here: - Table 1: | **Dataset** | **Best model** | **Comparable models** | |---------------|----------------|-------------------------------------| | **NCI1** | **GPN** | - | | **NCI109** | **GPN** | - | | **FRANKENSTEIN** | **GPN** | EdgePool | | **PROTEINS** | **GPN** | GMT, SPGP, MinCutPool, HoscPool, SEP | | **DD** | GMT | SPGP | - Table 2: | **Dataset** | **Best model** | **Comparable models** | |-------------|----------------|--------------------------------| | **Film** | **GPN** | GCNII, GGCN, NSD | | **Cora** | GCNII | **GPN**, MixHop, H2GCN, GPRGNN, GGCN, NSD | | **CiteSeer**| Geom-GCN | **GPN**, GCNII, H2GCN, GPRGNN, GGCN, NSD | | **PubMed** | GCNII | Geom-GCN | --- > (Question 1) In Equation (10), it may be better to represent the superscript on GNN' according to its layer index, since GNN' is different across different layers. The GNN' in Equation 10 is shared across the pooling layers, thus we omitted the superscript. > (Question 2) In Figure 5, the proposed GPN is memory efficient compared to the baseline that uses the cluster assignment matrix for graph pooling. However, the GPN also uses the cluster assignment matrix for graph pooling. In this vein, I am wondering why there exists a significant difference in efficiency while both methods are similar in using the cluster assignment matrix. This is because the clustering-based methods need to store a dense assignment matrix with quadratic memory complexity (see Section 1 and Figure 1), while our model ensures linear memory complexity through the graph parsing algorithm (see paragraph 5 in Section 2.2). --- [1] Graph U-Nets, ICML 2019"	"We sincerely appreciate the reviewer's considerate feedback. Here, we provide detailed responses to your concerns. > (Weakness 1) This work may be similar to the idea of [1] which considers and manipulates edges during graph pooling (i.e., making the cluster assignment matrix with edges), since this work also performs edge-centric graph pooling with the cluster assignment matrix that is generated from edges. Thank you for mentioning this work. In our updated submission (please refer to the red-colored text), we have introduced it in Introduction (paragraph 3 in Section 1) and Related Works (paragraph 1 in Appendix B). > (Weakness 2) Equation (4) lacks details on motivation. I understand that, in order to perform backpropagation with edge scores, edge scores should be added or multiplied with other learnable variables. On the other hand, it is unclear why the edge scores should be multiplied in this way (Equation (4)) and what may be the effect of this multiplication on node features. - Yes, the multiplication is for backpropagation, this approach is similar to [1] (see the last equation in Equation 2). - In this way (adding the score and then multiplying), the output cluster from graph pooling can be aware of the number of edges assigned to it through its features. - Here, we present the details of Equation 4 to enhance understanding: - Induce subgraph $\hat{G}_i^{(k)} \subseteq G^{(k)}$ from node $v_i$ means: each node $v_i$ in graph $G^{(k+1)}$ is a cluster generated by the $k$-th pooling layer, thus it corresponds to a connected subgraph $\hat{G}_i^{(k)}$ in $G^{(k)}$. - In order to allow gradients to flow into the MLP used for calculating edge scores, we aggregate the scores of all the edges $\hat{\mathcal{E}}\_i^{(k)}$ in each subgraph $\hat{G}\_i^{(k)}$. We then obtain a vector $\mathbf{y}^{(k)}\_{i} \in \mathbb{R}^{n^{(k+1)}}$ represents the score of clusters. - This vector is then replicated into a mask matrix $\mathbf{y}^{(k)} \mathbf{1}^{\mathrm{T}} \in \mathbb{R}^{n^{(k+1)} \times d}$, which matches the shape of the node feature matrix $\mathbf{\hat{X}}^{(k+1)}$. Finally, this mask is element-wise multiplied with the node feature matrix. > (Weakness 3) The authors may further perform the statistical test on the main results (Table 1 and Table 2) since the performance of the proposed GPN is comparable against other performant baselines when considering mean and standard deviations together. Following you suggestion, we performed t-tests and report the best model and its comparable models (p > 0.05) here: - Table 1: | **Dataset** | **Best model** | **Comparable models** | |---------------|----------------|-------------------------------------| | **NCI1** | **GPN** | - | | **NCI109** | **GPN** | - | | **FRANKENSTEIN** | **GPN** | EdgePool | | **PROTEINS** | **GPN** | GMT, SPGP, MinCutPool, HoscPool, SEP | | **DD** | GMT | SPGP | - Table 2: | **Dataset** | **Best model** | **Comparable models** | |-------------|----------------|--------------------------------| | **Film** | **GPN** | GCNII, GGCN, NSD | | **Cora** | GCNII | **GPN**, MixHop, H2GCN, GPRGNN, GGCN, NSD | | **CiteSeer**| Geom-GCN | **GPN**, GCNII, H2GCN, GPRGNN, GGCN, NSD | | **PubMed** | GCNII | Geom-GCN | --- > (Question 1) In Equation (10), it may be better to represent the superscript on GNN' according to its layer index, since GNN' is different across different layers. The GNN' in Equation 10 is shared across the pooling layers, thus we omitted the superscript. > (Question 2) In Figure 5, the proposed GPN is memory efficient compared to the baseline that uses the cluster assignment matrix for graph pooling. However, the GPN also uses the cluster assignment matrix for graph pooling. In this vein, I am wondering why there exists a significant difference in efficiency while both methods are similar in using the cluster assignment matrix. This is because the clustering-based methods need to store a dense assignment matrix with quadratic memory complexity (see Section 1 and Figure 1), while our model ensures linear memory complexity through the graph parsing algorithm (see paragraph 5 in Section 2.2). --- [1] Graph U-Nets, ICML 2019

We sincerely appreciate the reviewer's constructive feedback and positive remarks on our work. We provide the following detailed responses to your major concerns. > (Weakness 1) It seems that GPN works well on small-sized graphs from the experimental results. Discussion on large-sized graphs is expected to be included in the paper. > (Weakness 2) If the tree is high for some large-sized graph, the performance might be worse due to over-smoothing. It is worth noting that, the PubMed dataset we tested already contains 18,717 nodes, which is not that small-sized. Following your suggestion, in the updated submission (please refer to the red-colored text), we further strengthen the discussion on large graphs in Appendix E. In short, our node classification model architecture already includes residual connections from the encoder to the decoder (see Section 2.3 and Figure 3), which can help mitigate potential over-smoothing issues on large graphs by preserving local information. > (Weakness 3) For the model itself involving GNNs, it is not clear how you train this model. Since the Reviewer UKss raised the same question, we kindly request that you refer to *Response to Reviewer UKss - Question*. --- > (Question) What does a different GNN mean in node classification? $\mathbf{H}^{(k)}$ in Eq. 3 is the same as $GNN^\prime(\mathbf{X}^{(k)}, \mathbf{A}^{(k)})$ in eq. 10. In Equation 3, the multiset computation module directly use the node feature $\mathbf{H}^{(k)}$, which is encoded by the GNN in Equation 1. While in Equation 10, the input node feature is $\mathbf{X}^{(k)}$, and we use another GNN' (different from the GNN in Equation 1) to encode it.

Thank you for the thoughtful feedback on our manuscript. We provide the following detailed responses to your major concerns. > (Weakness 1) Time complexity. Though the paragraph above Proposition 4 claims that the time complexity of each pooling layer is $O(n^{(k)})$, the computation of edge score $C$ still takes $O(m^{(k)})$ time. The computation of the edge score $C$ indeed has complexity $\mathcal{O}(m^{(k)})$. However, it occurs before Algorithm 1, and in the paragraph above Proposition 4, we specifically focused on the time complexity of Algorithm 1 as $\mathcal{O}(n^{(k)})$. The computation of $C$ is dominated by message passing, which can be computed in parallel on GPU. On the other hand, the parsing algorithm must be executed sequentially. That's why, in our time efficiency tests, even EdgePool with $\mathcal{O}(m^{(k)})$ complexity runs very slowly when dealing with densely connected graphs. > (Weakness 2) Proposition 5 is doubtful. The argmax operator may not produce unique output when the multiset has several equal maximum elements. Thank you for pointing this out! Yes, if there are two nodes with common neighbors and their node features are exactly the same, then the output of the argmax operator cannot guarantee uniqueness. Based on your suggestion, we edited Proposition 5 and it's corresponding proof (paragraph 2 in Appendix A.2) in the updated submission, please refer to the red-colored text. Specifically, we suppose the row-wise non-zero entries in $C$ are distinct. In practice, we find that the potential violation of the permutation invariance caused by the argmax operator has a limited impact on model performance. > (Weakness 3) The performance gain in ablation study is not significant. In Table 4, the performance difference between the origin model and the model with Mean pool is smaller than the score deviation. In our ablation study, we aim to verify that the performance improvement is primarily due to the parsing algorithm we proposed and to show that our model is robust to changes in the backbone. After replacing the DeepSets module with a simpler Mean pool, the model continues to deliver strong performance, confirming its robustness to the choice of backbone and supporting our claim. --- > (Question) The argmax operator in DOM is not differentiable. How to train the whole model end-to-end? Here we describe the forward and backward passes of our model to clarify the training process: - During the forward pass, we first use GNN and MLP to compute the edge scores (Equation 1). Then we run Algorithm 1 to obtain the assignment matrix (Equation 2) and performs the multiset computation to obtain the coarsened graph (Equation 3). The final step is to compute the edge score mask (Equation 4) to ensure the gradients can flow into GNN and MLP. - Here, we further present the details of Equation 4 to enhance understanding: - Induce subgraph $\hat{G}_i^{(k)} \subseteq G^{(k)}$ from node $v_i$ means: each node $v_i$ in graph $G^{(k+1)}$ is a cluster generated by the $k$-th pooling layer, thus it corresponds to a connected subgraph $\hat{G}_i^{(k)}$ in $G^{(k)}$. - In order to allow gradients to flow into the MLP used for calculating edge scores, we aggregate the scores of all the edges $\hat{\mathcal{E}}\_i^{(k)}$ in each subgraph $\hat{G}\_i^{(k)}$. We then obtain a vector $\mathbf{y}^{(k)}\_{i} \in \mathbb{R}^{n^{(k+1)}}$ represents the score of clusters. - This vector is then replicated into a mask matrix $\mathbf{y}^{(k)} \mathbf{1}^{\mathrm{T}} \in \mathbb{R}^{n^{(k+1)} \times d}$, which matches the shape of the node feature matrix $\mathbf{\hat{X}}^{(k+1)}$. Finally, this mask is element-wise multiplied with the node feature matrix. - During the backward pass, Algorithm 1 does not run. Instead, the gradient backpropagation is performed directly. The GNN and MLP can be updated through the gradients of the edge score mask."				
4.400	JiTVtCUOpS__r02	Rethinking Channel Dependence for Multivariate Time Series Forecasting: Learning from Leading Indicators	6: marginally above the acceptance threshold	3: You are fairly confident in your assessment. It is possible that you did not understand some parts of the submission or that you are unfamiliar with some pieces of related work. Math/other details were not carefully checked.	partially_fixed	priority_secondary_structured	structured=partially_fixed; issue_ledger=unresolved		regressed	partially_fixed	partially_fixed	partially_fixed	unresolved	partially_fixed	"[weaknesses] The main concern is the generality of the proposed method to capture general forms of interactions among time series. The leading relationship in this work is detected based on pairwise cross-correlation. What if there are more complex interactions in which two or more time series jointly influence another time series? A reason that in some applications CI is outperforming CD methods could be the result of such misspecified interactions in the CD methods. Consider a setting in which the influence structure among the time series is a chain, i.e., $X^{(1)} -> X^{(2)} -> \cdots -> X^{(C)}$. In this case, there are scenarios in which the pairwise cross-correlations between $X^{(C)}$ and {$X^{(i)}: 1\leq i\leq C-2$} are all higher than the correlation between $X^{(C)}$ and $X^{(C-1)}$. This means that LIFT will not pick $X^{(C-1)}$ for forecasting while the only relevant time series for forecasting $X^{(C)}$ is $X^{(C-1)}$.

[questions] Is it possible to discover causal relationships (e.g., Granger causality) among time series via modifications of LIFT? Why there is subscript $\Delta$ and $U$ in equation (9)?

[summary] This paper considers the problem of multivariate time series forecasting. The authors propose a forecasting algorithm called LIFT that exploits dependencies among the time series by first finding a set of leading time series and their corresponding leading steps for a given time series and then uses a Lead-aware Refiner that adaptively leverages the informative signals of leading indicators in the frequency domain to refine the predictions of lagged variates. The first step, i.e., finding the leading time series and their corresponding steps is designed based on Wiener–Khinchin theorem that uses fast Fourier transformation. The second step contains two main parts: state estimation and a frequency mixer. They evaluate the performance of LIFT through several experiments and their result shows that LIFT makes an average improvement over both CI and CD methods."	Thanks for your time and interesting questions. We have provided more explanations below to better clarify our work and address your concern. **Q1: What if two or more time series jointly influence another time series? Misspecifying such actions interaction could be why CD methods underperform CI.** **A1:** To handle the complex cases, we design the Lead-aware Refiner to jointly model all the selected leading indicators for a target variate. Specifically, in Eq. (9), we utilize $\boldsymbol{R} _t^{(j)} \in \mathbb{R}^K$, the $K$-dimensional correlation vector of the $K$ leading indicators, to generate filters that reweight the indicators' influence. In this way, we learn from each leading indicator according to the overall situation of the $K$ selected indicators. Existing CD backbones also jointly model the complex interactions among all variates. The main reason of their inferior performance is the overfitting issue, which is caused by their unawareness of the dynamic variation in leading indicators and leading steps. Particularly, LIFT alleviates overfitting by decomposing CD modeling into two steps: 1) An efficient Lead Estimator roughly ranks potential leading indicators by...	"Thanks for your time and interesting questions. We have provided more explanations below to better clarify our work and address your concern. **Q1: What if two or more time series jointly influence another time series? Misspecifying such actions interaction could be why CD methods underperform CI.** **A1:** To handle the complex cases, we design the Lead-aware Refiner to jointly model all the selected leading indicators for a target variate. Specifically, in Eq. (9), we utilize $\boldsymbol{R} _t^{(j)} \in \mathbb{R}^K$, the $K$-dimensional correlation vector of the $K$ leading indicators, to generate filters that reweight the indicators' influence. In this way, we learn from each leading indicator according to the overall situation of the $K$ selected indicators. Existing CD backbones also jointly model the complex interactions among all variates. The main reason of their inferior performance is the overfitting issue, which is caused by their unawareness of the dynamic variation in leading indicators and leading steps. Particularly, LIFT alleviates overfitting by decomposing CD modeling into two steps: 1) An efficient Lead Estimator roughly ranks potential leading indicators by cross-correlations, and then the indicators are shifted by leading steps; 2) A learnable Lead-aware Refiner jointly models the complex interactions between the selected subset of leading indicators and the target variate. ---- **Q2: When the influence structure is $X^{(1)} \rightarrow X^{(2)} \rightarrow \cdots \rightarrow X^{(C)}$, LIFT will not pick $X^{(C-1)}$ if it has the lowest cross-correlation.** **A2:** The chain structure $X^{(1)} \rightarrow X^{(2)} \rightarrow \cdots \rightarrow X^{(C)}$ indicates that the leading steps of the $C-1$ indicators *w.r.t.* $X^{(C)}$ are in a descending order, *i.e.*, $\delta _1^{(1)}>\cdots>\delta _{C-2}^{(C)}>\delta _{C-1}^{(C)}$. On the one hand, a leading indicator with a larger leading step offers more advance information. On the other hand, a higher cross-correlation coefficient indicates a more possible lead-lag relationship. Thus, it is better to pick $\{X^{(i)}\} _{i=1}^{C-2}$ which are more helpful and more reliable than $X^{(C-1)}$. ---- **Q3: Is it possible to discover causal relationships (e.g., Granger causality) among time series via modifications of LIFT?** **A3:** A possible way to compute a time-dependent causal graph via the modifications of LIST is the following. Initially, we build a graph based on the lead estimation results at time $t$, where each node (a variate $j$) is connected to $K$ nodes (its potential indicators $\mathcal I _t^{(j)}$), *i.e.*, $\{X _{t-\delta _{i, t}^{(j)}}^{(i)} \rightarrow X _t^{(j)} \mid 1 \leq j \leq C, i \in \mathcal I _t^{(j)}\}$. Then, we prune the graph as follows. 1. Replacing the sum pooling in Eq. (11) by mean pooling, we rewrite our frequency mixing as $$ \widetilde{V}^{(j)} = g\left({V}^{(j)}\parallel \frac{1}{|\mathcal K^{(j)}|}\sum _{k\in \mathcal K^{(j)}} {\widetilde U}^{(j)} _k \parallel \frac{1}{|\mathcal K^{(j)}|}\sum _{k\in \mathcal K^{(j)}} {\widetilde \Delta}^{(j)} _k \right), $$ where $\mathcal K^{(j)}=\{1,2,\cdots,K\}$ denotes the indices of $\mathcal I _t^{(j)}$. 2. We train LIFT on the training data and calculate the forecast loss on the validation data. 3. For each target node $j$ in $[1, C]$, we repeat removing the most useless indicator by the following iteration algorithm until the loss of forecasting $j$ cannot be decreased. - For each $k$ in $\mathcal K^{(j)}$, we specially dismiss the $k$-th indicator, re-conduct frequency mixing, and calculate a new forecast loss by using the remaining $|\mathcal K^{(j)}|-1$ indicators. A lower loss indicates that the $k$-th selected one is just a noise. - Then, we update $\mathcal K^{(j)}$ as $\mathcal K^{(j)}-\{k^{\prime}\}$ if dismissing the $k^{\prime}$-th indicator leads to the lowest forecast loss. ---- **Q4: Why there is subscript $U$ and $\Delta$ in equation (9)?** **A4:** To simplify notations in the following discussion, we leave out the superscript $(j)$ and the subscript $k$. Let $U$ denote the information of one leading indicator, $V$ denote the prediction of the target variate, and $\Delta=U-V$. Eq. (9) generates different filters $r _U$ and $r _{\Delta}$ for $U$ and $\Delta$, respectively. The reason is that we consider two kinds of relationships: - $V$ is directly influenced by $U$, and the ground-truth $V$ contains a degree of $U$, *e.g.*, $V _{true} \approx V + r _U\odot U$; - $V$ is similar to $U$ when they are both influenced by a latent factor, and the ground-truth $V$ is the interpolation between $V$ and $U$, *e.g.*, $V _{true} \approx (1- r _{\Delta})\odot V + r _{\Delta}\odot U=V+ r _{\Delta}\odot\Delta$. Note that both situations may exist in practice. We thus use different layers to generate $r _U$ and $r _{\Delta}$. Our ablation study in Figure 5b demonstrates the effectiveness of modeling both kinds of influence.

Thanks for your time and effort in reviewing our paper! We have provided more explanations below to better clarify our work. **Q1: The experiment shows better performance and improvement for CI methods compared with CD methods. Could you provide possible reasons?** **A1:** Let ""$>$"" mean ""outperforms"". The following is the rationale for the experimental results. $\text{Why CI backbones} > \text{CD backbones}?$ Crossformer focuses on variables that share similarities at the same time but ignores leading indicators that look different at the same time (as illustrated in Figure 1) due to a large leading step. MTGNN learns a fixed set of indicators and overlooks the varying leading steps. Thus MTGNN can easily overfit training data, of which the lead-lag relationships are different from test data (see Figure 7-8). Other CD backbones (*e.g.*, Autoformer and FEDformer) simply mix up all variables and suffer from noise. $\text{Why CI+LIFT}>\text{CI} > \text{CD+LIFT}?$ This happens when $CI \gg CD$ and the performance gap is too large for LIFT to fill. The reason is that LIFT is affected by the error from the backbone. As defined in Eq. (5), the shifted window of leading indicators is padded by a part of the backbone's forecasts when the leading step is smaller than the forecast horizon. $\text{Why LIFT achieves higher relative improvement on CI than CD}?$ As both CD backbones and the LIFT module exploit dependence between variables, their leveraged dependence information can overlap. By contrast, CI backbones treat each variate independently and hence benefit more from the channel dependence exploited by LIFT. ---- **Q2: Provide a formal definition of locally stationary lead-lag relation. Is a lead-lag relationship inferred whenever we observe relatively larger cross-correlation?** **A2:** Formally, there is a locally stationary lead-lag relationship between variate $i$ and $j$ at time $t$ if \\begin{aligned} \exists \delta >0,\\ &D(\mathcal X^{(j)} _{t+1:t+H}, \mathcal X^{(i)} _{t+1-\delta:t+H-\delta})\approx D(\mathcal X^{(j)} _{t-L+1:t}, \mathcal X^{(i)} _{t-L+1-\delta:t-\delta})\approx 0 \\\\ \wedge\exists t'> t,\\ &D(\mathcal X^{(j)} _{t'+1:t'+H}, \mathcal X^{(i)} _{t'+1-\delta:t'+H-\delta}) \not\approx 0, \\end{aligned} where $D(\mathcal W,\mathcal W')$ is the distance between two windows $\mathcal W$ and $\mathcal W'$, and $D(\cdot,\cdot)$ can be estimated by a neural network or a non-parametric metric (*e.g.*, $1-\text{cross-correlation coefficient}$). Furthermore, if there exists $i\neq j$ such that $D(\mathcal X^{(j)} _{t+1:t+H}, \mathcal X^{(i)} _{t+1:t+H})\approx 0$, we dismiss variate $i$ as it is not a leading indicator and offers no advance information. Since most time series are not extremely non-stationary, we assume the lead-lag relationship keeps stationary across the lookback and horizon windows, *i.e.*, $\mathcal X^{(j)} _{t-L+1:t}$ and $\mathcal X^{(j)} _{t+1:t+H}$ has the same leading indicator $i$ with the leading step close to $\delta$. A lead-lag relationship is not inferred by the correlation-based estimation alone. The motivation of using cross-correlation is to estimate all variates *as fast as possible* and filter out most noisy variates. A large correlation between two lookback windows just suggests that the indicator can serve as a potential reference for the horizon window. We rely on the Lead-aware Refiner which is the key component to exploit the advance information from potential leading indicators. The Lead-aware Refiner is trained to learn how much we can trust the suggestion and how we leverage the potential leading indicators. ---- **Q3: Is the algorithm's applicability confined to variables that share a linear relationship?** **A3:** We do not constrain the relationship to be linear. We just use cross-correlations to roughly yet quickly select a subset of variates. Then, our Adaptive Frequency Mixer, a non-linear neural network, is capable of modeling complex relationships within the small subset, instead of costly modeling relationships among all variates. Besides, the correlation-based estimation also allows some non-linear relationships between two windows $\mathcal W$ and $\mathcal W'$, *e.g.*, $\mathcal W=(\mathcal W')^3$, as long as the variates share similar trends. In case the subset overlooks arbitrarily complex relationships, *e.g.*, $\mathcal W=(\mathcal W')^2$, an alternative implementation of the distance function $D(\cdot, \cdot)$ is using another neural network (*e.g.*, $D(\mathcal W, \mathcal W')=f _{1}(\mathcal W)^\top f _2(\mathcal W')$, where $f _{1}$ and $f _{2}$ are two different MLPs and trained by gradient descent).

Thanks for your time and valuable comments! We are happy to see that you found our design intuitive and smart. We have provided more explanations and experiments to address your concern. **Q1: The proposed estimation of leading indicators cannot easily capture highly complex relations among variates and may not be accurate.** **A1:** Our procedure is to quickly filter out most noisy variates, coarsely obtain advance information from potential leading indicators, and then finely model relationships within a narrowed scope that benefits the forecasting. The motivation is that many MTS contain numerous variates (e.g., the Traffic dataset has 862 variates), while the complexity of estimating all cross-variate relationships at one time step is $\mathcal O(C^2)$ ($C$ is the number of variates). This requires making the estimation *as efficient as possible*, since we need to restart estimations at each prediction time. It is not necessary for our lead estimation to be perfect, because our proposed Adaptive Frequency Mixer, a non-linear neural network, shoulders the responsibility for filtering out noisy information from the selected indicators. Existing MTS forecasting methods pay little attention to the dynamics of leading steps, making their test performance susceptible to variations of channel dependence. Going a step further, one of our contributions is that we propose target-oriented shifts to keep variates aligned dynamically, allowing test-time adaptation. --- **Q2: The locally stationary lead-lag relationship should be static only in a short period, and may not work well in long-term forecasting.** **A2:** Nice comment! We provide additional data analyses on long-term forecasting benchmarks, demonstrating that the discovered lead-lag relationships generally last over the large horizon window with $H$ steps, where $H$ is set to $720$. Empirically, at each time $t$, we lookback the previous $336$ steps to select the $4$ most possible leading indicators for each target variate $j$. And for each leading indicator $i$, we obtain its leading step $\delta^{(j)} _{i,t}$. Then, we compute the future cross-correlation coefficient $R^{(j)} _{i,t+H}$ between *the ground-truth horizon window* $\mathcal X^{(j)} _{t+1:t+H}$ and the shifted sequence $\mathcal X^{(i)} _{t+1-\delta^{(j)} _{i,t}:t+H-\delta^{(j)} _{i,t}}$. With the horizon window sliding along the dataset, we repeat discovering relationships on the corresponding lookback window and computing $R^{(j)} _{i,t+H}$ for each $j$ and $i$ at different time $t$. We report the average of $R^{(j)} _{i,t+H}$ on each dataset as listed below. |Weather|Electricity|Traffic|Solar|Wind|PeMSD8| |--|--|--|--|--|--| |0.82|0.82|0.79|0.87|0.79|0.54| As shown in the table, the large values indicate the lead-lag relationships generally hold over the large horizon window in long-term forecasting tasks. There are two rationales behind the empirical results and the good performance of LIFT. (1) As most time series are not extremely non-stationary, there are relationships that last over a certain period in favor of channel dependence modeling. (2) Existing long-term forecasting methods lack prior knowledge of channel dependence and try to learn arbitrarily complex dependence, increasing difficulty in optimization and risking overfitting issues. By contrast, our method dynamically learns from the discovered lead-lag relationships, which are much simpler and remain effective during test time. --- **Q3: Fair comparison of the computation cost.** **A3:** Following LSTF-Linear [1], we compare the backbones and LIFT per sample by the number of parameters, the number of multiply-accumulate operations (MACs, $\approx\frac{1}{2}$FLOPs), the GPU memory consumption, and the inference time in the following table. |||PatchTST|PatchTST+LIFT|relative additional cost|Crossformer|Crossformer+LIFT|relative additional cost| |--|--|--|--|--|--|--|--| |**Weather**|**Parameter** (M)|4.3|4.7|9.3%|11.7|12.5|7.1%| ||**MACs** (G)|0.5|0.5|1.8%|4.4|4.4|0.2%| ||**Memory** (MB)|43|46|7.7%|206|209|1.6%| ||**Time** (ms)|4.7|6.0|29.6%|37.7|40.6|7.6%| |**Electricity**|**Parameter** (M)|4.3|4.7|9.3%|2.4|2.8|16.7%| ||**MACs** (G)|7.1|7.2|1.8%|8.6|8.7|1.4%| ||**Memory** (MB)|406|411|1.2%|873|878|0.6%| ||**Time** (ms)|5.1|6.0|17.4%|31.5|33.1|5.1%| |**Traffic**|**Parameter** (M)|4.3|4.7|9.3%|3.2|3.6|12.4%| ||**MACs** (G)|19.0|19.4|1.8%|10.6|10.9|3.2%| ||**Memory** (MB)|1061|1092|2.9%|1558|1578|1.3%| ||**Time** (ms)|5.1|5.8|14.5%|32.7|36.4|11.3%| Our empirical study shows that LIFT additionally requires an average of 10.7% parameters, 1.7% MACs, 2.5% memory, and 14.2% inference time more than its backbone. It is noteworthy that our Lead Estimator is non-parametric and can precompute estimation only once on the training data, reducing practical training time. --- [1] Zeng & Chen et. al. Are Transformers Effective for Time Series Forecasting? AAAI 2023."	"Thanks for your time and valuable comments! We are happy to see that you found our design intuitive and smart. We have provided more explanations and experiments to address your concern. **Q1: The proposed estimation of leading indicators cannot easily capture highly complex relations among variates and may not be accurate.** **A1:** Our procedure is to quickly filter out most noisy variates, coarsely obtain advance information from potential leading indicators, and then finely model relationships within a narrowed scope that benefits the forecasting. The motivation is that many MTS contain numerous variates (e.g., the Traffic dataset has 862 variates), while the complexity of estimating all cross-variate relationships at one time step is $\mathcal O(C^2)$ ($C$ is the number of variates). This requires making the estimation *as efficient as possible*, since we need to restart estimations at each prediction time. It is not necessary for our lead estimation to be perfect, because our proposed Adaptive Frequency Mixer, a non-linear neural network, shoulders the responsibility for filtering out noisy information from the selected indicators. Existing MTS forecasting methods pay little attention to the dynamics of leading steps, making their test performance susceptible to variations of channel dependence. Going a step further, one of our contributions is that we propose target-oriented shifts to keep variates aligned dynamically, allowing test-time adaptation. --- **Q2: The locally stationary lead-lag relationship should be static only in a short period, and may not work well in long-term forecasting.** **A2:** Nice comment! We provide additional data analyses on long-term forecasting benchmarks, demonstrating that the discovered lead-lag relationships generally last over the large horizon window with $H$ steps, where $H$ is set to $720$. Empirically, at each time $t$, we lookback the previous $336$ steps to select the $4$ most possible leading indicators for each target variate $j$. And for each leading indicator $i$, we obtain its leading step $\delta^{(j)} _{i,t}$. Then, we compute the future cross-correlation coefficient $R^{(j)} _{i,t+H}$ between *the ground-truth horizon window* $\mathcal X^{(j)} _{t+1:t+H}$ and the shifted sequence $\mathcal X^{(i)} _{t+1-\delta^{(j)} _{i,t}:t+H-\delta^{(j)} _{i,t}}$. With the horizon window sliding along the dataset, we repeat discovering relationships on the corresponding lookback window and computing $R^{(j)} _{i,t+H}$ for each $j$ and $i$ at different time $t$. We report the average of $R^{(j)} _{i,t+H}$ on each dataset as listed below. |Weather|Electricity|Traffic|Solar|Wind|PeMSD8| |--|--|--|--|--|--| |0.82|0.82|0.79|0.87|0.79|0.54| As shown in the table, the large values indicate the lead-lag relationships generally hold over the large horizon window in long-term forecasting tasks. There are two rationales behind the empirical results and the good performance of LIFT. (1) As most time series are not extremely non-stationary, there are relationships that last over a certain period in favor of channel dependence modeling. (2) Existing long-term forecasting methods lack prior knowledge of channel dependence and try to learn arbitrarily complex dependence, increasing difficulty in optimization and risking overfitting issues. By contrast, our method dynamically learns from the discovered lead-lag relationships, which are much simpler and remain effective during test time. --- **Q3: Fair comparison of the computation cost.** **A3:** Following LSTF-Linear [1], we compare the backbones and LIFT per sample by the number of parameters, the number of multiply-accumulate operations (MACs, $\approx\frac{1}{2}$FLOPs), the GPU memory consumption, and the inference time in the following table. |||PatchTST|PatchTST+LIFT|relative additional cost|Crossformer|Crossformer+LIFT|relative additional cost| |--|--|--|--|--|--|--|--| |**Weather**|**Parameter** (M)|4.3|4.7|9.3%|11.7|12.5|7.1%| ||**MACs** (G)|0.5|0.5|1.8%|4.4|4.4|0.2%| ||**Memory** (MB)|43|46|7.7%|206|209|1.6%| ||**Time** (ms)|4.7|6.0|29.6%|37.7|40.6|7.6%| |**Electricity**|**Parameter** (M)|4.3|4.7|9.3%|2.4|2.8|16.7%| ||**MACs** (G)|7.1|7.2|1.8%|8.6|8.7|1.4%| ||**Memory** (MB)|406|411|1.2%|873|878|0.6%| ||**Time** (ms)|5.1|6.0|17.4%|31.5|33.1|5.1%| |**Traffic**|**Parameter** (M)|4.3|4.7|9.3%|3.2|3.6|12.4%| ||**MACs** (G)|19.0|19.4|1.8%|10.6|10.9|3.2%| ||**Memory** (MB)|1061|1092|2.9%|1558|1578|1.3%| ||**Time** (ms)|5.1|5.8|14.5%|32.7|36.4|11.3%| Our empirical study shows that LIFT additionally requires an average of 10.7% parameters, 1.7% MACs, 2.5% memory, and 14.2% inference time more than its backbone. It is noteworthy that our Lead Estimator is non-parametric and can precompute estimation only once on the training data, reducing practical training time. --- [1] Zeng & Chen et. al. Are Transformers Effective for Time Series Forecasting? AAAI 2023.

Thanks for your time and interesting questions. We have provided more explanations below to better clarify our work and address your concern. **Q1: What if two or more time series jointly influence another time series? Misspecifying such actions interaction could be why CD methods underperform CI.** **A1:** To handle the complex cases, we design the Lead-aware Refiner to jointly model all the selected leading indicators for a target variate. Specifically, in Eq. (9), we utilize $\boldsymbol{R} _t^{(j)} \in \mathbb{R}^K$, the $K$-dimensional correlation vector of the $K$ leading indicators, to generate filters that reweight the indicators' influence. In this way, we learn from each leading indicator according to the overall situation of the $K$ selected indicators. Existing CD backbones also jointly model the complex interactions among all variates. The main reason of their inferior performance is the overfitting issue, which is caused by their unawareness of the dynamic variation in leading indicators and leading steps. Particularly, LIFT alleviates overfitting by decomposing CD modeling into two steps: 1) An efficient Lead Estimator roughly ranks potential leading indicators by cross-correlations, and then the indicators are shifted by leading steps; 2) A learnable Lead-aware Refiner jointly models the complex interactions between the selected subset of leading indicators and the target variate. ---- **Q2: When the influence structure is $X^{(1)} \rightarrow X^{(2)} \rightarrow \cdots \rightarrow X^{(C)}$, LIFT will not pick $X^{(C-1)}$ if it has the lowest cross-correlation.** **A2:** The chain structure $X^{(1)} \rightarrow X^{(2)} \rightarrow \cdots \rightarrow X^{(C)}$ indicates that the leading steps of the $C-1$ indicators *w.r.t.* $X^{(C)}$ are in a descending order, *i.e.*, $\delta _1^{(1)}>\cdots>\delta _{C-2}^{(C)}>\delta _{C-1}^{(C)}$. On the one hand, a leading indicator with a larger leading step offers more advance information. On the other hand, a higher cross-correlation coefficient indicates a more possible lead-lag relationship. Thus, it is better to pick $\{X^{(i)}\} _{i=1}^{C-2}$ which are more helpful and more reliable than $X^{(C-1)}$. ---- **Q3: Is it possible to discover causal relationships (e.g., Granger causality) among time series via modifications of LIFT?** **A3:** A possible way to compute a time-dependent causal graph via the modifications of LIST is the following. Initially, we build a graph based on the lead estimation results at time $t$, where each node (a variate $j$) is connected to $K$ nodes (its potential indicators $\mathcal I _t^{(j)}$), *i.e.*, $\{X _{t-\delta _{i, t}^{(j)}}^{(i)} \rightarrow X _t^{(j)} \mid 1 \leq j \leq C, i \in \mathcal I _t^{(j)}\}$. Then, we prune the graph as follows. 1. Replacing the sum pooling in Eq. (11) by mean pooling, we rewrite our frequency mixing as $$ \widetilde{V}^{(j)} = g\left({V}^{(j)}\parallel \frac{1}{|\mathcal K^{(j)}|}\sum _{k\in \mathcal K^{(j)}} {\widetilde U}^{(j)} _k \parallel \frac{1}{|\mathcal K^{(j)}|}\sum _{k\in \mathcal K^{(j)}} {\widetilde \Delta}^{(j)} _k \right), $$ where $\mathcal K^{(j)}=\{1,2,\cdots,K\}$ denotes the indices of $\mathcal I _t^{(j)}$. 2. We train LIFT on the training data and calculate the forecast loss on the validation data. 3. For each target node $j$ in $[1, C]$, we repeat removing the most useless indicator by the following iteration algorithm until the loss of forecasting $j$ cannot be decreased. - For each $k$ in $\mathcal K^{(j)}$, we specially dismiss the $k$-th indicator, re-conduct frequency mixing, and calculate a new forecast loss by using the remaining $|\mathcal K^{(j)}|-1$ indicators. A lower loss indicates that the $k$-th selected one is just a noise. - Then, we update $\mathcal K^{(j)}$ as $\mathcal K^{(j)}-\{k^{\prime}\}$ if dismissing the $k^{\prime}$-th indicator leads to the lowest forecast loss. ---- **Q4: Why there is subscript $U$ and $\Delta$ in equation (9)?** **A4:** To simplify notations in the following discussion, we leave out the superscript $(j)$ and the subscript $k$. Let $U$ denote the information of one leading indicator, $V$ denote the prediction of the target variate, and $\Delta=U-V$. Eq. (9) generates different filters $r _U$ and $r _{\Delta}$ for $U$ and $\Delta$, respectively. The reason is that we consider two kinds of relationships: - $V$ is directly influenced by $U$, and the ground-truth $V$ contains a degree of $U$, *e.g.*, $V _{true} \approx V + r _U\odot U$; - $V$ is similar to $U$ when they are both influenced by a latent factor, and the ground-truth $V$ is the interpolation between $V$ and $U$, *e.g.*, $V _{true} \approx (1- r _{\Delta})\odot V + r _{\Delta}\odot U=V+ r _{\Delta}\odot\Delta$. Note that both situations may exist in practice. We thus use different layers to generate $r _U$ and $r _{\Delta}$. Our ablation study in Figure 5b demonstrates the effectiveness of modeling both kinds of influence.

Thanks for your time and effort in reviewing our paper! We have provided more explanations below to better clarify our work. **Q1: The experiment shows better performance and improvement for CI methods compared with CD methods. Could you provide possible reasons?** **A1:** Let ""$>$"" mean ""outperforms"". The following is the rationale for the experimental results. $\text{Why CI backbones} > \text{CD backbones}?$ Crossformer focuses on variables that share similarities at the same time but ignores leading indicators that look different at the same time (as illustrated in Figure 1) due to a large leading step. MTGNN learns a fixed set of indicators and overlooks the varying leading steps. Thus MTGNN can easily overfit training data, of which the lead-lag relationships are different from test data (see Figure 7-8). Other CD backbones (*e.g.*, Autoformer and FEDformer) simply mix up all variables and suffer from noise. $\text{Why CI+LIFT}>\text{CI} > \text{CD+LIFT}?$ This happens when $CI \gg CD$ and the performance gap is too large for LIFT to fill. The reason is that LIFT is affected by the error from the backbone. As defined in Eq. (5), the shifted window of leading indicators is padded by a part of the backbone's forecasts when the leading step is smaller than the forecast horizon. $\text{Why LIFT achieves higher relative improvement on CI than CD}?$ As both CD backbones and the LIFT module exploit dependence between variables, their leveraged dependence information can overlap. By contrast, CI backbones treat each variate independently and hence benefit more from the channel dependence exploited by LIFT. ---- **Q2: Provide a formal definition of locally stationary lead-lag relation. Is a lead-lag relationship inferred whenever we observe relatively larger cross-correlation?** **A2:** Formally, there is a locally stationary lead-lag relationship between variate $i$ and $j$ at time $t$ if \\begin{aligned} \exists \delta >0,\\ &D(\mathcal X^{(j)} _{t+1:t+H}, \mathcal X^{(i)} _{t+1-\delta:t+H-\delta})\approx D(\mathcal X^{(j)} _{t-L+1:t}, \mathcal X^{(i)} _{t-L+1-\delta:t-\delta})\approx 0 \\\\ \wedge\exists t'> t,\\ &D(\mathcal X^{(j)} _{t'+1:t'+H}, \mathcal X^{(i)} _{t'+1-\delta:t'+H-\delta}) \not\approx 0, \\end{aligned} where $D(\mathcal W,\mathcal W')$ is the distance between two windows $\mathcal W$ and $\mathcal W'$, and $D(\cdot,\cdot)$ can be estimated by a neural network or a non-parametric metric (*e.g.*, $1-\text{cross-correlation coefficient}$). Furthermore, if there exists $i\neq j$ such that $D(\mathcal X^{(j)} _{t+1:t+H}, \mathcal X^{(i)} _{t+1:t+H})\approx 0$, we dismiss variate $i$ as it is not a leading indicator and offers no advance information. Since most time series are not extremely non-stationary, we assume the lead-lag relationship keeps stationary across the lookback and horizon windows, *i.e.*, $\mathcal X^{(j)} _{t-L+1:t}$ and $\mathcal X^{(j)} _{t+1:t+H}$ has the same leading indicator $i$ with the leading step close to $\delta$. A lead-lag relationship is not inferred by the correlation-based estimation alone. The motivation of using cross-correlation is to estimate all variates *as fast as possible* and filter out most noisy variates. A large correlation between two lookback windows just suggests that the indicator can serve as a potential reference for the horizon window. We rely on the Lead-aware Refiner which is the key component to exploit the advance information from potential leading indicators. The Lead-aware Refiner is trained to learn how much we can trust the suggestion and how we leverage the potential leading indicators. ---- **Q3: Is the algorithm's applicability confined to variables that share a linear relationship?** **A3:** We do not constrain the relationship to be linear. We just use cross-correlations to roughly yet quickly select a subset of variates. Then, our Adaptive Frequency Mixer, a non-linear neural network, is capable of modeling complex relationships within the small subset, instead of costly modeling relationships among all variates. Besides, the correlation-based estimation also allows some non-linear relationships between two windows $\mathcal W$ and $\mathcal W'$, *e.g.*, $\mathcal W=(\mathcal W')^3$, as long as the variates share similar trends. In case the subset overlooks arbitrarily complex relationships, *e.g.*, $\mathcal W=(\mathcal W')^2$, an alternative implementation of the distance function $D(\cdot, \cdot)$ is using another neural network (*e.g.*, $D(\mathcal W, \mathcal W')=f _{1}(\mathcal W)^\top f _2(\mathcal W')$, where $f _{1}$ and $f _{2}$ are two different MLPs and trained by gradient descent)."				
